{"visible": {"type": 0, "list_id": 0}, "created_at": "Tue Jul 07 08:15:16 +0800 2020", "id": "4523965613574156", "mid": "4523965613574156", "can_edit": false, "version": 1, "show_additional_indication": 0, "text": "<a  href=\"https://m.weibo.cn/search?containerid=231522type%3D1%26t%3D10%26q%3D%23%E7%BE%8E%E5%9B%BD%E5%BE%97%E5%B7%9E883%E4%B8%AA%E6%89%98%E5%84%BF%E6%89%80%E5%8F%91%E7%8E%B0%E6%96%B0%E5%86%A0%23&extparam=%23%E7%BE%8E%E5%9B%BD%E5%BE%97%E5%B7%9E883%E4%B8%AA%E6%89%98%E5%84%BF%E6%89%80%E5%8F%91%E7%8E%B0%E6%96%B0%E5%86%A0%23&luicode=20000061&lfid=4523965613574156\" data-hide=\"\"><span class=\"surl-text\">#\u7f8e\u56fd\u5f97\u5dde883\u4e2a\u6258\u513f\u6240\u53d1\u73b0\u65b0\u51a0#</span></a> \u3010\u7f8e\u56fd\u53c8\u4e00\u91cd\u707e\u533a!\u5fb7\u5dde883\u4e2a\u6258\u513f\u62401335\u4eba\u611f\u67d3\u65b0\u51a0 \u513f\u7ae5\u5347\u81f3441\u540d\u3011\u636e\u592e\u89c67\u67087\u65e5\u62a5\u9053\uff0c\u5f53\u5730\u65f6\u95f47\u67086\u65e5\uff0c\u7f8e\u56fd\u5fb7\u5dde\u536b\u751f\u4e0e\u516c\u5171\u670d\u52a1\u90e8\u62a5\u544a\uff0c\u8be5\u5dde\u7684\u6258\u513f\u6240\u5185\u81f3\u5c11\u51fa\u73b01335\u4f8b\u65b0\u51a0\u80ba\u708e\u786e\u8bca\u75c5\u4f8b\u3002\u611f\u67d3\u8005\u4e2d\uff0c\u6709894\u540d\u5de5\u4f5c\u4eba\u5458\u548c441\u540d\u513f\u7ae5\u3002 \u8be5\u5dde\u76ee\u524d\u5df2\u7ecf\u5f00\u653e\u7684\u6258\u513f\u6240\u4e2d883\u4e2a\u5df2\u53d1\u73b0\u65b0\u51a0\u75c5\u4f8b\u3002\u636e\u6089\uff0c6\u670815\u65e5\uff0c\u5f53\u65f6\u6709177\u4e2a\u673a\u6258\u513f\u6240\u62a5\u544a\u4e86210\u4f8b\u75c5\u4f8b\uff0c\u5305\u62ec141\u540d\u5de5\u4f5c\u4eba\u5458\u548c69\u540d\u513f\u7ae5\u30025\u670815\u65e5\uff0c\u670953\u4e2a\u6258\u513f\u6240\u5171\u62a5\u544a\u4e8659\u4f8b\u75c5\u4f8b\u3002\u5f53\u65f6\u53ea\u670936\u540d\u5de5\u4f5c\u4eba\u5458\u548c23\u540d\u513f\u7ae5\u88ab\u611f\u67d3\u3002\u622a\u81f3\u5468\u4e00\uff0c\u5fb7\u5dde\u5171\u670912,220\u4e2a\u6258\u513f\u8bbe\u65bd\u5f00\u653e\u3002\uff08\u71c3\u65b0\u95fb\uff1bCK\uff09<a data-url=\"http://t.cn/A6y5Z0q4\" href=\"https://www.miaopai.com/show/2bm0rm9kHkAHcB3HHnFjPTv7yW32jV1xxQy7YA__.htm\" data-hide=\"\"><span class='url-icon'><img style='width: 1rem;height: 1rem' src='https://h5.sinaimg.cn/upload/2015/09/25/3/timeline_card_small_video_default.png'></span><span class=\"surl-text\">\u71c3\u65b0\u95fb\u7684\u79d2\u62cd\u89c6\u9891</span></a>", "textLength": 519, "source": "\u5fae\u535a\u89c6\u9891\u53f7", "favorited": false, "pic_ids": [], "pic_types": "", "is_paid": false, "mblog_vip_type": 0, "user": {"id": 1649173367, "screen_name": "\u6bcf\u65e5\u7ecf\u6d4e\u65b0\u95fb", "profile_image_url": "https://tvax3.sinaimg.cn/crop.0.0.664.664.180/624c6377ly8gdi6pfvvvej20ig0iht9d.jpg?KID=imgbed,tva&Expires=1619210162&ssig=uQh2loV0qV", "profile_url": "https://m.weibo.cn/u/1649173367?uid=1649173367&luicode=20000061&lfid=4523965613574156", "statuses_count": 254466, "verified": true, "verified_type": 3, "verified_type_ext": 50, "verified_reason": "\u6bcf\u65e5\u7ecf\u6d4e\u65b0\u95fb\u5b98\u65b9\u5fae\u535a", "close_blue_v": false, "description": "\u4e2d\u56fd\u4e3b\u6d41\u8d22\u7ecf\u5168\u5a92\u4f53\u3002\u6bcf\u7ecf\u7f51nbd.com.cn\u3002\u5546\u52a1\u5408\u4f5c\uff1a028-86511519", "gender": "m", "mbtype": 12, "urank": 48, "mbrank": 6, "follow_me": false, "following": false, "followers_count": 47523724, "follow_count": 720, "cover_image_phone": "https://wx4.sinaimg.cn/crop.0.0.640.640.640/624c6377gy1gdi6urbemcj20k00k0wjq.jpg", "avatar_hd": "https://wx3.sinaimg.cn/orj480/624c6377ly8gdi6pfvvvej20ig0iht9d.jpg", "like": false, "like_me": false, "badge": {"enterprise": 1, "bind_taobao": 1, "self_media": 1, "dzwbqlx_2016": 1, "follow_whitelist_video": 1, "super_star_2017": 1, "panda": 1, "user_name_certificate": 1, "wenchuan_10th": 1, "qixi_2018": 1, "lol_s8": 1, "national_day_2018": 1, "memorial_2018": 1, "v_influence_2018": 1, "fu_2019": 1, "womensday_2018": 1, "hongrenjie_2019": 1, "china_2019": 1, "hongkong_2019": 1, "rrgyj_2019": 1, "weishi_2019": 1, "starlight_2019": 1, "gongjiri_2019": 1, "macao_2019": 1, "china_2019_2": 1, "hongbao_2020": 2, "feiyan_2020": 1, "hope_2020": 1, "graduation_2020": 1, "pc_new": 6, "dailv_2020": 1, "cddyh_2020": 1, "school_2020": 1, "china_2020": 1, "weibozhiye_2020": 1, "hongbaofeifuniu_2021": 1}}, "reposts_count": 41, "comments_count": 43, "attitudes_count": 245, "pending_approval_count": 29, "isLongText": true, "reward_exhibition_type": 0, "hide_flag": 0, "mlevel": 0, "darwin_tags": [], "mblogtype": 0, "more_info_type": 0, "cardid": "star_583", "content_auth": 0, "safe_tags": 131072, "pic_num": 0, "alchemy_params": {"ug_red_envelope": false}, "page_info": {"type": "video", "object_type": 11, "url_ori": "http://t.cn/A6y5Z0q4", "page_pic": {"width": 640, "url": "https://imgaliyuncdn.miaopai.com/images/2bm0rm9kHkAHcB3HHnFjPTv7yW32jV1xxQy7YA___7Wx9_4.jpg", "height": 360}, "page_url": "https://weibo.cn/sinaurl?luicode=20000061&lfid=4523965613574156&u=http%3A%2F%2Fmiaopai.com%2Fshow%2F2bm0rm9kHkAHcB3HHnFjPTv7yW32jV1xxQy7YA__.htm", "object_id": "2017607:4523962344865837", "page_title": "\u71c3\u65b0\u95fb\u7684\u79d2\u62cd\u89c6\u9891", "title": "\u7f8e\u56fd\u53c8\u4e00\u91cd\u707e\u533a!\u5fb7\u5dde883\u4e2a\u6258\u513f\u62401335\u4eba\u611f\u67d3\u65b0\u51a0 \u513f\u7ae5\u4e0a\u5347\u81f3441\u540d", "content1": "\u71c3\u65b0\u95fb\u7684\u79d2\u62cd\u89c6\u9891", "content2": "\u7f8e\u56fd\u53c8\u4e00\u91cd\u707e\u533a!\u5fb7\u5dde883\u4e2a\u6258\u513f\u62401335\u4eba\u611f\u67d3\u65b0\u51a0 \u513f\u7ae5\u4e0a\u5347\u81f3441\u540d via@\u71c3\u65b0\u95fb", "video_orientation": "horizontal", "play_count": "63\u4e07\u6b21\u64ad\u653e", "media_info": {"stream_url": "http://miaopai.video.weibocdn.com/HQtF1EL9lx07EDWA0jp6010412007Rec0E013.mp4?label=mp4_ld&template=640x360.25.0&trans_finger=40a32e8439c5409a63ccf853562a60ef&ori=0&ps=1BThihd3VLAY5R&Expires=1619202962&ssig=rXQ%2B8IVj8I&KID=unistore,video", "stream_url_hd": "http://miaopai.video.weibocdn.com/mbEVTmuXlx07EDWAnQN201041200bMJi0E013.mp4?label=mp4_hd&template=852x480.25.0&trans_finger=62b30a3f061b162e421008955c73f536&ori=0&ps=1BThihd3VLAY5R&Expires=1619202962&ssig=Z7eFXxnmat&KID=unistore,video", "duration": 44.952}, "urls": {"mp4_720p_mp4": "http://miaopai.video.weibocdn.com/iR7Dz925lx07EDWAPwje01041200mQLb0E013.mp4?label=mp4_720p&template=1280x720.25.0&trans_finger=1f0da16358befad33323e3a1b7f95fc9&ori=0&ps=1BThihd3VLAY5R&Expires=1619202962&ssig=VGNBU35zRO&KID=unistore,video", "mp4_hd_mp4": "http://miaopai.video.weibocdn.com/mbEVTmuXlx07EDWAnQN201041200bMJi0E013.mp4?label=mp4_hd&template=852x480.25.0&trans_finger=62b30a3f061b162e421008955c73f536&ori=0&ps=1BThihd3VLAY5R&Expires=1619202962&ssig=Z7eFXxnmat&KID=unistore,video", "mp4_ld_mp4": "http://miaopai.video.weibocdn.com/HQtF1EL9lx07EDWA0jp6010412007Rec0E013.mp4?label=mp4_ld&template=640x360.25.0&trans_finger=40a32e8439c5409a63ccf853562a60ef&ori=0&ps=1BThihd3VLAY5R&Expires=1619202962&ssig=rXQ%2B8IVj8I&KID=unistore,video"}}, "bid": "Ja3sdeZNG", "buttons": [{"type": "follow", "name": "\u5173\u6ce8", "sub_type": 0, "params": {"uid": 1649173367}}], "status_title": "\u7f8e\u56fd\u53c8\u4e00\u91cd\u707e\u533a!\u5fb7\u5dde883\u4e2a\u6258\u513f\u62401335\u4eba\u611f\u67d3\u65b0\u51a0 \u513f\u7ae5\u5347\u81f3441\u540d", "ok": 1, "scheme": "https://weibo.cn/appurl?scheme=sinaweibo%3A%2F%2Fdetail%3Fmblogid%3D4523965613574156%26luicode%3D20000061%26lfid%3D4523965613574156&luicode=20000061&lfid=4523965613574156", "tipScheme": "https://weibo.cn/appurl?scheme=sinaweibo%3A%2F%2Fdetail%3Fmblogid%3D4523965613574156%26luicode%3D20000061%26lfid%3D4523965613574156&luicode=20000061&lfid=4523965613574156"}