[{"visible": {"type": 0, "list_id": 0}, "created_at": "Tue Jul 07 08:15:16 +0800 2020", "id": "4523965613574156", "mid": "4523965613574156", "can_edit": false, "version": 1, "show_additional_indication": 0, "text": "<a  href=\"https://m.weibo.cn/search?containerid=231522type%3D1%26t%3D10%26q%3D%23%E7%BE%8E%E5%9B%BD%E5%BE%97%E5%B7%9E883%E4%B8%AA%E6%89%98%E5%84%BF%E6%89%80%E5%8F%91%E7%8E%B0%E6%96%B0%E5%86%A0%23&extparam=%23%E7%BE%8E%E5%9B%BD%E5%BE%97%E5%B7%9E883%E4%B8%AA%E6%89%98%E5%84%BF%E6%89%80%E5%8F%91%E7%8E%B0%E6%96%B0%E5%86%A0%23\" data-hide=\"\"><span class=\"surl-text\">#\u7f8e\u56fd\u5f97\u5dde883\u4e2a\u6258\u513f\u6240\u53d1\u73b0\u65b0\u51a0#</span></a> \u3010\u7f8e\u56fd\u53c8\u4e00\u91cd\u707e\u533a!\u5fb7\u5dde883\u4e2a\u6258\u513f\u62401335\u4eba\u611f\u67d3\u65b0\u51a0 \u513f\u7ae5\u5347\u81f3441\u540d\u3011\u636e\u592e\u89c67\u67087\u65e5\u62a5\u9053\uff0c\u5f53\u5730\u65f6\u95f47\u67086\u65e5\uff0c\u7f8e\u56fd\u5fb7\u5dde\u536b\u751f\u4e0e\u516c\u5171\u670d\u52a1\u90e8\u62a5\u544a\uff0c\u8be5\u5dde\u7684\u6258\u513f\u6240\u5185\u81f3\u5c11\u51fa\u73b01335\u4f8b\u65b0\u51a0\u80ba\u708e\u786e\u8bca\u75c5\u4f8b\u3002\u611f\u67d3\u8005\u4e2d\uff0c\u6709894\u540d\u5de5\u4f5c\u4eba\u5458\u548c441\u540d\u513f\u7ae5\u3002 \u8be5\u5dde\u76ee\u524d\u5df2\u7ecf\u5f00\u653e\u7684\u6258\u513f\u6240\u4e2d883\u4e2a\u5df2\u53d1\u73b0\u65b0 ...<a href=\"/status/4523965613574156\">\u5168\u6587</a>", "textLength": 519, "source": "\u5fae\u535a\u89c6\u9891\u53f7", "favorited": false, "pic_ids": [], "pic_types": "", "is_paid": false, "mblog_vip_type": 0, "user": {"id": 1649173367, "screen_name": "\u6bcf\u65e5\u7ecf\u6d4e\u65b0\u95fb", "profile_image_url": "https://tvax3.sinaimg.cn/crop.0.0.664.664.180/624c6377ly8gdi6pfvvvej20ig0iht9d.jpg?KID=imgbed,tva&Expires=1619179399&ssig=%2BfN%2B9RAeBc", "profile_url": "https://m.weibo.cn/u/1649173367?uid=1649173367", "statuses_count": 254435, "verified": true, "verified_type": 3, "verified_type_ext": 50, "verified_reason": "\u6bcf\u65e5\u7ecf\u6d4e\u65b0\u95fb\u5b98\u65b9\u5fae\u535a", "close_blue_v": false, "description": "\u4e2d\u56fd\u4e3b\u6d41\u8d22\u7ecf\u5168\u5a92\u4f53\u3002\u6bcf\u7ecf\u7f51nbd.com.cn\u3002\u5546\u52a1\u5408\u4f5c\uff1a028-86511519", "gender": "m", "mbtype": 12, "urank": 48, "mbrank": 6, "follow_me": false, "following": false, "followers_count": 47519389, "follow_count": 720, "cover_image_phone": "https://wx4.sinaimg.cn/crop.0.0.640.640.640/624c6377gy1gdi6urbemcj20k00k0wjq.jpg", "avatar_hd": "https://wx3.sinaimg.cn/orj480/624c6377ly8gdi6pfvvvej20ig0iht9d.jpg", "like": false, "like_me": false, "badge": {"enterprise": 1, "bind_taobao": 1, "self_media": 1, "dzwbqlx_2016": 1, "follow_whitelist_video": 1, "super_star_2017": 1, "panda": 1, "user_name_certificate": 1, "wenchuan_10th": 1, "qixi_2018": 1, "lol_s8": 1, "national_day_2018": 1, "memorial_2018": 1, "v_influence_2018": 1, "fu_2019": 1, "womensday_2018": 1, "hongrenjie_2019": 1, "china_2019": 1, "hongkong_2019": 1, "rrgyj_2019": 1, "weishi_2019": 1, "starlight_2019": 1, "gongjiri_2019": 1, "macao_2019": 1, "china_2019_2": 1, "hongbao_2020": 2, "feiyan_2020": 1, "hope_2020": 1, "graduation_2020": 1, "pc_new": 6, "dailv_2020": 1, "cddyh_2020": 1, "school_2020": 1, "china_2020": 1, "weibozhiye_2020": 1, "hongbaofeifuniu_2021": 1}}, "reposts_count": 41, "comments_count": 43, "attitudes_count": 245, "pending_approval_count": 29, "isLongText": true, "reward_exhibition_type": 0, "hide_flag": 0, "mlevel": 0, "darwin_tags": [], "mblogtype": 0, "more_info_type": 0, "cardid": "star_583", "content_auth": 0, "safe_tags": 131072, "pic_num": 0, "page_info": {"type": "video", "object_type": 11, "url_ori": "http://t.cn/A6y5Z0q4", "page_pic": {"width": 640, "url": "https://imgaliyuncdn.miaopai.com/images/2bm0rm9kHkAHcB3HHnFjPTv7yW32jV1xxQy7YA___7Wx9_4.jpg", "height": 360}, "page_url": "https://weibo.cn/sinaurl?u=http%3A%2F%2Fmiaopai.com%2Fshow%2F2bm0rm9kHkAHcB3HHnFjPTv7yW32jV1xxQy7YA__.htm", "object_id": "2017607:4523962344865837", "page_title": "\u71c3\u65b0\u95fb\u7684\u79d2\u62cd\u89c6\u9891", "title": "\u7f8e\u56fd\u53c8\u4e00\u91cd\u707e\u533a!\u5fb7\u5dde883\u4e2a\u6258\u513f\u62401335\u4eba\u611f\u67d3\u65b0\u51a0 \u513f\u7ae5\u4e0a\u5347\u81f3441\u540d", "content1": "\u71c3\u65b0\u95fb\u7684\u79d2\u62cd\u89c6\u9891", "content2": "\u7f8e\u56fd\u53c8\u4e00\u91cd\u707e\u533a!\u5fb7\u5dde883\u4e2a\u6258\u513f\u62401335\u4eba\u611f\u67d3\u65b0\u51a0 \u513f\u7ae5\u4e0a\u5347\u81f3441\u540d via@\u71c3\u65b0\u95fb", "video_orientation": "horizontal", "play_count": "63\u4e07\u6b21\u64ad\u653e", "media_info": {"stream_url": "http://miaopai.video.weibocdn.com/HQtF1EL9lx07EDWA0jp6010412007Rec0E013.mp4?label=mp4_ld&template=640x360.25.0&trans_finger=40a32e8439c5409a63ccf853562a60ef&ori=0&ps=1BThihd3VLAY5R&Expires=1619172199&ssig=IFl4V55TVd&KID=unistore,video", "stream_url_hd": "http://miaopai.video.weibocdn.com/mbEVTmuXlx07EDWAnQN201041200bMJi0E013.mp4?label=mp4_hd&template=852x480.25.0&trans_finger=62b30a3f061b162e421008955c73f536&ori=0&ps=1BThihd3VLAY5R&Expires=1619172199&ssig=pPUtEZi%2Fx6&KID=unistore,video", "duration": 44.952}, "urls": {"mp4_720p_mp4": "http://miaopai.video.weibocdn.com/iR7Dz925lx07EDWAPwje01041200mQLb0E013.mp4?label=mp4_720p&template=1280x720.25.0&trans_finger=1f0da16358befad33323e3a1b7f95fc9&ori=0&ps=1BThihd3VLAY5R&Expires=1619172199&ssig=BI8DhGmKhF&KID=unistore,video", "mp4_hd_mp4": "http://miaopai.video.weibocdn.com/mbEVTmuXlx07EDWAnQN201041200bMJi0E013.mp4?label=mp4_hd&template=852x480.25.0&trans_finger=62b30a3f061b162e421008955c73f536&ori=0&ps=1BThihd3VLAY5R&Expires=1619172199&ssig=pPUtEZi%2Fx6&KID=unistore,video", "mp4_ld_mp4": "http://miaopai.video.weibocdn.com/HQtF1EL9lx07EDWA0jp6010412007Rec0E013.mp4?label=mp4_ld&template=640x360.25.0&trans_finger=40a32e8439c5409a63ccf853562a60ef&ori=0&ps=1BThihd3VLAY5R&Expires=1619172199&ssig=IFl4V55TVd&KID=unistore,video"}}, "bid": "Ja3sdeZNG"}, {"visible": {"type": 0, "list_id": 0}, "created_at": "Wed Jul 08 09:12:35 +0800 2020", "id": "4524342426238847", "mid": "4524342426238847", "can_edit": false, "show_additional_indication": 0, "text": "<a  href=\"https://m.weibo.cn/search?containerid=231522type%3D1%26t%3D10%26q%3D%23%E5%8C%97%E4%BA%AC%E5%A4%A7%E5%AD%A6%23&isnewpage=1\" data-hide=\"\"><span class=\"surl-text\">#\u5317\u4eac\u5927\u5b66#</span></a>\u8bf7\u5c3d\u529b\u4fdd\u62a4\u540c\u751f\u5171\u5b58\u7684\u5730\u7403\u5bb6\u56ed\uff1a\u201c\u5bb6\u201d\u548c\u4e07\u4e8b\u5174\uff0c\u8282\u7ea6\u8d44\u6e90\uff0c\u5584\u5f85\u52a8\u7269\u5c31\u662f\u5584\u5f85\u4eba\u7c7b\u53ca\u4eba\u7c7b\u7684\u5b50\u5b59\u540e\u4ee3\uff01 \u201c\u5929\u4eba\u5408\u4e00 \u4e07\u7269\u4e00\u4f53\u201d\u3002 \u751f\u6001\u82e5\u65e0\u9000\u8def\uff0c\u4eba\u7c7b\u53c8\u5c06\u4f55\u53bb\u4f55\u4ece\u5462\uff1f \u5384\u5c14\u5c3c\u8bfa\u73b0\u8c61\u7684\u52a0\u5267\u3001\u751f\u7269\u94fe\u7684\u7834\u574f\u3001\u761f\u75ab\u75c5\u6bd2\u2026\u2026\u90fd\u4e0e\u4eba\u7c7b\u81ea\u8eab\u5bf9\u201c\u5bb6\u56ed\u201d\u7684\u6001\u5ea6\u6709\u5173\uff01 \u5f53\u4e0b\u8bf7\u7acb\u523b\u53cd\u7701\u81ea\u8eab\u5bf9\u751f\u6001\u7684\u4f24\u5bb3\u2026", "source": "vivo\u667a\u80fd\u624b\u673a", "favorited": false, "pic_ids": [], "pic_types": "", "is_paid": false, "mblog_vip_type": 0, "user": {"id": 7382430896, "screen_name": "\u5fc3\u4e2d\u7684\u592a\u9633\u6c38\u4e0d\u843d1111", "profile_image_url": "https://tvax1.sinaimg.cn/crop.0.0.664.664.180/0083BVw4ly8gbfx7t8mjfj30ig0igab3.jpg?KID=imgbed,tva&Expires=1619179399&ssig=ox144%2FYTI8", "profile_url": "https://m.weibo.cn/u/7382430896?uid=7382430896", "statuses_count": 428, "verified": false, "verified_type": -1, "close_blue_v": false, "description": "", "gender": "f", "mbtype": 0, "urank": 0, "mbrank": 0, "follow_me": false, "following": false, "followers_count": 24, "follow_count": 30, "cover_image_phone": "https://tva1.sinaimg.cn/crop.0.0.640.640.640/549d0121tw1egm1kjly3jj20hs0hsq4f.jpg", "avatar_hd": "https://wx1.sinaimg.cn/orj480/0083BVw4ly8gbfx7t8mjfj30ig0igab3.jpg", "like": false, "like_me": false, "badge": {"user_name_certificate": 1, "wenda_v2": 1, "dailv_2020": 1}}, "reposts_count": 0, "comments_count": 0, "attitudes_count": 0, "pending_approval_count": 0, "isLongText": false, "reward_exhibition_type": 0, "hide_flag": 0, "mlevel": 0, "darwin_tags": [], "mblogtype": 0, "more_info_type": 0, "number_display_strategy": {"apply_scenario_flag": 3, "display_text_min_number": 1000000, "display_text": "100\u4e07+"}, "content_auth": 0, "repost_type": 1, "pic_num": 0, "alchemy_params": {"ug_red_envelope": false}, "raw_text": "#\u5317\u4eac\u5927\u5b66#\u8bf7\u5c3d\u529b\u4fdd\u62a4\u540c\u751f\u5171\u5b58\u7684\u5730\u7403\u5bb6\u56ed\uff1a\u201c\u5bb6\u201d\u548c\u4e07\u4e8b\u5174\uff0c\u8282\u7ea6\u8d44\u6e90\uff0c\u5584\u5f85\u52a8\u7269\u5c31\u662f\u5584\u5f85\u4eba\u7c7b\u53ca\u4eba\u7c7b\u7684\u5b50\u5b59\u540e\u4ee3\uff01 \u201c\u5929\u4eba\u5408\u4e00 \u4e07\u7269\u4e00\u4f53\u201d\u3002 \u751f\u6001\u82e5\u65e0\u9000\u8def\uff0c\u4eba\u7c7b\u53c8\u5c06\u4f55\u53bb\u4f55\u4ece\u5462\uff1f \u5384\u5c14\u5c3c\u8bfa\u73b0\u8c61\u7684\u52a0\u5267\u3001\u751f\u7269\u94fe\u7684\u7834\u574f\u3001\u761f\u75ab\u75c5\u6bd2\u2026\u2026\u90fd\u4e0e\u4eba\u7c7b\u81ea\u8eab\u5bf9\u201c\u5bb6\u56ed\u201d\u7684\u6001\u5ea6\u6709\u5173\uff01 \u5f53\u4e0b\u8bf7\u7acb\u523b\u53cd\u7701\u81ea\u8eab\u5bf9\u751f\u6001\u7684\u4f24\u5bb3\u2026", "bid": "JadfYqb0z"}, {"visible": {"type": 0, "list_id": 0}, "created_at": "Wed Jul 08 08:53:28 +0800 2020", "id": "4524337618840947", "mid": "4524337618840947", "can_edit": false, "show_additional_indication": 0, "text": "<a  href=\"https://m.weibo.cn/search?containerid=231522type%3D1%26t%3D10%26q%3D%23%E5%8C%97%E4%BA%AC%E5%A4%A7%E5%AD%A6%23&isnewpage=1\" data-hide=\"\"><span class=\"surl-text\">#\u5317\u4eac\u5927\u5b66#</span></a>\u8bf7\u5c3d\u529b\u4fdd\u62a4\u540c\u751f\u5171\u5b58\u7684\u5730\u7403\u5bb6\u56ed\uff1a\u201c\u5bb6\u201d\u548c\u4e07\u4e8b\u5174\uff0c\u8282\u7ea6\u8d44\u6e90\uff0c\u5584\u5f85\u52a8\u7269\u5c31\u662f\u5584\u5f85\u4eba\u7c7b\u53ca\u4eba\u7c7b\u7684\u5b50\u5b59\u540e\u4ee3\uff01 \u201c\u5929\u4eba\u5408\u4e00 \u4e07\u7269\u4e00\u4f53\u201d\u3002 \u751f\u6001\u82e5\u65e0\u9000\u8def\uff0c\u4eba\u7c7b\u53c8\u5c06\u4f55\u53bb\u4f55\u4ece\u5462\uff1f \u5384\u5c14\u5c3c\u8bfa\u73b0\u8c61\u7684\u52a0\u5267\u3001\u751f\u7269\u94fe\u7684\u7834\u574f\u3001\u761f\u75ab\u75c5\u6bd2\u2026\u2026\u90fd\u4e0e\u4eba\u7c7b\u81ea\u8eab\u5bf9\u201c\u5bb6\u56ed\u201d\u7684\u6001\u5ea6\u6709\u5173\uff01 \u5f53\u4e0b\u8bf7\u7acb\u523b\u53cd\u7701\u81ea\u8eab\u5bf9\u751f\u6001\u7684\u4f24\u5bb3\u2026", "source": "vivo\u667a\u80fd\u624b\u673a", "favorited": false, "pic_ids": [], "pic_types": "", "is_paid": false, "mblog_vip_type": 0, "user": {"id": 7382430896, "screen_name": "\u5fc3\u4e2d\u7684\u592a\u9633\u6c38\u4e0d\u843d1111", "profile_image_url": "https://tvax1.sinaimg.cn/crop.0.0.664.664.180/0083BVw4ly8gbfx7t8mjfj30ig0igab3.jpg?KID=imgbed,tva&Expires=1619179399&ssig=ox144%2FYTI8", "profile_url": "https://m.weibo.cn/u/7382430896?uid=7382430896", "statuses_count": 428, "verified": false, "verified_type": -1, "close_blue_v": false, "description": "", "gender": "f", "mbtype": 0, "urank": 0, "mbrank": 0, "follow_me": false, "following": false, "followers_count": 24, "follow_count": 30, "cover_image_phone": "https://tva1.sinaimg.cn/crop.0.0.640.640.640/549d0121tw1egm1kjly3jj20hs0hsq4f.jpg", "avatar_hd": "https://wx1.sinaimg.cn/orj480/0083BVw4ly8gbfx7t8mjfj30ig0igab3.jpg", "like": false, "like_me": false, "badge": {"user_name_certificate": 1, "wenda_v2": 1, "dailv_2020": 1}}, "reposts_count": 0, "comments_count": 0, "attitudes_count": 0, "pending_approval_count": 0, "isLongText": false, "reward_exhibition_type": 0, "hide_flag": 0, "mlevel": 0, "darwin_tags": [], "mblogtype": 0, "more_info_type": 0, "number_display_strategy": {"apply_scenario_flag": 3, "display_text_min_number": 1000000, "display_text": "100\u4e07+"}, "content_auth": 0, "repost_type": 1, "pic_num": 0, "alchemy_params": {"ug_red_envelope": false}, "raw_text": "#\u5317\u4eac\u5927\u5b66#\u8bf7\u5c3d\u529b\u4fdd\u62a4\u540c\u751f\u5171\u5b58\u7684\u5730\u7403\u5bb6\u56ed\uff1a\u201c\u5bb6\u201d\u548c\u4e07\u4e8b\u5174\uff0c\u8282\u7ea6\u8d44\u6e90\uff0c\u5584\u5f85\u52a8\u7269\u5c31\u662f\u5584\u5f85\u4eba\u7c7b\u53ca\u4eba\u7c7b\u7684\u5b50\u5b59\u540e\u4ee3\uff01 \u201c\u5929\u4eba\u5408\u4e00 \u4e07\u7269\u4e00\u4f53\u201d\u3002 \u751f\u6001\u82e5\u65e0\u9000\u8def\uff0c\u4eba\u7c7b\u53c8\u5c06\u4f55\u53bb\u4f55\u4ece\u5462\uff1f \u5384\u5c14\u5c3c\u8bfa\u73b0\u8c61\u7684\u52a0\u5267\u3001\u751f\u7269\u94fe\u7684\u7834\u574f\u3001\u761f\u75ab\u75c5\u6bd2\u2026\u2026\u90fd\u4e0e\u4eba\u7c7b\u81ea\u8eab\u5bf9\u201c\u5bb6\u56ed\u201d\u7684\u6001\u5ea6\u6709\u5173\uff01 \u5f53\u4e0b\u8bf7\u7acb\u523b\u53cd\u7701\u81ea\u8eab\u5bf9\u751f\u6001\u7684\u4f24\u5bb3\u2026", "bid": "Jad8dB5VV"}, {"visible": {"type": 0, "list_id": 0}, "created_at": "Tue Jul 07 12:06:26 +0800 2020", "id": "4524023788385177", "mid": "4524023788385177", "can_edit": false, "show_additional_indication": 0, "text": "<a  href=\"https://m.weibo.cn/search?containerid=231522type%3D1%26t%3D10%26q%3D%23%E5%A2%A8%E5%B0%94%E6%9C%AC%E5%A4%A7%E5%AD%A6%23&isnewpage=1\" data-hide=\"\"><span class=\"surl-text\">#\u58a8\u5c14\u672c\u5927\u5b66#</span></a>\u8bf7\u5c3d\u529b\u4fdd\u62a4\u540c\u751f\u5171\u5b58\u7684\u5730\u7403\u5bb6\u56ed\uff1a\u201c\u5bb6\u201d\u548c\u4e07\u4e8b\u5174\uff0c\u8282\u7ea6\u8d44\u6e90\uff0c\u5584\u5f85\u52a8\u7269\u5c31\u662f\u5584\u5f85\u4eba\u7c7b\u53ca\u4eba\u7c7b\u7684\u5b50\u5b59\u540e\u4ee3\uff01 \u201c\u5929\u4eba\u5408\u4e00 \u4e07\u7269\u4e00\u4f53\u201d\u3002 \u751f\u6001\u82e5\u65e0\u9000\u8def\uff0c\u4eba\u7c7b\u53c8\u5c06\u4f55\u53bb\u4f55\u4ece\u5462\uff1f \u5384\u5c14\u5c3c\u8bfa\u73b0\u8c61\u7684\u52a0\u5267\u3001\u751f\u7269\u94fe\u7684\u7834\u574f\u3001\u761f\u75ab\u75c5\u6bd2\u2026\u2026\u90fd\u4e0e\u4eba\u7c7b\u81ea\u8eab\u5bf9\u201c\u5bb6\u56ed\u201d\u7684\u6001\u5ea6\u6709\u5173\uff01 \u4eba\u7c7b\u8bf7\u7acb\u523b\u53cd\u7701\u81ea\u8eab\u5bf9\u751f\u6001\u7684\u4f24\u5bb3\u2026", "source": "vivo\u667a\u80fd\u624b\u673a", "favorited": false, "pic_ids": [], "pic_types": "", "is_paid": false, "mblog_vip_type": 0, "user": {"id": 7382430896, "screen_name": "\u5fc3\u4e2d\u7684\u592a\u9633\u6c38\u4e0d\u843d1111", "profile_image_url": "https://tvax1.sinaimg.cn/crop.0.0.664.664.180/0083BVw4ly8gbfx7t8mjfj30ig0igab3.jpg?KID=imgbed,tva&Expires=1619179399&ssig=ox144%2FYTI8", "profile_url": "https://m.weibo.cn/u/7382430896?uid=7382430896", "statuses_count": 428, "verified": false, "verified_type": -1, "close_blue_v": false, "description": "", "gender": "f", "mbtype": 0, "urank": 0, "mbrank": 0, "follow_me": false, "following": false, "followers_count": 24, "follow_count": 30, "cover_image_phone": "https://tva1.sinaimg.cn/crop.0.0.640.640.640/549d0121tw1egm1kjly3jj20hs0hsq4f.jpg", "avatar_hd": "https://wx1.sinaimg.cn/orj480/0083BVw4ly8gbfx7t8mjfj30ig0igab3.jpg", "like": false, "like_me": false, "badge": {"user_name_certificate": 1, "wenda_v2": 1, "dailv_2020": 1}}, "pid": 4524023100744976, "pidstr": "4524023100744976", "reposts_count": 0, "comments_count": 0, "attitudes_count": 0, "pending_approval_count": 0, "isLongText": false, "reward_exhibition_type": 0, "hide_flag": 0, "mlevel": 0, "darwin_tags": [], "mblogtype": 0, "more_info_type": 0, "number_display_strategy": {"apply_scenario_flag": 3, "display_text_min_number": 1000000, "display_text": "100\u4e07+"}, "content_auth": 0, "repost_type": 1, "pic_num": 0, "alchemy_params": {"ug_red_envelope": false}, "raw_text": "#\u58a8\u5c14\u672c\u5927\u5b66#\u8bf7\u5c3d\u529b\u4fdd\u62a4\u540c\u751f\u5171\u5b58\u7684\u5730\u7403\u5bb6\u56ed\uff1a\u201c\u5bb6\u201d\u548c\u4e07\u4e8b\u5174\uff0c\u8282\u7ea6\u8d44\u6e90\uff0c\u5584\u5f85\u52a8\u7269\u5c31\u662f\u5584\u5f85\u4eba\u7c7b\u53ca\u4eba\u7c7b\u7684\u5b50\u5b59\u540e\u4ee3\uff01 \u201c\u5929\u4eba\u5408\u4e00 \u4e07\u7269\u4e00\u4f53\u201d\u3002 \u751f\u6001\u82e5\u65e0\u9000\u8def\uff0c\u4eba\u7c7b\u53c8\u5c06\u4f55\u53bb\u4f55\u4ece\u5462\uff1f \u5384\u5c14\u5c3c\u8bfa\u73b0\u8c61\u7684\u52a0\u5267\u3001\u751f\u7269\u94fe\u7684\u7834\u574f\u3001\u761f\u75ab\u75c5\u6bd2\u2026\u2026\u90fd\u4e0e\u4eba\u7c7b\u81ea\u8eab\u5bf9\u201c\u5bb6\u56ed\u201d\u7684\u6001\u5ea6\u6709\u5173\uff01 \u4eba\u7c7b\u8bf7\u7acb\u523b\u53cd\u7701\u81ea\u8eab\u5bf9\u751f\u6001\u7684\u4f24\u5bb3\u2026", "bid": "Ja4Y2zbmN"}, {"visible": {"type": 0, "list_id": 0}, "created_at": "Tue Jul 07 12:03:42 +0800 2020", "id": "4524023100744976", "mid": "4524023100744976", "can_edit": false, "show_additional_indication": 0, "text": "<a  href=\"https://m.weibo.cn/search?containerid=231522type%3D1%26t%3D10%26q%3D%23%E5%A2%A8%E5%B0%94%E6%9C%AC%E5%A4%A7%E5%AD%A6%23&isnewpage=1\" data-hide=\"\"><span class=\"surl-text\">#\u58a8\u5c14\u672c\u5927\u5b66#</span></a>\u8bf7\u5c3d\u529b\u4fdd\u62a4\u540c\u751f\u5171\u5b58\u7684\u5730\u7403\u5bb6\u56ed\uff1a\u201c\u5bb6\u201d\u548c\u4e07\u4e8b\u5174\uff0c\u8282\u7ea6\u8d44\u6e90\uff0c\u5584\u5f85\u52a8\u7269\u5c31\u662f\u5584\u5f85\u4eba\u7c7b\u53ca\u4eba\u7c7b\u7684\u5b50\u5b59\u540e\u4ee3\uff01 \u201c\u5929\u4eba\u5408\u4e00 \u4e07\u7269\u4e00\u4f53\u201d\u3002 \u751f\u6001\u82e5\u65e0\u9000\u8def\uff0c\u4eba\u7c7b\u53c8\u5c06\u4f55\u53bb\u4f55\u4ece\u5462\uff1f \u5384\u5c14\u5c3c\u8bfa\u73b0\u8c61\u7684\u52a0\u5267\u3001\u751f\u7269\u94fe\u7684\u7834\u574f\u3001\u761f\u75ab\u75c5\u6bd2\u2026\u2026\u90fd\u4e0e\u4eba\u7c7b\u81ea\u8eab\u5bf9\u201c\u5bb6\u56ed\u201d\u7684\u6001\u5ea6\u6709\u5173\uff01 \u5f53\u4e0b\u8bf7\u7acb\u523b\u53cd\u7701\u81ea\u8eab\u5bf9\u751f\u6001\u7684\u4f24\u5bb3\u2026", "source": "vivo\u667a\u80fd\u624b\u673a", "favorited": false, "pic_ids": [], "pic_types": "", "is_paid": false, "mblog_vip_type": 0, "user": {"id": 7382430896, "screen_name": "\u5fc3\u4e2d\u7684\u592a\u9633\u6c38\u4e0d\u843d1111", "profile_image_url": "https://tvax1.sinaimg.cn/crop.0.0.664.664.180/0083BVw4ly8gbfx7t8mjfj30ig0igab3.jpg?KID=imgbed,tva&Expires=1619179399&ssig=ox144%2FYTI8", "profile_url": "https://m.weibo.cn/u/7382430896?uid=7382430896", "statuses_count": 428, "verified": false, "verified_type": -1, "close_blue_v": false, "description": "", "gender": "f", "mbtype": 0, "urank": 0, "mbrank": 0, "follow_me": false, "following": false, "followers_count": 24, "follow_count": 30, "cover_image_phone": "https://tva1.sinaimg.cn/crop.0.0.640.640.640/549d0121tw1egm1kjly3jj20hs0hsq4f.jpg", "avatar_hd": "https://wx1.sinaimg.cn/orj480/0083BVw4ly8gbfx7t8mjfj30ig0igab3.jpg", "like": false, "like_me": false, "badge": {"user_name_certificate": 1, "wenda_v2": 1, "dailv_2020": 1}}, "pid": 4524022048930909, "pidstr": "4524022048930909", "reposts_count": 1, "comments_count": 0, "attitudes_count": 0, "pending_approval_count": 0, "isLongText": false, "reward_exhibition_type": 0, "hide_flag": 0, "mlevel": 0, "darwin_tags": [], "mblogtype": 0, "more_info_type": 0, "number_display_strategy": {"apply_scenario_flag": 3, "display_text_min_number": 1000000, "display_text": "100\u4e07+"}, "content_auth": 0, "repost_type": 1, "pic_num": 0, "alchemy_params": {"ug_red_envelope": false}, "raw_text": "#\u58a8\u5c14\u672c\u5927\u5b66#\u8bf7\u5c3d\u529b\u4fdd\u62a4\u540c\u751f\u5171\u5b58\u7684\u5730\u7403\u5bb6\u56ed\uff1a\u201c\u5bb6\u201d\u548c\u4e07\u4e8b\u5174\uff0c\u8282\u7ea6\u8d44\u6e90\uff0c\u5584\u5f85\u52a8\u7269\u5c31\u662f\u5584\u5f85\u4eba\u7c7b\u53ca\u4eba\u7c7b\u7684\u5b50\u5b59\u540e\u4ee3\uff01 \u201c\u5929\u4eba\u5408\u4e00 \u4e07\u7269\u4e00\u4f53\u201d\u3002 \u751f\u6001\u82e5\u65e0\u9000\u8def\uff0c\u4eba\u7c7b\u53c8\u5c06\u4f55\u53bb\u4f55\u4ece\u5462\uff1f \u5384\u5c14\u5c3c\u8bfa\u73b0\u8c61\u7684\u52a0\u5267\u3001\u751f\u7269\u94fe\u7684\u7834\u574f\u3001\u761f\u75ab\u75c5\u6bd2\u2026\u2026\u90fd\u4e0e\u4eba\u7c7b\u81ea\u8eab\u5bf9\u201c\u5bb6\u56ed\u201d\u7684\u6001\u5ea6\u6709\u5173\uff01 \u5f53\u4e0b\u8bf7\u7acb\u523b\u53cd\u7701\u81ea\u8eab\u5bf9\u751f\u6001\u7684\u4f24\u5bb3\u2026", "bid": "Ja4WW37NK"}, {"visible": {"type": 0, "list_id": 0}, "created_at": "Tue Jul 07 12:02:48 +0800 2020", "id": "4524022879135140", "mid": "4524022879135140", "can_edit": false, "show_additional_indication": 0, "text": "<a  href=\"https://m.weibo.cn/search?containerid=231522type%3D1%26t%3D10%26q%3D%23%E5%A2%A8%E5%B0%94%E6%9C%AC%E5%A4%A7%E5%AD%A6%23&isnewpage=1\" data-hide=\"\"><span class=\"surl-text\">#\u58a8\u5c14\u672c\u5927\u5b66#</span></a>\u8bf7\u5c3d\u529b\u4fdd\u62a4\u540c\u751f\u5171\u5b58\u7684\u5730\u7403\u5bb6\u56ed\uff1a\u201c\u5bb6\u201d\u548c\u4e07\u4e8b\u5174\uff0c\u8282\u7ea6\u8d44\u6e90\uff0c\u5584\u5f85\u52a8\u7269\u5c31\u662f\u5584\u5f85\u4eba\u7c7b\u53ca\u4eba\u7c7b\u7684\u5b50\u5b59\u540e\u4ee3\uff01 \u201c\u5929\u4eba\u5408\u4e00 \u4e07\u7269\u4e00\u4f53\u201d\u3002 \u751f\u6001\u82e5\u65e0\u9000\u8def\uff0c\u4eba\u7c7b\u53c8\u5c06\u4f55\u53bb\u4f55\u4ece\u5462\uff1f \u5384\u5c14\u5c3c\u8bfa\u73b0\u8c61\u7684\u52a0\u5267\u3001\u751f\u7269\u94fe\u7684\u7834\u574f\u3001\u761f\u75ab\u75c5\u6bd2\u2026\u2026\u90fd\u4e0e\u4eba\u7c7b\u81ea\u8eab\u5bf9\u201c\u5bb6\u56ed\u201d\u7684\u6001\u5ea6\u6709\u5173\uff01 \u5f53\u4e0b\u8bf7\u7acb\u523b\u53cd\u7701\u81ea\u8eab\u5bf9\u751f\u6001\u7684\u4f24\u5bb3\u2026", "source": "vivo\u667a\u80fd\u624b\u673a", "favorited": false, "pic_ids": [], "pic_types": "", "is_paid": false, "mblog_vip_type": 0, "user": {"id": 7382430896, "screen_name": "\u5fc3\u4e2d\u7684\u592a\u9633\u6c38\u4e0d\u843d1111", "profile_image_url": "https://tvax1.sinaimg.cn/crop.0.0.664.664.180/0083BVw4ly8gbfx7t8mjfj30ig0igab3.jpg?KID=imgbed,tva&Expires=1619179399&ssig=ox144%2FYTI8", "profile_url": "https://m.weibo.cn/u/7382430896?uid=7382430896", "statuses_count": 428, "verified": false, "verified_type": -1, "close_blue_v": false, "description": "", "gender": "f", "mbtype": 0, "urank": 0, "mbrank": 0, "follow_me": false, "following": false, "followers_count": 24, "follow_count": 30, "cover_image_phone": "https://tva1.sinaimg.cn/crop.0.0.640.640.640/549d0121tw1egm1kjly3jj20hs0hsq4f.jpg", "avatar_hd": "https://wx1.sinaimg.cn/orj480/0083BVw4ly8gbfx7t8mjfj30ig0igab3.jpg", "like": false, "like_me": false, "badge": {"user_name_certificate": 1, "wenda_v2": 1, "dailv_2020": 1}}, "reposts_count": 0, "comments_count": 0, "attitudes_count": 0, "pending_approval_count": 0, "isLongText": false, "reward_exhibition_type": 0, "hide_flag": 0, "mlevel": 0, "darwin_tags": [], "mblogtype": 0, "more_info_type": 0, "number_display_strategy": {"apply_scenario_flag": 3, "display_text_min_number": 1000000, "display_text": "100\u4e07+"}, "content_auth": 0, "repost_type": 1, "pic_num": 0, "alchemy_params": {"ug_red_envelope": false}, "raw_text": "#\u58a8\u5c14\u672c\u5927\u5b66#\u8bf7\u5c3d\u529b\u4fdd\u62a4\u540c\u751f\u5171\u5b58\u7684\u5730\u7403\u5bb6\u56ed\uff1a\u201c\u5bb6\u201d\u548c\u4e07\u4e8b\u5174\uff0c\u8282\u7ea6\u8d44\u6e90\uff0c\u5584\u5f85\u52a8\u7269\u5c31\u662f\u5584\u5f85\u4eba\u7c7b\u53ca\u4eba\u7c7b\u7684\u5b50\u5b59\u540e\u4ee3\uff01 \u201c\u5929\u4eba\u5408\u4e00 \u4e07\u7269\u4e00\u4f53\u201d\u3002 \u751f\u6001\u82e5\u65e0\u9000\u8def\uff0c\u4eba\u7c7b\u53c8\u5c06\u4f55\u53bb\u4f55\u4ece\u5462\uff1f \u5384\u5c14\u5c3c\u8bfa\u73b0\u8c61\u7684\u52a0\u5267\u3001\u751f\u7269\u94fe\u7684\u7834\u574f\u3001\u761f\u75ab\u75c5\u6bd2\u2026\u2026\u90fd\u4e0e\u4eba\u7c7b\u81ea\u8eab\u5bf9\u201c\u5bb6\u56ed\u201d\u7684\u6001\u5ea6\u6709\u5173\uff01 \u5f53\u4e0b\u8bf7\u7acb\u523b\u53cd\u7701\u81ea\u8eab\u5bf9\u751f\u6001\u7684\u4f24\u5bb3\u2026", "bid": "Ja4WzCksY"}, {"visible": {"type": 0, "list_id": 0}, "created_at": "Tue Jul 07 11:59:31 +0800 2020", "id": "4524022048930909", "mid": "4524022048930909", "can_edit": false, "show_additional_indication": 0, "text": "\u8bf7\u5c3d\u529b\u4fdd\u62a4\u540c\u751f\u5171\u5b58\u7684\u5730\u7403\u5bb6\u56ed\uff1a\u201c\u5bb6\u201d\u548c\u4e07\u4e8b\u5174\uff0c\u8282\u7ea6\u8d44\u6e90\uff0c\u5584\u5f85\u52a8\u7269\u5c31\u662f\u5584\u5f85\u4eba\u7c7b\u53ca\u4eba\u7c7b\u7684\u5b50\u5b59\u540e\u4ee3\uff01 \u201c\u5929\u4eba\u5408\u4e00 \u4e07\u7269\u4e00\u4f53\u201d\u3002 \u751f\u6001\u82e5\u65e0\u9000\u8def\uff0c\u4eba\u7c7b\u53c8\u5c06\u4f55\u53bb\u4f55\u4ece\u5462\uff1f \u5384\u5c14\u5c3c\u8bfa\u73b0\u8c61\u7684\u52a0\u5267\u3001\u751f\u7269\u94fe\u7684\u7834\u574f\u3001\u761f\u75ab\u75c5\u6bd2\u2026\u2026\u90fd\u4e0e\u4eba\u7c7b\u81ea\u8eab\u5bf9\u201c\u5bb6\u56ed\u201d\u7684\u6001\u5ea6\u6709\u5173\uff01 \u5f53\u4e0b\u8bf7\u7acb\u523b\u53cd\u7701\u81ea\u8eab\u5bf9\u751f\u6001\u7684\u4f24\u5bb3\u2026", "source": "vivo\u667a\u80fd\u624b\u673a", "favorited": false, "pic_ids": [], "pic_types": "", "is_paid": false, "mblog_vip_type": 0, "user": {"id": 7382430896, "screen_name": "\u5fc3\u4e2d\u7684\u592a\u9633\u6c38\u4e0d\u843d1111", "profile_image_url": "https://tvax1.sinaimg.cn/crop.0.0.664.664.180/0083BVw4ly8gbfx7t8mjfj30ig0igab3.jpg?KID=imgbed,tva&Expires=1619179399&ssig=ox144%2FYTI8", "profile_url": "https://m.weibo.cn/u/7382430896?uid=7382430896", "statuses_count": 428, "verified": false, "verified_type": -1, "close_blue_v": false, "description": "", "gender": "f", "mbtype": 0, "urank": 0, "mbrank": 0, "follow_me": false, "following": false, "followers_count": 24, "follow_count": 30, "cover_image_phone": "https://tva1.sinaimg.cn/crop.0.0.640.640.640/549d0121tw1egm1kjly3jj20hs0hsq4f.jpg", "avatar_hd": "https://wx1.sinaimg.cn/orj480/0083BVw4ly8gbfx7t8mjfj30ig0igab3.jpg", "like": false, "like_me": false, "badge": {"user_name_certificate": 1, "wenda_v2": 1, "dailv_2020": 1}}, "reposts_count": 2, "comments_count": 1, "attitudes_count": 0, "pending_approval_count": 0, "isLongText": false, "reward_exhibition_type": 0, "hide_flag": 0, "mlevel": 0, "darwin_tags": [], "mblogtype": 0, "more_info_type": 0, "number_display_strategy": {"apply_scenario_flag": 3, "display_text_min_number": 1000000, "display_text": "100\u4e07+"}, "content_auth": 0, "repost_type": 1, "pic_num": 0, "alchemy_params": {"ug_red_envelope": false}, "raw_text": "\u8bf7\u5c3d\u529b\u4fdd\u62a4\u540c\u751f\u5171\u5b58\u7684\u5730\u7403\u5bb6\u56ed\uff1a\u201c\u5bb6\u201d\u548c\u4e07\u4e8b\u5174\uff0c\u8282\u7ea6\u8d44\u6e90\uff0c\u5584\u5f85\u52a8\u7269\u5c31\u662f\u5584\u5f85\u4eba\u7c7b\u53ca\u4eba\u7c7b\u7684\u5b50\u5b59\u540e\u4ee3\uff01 \u201c\u5929\u4eba\u5408\u4e00 \u4e07\u7269\u4e00\u4f53\u201d\u3002 \u751f\u6001\u82e5\u65e0\u9000\u8def\uff0c\u4eba\u7c7b\u53c8\u5c06\u4f55\u53bb\u4f55\u4ece\u5462\uff1f \u5384\u5c14\u5c3c\u8bfa\u73b0\u8c61\u7684\u52a0\u5267\u3001\u751f\u7269\u94fe\u7684\u7834\u574f\u3001\u761f\u75ab\u75c5\u6bd2\u2026\u2026\u90fd\u4e0e\u4eba\u7c7b\u81ea\u8eab\u5bf9\u201c\u5bb6\u56ed\u201d\u7684\u6001\u5ea6\u6709\u5173\uff01 \u5f53\u4e0b\u8bf7\u7acb\u523b\u53cd\u7701\u81ea\u8eab\u5bf9\u751f\u6001\u7684\u4f24\u5bb3\u2026", "bid": "Ja4VeBtkV"}, {"visible": {"type": 0, "list_id": 0}, "created_at": "Tue Jul 07 11:52:51 +0800 2020", "id": "4524020370193287", "mid": "4524020370193287", "can_edit": false, "show_additional_indication": 0, "text": "<a  href=\"https://m.weibo.cn/search?containerid=231522type%3D1%26t%3D10%26q%3D%23%E5%A2%A8%E5%B0%94%E6%9C%AC%E5%A4%A7%E5%AD%A6%23&isnewpage=1\" data-hide=\"\"><span class=\"surl-text\">#\u58a8\u5c14\u672c\u5927\u5b66#</span></a>\u8bf7\u5c3d\u529b\u4fdd\u62a4\u540c\u751f\u5171\u5b58\u7684\u5730\u7403\u5bb6\u56ed\uff1a\u201c\u5bb6\u201d\u548c\u4e07\u4e8b\u5174\uff0c\u8282\u7ea6\u8d44\u6e90\uff0c\u5584\u5f85\u52a8\u7269\u5c31\u662f\u5584\u5f85\u4eba\u7c7b\u53ca\u4eba\u7c7b\u7684\u5b50\u5b59\u540e\u4ee3\uff01 \u201c\u5929\u4eba\u5408\u4e00 \u4e07\u7269\u4e00\u4f53\u201d\u3002 \u751f\u6001\u82e5\u65e0\u9000\u8def\uff0c\u4eba\u7c7b\u53c8\u5c06\u4f55\u53bb\u4f55\u4ece\u5462\uff1f \u5384\u5c14\u5c3c\u8bfa\u73b0\u8c61\u7684\u52a0\u5267\u3001\u751f\u7269\u94fe\u7684\u7834\u574f\u3001\u761f\u75ab\u75c5\u6bd2\u2026\u2026\u90fd\u4e0e\u4eba\u7c7b\u81ea\u8eab\u5bf9\u201c\u5bb6\u56ed\u201d\u7684\u6001\u5ea6\u6709\u5173\uff01 \u5f53\u4e0b\u8bf7\u7acb\u523b\u53cd\u7701\u81ea\u8eab\u5bf9\u751f\u6001\u7684\u4f24\u5bb3\u2026", "source": "vivo\u667a\u80fd\u624b\u673a", "favorited": false, "pic_ids": [], "pic_types": "", "is_paid": false, "mblog_vip_type": 0, "user": {"id": 7382430896, "screen_name": "\u5fc3\u4e2d\u7684\u592a\u9633\u6c38\u4e0d\u843d1111", "profile_image_url": "https://tvax1.sinaimg.cn/crop.0.0.664.664.180/0083BVw4ly8gbfx7t8mjfj30ig0igab3.jpg?KID=imgbed,tva&Expires=1619179399&ssig=ox144%2FYTI8", "profile_url": "https://m.weibo.cn/u/7382430896?uid=7382430896", "statuses_count": 428, "verified": false, "verified_type": -1, "close_blue_v": false, "description": "", "gender": "f", "mbtype": 0, "urank": 0, "mbrank": 0, "follow_me": false, "following": false, "followers_count": 24, "follow_count": 30, "cover_image_phone": "https://tva1.sinaimg.cn/crop.0.0.640.640.640/549d0121tw1egm1kjly3jj20hs0hsq4f.jpg", "avatar_hd": "https://wx1.sinaimg.cn/orj480/0083BVw4ly8gbfx7t8mjfj30ig0igab3.jpg", "like": false, "like_me": false, "badge": {"user_name_certificate": 1, "wenda_v2": 1, "dailv_2020": 1}}, "reposts_count": 0, "comments_count": 0, "attitudes_count": 0, "pending_approval_count": 0, "isLongText": false, "reward_exhibition_type": 0, "hide_flag": 0, "mlevel": 0, "darwin_tags": [], "mblogtype": 0, "more_info_type": 0, "number_display_strategy": {"apply_scenario_flag": 3, "display_text_min_number": 1000000, "display_text": "100\u4e07+"}, "content_auth": 0, "repost_type": 1, "pic_num": 0, "alchemy_params": {"ug_red_envelope": false}, "raw_text": "#\u58a8\u5c14\u672c\u5927\u5b66#\u8bf7\u5c3d\u529b\u4fdd\u62a4\u540c\u751f\u5171\u5b58\u7684\u5730\u7403\u5bb6\u56ed\uff1a\u201c\u5bb6\u201d\u548c\u4e07\u4e8b\u5174\uff0c\u8282\u7ea6\u8d44\u6e90\uff0c\u5584\u5f85\u52a8\u7269\u5c31\u662f\u5584\u5f85\u4eba\u7c7b\u53ca\u4eba\u7c7b\u7684\u5b50\u5b59\u540e\u4ee3\uff01 \u201c\u5929\u4eba\u5408\u4e00 \u4e07\u7269\u4e00\u4f53\u201d\u3002 \u751f\u6001\u82e5\u65e0\u9000\u8def\uff0c\u4eba\u7c7b\u53c8\u5c06\u4f55\u53bb\u4f55\u4ece\u5462\uff1f \u5384\u5c14\u5c3c\u8bfa\u73b0\u8c61\u7684\u52a0\u5267\u3001\u751f\u7269\u94fe\u7684\u7834\u574f\u3001\u761f\u75ab\u75c5\u6bd2\u2026\u2026\u90fd\u4e0e\u4eba\u7c7b\u81ea\u8eab\u5bf9\u201c\u5bb6\u56ed\u201d\u7684\u6001\u5ea6\u6709\u5173\uff01 \u5f53\u4e0b\u8bf7\u7acb\u523b\u53cd\u7701\u81ea\u8eab\u5bf9\u751f\u6001\u7684\u4f24\u5bb3\u2026", "bid": "Ja4Sx0Ohx"}, {"visible": {"type": 0, "list_id": 0}, "created_at": "Tue Jul 07 10:42:43 +0800 2020", "id": "4524002720810274", "mid": "4524002720810274", "can_edit": false, "show_additional_indication": 0, "text": "<a href='/n/\u5fc3\u4e2d\u7684\u592a\u9633\u6c38\u4e0d\u843d1111'>@\u5fc3\u4e2d\u7684\u592a\u9633\u6c38\u4e0d\u843d1111</a>: \u4e3a\u4e86\u4fdd\u62a4\u6211\u4eec\u81ea\u8eab\u548c\u6211\u4eec\u7684\u5b50\u5b59\uff0c\u8bf7\u5c3d\u529b\u4fdd\u62a4\u540c\u751f\u5171\u5b58\u7684\u5730\u7403\u6bcd\u4eb2\uff08\u751f\u6001\u5bb6\u56ed\uff09\uff1a\u201c\u5bb6\u548c\u4e07\u4e8b\u5174\u201d\uff0c\u8282\u7ea6\u8d44\u6e90\uff0c\u5584\u5f85\u52a8\u7269\u5c31\u662f\u5584\u5f85\u4eba\u7c7b\u53ca\u4eba\u7c7b\u7684\u5b50\u5b59\u540e\u4ee3\uff01", "source": "vivo\u667a\u80fd\u624b\u673a", "favorited": false, "pic_ids": [], "pic_types": "", "is_paid": false, "mblog_vip_type": 0, "user": {"id": 7382430896, "screen_name": "\u5fc3\u4e2d\u7684\u592a\u9633\u6c38\u4e0d\u843d1111", "profile_image_url": "https://tvax1.sinaimg.cn/crop.0.0.664.664.180/0083BVw4ly8gbfx7t8mjfj30ig0igab3.jpg?KID=imgbed,tva&Expires=1619179399&ssig=ox144%2FYTI8", "profile_url": "https://m.weibo.cn/u/7382430896?uid=7382430896", "statuses_count": 428, "verified": false, "verified_type": -1, "close_blue_v": false, "description": "", "gender": "f", "mbtype": 0, "urank": 0, "mbrank": 0, "follow_me": false, "following": false, "followers_count": 24, "follow_count": 30, "cover_image_phone": "https://tva1.sinaimg.cn/crop.0.0.640.640.640/549d0121tw1egm1kjly3jj20hs0hsq4f.jpg", "avatar_hd": "https://wx1.sinaimg.cn/orj480/0083BVw4ly8gbfx7t8mjfj30ig0igab3.jpg", "like": false, "like_me": false, "badge": {"user_name_certificate": 1, "wenda_v2": 1, "dailv_2020": 1}}, "reposts_count": 0, "comments_count": 0, "attitudes_count": 0, "pending_approval_count": 0, "isLongText": false, "reward_exhibition_type": 0, "hide_flag": 0, "mlevel": 0, "darwin_tags": [], "mblogtype": 0, "more_info_type": 0, "number_display_strategy": {"apply_scenario_flag": 3, "display_text_min_number": 1000000, "display_text": "100\u4e07+"}, "content_auth": 0, "repost_type": 1, "pic_num": 0, "alchemy_params": {"ug_red_envelope": false}, "raw_text": "@\u5fc3\u4e2d\u7684\u592a\u9633\u6c38\u4e0d\u843d1111: \u4e3a\u4e86\u4fdd\u62a4\u6211\u4eec\u81ea\u8eab\u548c\u6211\u4eec\u7684\u5b50\u5b59\uff0c\u8bf7\u5c3d\u529b\u4fdd\u62a4\u540c\u751f\u5171\u5b58\u7684\u5730\u7403\u6bcd\u4eb2\uff08\u751f\u6001\u5bb6\u56ed\uff09\uff1a\u201c\u5bb6\u548c\u4e07\u4e8b\u5174\u201d\uff0c\u8282\u7ea6\u8d44\u6e90\uff0c\u5584\u5f85\u52a8\u7269\u5c31\u662f\u5584\u5f85\u4eba\u7c7b\u53ca\u4eba\u7c7b\u7684\u5b50\u5b59\u540e\u4ee3\uff01", "bid": "Ja4q43oMW"}, {"visible": {"type": 0, "list_id": 0}, "created_at": "Tue Jul 07 10:35:51 +0800 2020", "id": "4524000997602547", "mid": "4524000997602547", "can_edit": false, "show_additional_indication": 0, "text": "\u8f6c\u53d1\u5fae\u535a", "source": "\u5fae\u535a\u641c\u7d22", "favorited": false, "pic_ids": [], "pic_types": "", "is_paid": false, "mblog_vip_type": 0, "user": {"id": 6784911823, "screen_name": "\u81fb\u86ee", "profile_image_url": "https://tvax4.sinaimg.cn/crop.6.0.1187.1187.180/007paNvFly1fwfozokcwrj30xc0wzn11.jpg?KID=imgbed,tva&Expires=1619179402&ssig=1TqHgDKC%2Br", "profile_url": "https://m.weibo.cn/u/6784911823?uid=6784911823", "statuses_count": 36156, "verified": false, "verified_type": -1, "close_blue_v": false, "description": "", "gender": "m", "mbtype": 0, "urank": 4, "mbrank": 0, "follow_me": false, "following": false, "followers_count": 505, "follow_count": 205, "cover_image_phone": "https://tva1.sinaimg.cn/crop.0.0.640.640.640/549d0121tw1egm1kjly3jj20hs0hsq4f.jpg", "avatar_hd": "https://wx4.sinaimg.cn/orj480/007paNvFly1fwfozokcwrj30xc0wzn11.jpg", "like": false, "like_me": false, "badge": {"user_name_certificate": 1, "hongrenjie_2019": 1, "china_2019": 1, "hongkong_2019": 1, "gongjiri_2019": 1, "macao_2019": 1, "china_2019_2": 1, "feiyan_2020": 1, "graduation_2020": 1, "dailv_2020": 1, "school_2020": 1, "hongrenjie_2020": 1, "china_2020": 1}}, "reposts_count": 0, "comments_count": 0, "attitudes_count": 0, "pending_approval_count": 0, "isLongText": false, "reward_exhibition_type": 0, "hide_flag": 0, "mlevel": 0, "darwin_tags": [], "mblogtype": 0, "more_info_type": 0, "number_display_strategy": {"apply_scenario_flag": 3, "display_text_min_number": 1000000, "display_text": "100\u4e07+"}, "content_auth": 0, "repost_type": 3, "pic_num": 0, "alchemy_params": {"ug_red_envelope": false}, "raw_text": "\u8f6c\u53d1\u5fae\u535a", "bid": "Ja4nhvTLJ"}, {"visible": {"type": 0, "list_id": 0}, "created_at": "Tue Jul 07 09:37:36 +0800 2020", "id": "4523986338283896", "mid": "4523986338283896", "can_edit": false, "show_additional_indication": 0, "text": "\u5929", "source": "HUAWEI Mate 20 Pro", "favorited": false, "pic_ids": [], "pic_types": "", "is_paid": false, "mblog_vip_type": 0, "user": {"id": 1636513147, "screen_name": "\u51b2\u9e2d\u5feb\u4e50\u8001\u5bb6", "profile_image_url": "https://tvax1.sinaimg.cn/crop.0.0.996.996.180/618b357bly8fxv2kslvewj20ro0rota3.jpg?KID=imgbed,tva&Expires=1619179402&ssig=dIXOeMRL5c", "profile_url": "https://m.weibo.cn/u/1636513147?uid=1636513147", "statuses_count": 4144, "verified": false, "verified_type": -1, "close_blue_v": false, "description": "", "gender": "f", "mbtype": 0, "urank": 41, "mbrank": 0, "follow_me": false, "following": false, "followers_count": 438, "follow_count": 988, "cover_image_phone": "https://tva2.sinaimg.cn/crop.0.0.640.640/68f96449jw1ergqx79rw4j20hs0hswh0.jpg", "avatar_hd": "https://wx1.sinaimg.cn/orj480/618b357bly8fxv2kslvewj20ro0rota3.jpg", "like": false, "like_me": false, "badge": {"bind_taobao": 1, "unread_pool": 1, "unread_pool_ext": 1, "user_name_certificate": 1, "wenchuan_10th": 1, "national_day_2018": 1, "hongbaofei_2019": 1, "hongbao_2020": 2, "feiyan_2020": 1, "dailv_2020": 1, "hongbaofeifuniu_2021": 1, "hongbaofeijika_2021": 1}}, "reposts_count": 0, "comments_count": 0, "attitudes_count": 0, "pending_approval_count": 0, "isLongText": false, "reward_exhibition_type": 0, "hide_flag": 0, "mlevel": 0, "darwin_tags": [], "mblogtype": 0, "more_info_type": 0, "number_display_strategy": {"apply_scenario_flag": 3, "display_text_min_number": 1000000, "display_text": "100\u4e07+"}, "content_auth": 0, "repost_type": 1, "pic_num": 0, "alchemy_params": {"ug_red_envelope": false}, "raw_text": "\u5929", "bid": "Ja3ZDyL1e"}, {"visible": {"type": 0, "list_id": 0}, "created_at": "Tue Jul 07 09:27:10 +0800 2020", "id": "4523983707333142", "mid": "4523983707333142", "can_edit": false, "show_additional_indication": 0, "text": "\u8f6c\u53d1\u5fae\u535a", "source": "\u5c0f\u7c739", "favorited": false, "pic_ids": [], "pic_types": "", "is_paid": false, "mblog_vip_type": 0, "user": {"id": 5661951774, "screen_name": "\u7526\u6d91", "profile_image_url": "https://tvax4.sinaimg.cn/crop.0.0.1002.1002.180/006baYiOly8gl411vs6urj30ru0ru74w.jpg?KID=imgbed,tva&Expires=1619179402&ssig=7Sap9Nrr1O", "profile_url": "https://m.weibo.cn/u/5661951774?uid=5661951774", "statuses_count": 409, "verified": false, "verified_type": -1, "close_blue_v": false, "description": "", "gender": "f", "mbtype": 0, "urank": 4, "mbrank": 0, "follow_me": false, "following": false, "followers_count": 51, "follow_count": 167, "cover_image_phone": "https://tva1.sinaimg.cn/crop.0.0.640.640.640/549d0121tw1egm1kjly3jj20hs0hsq4f.jpg", "avatar_hd": "https://wx4.sinaimg.cn/orj480/006baYiOly8gl411vs6urj30ru0ru74w.jpg", "like": false, "like_me": false, "badge": {"unread_pool": 1, "unread_pool_ext": 1, "dzwbqlx_2016": 1, "user_name_certificate": 1, "hongbao_2020": 2}}, "reposts_count": 0, "comments_count": 0, "attitudes_count": 0, "pending_approval_count": 0, "isLongText": false, "reward_exhibition_type": 0, "hide_flag": 0, "mlevel": 0, "darwin_tags": [], "mblogtype": 0, "more_info_type": 0, "number_display_strategy": {"apply_scenario_flag": 3, "display_text_min_number": 1000000, "display_text": "100\u4e07+"}, "content_auth": 0, "repost_type": 1, "pic_num": 0, "alchemy_params": {"ug_red_envelope": false}, "raw_text": "\u8f6c\u53d1\u5fae\u535a", "bid": "Ja3VouLGu"}, {"visible": {"type": 0, "list_id": 0}, "created_at": "Tue Jul 07 09:15:19 +0800 2020", "id": "4523980726414314", "mid": "4523980726414314", "can_edit": false, "show_additional_indication": 0, "text": "<span class=\"url-icon\"><img alt=[\u5403\u60ca] src=\"https://h5.sinaimg.cn/m/emoticon/icon/default/d_chijing-59b444adb6.png\" style=\"width:1em; height:1em;\" /></span>", "source": "\u5fae\u535a weibo.com", "favorited": false, "pic_ids": [], "pic_types": "", "is_paid": false, "mblog_vip_type": 0, "user": {"id": 5226283020, "screen_name": "Ghostkitty_\u6795\u5934", "profile_image_url": "https://tva3.sinaimg.cn/crop.0.0.100.100.180/005HGWXqjw8emrp160snjj302s02s745.jpg?KID=imgbed,tva&Expires=1619179402&ssig=FAbj4jTsMQ", "profile_url": "https://m.weibo.cn/u/5226283020?uid=5226283020", "statuses_count": 905, "verified": false, "verified_type": -1, "close_blue_v": false, "description": "", "gender": "m", "mbtype": 0, "urank": 9, "mbrank": 0, "follow_me": false, "following": false, "followers_count": 113, "follow_count": 224, "cover_image_phone": "https://tva1.sinaimg.cn/crop.0.0.640.640.640/549d0121tw1egm1kjly3jj20hs0hsq4f.jpg", "avatar_hd": "https://ww3.sinaimg.cn/orj480/005HGWXqjw8emrp160snjj302s02s745.jpg", "like": false, "like_me": false, "badge": {"unread_pool": 1, "unread_pool_ext": 1, "user_name_certificate": 1, "memorial_2018": 1, "hongrenjie_2019": 1, "china_2019": 1, "hongkong_2019": 1, "hongbaofeifuniu_2021": 1, "hongbaofeijika_2021": 1}}, "reposts_count": 0, "comments_count": 0, "attitudes_count": 0, "pending_approval_count": 0, "isLongText": false, "reward_exhibition_type": 0, "hide_flag": 0, "mlevel": 0, "darwin_tags": [], "mblogtype": 0, "more_info_type": 0, "number_display_strategy": {"apply_scenario_flag": 3, "display_text_min_number": 1000000, "display_text": "100\u4e07+"}, "content_auth": 0, "repost_type": 1, "pic_num": 0, "alchemy_params": {"ug_red_envelope": false}, "raw_text": "[\u5403\u60ca]", "bid": "Ja3QAqUEG"}, {"visible": {"type": 0, "list_id": 0}, "created_at": "Tue Jul 07 09:06:20 +0800 2020", "id": "4523978469577614", "mid": "4523978469577614", "can_edit": false, "show_additional_indication": 0, "text": "<a  href=\"https://m.weibo.cn/search?containerid=231522type%3D1%26t%3D10%26q%3D%23%E7%BE%8E%E5%9B%BD%E5%BE%97%E5%B7%9E883%E4%B8%AA%E6%89%98%E5%84%BF%E6%89%80%E5%8F%91%E7%8E%B0%E6%96%B0%E5%86%A0%23&extparam=%23%E7%BE%8E%E5%9B%BD%E5%BE%97%E5%B7%9E883%E4%B8%AA%E6%89%98%E5%84%BF%E6%89%80%E5%8F%91%E7%8E%B0%E6%96%B0%E5%86%A0%23\" data-hide=\"\"><span class=\"surl-text\">#\u7f8e\u56fd\u5f97\u5dde883\u4e2a\u6258\u513f\u6240\u53d1\u73b0\u65b0\u51a0#</span></a> \u3010\u7f8e\u56fd\u53c8\u4e00\u91cd\u707e\u533a!\u5fb7\u5dde883\u4e2a\u6258\u513f\u62401335\u4eba\u611f\u67d3\u65b0\u51a0 \u513f\u7ae5\u5347\u81f3441\u540d\u3011", "source": "\u5fae\u535a weibo.com", "favorited": false, "pic_ids": [], "pic_types": "", "is_paid": false, "mblog_vip_type": 0, "user": {"id": 1998070491, "screen_name": "\u623f\u5929\u4e0b\u6606\u5c71", "profile_image_url": "https://tva2.sinaimg.cn/crop.25.3.332.332.180/771822dbjw8f8yuhsxgegj20aj09tmxc.jpg?KID=imgbed,tva&Expires=1619179402&ssig=EVankkFRop", "profile_url": "https://m.weibo.cn/u/1998070491?uid=1998070491", "statuses_count": 10113, "verified": true, "verified_type": 2, "verified_type_ext": 50, "verified_reason": "\u5317\u4eac\u641c\u623f\u79d1\u6280\u53d1\u5c55\u6709\u9650\u516c\u53f8\u6606\u5c71\u5206\u516c\u53f8", "close_blue_v": false, "description": "\u6606\u5c71\u623f\u5929\u4e0b\u4e70\u623f\u3001\u5356\u623f\u5b98\u65b9\u5e73\u53f0\uff0c\u6bcf\u65e5\u63a8\u9001\u65b0\u9c9c\u623f\u4ea7\u8d44\u8baf\u3001\u8d2d\u623f\u6307\u5357\u3001\u4f18\u8d28\u623f\u6e90\u3001\u770b\u623f\u79d8\u7c4d\uff0c\u4e3a\u60a8\u5f00\u542f\u4e00\u7ad9\u5f0f\u8d2d\u623f\u670d\u52a1\uff01\u5fae\u4fe1\u53f7\u8bf7\u641c\u7d22\uff1a\u6606\u5c71\u7279\u4ef7\u623f \u623f\u5929\u4e0b\uff0cFang.com", "gender": "m", "mbtype": 0, "urank": 27, "mbrank": 0, "follow_me": false, "following": false, "followers_count": 20503, "follow_count": 1604, "cover_image_phone": "https://tva1.sinaimg.cn/crop.0.0.640.640.640/549d0121tw1egm1kjly3jj20hs0hsq4f.jpg", "avatar_hd": "https://ww2.sinaimg.cn/orj480/771822dbjw8f8yuhsxgegj20aj09tmxc.jpg", "like": false, "like_me": false, "badge": {"user_name_certificate": 1, "wenda_v2": 1, "dailv_2018": 1, "qixi_2018": 1, "feiyan_2020": 1, "cddyh_2020": 1, "lvzhilingyang_2021": 1}}, "reposts_count": 0, "comments_count": 0, "attitudes_count": 0, "pending_approval_count": 0, "isLongText": false, "reward_exhibition_type": 0, "hide_flag": 0, "mlevel": 0, "darwin_tags": [], "mblogtype": 0, "more_info_type": 0, "number_display_strategy": {"apply_scenario_flag": 3, "display_text_min_number": 1000000, "display_text": "100\u4e07+"}, "content_auth": 0, "repost_type": 1, "pic_num": 0, "alchemy_params": {"ug_red_envelope": false}, "raw_text": "#\u7f8e\u56fd\u5f97\u5dde883\u4e2a\u6258\u513f\u6240\u53d1\u73b0\u65b0\u51a0# \u3010\u7f8e\u56fd\u53c8\u4e00\u91cd\u707e\u533a!\u5fb7\u5dde883\u4e2a\u6258\u513f\u62401335\u4eba\u611f\u67d3\u65b0\u51a0 \u513f\u7ae5\u5347\u81f3441\u540d\u3011", "bid": "Ja3MWEbzE"}, {"visible": {"type": 0, "list_id": 0}, "created_at": "Tue Jul 07 09:04:58 +0800 2020", "id": "4523978124964450", "mid": "4523978124964450", "can_edit": false, "show_additional_indication": 0, "text": "\u2026\u2026\u2026", "source": "iPhone", "favorited": false, "pic_ids": [], "pic_types": "", "is_paid": false, "mblog_vip_type": 0, "user": {"id": 2051074577, "screen_name": "\u95f9\u95f9\u599e\u599e\u7684\u59d0\u59d0", "profile_image_url": "https://tvax3.sinaimg.cn/crop.0.0.512.512.180/7a40ea11ly8gnufdry94qj20e80e8gmb.jpg?KID=imgbed,tva&Expires=1619179404&ssig=8OIc1zO9A4", "profile_url": "https://m.weibo.cn/u/2051074577?uid=2051074577", "statuses_count": 5228, "verified": false, "verified_type": -1, "close_blue_v": false, "description": "\u597d\u60f3\u64b8\u72d7\u554a", "gender": "f", "mbtype": 0, "urank": 20, "mbrank": 0, "follow_me": false, "following": false, "followers_count": 157, "follow_count": 1330, "cover_image_phone": "https://tva2.sinaimg.cn/crop.0.0.640.640.640/a1d3feabjw1ecasunmkncj20hs0hsq4j.jpg", "avatar_hd": "https://wx3.sinaimg.cn/orj480/7a40ea11ly8gnufdry94qj20e80e8gmb.jpg", "like": false, "like_me": false, "badge": {"unread_pool": 1, "unread_pool_ext": 1, "dzwbqlx_2016": 1, "user_name_certificate": 1, "suishoupai_2018": 1, "worldcup_2018": 34, "dailv_2018": 1, "hongrenjie_2019": 1, "hongbao_2020": 2, "feiyan_2020": 1, "hongbaofeifuniu_2021": 1}}, "reposts_count": 0, "comments_count": 0, "attitudes_count": 0, "pending_approval_count": 0, "isLongText": false, "reward_exhibition_type": 0, "hide_flag": 0, "mlevel": 0, "darwin_tags": [], "mblogtype": 0, "more_info_type": 0, "number_display_strategy": {"apply_scenario_flag": 3, "display_text_min_number": 1000000, "display_text": "100\u4e07+"}, "content_auth": 0, "repost_type": 1, "pic_num": 0, "alchemy_params": {"ug_red_envelope": false}, "raw_text": "\u2026\u2026\u2026", "bid": "Ja3MokPtM"}, {"visible": {"type": 0, "list_id": 0}, "created_at": "Tue Jul 07 08:42:55 +0800 2020", "id": "4523972572759306", "mid": "4523972572759306", "can_edit": false, "show_additional_indication": 0, "text": "\u8f6c\u53d1\u5fae\u535a", "source": "\u5fae\u535a weibo.com", "favorited": false, "pic_ids": [], "pic_types": "", "is_paid": false, "mblog_vip_type": 0, "user": {"id": 1401315801, "screen_name": "whwacn", "profile_image_url": "https://tva4.sinaimg.cn/crop.0.0.180.180.180/538661d9jw1e8qgp5bmzyj2050050aa8.jpg?KID=imgbed,tva&Expires=1619179404&ssig=qquD0sYZYI", "profile_url": "https://m.weibo.cn/u/1401315801?uid=1401315801", "statuses_count": 192538, "verified": false, "verified_type": 220, "close_blue_v": false, "description": "\u666e\u901a\u3001\u666e\u901a\u3001\u8fd8\u662f\u666e\u901a\uff1b\u6254\u5728\u4eba\u5806\u5c31\u878d\u8fdb\u53bb\u3001\u79bb\u5f00\u4eba\u5806\u5c31\u4e00\u4e2a\u666e\u901a\u4ec1\u3002\u4e0d\u7092\u80a1\uff01\uff01", "gender": "m", "mbtype": 0, "urank": 48, "mbrank": 0, "follow_me": false, "following": false, "followers_count": 2005, "follow_count": 1709, "cover_image_phone": "https://tva4.sinaimg.cn/crop.0.0.640.640.640/68f96449tw1egwcezbwgqj20hs0hsdif.jpg", "avatar_hd": "https://ww4.sinaimg.cn/orj480/538661d9jw1e8qgp5bmzyj2050050aa8.jpg", "like": false, "like_me": false, "badge": {"gongyi": 1, "gongyi_level": 1, "bind_taobao": 1, "dailv": 1, "unread_pool": 1, "unread_pool_ext": 1, "dzwbqlx_2016": 1, "travel_2017": 1, "cz_wed_2017": 1, "panda": 1, "user_name_certificate": 1, "suishoupai_2018": 6, "wenchuan_10th": 1, "worldcup_2018": 34, "asiad_2018": 1, "qixi_2018": 1, "lol_s8": 1, "national_day_2018": 1, "double11_2018": 1, "wbzy_2018": 1, "memorial_2018": 1, "hongbaofei_2019": 1, "denglong_2019": 1, "fu_2019": 1, "suishoupai_2019": 1, "wusi_2019": 1, "hongrenjie_2019": 1, "china_2019": 1, "hongkong_2019": 1, "dzwbqlx_2019": 2, "rrgyj_2019": 1, "weishi_2019": 1, "gongjiri_2019": 1, "macao_2019": 1, "china_2019_2": 1, "feiyan_2020": 1, "dailv_2020": 1, "school_2020": 1, "china_2020": 1, "weibozhiye_2020": 1, "lvzhilingyang_2021": 1}}, "reposts_count": 0, "comments_count": 0, "attitudes_count": 0, "pending_approval_count": 0, "isLongText": false, "reward_exhibition_type": 0, "hide_flag": 0, "mlevel": 0, "darwin_tags": [], "mblogtype": 0, "more_info_type": 0, "number_display_strategy": {"apply_scenario_flag": 3, "display_text_min_number": 1000000, "display_text": "100\u4e07+"}, "content_auth": 0, "repost_type": 1, "pic_num": 0, "alchemy_params": {"ug_red_envelope": false}, "raw_text": "\u8f6c\u53d1\u5fae\u535a", "bid": "Ja3DrbzOW"}, {"visible": {"type": 0, "list_id": 0}, "created_at": "Tue Jul 07 08:40:24 +0800 2020", "id": "4523971943674367", "mid": "4523971943674367", "can_edit": false, "show_additional_indication": 0, "text": "\u8f6c\u53d1\u5fae\u535a", "source": "HUAWEI Mate 20", "favorited": false, "pic_ids": [], "pic_types": "", "is_paid": false, "mblog_vip_type": 0, "user": {"id": 7024395210, "screen_name": "\u7528\u62377024395210", "profile_image_url": "https://tvax4.sinaimg.cn/crop.0.0.996.996.180/007FnE4Wly8g4c6nys1nvj30ro0ro410.jpg?KID=imgbed,tva&Expires=1619179404&ssig=eFANkKk3cF", "profile_url": "https://m.weibo.cn/u/7024395210?uid=7024395210", "statuses_count": 1472, "verified": false, "verified_type": -1, "close_blue_v": false, "description": "", "gender": "f", "mbtype": 12, "urank": 4, "mbrank": 3, "follow_me": false, "following": false, "followers_count": 2, "follow_count": 92, "cover_image_phone": "https://tva1.sinaimg.cn/crop.0.0.640.640.640/549d0121tw1egm1kjly3jj20hs0hsq4f.jpg", "avatar_hd": "https://wx4.sinaimg.cn/orj480/007FnE4Wly8g4c6nys1nvj30ro0ro410.jpg", "like": false, "like_me": false, "badge": {"user_name_certificate": 1, "china_2019": 1, "rrgyj_2019": 1, "graduation_2020": 1, "vpick_2020": 1, "hongrenjie_2020": 1, "china_2020": 1, "weibozhiye_2020": 1, "hongbaofeijika_2021": 1}}, "reposts_count": 0, "comments_count": 0, "attitudes_count": 0, "pending_approval_count": 0, "isLongText": false, "reward_exhibition_type": 0, "hide_flag": 0, "mlevel": 0, "darwin_tags": [], "mblogtype": 0, "more_info_type": 0, "number_display_strategy": {"apply_scenario_flag": 3, "display_text_min_number": 1000000, "display_text": "100\u4e07+"}, "content_auth": 0, "repost_type": 1, "pic_num": 0, "alchemy_params": {"ug_red_envelope": false}, "raw_text": "\u8f6c\u53d1\u5fae\u535a", "bid": "Ja3CqfpRZ"}, {"visible": {"type": 0, "list_id": 0}, "created_at": "Tue Jul 07 08:34:45 +0800 2020", "id": "4523970517618021", "mid": "4523970517618021", "can_edit": false, "show_additional_indication": 0, "text": "\u8f6c\u53d1\u5fae\u535a", "source": "HUAWEI P30 Pro", "favorited": false, "pic_ids": [], "pic_types": "", "is_paid": false, "mblog_vip_type": 0, "user": {"id": 3093157835, "screen_name": "\u8bd7\u548c\u8fdc\u65b9ssl", "profile_image_url": "https://tvax2.sinaimg.cn/crop.0.0.1002.1002.180/b85dd7cbly8g6mram1l31j20ru0ru776.jpg?KID=imgbed,tva&Expires=1619179404&ssig=%2BjFSfGJ6xg", "profile_url": "https://m.weibo.cn/u/3093157835?uid=3093157835", "statuses_count": 70163, "verified": false, "verified_type": -1, "close_blue_v": false, "description": "", "gender": "f", "mbtype": 0, "urank": 32, "mbrank": 0, "follow_me": false, "following": false, "followers_count": 1766, "follow_count": 4174, "cover_image_phone": "https://tva1.sinaimg.cn/crop.0.0.640.640.640/549d0121tw1egm1kjly3jj20hs0hsq4f.jpg", "avatar_hd": "https://wx2.sinaimg.cn/orj480/b85dd7cbly8g6mram1l31j20ru0ru776.jpg", "like": false, "like_me": false, "badge": {"bind_taobao": 1, "zongyiji": 1, "user_name_certificate": 1, "dailv_2019": 1, "china_2019": 1, "hongkong_2019": 1, "dzwbqlx_2019": 1, "rrgyj_2019": 1, "weishi_2019": 1, "hongbao_2020": 2, "feiyan_2020": 1, "kangyi_2020": 1, "graduation_2020": 1, "dailv_2020": 1, "school_2020": 1, "hongrenjie_2020": 1, "china_2020": 1, "zjszgf_2020": 1, "weibozhiyexianxia_2021": 1, "nihaoshenghuojie_2021": 1}}, "reposts_count": 0, "comments_count": 0, "attitudes_count": 0, "pending_approval_count": 0, "isLongText": false, "reward_exhibition_type": 0, "hide_flag": 0, "mlevel": 0, "darwin_tags": [], "mblogtype": 0, "more_info_type": 0, "number_display_strategy": {"apply_scenario_flag": 3, "display_text_min_number": 1000000, "display_text": "100\u4e07+"}, "content_auth": 0, "repost_type": 1, "pic_num": 0, "alchemy_params": {"ug_red_envelope": false}, "raw_text": "\u8f6c\u53d1\u5fae\u535a", "bid": "Ja3A7vXNj"}, {"visible": {"type": 0, "list_id": 0}, "created_at": "Tue Jul 07 08:30:20 +0800 2020", "id": "4523969405858854", "mid": "4523969405858854", "can_edit": false, "show_additional_indication": 0, "text": "<a href='/n/\u4e00\u51e1\u4e8c\u51e1\u4ee5\u6b64\u7c7b\u63a8'>@\u4e00\u51e1\u4e8c\u51e1\u4ee5\u6b64\u7c7b\u63a8</a>", "source": "iPhone\u5ba2\u6237\u7aef", "favorited": false, "pic_ids": [], "pic_types": "", "is_paid": false, "mblog_vip_type": 0, "user": {"id": 2668047697, "screen_name": "\u5c0f\u5c0f\u548c\u732a", "profile_image_url": "https://tva3.sinaimg.cn/crop.232.0.600.600.180/9f072d51jw8e8u9rzxn4zj20tl0godhi.jpg?KID=imgbed,tva&Expires=1619179404&ssig=bmShZO7hjd", "profile_url": "https://m.weibo.cn/u/2668047697?uid=2668047697", "statuses_count": 3548, "verified": false, "verified_type": -1, "close_blue_v": false, "description": "", "gender": "f", "mbtype": 0, "urank": 35, "mbrank": 0, "follow_me": false, "following": false, "followers_count": 212, "follow_count": 554, "cover_image_phone": "https://tva1.sinaimg.cn/crop.0.0.640.640.640/549d0121tw1egm1kjly3jj20hs0hsq4f.jpg", "avatar_hd": "https://ww3.sinaimg.cn/orj480/9f072d51jw8e8u9rzxn4zj20tl0godhi.jpg", "like": false, "like_me": false, "badge": {"bind_taobao": 1, "unread_pool": 1, "unread_pool_ext": 1, "dzwbqlx_2016": 1, "panda": 1, "user_name_certificate": 1, "rrgyj_2019": 1, "hongbao_2020": 2, "feiyan_2020": 1, "hongbaofeifuniu_2021": 1, "hongbaofeijika_2021": 1}}, "reposts_count": 0, "comments_count": 0, "attitudes_count": 0, "pending_approval_count": 0, "isLongText": false, "reward_exhibition_type": 0, "hide_flag": 0, "mlevel": 0, "darwin_tags": [], "mblogtype": 0, "more_info_type": 0, "number_display_strategy": {"apply_scenario_flag": 3, "display_text_min_number": 1000000, "display_text": "100\u4e07+"}, "content_auth": 0, "repost_type": 1, "pic_num": 0, "alchemy_params": {"ug_red_envelope": false}, "raw_text": "@\u4e00\u51e1\u4e8c\u51e1\u4ee5\u6b64\u7c7b\u63a8", "bid": "Ja3ykoA9E"}, {"visible": {"type": 0, "list_id": 0}, "created_at": "Tue Jul 07 08:28:11 +0800 2020", "id": "4523968864335222", "mid": "4523968864335222", "can_edit": false, "show_additional_indication": 0, "text": "\u8f6c\u53d1\u5fae\u535a", "source": "OPPO R9s", "favorited": false, "pic_ids": [], "pic_types": "", "is_paid": false, "mblog_vip_type": 0, "user": {"id": 1009251382, "screen_name": "\u5e78\u8fd0\u6bdb\u6bdb\u963f\u516c", "profile_image_url": "https://tvax2.sinaimg.cn/crop.0.0.664.664.180/3c27f436ly8gbqfq0jjaij20ig0ig3zd.jpg?KID=imgbed,tva&Expires=1619179404&ssig=3Tu9wsibOR", "profile_url": "https://m.weibo.cn/u/1009251382?uid=1009251382", "statuses_count": 42, "verified": false, "verified_type": -1, "close_blue_v": false, "description": "", "gender": "m", "mbtype": 0, "urank": 9, "mbrank": 0, "follow_me": false, "following": false, "followers_count": 42, "follow_count": 52, "cover_image_phone": "https://tva1.sinaimg.cn/crop.0.0.640.640.640/549d0121tw1egm1kjly3jj20hs0hsq4f.jpg", "avatar_hd": "https://wx2.sinaimg.cn/orj480/3c27f436ly8gbqfq0jjaij20ig0ig3zd.jpg", "like": false, "like_me": false, "badge": {"user_name_certificate": 1, "hongbao_2020": 2}}, "reposts_count": 0, "comments_count": 0, "attitudes_count": 2, "pending_approval_count": 0, "isLongText": false, "reward_exhibition_type": 0, "hide_flag": 0, "mlevel": 0, "darwin_tags": [], "mblogtype": 0, "more_info_type": 0, "number_display_strategy": {"apply_scenario_flag": 3, "display_text_min_number": 1000000, "display_text": "100\u4e07+"}, "content_auth": 0, "repost_type": 1, "pic_num": 0, "alchemy_params": {"ug_red_envelope": false}, "raw_text": "\u8f6c\u53d1\u5fae\u535a", "bid": "Ja3xsibMW"}, {"visible": {"type": 0, "list_id": 0}, "created_at": "Tue Jul 07 08:27:32 +0800 2020", "id": "4523968701644131", "mid": "4523968701644131", "can_edit": false, "show_additional_indication": 0, "text": "\u7f8e\u56fd\u4eba\u5e94\u8be5\u662f\u8d70\u5168\u6c11\u514d\u75ab\u8def\u7ebf\u4e86\u3002\u8fd8\u662f\u7f8e\u56fd\u4eba\u6bd4\u8f83\u72e0\uff0c\u5c3d\u7ba1\u82f1\u56fd\u4eba\u4e00\u5f00\u59cb\u8bf4\u5168\u6c11\u514d\u75ab\uff0c\u4f46\u4ed6\u4eec\u9996\u76f8\u7684\u4e86\u4e4b\u540e\u5c31\u6002\u4e86\u3002\u4f60\u770b\u4eba\u5bb6\u7f8e\u56fd\u603b\u7edf\u5ddd\u666e\uff0c\u8eab\u8fb9\u90a3\u4e48\u591a\u75c5\u4f8b\u81ea\u5df1\u4e00\u70b9\u4e8b\u6ca1\u6709\uff0c\u8fd8\u6709\u90a3\u4e48\u591a\u7c89\u4e1d\u613f\u610f\u4ee5\u6b7b\u76f8\u7c89\uff0c\u592a\u4f69\u670d\u4e86\u3002", "source": "\u7c73\u7c89\u4e70\u534e\u4e3aAndroid", "favorited": false, "pic_ids": [], "pic_types": "", "is_paid": false, "mblog_vip_type": 0, "user": {"id": 1658448157, "screen_name": "Coofucoo", "profile_image_url": "https://tva4.sinaimg.cn/crop.0.0.640.640.180/62d9e91djw8f9ly4qg6hfj20hs0hsmxm.jpg?KID=imgbed,tva&Expires=1619179404&ssig=SnvmXOkrv0", "profile_url": "https://m.weibo.cn/u/1658448157?uid=1658448157", "statuses_count": 29184, "verified": true, "verified_type": 0, "verified_type_ext": 0, "verified_reason": "\u8d22\u7ecf\u535a\u4e3b", "close_blue_v": false, "description": "\u4e00\u4e2a\u53ea\u7231\u8c08\u672a\u6765\u9884\u6d4b\uff0c\u4e0d\u7231\u5bf9\u8fc7\u53bb\u89e3\u91ca\u7684\u8d22\u7ecf\u535a\u4e3b\u3002", "gender": "m", "mbtype": 12, "urank": 48, "mbrank": 7, "follow_me": false, "following": false, "followers_count": 8459, "follow_count": 609, "cover_image_phone": "https://wx4.sinaimg.cn/crop.0.0.640.640.640/006cbQqkly1fglw38jtx9j30u00u0kc9.jpg", "avatar_hd": "https://ww4.sinaimg.cn/orj480/62d9e91djw8f9ly4qg6hfj20hs0hsmxm.jpg", "like": false, "like_me": false, "badge": {"bind_taobao": 1, "unread_pool": 1, "unread_pool_ext": 1, "dzwbqlx_2016": 1, "user_name_certificate": 1, "wenchuan_10th": 1, "wenda_v2": 1, "china_2019": 1, "hongbao_2020": 2, "feiyan_2020": 1}}, "reposts_count": 0, "comments_count": 1, "attitudes_count": 3, "pending_approval_count": 0, "isLongText": false, "reward_exhibition_type": 0, "hide_flag": 0, "mlevel": 0, "darwin_tags": [], "mblogtype": 0, "more_info_type": 0, "number_display_strategy": {"apply_scenario_flag": 3, "display_text_min_number": 1000000, "display_text": "100\u4e07+"}, "content_auth": 0, "repost_type": 3, "pic_num": 0, "alchemy_params": {"ug_red_envelope": false}, "raw_text": "\u7f8e\u56fd\u4eba\u5e94\u8be5\u662f\u8d70\u5168\u6c11\u514d\u75ab\u8def\u7ebf\u4e86\u3002\u8fd8\u662f\u7f8e\u56fd\u4eba\u6bd4\u8f83\u72e0\uff0c\u5c3d\u7ba1\u82f1\u56fd\u4eba\u4e00\u5f00\u59cb\u8bf4\u5168\u6c11\u514d\u75ab\uff0c\u4f46\u4ed6\u4eec\u9996\u76f8\u7684\u4e86\u4e4b\u540e\u5c31\u6002\u4e86\u3002\u4f60\u770b\u4eba\u5bb6\u7f8e\u56fd\u603b\u7edf\u5ddd\u666e\uff0c\u8eab\u8fb9\u90a3\u4e48\u591a\u75c5\u4f8b\u81ea\u5df1\u4e00\u70b9\u4e8b\u6ca1\u6709\uff0c\u8fd8\u6709\u90a3\u4e48\u591a\u7c89\u4e1d\u613f\u610f\u4ee5\u6b7b\u76f8\u7c89\uff0c\u592a\u4f69\u670d\u4e86\u3002", "bid": "Ja3xc6TIf"}, {"visible": {"type": 0, "list_id": 0}, "created_at": "Tue Jul 07 08:27:28 +0800 2020", "id": "4523968683873722", "mid": "4523968683873722", "can_edit": false, "show_additional_indication": 0, "text": "\u8f6c\u53d1\u5fae\u535a", "source": "iPhone", "favorited": false, "pic_ids": [], "pic_types": "", "is_paid": false, "mblog_vip_type": 0, "user": {"id": 1930854971, "screen_name": "VQ202003", "profile_image_url": "https://tvax3.sinaimg.cn/crop.0.1.510.510.180/7316823bly8fnetyw7pf6j20e60e8dgi.jpg?KID=imgbed,tva&Expires=1619179406&ssig=aNU46ft5GA", "profile_url": "https://m.weibo.cn/u/1930854971?uid=1930854971", "statuses_count": 23873, "verified": false, "verified_type": -1, "close_blue_v": false, "description": "", "gender": "f", "mbtype": 0, "urank": 14, "mbrank": 0, "follow_me": false, "following": false, "followers_count": 116, "follow_count": 320, "cover_image_phone": "https://tva1.sinaimg.cn/crop.0.0.640.640.640/549d0121tw1egm1kjly3jj20hs0hsq4f.jpg", "avatar_hd": "https://wx3.sinaimg.cn/orj480/7316823bly8fnetyw7pf6j20e60e8dgi.jpg", "like": false, "like_me": false, "badge": {"unread_pool": 1, "unread_pool_ext": 1, "dzwbqlx_2016": 1, "super_star_2017": 1, "travel_2017": 1, "user_name_certificate": 1, "suishoupai_2018": 1, "wenchuan_10th": 1, "super_star_2018": 1, "worldcup_2018": 34, "dailv_2018": 4, "qixi_2018": 1, "meilizhongguo_2018": 1, "national_day_2018": 1, "memorial_2018": 1, "hongbaofei_2019": 1, "denglong_2019": 1, "womensday_2018": 1, "suishoupai_2019": 3, "wusi_2019": 1, "hongrenjie_2019": 1, "dailv_2019": 1, "china_2019": 1, "hongkong_2019": 1, "dzwbqlx_2019": 1, "rrgyj_2019": 1, "cishan_2019": 1, "gongjiri_2019": 1, "macao_2019": 1, "china_2019_2": 1, "hongbao_2020": 2, "feiyan_2020": 1, "graduation_2020": 1, "dailv_2020": 1, "movie_2020": 1, "school_2020": 1, "hongrenjie_2020": 1, "china_2020": 1, "weibozhiye_2020": 1, "nihaoshenghuojie_2021": 1}}, "reposts_count": 0, "comments_count": 0, "attitudes_count": 0, "pending_approval_count": 0, "isLongText": false, "reward_exhibition_type": 0, "hide_flag": 0, "mlevel": 0, "darwin_tags": [], "mblogtype": 0, "more_info_type": 0, "number_display_strategy": {"apply_scenario_flag": 3, "display_text_min_number": 1000000, "display_text": "100\u4e07+"}, "content_auth": 0, "safe_tags": 64, "repost_type": 1, "pic_num": 0, "alchemy_params": {"ug_red_envelope": false}, "raw_text": "\u8f6c\u53d1\u5fae\u535a", "bid": "Ja3xagfJo"}, {"visible": {"type": 0, "list_id": 0}, "created_at": "Tue Jul 07 08:23:45 +0800 2020", "id": "4523967749425405", "mid": "4523967749425405", "can_edit": false, "show_additional_indication": 0, "text": "\u8f6c\u53d1\u5fae\u535a", "source": "\u534e\u4e3aAscend Mate7", "favorited": false, "pic_ids": [], "pic_types": "", "is_paid": false, "mblog_vip_type": 0, "user": {"id": 6502030734, "screen_name": "\u67e0\u6aac\u9ec4\u7684\u5c0f\u8fa3\u6912", "profile_image_url": "https://tvax2.sinaimg.cn/crop.0.0.132.132.180/00761Rdsly8fp4e24rtjcj303o03oglh.jpg?KID=imgbed,tva&Expires=1619179406&ssig=7ogZmNnReZ", "profile_url": "https://m.weibo.cn/u/6502030734?uid=6502030734", "statuses_count": 6841, "verified": false, "verified_type": -1, "close_blue_v": false, "description": "", "gender": "f", "mbtype": 0, "urank": 9, "mbrank": 0, "follow_me": false, "following": false, "followers_count": 368, "follow_count": 129, "cover_image_phone": "https://tva1.sinaimg.cn/crop.0.0.640.640.640/549d0121tw1egm1kjly3jj20hs0hsq4f.jpg", "avatar_hd": "https://wx2.sinaimg.cn/orj480/00761Rdsly8fp4e24rtjcj303o03oglh.jpg", "like": false, "like_me": false, "badge": {"user_name_certificate": 1, "hongbaofei_2019": 1, "hongrenjie_2019": 1, "china_2019": 1, "hongkong_2019": 1, "macao_2019": 1, "china_2019_2": 1, "hongbao_2020": 2, "feiyan_2020": 1, "dailv_2020": 1, "china_2020": 1, "hongbaofeifuniu_2021": 2, "hongbaofeijika_2021": 1}}, "reposts_count": 0, "comments_count": 0, "attitudes_count": 0, "pending_approval_count": 0, "isLongText": false, "reward_exhibition_type": 0, "hide_flag": 0, "mlevel": 0, "darwin_tags": [], "mblogtype": 0, "more_info_type": 0, "number_display_strategy": {"apply_scenario_flag": 3, "display_text_min_number": 1000000, "display_text": "100\u4e07+"}, "content_auth": 0, "repost_type": 1, "pic_num": 0, "alchemy_params": {"ug_red_envelope": false}, "raw_text": "\u8f6c\u53d1\u5fae\u535a", "bid": "Ja3vEDxYF"}, {"visible": {"type": 0, "list_id": 0}, "created_at": "Tue Jul 07 08:21:27 +0800 2020", "id": "4523967170719974", "mid": "4523967170719974", "can_edit": false, "show_additional_indication": 0, "text": "\ud83d\ude2f\u6211\u53bb\uff01\uff01\uff01", "source": "iPhone\u5ba2\u6237\u7aef", "favorited": false, "pic_ids": [], "pic_types": "", "is_paid": false, "mblog_vip_type": 0, "user": {"id": 7312126997, "screen_name": "\u9640\u6c0f\u5b9d\u8d1d\u513f", "profile_image_url": "https://tvax4.sinaimg.cn/crop.0.0.1080.1080.180/007YQWgdly8gh5jvmpuebj30u00u076e.jpg?KID=imgbed,tva&Expires=1619179406&ssig=u18TA5gfSp", "profile_url": "https://m.weibo.cn/u/7312126997?uid=7312126997", "statuses_count": 1252, "verified": false, "verified_type": -1, "close_blue_v": false, "description": "\u671d\u83cc\u4e0d\u77e5\u6666\u6714\uff0c\u87ea\u86c4\u4e0d\u77e5\u6625\u79cb\u3002", "gender": "f", "mbtype": 2, "urank": 0, "mbrank": 2, "follow_me": false, "following": false, "followers_count": 15, "follow_count": 219, "cover_image_phone": "https://tva1.sinaimg.cn/crop.0.0.640.640.640/9d44112bjw1f1xl1c10tuj20hs0hs0tw.jpg", "avatar_hd": "https://wx4.sinaimg.cn/orj480/007YQWgdly8gh5jvmpuebj30u00u076e.jpg", "like": false, "like_me": false, "badge": {"user_name_certificate": 1, "hongbao_2020": 2, "feiyan_2020": 1}}, "reposts_count": 0, "comments_count": 0, "attitudes_count": 0, "pending_approval_count": 0, "isLongText": false, "reward_exhibition_type": 0, "hide_flag": 0, "mlevel": 0, "darwin_tags": [], "mblogtype": 0, "more_info_type": 0, "number_display_strategy": {"apply_scenario_flag": 3, "display_text_min_number": 1000000, "display_text": "100\u4e07+"}, "content_auth": 0, "repost_type": 1, "pic_num": 0, "alchemy_params": {"ug_red_envelope": false}, "raw_text": "\ud83d\ude2f\u6211\u53bb\uff01\uff01\uff01", "bid": "Ja3uJ31iu"}, {"visible": {"type": 0, "list_id": 0}, "created_at": "Tue Jul 07 08:19:17 +0800 2020", "id": "4523966629095878", "mid": "4523966629095878", "can_edit": false, "show_additional_indication": 0, "text": "<span class=\"url-icon\"><img alt=[\u8d39\u89e3] src=\"https://h5.sinaimg.cn/m/emoticon/icon/default/d_feijie-c1df37ef03.png\" style=\"width:1em; height:1em;\" /></span>", "source": "\u5fae\u535a weibo.com", "favorited": false, "pic_ids": [], "pic_types": "", "is_paid": false, "mblog_vip_type": 0, "user": {"id": 1932926095, "screen_name": "\u5c0f\u6728\u5b502021", "profile_image_url": "https://tvax3.sinaimg.cn/crop.0.0.664.664.180/73361c8fly8fjvvx3pvcuj20ig0ig402.jpg?KID=imgbed,tva&Expires=1619179406&ssig=SZBgSp%2BNmJ", "profile_url": "https://m.weibo.cn/u/1932926095?uid=1932926095", "statuses_count": 7037, "verified": false, "verified_type": -1, "close_blue_v": false, "description": "\u5927\u68a6\u8c01\u5148\u89c9\uff1f\u5e73\u751f\u6211\u81ea\u77e5\u3002\u8349\u5802\u6625\u7761\u8db3\uff0c\u7a97\u5916\u65e5\u8fdf\u8fdf\u3002ps:\u4e00\u4e2a\u597d(hao\u6c49\u8bed\u62fc\u97f3\u7b2c\u56db\u58f0)\u60f3\u5927\u4e8b\u7684\u5c0f\u4eba\u7269......", "gender": "f", "mbtype": 0, "urank": 43, "mbrank": 0, "follow_me": false, "following": false, "followers_count": 742, "follow_count": 93, "cover_image_phone": "https://wx2.sinaimg.cn/crop.0.0.640.640.640/a1d3feably1fjk2m6uz8yj20hs0hswfl.jpg", "avatar_hd": "https://wx3.sinaimg.cn/orj480/73361c8fly8fjvvx3pvcuj20ig0ig402.jpg", "like": false, "like_me": false, "badge": {"bind_taobao": 1, "zongyiji": 1, "unread_pool": 1, "unread_pool_ext": 1, "dzwbqlx_2016": 1, "travel_2017": 1, "cz_wed_2017": 1, "panda": 1, "user_name_certificate": 1, "worldcup_2018": 21, "national_day_2018": 1, "memorial_2018": 1, "hongbaofei_2019": 1, "fu_2019": 1, "hongrenjie_2019": 1, "china_2019": 1, "macao_2019": 1, "china_2019_2": 1, "hongbao_2020": 1, "feiyan_2020": 1, "china_2020": 1, "weibozhiye_2020": 1, "hongbaofeifuniu_2021": 2, "hongbaofeijika_2021": 1}}, "reposts_count": 0, "comments_count": 0, "attitudes_count": 0, "pending_approval_count": 0, "isLongText": false, "reward_exhibition_type": 0, "hide_flag": 0, "mlevel": 0, "darwin_tags": [], "mblogtype": 0, "more_info_type": 0, "cardid": "star_11247_common", "number_display_strategy": {"apply_scenario_flag": 3, "display_text_min_number": 1000000, "display_text": "100\u4e07+"}, "content_auth": 0, "repost_type": 1, "pic_num": 0, "alchemy_params": {"ug_red_envelope": false}, "raw_text": "[\u8d39\u89e3]", "bid": "Ja3tQCafI"}, {"visible": {"type": 0, "list_id": 0}, "created_at": "Tue Jul 07 08:18:22 +0800 2020", "id": "4523966397540076", "mid": "4523966397540076", "can_edit": false, "show_additional_indication": 0, "text": "\u8f6c\u53d1\u5fae\u535a", "source": "\u5c0f\u7c736 \u62cd\u4eba\u66f4\u7f8e", "favorited": false, "pic_ids": [], "pic_types": "", "is_paid": false, "mblog_vip_type": 0, "user": {"id": 7477058898, "screen_name": "Np3c1a\u62d7\u667a", "profile_image_url": "https://tvax2.sinaimg.cn/crop.0.0.996.996.180/008a0YAaly8ggbu15frtpj30ro0rowf5.jpg?KID=imgbed,tva&Expires=1619179406&ssig=KezwTPG%2BjP", "profile_url": "https://m.weibo.cn/u/7477058898?uid=7477058898", "statuses_count": 14, "verified": false, "verified_type": -1, "close_blue_v": false, "description": "", "gender": "m", "mbtype": 0, "urank": 0, "mbrank": 0, "follow_me": false, "following": false, "followers_count": 8, "follow_count": 104, "cover_image_phone": "https://tva1.sinaimg.cn/crop.0.0.640.640.640/549d0121tw1egm1kjly3jj20hs0hsq4f.jpg", "avatar_hd": "https://wx2.sinaimg.cn/orj480/008a0YAaly8ggbu15frtpj30ro0rowf5.jpg", "like": false, "like_me": false, "badge": {"user_name_certificate": 1}}, "reposts_count": 0, "comments_count": 0, "attitudes_count": 0, "pending_approval_count": 0, "isLongText": false, "reward_exhibition_type": 0, "hide_flag": 0, "mlevel": 0, "darwin_tags": [], "mblogtype": 0, "more_info_type": 0, "number_display_strategy": {"apply_scenario_flag": 3, "display_text_min_number": 1000000, "display_text": "100\u4e07+"}, "content_auth": 0, "safe_tags": 64, "repost_type": 1, "pic_num": 0, "alchemy_params": {"ug_red_envelope": false}, "raw_text": "\u8f6c\u53d1\u5fae\u535a", "bid": "Ja3ttvDw8"}, {"visible": {"type": 0, "list_id": 0}, "created_at": "Tue Jul 07 08:17:21 +0800 2020", "id": "4523966137711964", "mid": "4523966137711964", "can_edit": false, "show_additional_indication": 0, "text": "\u8f6c\u53d1\u5fae\u535a", "source": "nova 5i Pro", "favorited": false, "pic_ids": [], "pic_types": "", "is_paid": false, "mblog_vip_type": 0, "user": {"id": 1988632407, "screen_name": "\u5f20\u4eacJenkin", "profile_image_url": "https://tva1.sinaimg.cn/crop.0.0.180.180.180/76881f57jw1e8qgp5bmzyj2050050aa8.jpg?KID=imgbed,tva&Expires=1619179406&ssig=GVhr1QQxPx", "profile_url": "https://m.weibo.cn/u/1988632407?uid=1988632407", "statuses_count": 5675, "verified": false, "verified_type": -1, "close_blue_v": false, "description": "\u4e3a\u4e86\u7f8e\u597d\u751f\u6d3b\uff0c\u5e94\u8be5\u5982\u4f55\u9009\u62e9\uff1f", "gender": "m", "mbtype": 12, "urank": 34, "mbrank": 6, "follow_me": false, "following": false, "followers_count": 552, "follow_count": 2476, "cover_image_phone": "https://tva4.sinaimg.cn/crop.0.0.640.640.640/638f41a8jw1ewj858xp05j20hs0hs77s.jpg", "avatar_hd": "https://ww1.sinaimg.cn/orj480/76881f57jw1e8qgp5bmzyj2050050aa8.jpg", "like": false, "like_me": false, "badge": {"bind_taobao": 1, "zongyiji": 1, "unread_pool": 1, "unread_pool_ext": 1, "panda": 1, "user_name_certificate": 1, "wenchuan_10th": 1, "dailv_2018": 5, "national_day_2018": 1, "double11_2018": 1, "hongbaofei_2019": 1, "wusi_2019": 1, "china_2019": 1, "hongkong_2019": 1, "hongbao_2020": 2, "feiyan_2020": 1, "daka_2020": 1, "school_2020": 1}}, "reposts_count": 0, "comments_count": 0, "attitudes_count": 0, "pending_approval_count": 0, "isLongText": false, "reward_exhibition_type": 0, "hide_flag": 0, "mlevel": 0, "darwin_tags": [], "mblogtype": 0, "more_info_type": 0, "cardid": "star_1094", "number_display_strategy": {"apply_scenario_flag": 3, "display_text_min_number": 1000000, "display_text": "100\u4e07+"}, "content_auth": 0, "repost_type": 1, "pic_num": 0, "alchemy_params": {"ug_red_envelope": false}, "raw_text": "\u8f6c\u53d1\u5fae\u535a", "bid": "Ja3t3wmew"}]