[{"id": 4508835564669394, "created_at": "2020-05-26", "source": "", "user": {"id": 1664058643, "screen_name": "NANA\u9ebb", "profile_image_url": "https://tvax4.sinaimg.cn/crop.0.0.996.996.180/632f8513ly8gjw5ov4h5ij20ro0ro77u.jpg?KID=imgbed,tva&Expires=1619204710&ssig=v%2BCk2Mg5bB", "verified": false, "verified_type": 220, "followers_count": 350, "mbtype": 0, "profile_url": "https://m.weibo.cn/u/1664058643?uid=1664058643", "remark": "", "following": false, "follow_me": false}, "text": "\u2196\u2196\u2196\ud83c\udf39\u2764\ufe0f\u8fd9\u91cc\u662f\u6210\u5e74\u4eba\u7684\u5929\u5802\uff0c\u5c31\u5f53\u5065\u8eab\u5361\u5f00\u59cb\u4f60\u7684\u6280\u672f\u5c31\u770b\u6211\u8c01\u5927\u91d1\u989d\u54e6\u6211\u6015\u6211\u6015\u4e0d\u8ba9\u522b\u4ebav", "like_counts": 1, "liked": false}, {"id": 4508805053934994, "created_at": "2020-05-26", "source": "", "user": {"id": 6306459156, "screen_name": "\u611a\u7b28\u7eb2\u76ee\u70d8\u6258", "profile_image_url": "https://tvax4.sinaimg.cn/crop.80.0.480.480.180/006SNg7aly8fj3kd1w2rfj30hs0dcdhp.jpg?KID=imgbed,tva&Expires=1619204710&ssig=Br4Zy8OoG1", "verified": false, "verified_type": -1, "followers_count": 28, "mbtype": 0, "profile_url": "https://m.weibo.cn/u/6306459156?uid=6306459156", "remark": "", "following": false, "follow_me": false}, "text": "\u63d0\u9ad8\u8b66\u60d5\uff0c\u4e0d\u80fd\u677e\u61c8\uff01", "like_counts": 0, "liked": false}, {"id": 4508801628263306, "created_at": "2020-05-26", "source": "", "user": {"id": 6020664639, "screen_name": "\u4f11\u4f1a\u53d1\u5149", "profile_image_url": "https://tva4.sinaimg.cn/crop.0.0.200.200.180/006zs5Ubjw1f7qz2895e0j305k05k0sn.jpg?KID=imgbed,tva&Expires=1619204712&ssig=WmpqSQGuk0", "verified": false, "verified_type": -1, "followers_count": 85, "mbtype": 0, "profile_url": "https://m.weibo.cn/u/6020664639?uid=6020664639", "remark": "", "following": false, "follow_me": false}, "text": "\u8fd9\u771f\u662f\u4eba\u7c7b\u7684\u707e\u96be\uff0c\u96ea\u5d29\u7684\u65f6\u5019\uff0c\u6ca1\u6709\u4e00\u7247\u96ea\u82b1\u662f\u65e0\u8f9c\u7684\uff0c\u5f88\u5e94\u666f\u3002", "like_counts": 0, "liked": false}, {"id": 4508798968291962, "created_at": "2020-05-26", "source": "", "user": {"id": 6880135392, "screen_name": "\u8d56\u661f\u9716\u4e40", "profile_image_url": "https://tvax2.sinaimg.cn/crop.0.0.180.180.180/007vClvGly8gct4t3rhwqj3050050a9z.jpg?KID=imgbed,tva&Expires=1619204714&ssig=XhdjXy4RI%2F", "verified": false, "verified_type": -1, "followers_count": 19, "mbtype": 0, "profile_url": "https://m.weibo.cn/u/6880135392?uid=6880135392", "remark": "", "following": false, "follow_me": false}, "text": "\u6709\u6ca1\u6709\u75c5\u6bd2\u5b66\u751f\u4e5f\u5f97\u4e0a\u8bfe", "like_counts": 0, "liked": false}, {"id": 4508798738322798, "created_at": "2020-05-26", "source": "", "user": {"id": 6368799010, "screen_name": "d1199305", "profile_image_url": "https://tvax3.sinaimg.cn/crop.0.0.290.290.180/006X0PyGly8fjqhf7u1qgj3082082q2y.jpg?KID=imgbed,tva&Expires=1619204714&ssig=xE46NuvkVp", "verified": false, "verified_type": -1, "followers_count": 13, "mbtype": 0, "profile_url": "https://m.weibo.cn/u/6368799010?uid=6368799010", "remark": "", "following": false, "follow_me": false}, "text": "\u63d0\u9ad8\u8b66\u60d5\uff0c\u613f\u75ab\u60c5\u65e9\u8d77\u7ed3\u675f", "like_counts": 0, "liked": false}, {"id": 4508797277983011, "created_at": "2020-05-26", "source": "", "user": {"id": 6433500785, "screen_name": "\u8c01\u8bf4\u6ca1\u65f6\u95f4eee", "profile_image_url": "https://tvax4.sinaimg.cn/crop.0.0.200.200.180/0071ojrHly8fmg6e127mhj305k05k748.jpg?KID=imgbed,tva&Expires=1619204714&ssig=fXjIdG9zAF", "verified": false, "verified_type": -1, "followers_count": 19, "mbtype": 0, "profile_url": "https://m.weibo.cn/u/6433500785?uid=6433500785", "remark": "", "following": false, "follow_me": false}, "text": "\u5934\u53d1\u8be5\u67d3\u4e86", "like_counts": 0, "liked": false}, {"id": 4508796666722455, "created_at": "2020-05-26", "source": "", "user": {"id": 6427181457, "screen_name": "\u6050\u65e0\u8bdd\u513f\u4e2b", "profile_image_url": "https://tvax3.sinaimg.cn/crop.0.0.200.200.180/0070XNv3ly8fmfdzldeizj305k05kq2v.jpg?KID=imgbed,tva&Expires=1619204717&ssig=M1fWKZXSDm", "verified": false, "verified_type": -1, "followers_count": 17, "mbtype": 0, "profile_url": "https://m.weibo.cn/u/6427181457?uid=6427181457", "remark": "", "following": false, "follow_me": false}, "text": "\u90a3\u4e2a\u5e72\u4e8b\u8f9e\u804c\u4e86\u5417<span class=\"url-icon\"><img alt=[\u5141\u60b2] src=\"https://h5.sinaimg.cn/m/emoticon/icon/default/d_yunbei-a14a649db8.png\" style=\"width:1em; height:1em;\" /></span>", "like_counts": 0, "liked": false}, {"id": 4508796002874592, "created_at": "2020-05-26", "source": "", "user": {"id": 6028550420, "screen_name": "\u9694\u4e16\u8f66\u7a0b\u7687\u5983", "profile_image_url": "https://tvax2.sinaimg.cn/crop.0.0.110.110.180/006zZbmcly8fedbwvu9noj3032032web.jpg?KID=imgbed,tva&Expires=1619204719&ssig=YucWK7%2FNP7", "verified": false, "verified_type": -1, "followers_count": 58, "mbtype": 0, "profile_url": "https://m.weibo.cn/u/6028550420?uid=6028550420", "remark": "", "following": false, "follow_me": false}, "text": "\u6709\u9519\u5b57\u54e6<span class=\"url-icon\"><img alt=[\u7b11\u800c\u4e0d\u8bed] src=\"https://h5.sinaimg.cn/m/emoticon/icon/default/d_heiheihei-5170f2f55c.png\" style=\"width:1em; height:1em;\" /></span><span class=\"url-icon\"><img alt=[\u7b11\u800c\u4e0d\u8bed] src=\"https://h5.sinaimg.cn/m/emoticon/icon/default/d_heiheihei-5170f2f55c.png\" style=\"width:1em; height:1em;\" /></span><span class=\"url-icon\"><img alt=[\u7b11\u800c\u4e0d\u8bed] src=\"https://h5.sinaimg.cn/m/emoticon/icon/default/d_heiheihei-5170f2f55c.png\" style=\"width:1em; height:1em;\" /></span>\u662f\u4e0d\u662f\u201c\u505a\u597d\u4e2a\u4eba\u9632\u62a4\u201d<span class=\"url-icon\"><img alt=[\u55b5\u55b5] src=\"https://h5.sinaimg.cn/m/emoticon/icon/others/d_miao-c1b3d563bd.png\" style=\"width:1em; height:1em;\" /></span>", "like_counts": 0, "liked": false}, {"id": 4508795897953718, "created_at": "2020-05-26", "source": "", "user": {"id": 6431677726, "screen_name": "\u4e00\u5343\u6b21\u96be\u8fc7555", "profile_image_url": "https://tvax1.sinaimg.cn/crop.0.0.200.200.180/0071gFbwly8fme2ljk31ij305k05kq2v.jpg?KID=imgbed,tva&Expires=1619204719&ssig=Dr2cpHJ2f5", "verified": false, "verified_type": -1, "followers_count": 18, "mbtype": 0, "profile_url": "https://m.weibo.cn/u/6431677726?uid=6431677726", "remark": "", "following": false, "follow_me": false}, "text": "\u75ab\u82d7\u51fa\u6765\u524d\u8fd8\u7ee7\u7eed\u5b58\u51fa\uff0c\u90a3\u5fc5\u987b\u7684\u6838\u9178\u68c0\u67e5\u548cCT\u8d39\u7528\u80fd\u4e0d\u80fd\u964d\u4e0b\u6765\uff1f\u8fd8\u6536\u75ab\u60c5\u4e4b\u524d\u7684\u8d39\u7528\u5408\u9002\uff1f\u770b\u75c5\u989d\u5916\u589e\u52a0\u8d39\u7528", "like_counts": 0, "liked": false}, {"id": 4508795814053002, "created_at": "2020-05-26", "source": "", "user": {"id": 6425519066, "screen_name": "Pretty-hammer", "profile_image_url": "https://tvax3.sinaimg.cn/crop.0.0.200.200.180/0070QP2ily8fmdz8gzq07j305k05kjrb.jpg?KID=imgbed,tva&Expires=1619204719&ssig=gJf4W56edY", "verified": false, "verified_type": -1, "followers_count": 27, "mbtype": 0, "profile_url": "https://m.weibo.cn/u/6425519066?uid=6425519066", "remark": "", "following": false, "follow_me": false}, "text": "\u6211\u8bb0\u5f97\u67d0\u4eba\u8fd8\u8bf4\uff0c\u590f\u5929\u4f1a\u6d88\u5931<span class=\"url-icon\"><img alt=[\u4e8c\u54c8] src=\"https://h5.sinaimg.cn/m/emoticon/icon/others/d_erha-139d0e07bd.png\" style=\"width:1em; height:1em;\" /></span>", "like_counts": 0, "liked": false}, {"id": 4508795725941828, "created_at": "2020-05-26", "source": "", "user": {"id": 6199957927, "screen_name": "\u62d4\u4e1d\u5c0f\u732a\u513f", "profile_image_url": "https://tvax1.sinaimg.cn/crop.0.0.200.200.180/006LAohply8fk1k32cy6xj305k05kwee.jpg?KID=imgbed,tva&Expires=1619204719&ssig=ZRMCXKCb%2Bh", "verified": false, "verified_type": -1, "followers_count": 49, "mbtype": 0, "profile_url": "https://m.weibo.cn/u/6199957927?uid=6199957927", "remark": "", "following": false, "follow_me": false}, "text": "<span class=\"url-icon\"><img alt=[\u5e76\u4e0d\u7b80\u5355] src=\"https://h5.sinaimg.cn/m/emoticon/icon/default/d_bingbujiandan-9955880b30.png\" style=\"width:1em; height:1em;\" /></span>", "like_counts": 0, "liked": false}, {"id": 4508795591798971, "created_at": "2020-05-26", "source": "", "user": {"id": 6303190333, "screen_name": "\u53f0\u5e03\u5f81\u7528\u7279\u653b5n", "profile_image_url": "https://tvax3.sinaimg.cn/crop.0.0.290.290.180/006SzxKdly8fj3ulgctiqj3082082jri.jpg?KID=imgbed,tva&Expires=1619204719&ssig=Dmo14XhmcY", "verified": false, "verified_type": -1, "followers_count": 14, "mbtype": 0, "profile_url": "https://m.weibo.cn/u/6303190333?uid=6303190333", "remark": "", "following": false, "follow_me": false}, "text": "\u79d1\u5b66\u4e00\u5b9a\u662f\u6709\u9053\u7406\u7684\uff0c\u76f8\u4fe1\u4ed6\u7684\u9053\u7406\uff0c\u624d\u4f1a\u907f\u514d\u91cd\u590d\u53d7\u60e9\u7f5a", "like_counts": 0, "liked": false}, {"id": 4508795399078242, "created_at": "2020-05-26", "source": "", "user": {"id": 6369890049, "screen_name": "\u591c\u503e\u4e91am", "profile_image_url": "https://tvax3.sinaimg.cn/crop.0.0.200.200.180/006X5po5ly8fjvs25wtasj305k05k0sn.jpg?KID=imgbed,tva&Expires=1619204719&ssig=oDu75%2Bc6ne", "verified": false, "verified_type": -1, "followers_count": 59, "mbtype": 0, "profile_url": "https://m.weibo.cn/u/6369890049?uid=6369890049", "remark": "", "following": false, "follow_me": false}, "text": "\u4e5f\u662f\u82e6\u53e3\u5a46\u5fc3\u4e86\u5f88\u591a\u6b21\uff0c\u544a\u8bc9\u5927\u5bb6\u522b\u4ee5\u4e3a\u590f\u5929\u6765\u4e86\u75c5\u6bd2\u5c31\u4e0d\u4f1a\u8086\u8650\u4e86\u3002\u3002\u3002\u9632\u62a4\u4e0d\u80fd\u677e\u61c8\uff0c\u6301\u4e45\u6218\u75ab", "like_counts": 0, "liked": false}, {"id": 4508795252710754, "created_at": "2020-05-26", "source": "", "user": {"id": 6375232218, "screen_name": "\u8fd9\u4e2a\u5973\u5b69\u6709\u70b9\u51b7z", "profile_image_url": "https://tvax4.sinaimg.cn/crop.0.0.200.200.180/006XrP86ly8fjvui1fbqjj305k05kdfq.jpg?KID=imgbed,tva&Expires=1619204721&ssig=AVfWD3Jl5b", "verified": false, "verified_type": -1, "followers_count": 56, "mbtype": 0, "profile_url": "https://m.weibo.cn/u/6375232218?uid=6375232218", "remark": "", "following": false, "follow_me": false}, "text": "\u9632\u8303\u5316\u89e3\u91cd\u5927\u75ab\u60c5\u548c\u7a81\u53d1\u516c\u5171\u536b\u751f\u98ce\u9669\uff0c\u4e8b\u5173\u56fd\u5bb6\u5b89\u5168\u548c\u53d1\u5c55\uff0c\u4e8b\u5173\u793e\u4f1a\u653f\u6cbb\u5927\u5c40\u7a33\u5b9a\u3002\u8981\u575a\u6301\u6574\u4f53\u8c0b\u5212\u3001\u7cfb\u7edf\u91cd\u5851\u3001\u5168\u9762\u63d0\u5347\uff0c\u6539\u9769\u75be\u75c5\u9884\u9632\u63a7\u5236\u4f53\u7cfb\uff0c\u63d0\u5347\u75ab\u60c5\u76d1\u6d4b\u9884\u8b66\u548c\u5e94\u6025\u54cd\u5e94\u80fd\u529b\uff0c\u5065\u5168\u91cd\u5927\u75ab\u60c5\u6551\u6cbb\u4f53\u7cfb\uff0c\u5b8c\u5584\u516c\u5171\u536b\u751f\u5e94\u6025\u6cd5\u5f8b\u6cd5\u89c4\uff0c\u6df1\u5165\u5f00\u5c55\u7231\u56fd\u536b\u751f\u8fd0\u52a8\uff0c\u7740\u529b\u4ece\u4f53\u5236\u673a\u5236\u5c42\u9762\u7406\u987a\u5173\u7cfb\u3001\u5f3a\u5316\u8d23\u4efb\u3002", "like_counts": 0, "liked": false}, {"id": 4508795080970966, "created_at": "2020-05-26", "source": "", "user": {"id": 6430421740, "screen_name": "Wnworld-wu", "profile_image_url": "https://tvax1.sinaimg.cn/crop.0.0.200.200.180/0071borGly8fmca1q5qt2j305k05kdfr.jpg?KID=imgbed,tva&Expires=1619204721&ssig=lY8XZknFQY", "verified": false, "verified_type": -1, "followers_count": 34, "mbtype": 0, "profile_url": "https://m.weibo.cn/u/6430421740?uid=6430421740", "remark": "", "following": false, "follow_me": false}, "text": "\u6709\u6ca1\u6709\u75c5\u6bd2\u5b66\u751f\u4e5f\u5f97\u4e0a\u8bfe<span class=\"url-icon\"><img alt=[\u5141\u60b2] src=\"https://h5.sinaimg.cn/m/emoticon/icon/default/d_yunbei-a14a649db8.png\" style=\"width:1em; height:1em;\" /></span>", "like_counts": 0, "liked": false}, {"id": 4508794598913604, "created_at": "2020-05-26", "source": "", "user": {"id": 6431891875, "screen_name": "HaloKiYo-Miiii", "profile_image_url": "https://tvax4.sinaimg.cn/crop.0.0.200.200.180/0071hyTxly8fmdwpgaydij305k05k3yd.jpg?KID=imgbed,tva&Expires=1619204721&ssig=Nk2zMrwrqE", "verified": false, "verified_type": -1, "followers_count": 17, "mbtype": 0, "profile_url": "https://m.weibo.cn/u/6431891875?uid=6431891875", "remark": "", "following": false, "follow_me": false}, "text": "\u6211\u4eec\u9886\u609f\u5230\u6211\u4eec\u771f\u6b63\u7684\u672c\u8d28\u4e0d\u662f\u7269\u8d28\u7684\u8eaf\u4f53\u3002\u79d1\u5b66\u5bb6\u53ef\u4ee5\u5e2e\u52a9\u6211\u4eec\u66f4\u597d\u5730\u4e86\u89e3\u8fd9\u4e2a\u89c2\u70b9\uff0c\u6211\u4eec\u7684\u8eab\u4f53\u662f\u5728\u4e0d\u65ad\u53d8\u5316\u7684\uff0c\u79d1\u5b66\u5bb6\u5df2\u7ecf\u8bc1\u660e\uff0c\u6784\u6210\u6211\u4eec\u8eab\u4f53\u7684\u7ec6\u80de\uff0c\u6bcf\u4e03\u5e74\u5c31\u4f1a\u5168\u90e8\u66f4\u6362\u4e00\u6b21\u3002\u53e4\u5e0c\u814a\u54f2\u5b66\u5bb6\u8d6b\u62c9\u514b\u5229\u7279\u53ef\u80fd\u4e5f\u6709\u5176\u4ed6\u7684\u610f\u601d\uff0c\u4f46\u4ed6\u6e05\u695a\u5730\u9610\u8ff0\u4e86\u8fd9\u4e2a\u9053\u7406\uff1a\u201c\u4eba\u4e0d\u80fd\u4e24\u6b21\u8e0f\u8fdb\u2026", "like_counts": 0, "liked": false}, {"id": 4508794120072739, "created_at": "2020-05-26", "source": "", "user": {"id": 6432798823, "screen_name": "\u6211\u5bb6\u90a3\u7c41\u76ae\u72d7", "profile_image_url": "https://tvax2.sinaimg.cn/crop.0.0.200.200.180/0071lmPJly8fmf8ilmmizj305k05ka9y.jpg?KID=imgbed,tva&Expires=1619204721&ssig=YazmiUDqWU", "verified": false, "verified_type": -1, "followers_count": 26, "mbtype": 0, "profile_url": "https://m.weibo.cn/u/6432798823?uid=6432798823", "remark": "", "following": false, "follow_me": false}, "text": "\u7279\u5b9d\u5b9d\u542c\u4e86\u53c8\u4e0d\u5f00\u5fc3\u4e86", "like_counts": 0, "liked": false}, {"id": 4508793981691539, "created_at": "2020-05-26", "source": "", "user": {"id": 6433322992, "screen_name": "\u6b64\u4eba\u975e\u5f7c\u8138", "profile_image_url": "https://tvax1.sinaimg.cn/crop.0.0.200.200.180/0071nzc4ly8fmgelatvdgj305k05k747.jpg?KID=imgbed,tva&Expires=1619204723&ssig=wI%2FGRcvCKi", "verified": false, "verified_type": -1, "followers_count": 13, "mbtype": 0, "profile_url": "https://m.weibo.cn/u/6433322992?uid=6433322992", "remark": "", "following": false, "follow_me": false}, "text": "\u63d0\u9ad8\u8b66\u60d5", "like_counts": 0, "liked": false}]