[{"id": 4502786789945265, "created_at": "2020-05-09", "source": "", "user": {"id": 2154181323, "screen_name": "\u52aa\u529b\u6323\u94b1\u5e2e18\u53f7\u6280\u5e08\u8d4e\u8eab", "profile_image_url": "https://tvax3.sinaimg.cn/crop.0.0.1006.1006.180/806632cbly8gbdmtqa6nij20ry0ryt9t.jpg?KID=imgbed,tva&Expires=1619217407&ssig=p3htbHZWOC", "verified": false, "verified_type": -1, "followers_count": 40, "mbtype": 12, "profile_url": "https://m.weibo.cn/u/2154181323?uid=2154181323", "remark": "", "following": false, "follow_me": false}, "text": "\u7279\u6717\u666e\u55f0\u5973\u4f0a\u4e07\u5361 \u597d\u9753\u554a\uff01", "like_counts": 0, "liked": false}, {"id": 4502739881506735, "created_at": "2020-05-09", "source": "", "user": {"id": 6485810120, "screen_name": "\u68a6\u5883\u5df2\u53bb", "profile_image_url": "https://tvax3.sinaimg.cn/crop.0.0.1002.1002.180/0074VNuEly8gpkdkscq4yj30ru0ruwhp.jpg?KID=imgbed,tva&Expires=1619217407&ssig=LOkfKNgA5m", "verified": false, "verified_type": -1, "followers_count": 494, "mbtype": 2, "profile_url": "https://m.weibo.cn/u/6485810120?uid=6485810120", "remark": "", "following": false, "follow_me": false}, "text": "\u91ce\u732a\u5bb6\u65cf\uff0c\u62b5\u6297\u529b\u597d<span class=\"url-icon\"><img alt=[\u5141\u60b2] src=\"https://h5.sinaimg.cn/m/emoticon/icon/default/d_yunbei-a14a649db8.png\" style=\"width:1em; height:1em;\" /></span>", "like_counts": 0, "liked": false}, {"id": 4502714925526299, "created_at": "2020-05-09", "source": "", "user": {"id": 6489479963, "screen_name": "\u80e1\u8bf4\u9738dao", "profile_image_url": "https://tvax2.sinaimg.cn/crop.0.0.996.996.180/0075bcbFly8ggqqnur1j7j30ro0rota7.jpg?KID=imgbed,tva&Expires=1619217407&ssig=iKDJYjbUUk", "verified": false, "verified_type": -1, "followers_count": 348, "mbtype": 2, "profile_url": "https://m.weibo.cn/u/6489479963?uid=6489479963", "remark": "", "following": false, "follow_me": false}, "text": "\u8d8a\u6765\u8d8a\u8fd1\uff01", "like_counts": 0, "liked": false}, {"id": 4502706948219845, "created_at": "2020-05-09", "source": "", "user": {"id": 7279753918, "screen_name": "\u7ca4E\u94a2\u529b", "profile_image_url": "https://tvax4.sinaimg.cn/crop.0.0.996.996.180/007WF6xMly8g84xf25c4jj30ro0rojtp.jpg?KID=imgbed,tva&Expires=1619217407&ssig=JdNvFFERQR", "verified": false, "verified_type": -1, "followers_count": 68, "mbtype": 0, "profile_url": "https://m.weibo.cn/u/7279753918?uid=7279753918", "remark": "", "following": false, "follow_me": false}, "text": "\u7ecf\u8fc7\u8fd9\u6b21\u6298\u817e\uff0c\u7279\u65e0\u666e\u5168\u5bb6\u90fd\u9ed1\u4e86\uff0c\u8fd1\u58a8\u8005\u9ed1<span class=\"url-icon\"><img alt=[\u4e8c\u54c8] src=\"https://h5.sinaimg.cn/m/emoticon/icon/others/d_erha-139d0e07bd.png\" style=\"width:1em; height:1em;\" /></span><span class=\"url-icon\"><img alt=[\u732a\u5934] src=\"https://h5.sinaimg.cn/m/emoticon/icon/others/d_zhutou-b7161c9f18.png\" style=\"width:1em; height:1em;\" /></span>", "like_counts": 0, "liked": false}, {"id": 4502699985566856, "created_at": "2020-05-09", "source": "", "user": {"id": 3877376754, "screen_name": "eejjeejj", "profile_image_url": "https://tva2.sinaimg.cn/crop.409.64.1228.1228.180/e71c12f2gw1ea1rh1h5aqj21kw11xe81.jpg?KID=imgbed,tva&Expires=1619217407&ssig=eKBgVm91Se", "verified": false, "verified_type": -1, "followers_count": 27, "mbtype": 0, "profile_url": "https://m.weibo.cn/u/3877376754?uid=3877376754", "remark": "", "following": false, "follow_me": false}, "text": "\u4e0a\u5e74\u5df2\u6709\u6297\u4f53\u4e86<span class=\"url-icon\"><img alt=[\u9634\u9669] src=\"https://h5.sinaimg.cn/m/emoticon/icon/default/d_yinxian-e47eb7711d.png\" style=\"width:1em; height:1em;\" /></span><span class=\"url-icon\"><img alt=[\u9634\u9669] src=\"https://h5.sinaimg.cn/m/emoticon/icon/default/d_yinxian-e47eb7711d.png\" style=\"width:1em; height:1em;\" /></span>", "like_counts": 0, "liked": false}, {"id": 4502682272482392, "created_at": "2020-05-09", "source": "", "user": {"id": 6106929205, "screen_name": "\u4fee\u70bc\u7684\u674e\u5b50", "profile_image_url": "https://tvax4.sinaimg.cn/crop.0.180.1080.1080.180/006Fi3g9ly8ga5b141dmjj30u0141n18.jpg?KID=imgbed,tva&Expires=1619217407&ssig=PmBom5c%2Fai", "verified": false, "verified_type": -1, "followers_count": 61, "mbtype": 0, "profile_url": "https://m.weibo.cn/u/6106929205?uid=6106929205", "remark": "", "following": false, "follow_me": false}, "text": "\u8fd9\u8001\u72d0\u72f8", "like_counts": 1, "liked": false}, {"id": 4502668774829153, "created_at": "2020-05-09", "source": "", "user": {"id": 2606657305, "screen_name": "\u6ca1\u6709SMAP\u7684\u65e5\u5b50\u597d\u65e0\u804a", "profile_image_url": "https://tvax3.sinaimg.cn/crop.0.0.1002.1002.180/9b5e6f19ly8gkgap9tkcnj20ru0rujtq.jpg?KID=imgbed,tva&Expires=1619217407&ssig=7Kwrbs3o9l", "verified": false, "verified_type": -1, "followers_count": 90, "mbtype": 0, "profile_url": "https://m.weibo.cn/u/2606657305?uid=2606657305", "remark": "", "following": false, "follow_me": false}, "text": "\u56e0\u4e3a\u75c5\u6bd2\u89c9\u5f97\u4e0e\u5176\u8ba9\u4ed6\u4eec\u602a\u8fd9\u4e2a\u602a\u90a3\u4e2a\u4e0d\u5982\u8ba9\u5468\u56f4\u5e72\u6d3b\u7684\u4eba\u90fd\u6b47\u4e86\uff0c\u8ba9\u4ed6\u4eec\u81ea\u5df1\u51fa\u6765\u4eb2\u529b\u4eb2\u4e3a<span class=\"url-icon\"><img alt=[doge] src=\"https://h5.sinaimg.cn/m/emoticon/icon/others/d_doge-be7f768d78.png\" style=\"width:1em; height:1em;\" /></span><span class=\"url-icon\"><img alt=[doge] src=\"https://h5.sinaimg.cn/m/emoticon/icon/others/d_doge-be7f768d78.png\" style=\"width:1em; height:1em;\" /></span><span class=\"url-icon\"><img alt=[doge] src=\"https://h5.sinaimg.cn/m/emoticon/icon/others/d_doge-be7f768d78.png\" style=\"width:1em; height:1em;\" /></span>", "like_counts": 1, "liked": false}, {"id": 4502667008827300, "created_at": "2020-05-09", "source": "", "user": {"id": 7305368791, "screen_name": "\u5ddd\u938f\u4e0d\u606f\u946b\u946b", "profile_image_url": "https://tvax3.sinaimg.cn/crop.0.0.1080.1080.180/007YoA8Tly8g6ycod3n2ij30u00u0tc7.jpg?KID=imgbed,tva&Expires=1619217407&ssig=Wp6bVS5VTb", "verified": false, "verified_type": -1, "followers_count": 8, "mbtype": 0, "profile_url": "https://m.weibo.cn/u/7305368791?uid=7305368791", "remark": "", "following": false, "follow_me": false}, "text": "\u5e94\u8be5\u662f\u505a\u4e86\u7279\u6b8a\u4fdd\u62a4", "like_counts": 1, "liked": false}, {"id": 4502666618768932, "created_at": "2020-05-09", "source": "", "user": {"id": 6209532545, "screen_name": "\u7528\u6237\u9999\u6e2fC9", "profile_image_url": "https://tvax1.sinaimg.cn/default/images/default_avatar_female_180.gif?KID=imgbed,tva&Expires=1619217407&ssig=i%2Bw5BC%2FBWM", "verified": false, "verified_type": -1, "followers_count": 2, "mbtype": 0, "profile_url": "https://m.weibo.cn/u/6209532545?uid=6209532545", "remark": "", "following": false, "follow_me": false}, "text": "\u597d\u61f7\u7591\u4f62\u5df2\u7d93\u6709\u6297\u9ad4\ud83e\udd14", "like_counts": 1, "liked": false}, {"id": 4502664665395787, "created_at": "2020-05-09", "source": "", "user": {"id": 1432649237, "screen_name": "\u5f20\u7131\u71da\u7131", "profile_image_url": "https://tvax4.sinaimg.cn/crop.0.0.751.751.180/55647e15ly8gh755rxdlrj20kv0kv75k.jpg?KID=imgbed,tva&Expires=1619217407&ssig=AkhpGs2cyw", "verified": false, "verified_type": -1, "followers_count": 395, "mbtype": 12, "profile_url": "https://m.weibo.cn/u/1432649237?uid=1432649237", "remark": "", "following": false, "follow_me": false}, "text": "\u56de\u590d<a href='https://m.weibo.cn/n/Autumn\u7684\u661f\u661f'>@Autumn\u7684\u661f\u661f</a>:\u8fd9\u4e2a\ud83d\udc46\ud83c\udffb\u89e3\u91ca\u6ee1\u5206\ud83d\udcaf", "reply_id": 4502647514405756, "reply_text": "\u662f\u6d41\u611f\u7684\u65f6\u5019\u4ea7\u751f\u6297\u4f53\u4e86\u4e48\uff1f<a class='k' href='https://m.weibo.cn/search?containerid=231522type%3D1%26t%3D10%26q%3D%23%E4%BC%8A%E4%B8%87%E5%8D%A1%E7%A7%81%E4%BA%BA%E5%8A%A9%E7%90%86%E6%96%B0%E5%86%A0%E7%97%85%E6%AF%92%E6%A3%80%E6%B5%8B%E5%91%88%E9%98%B3%E6%80%A7%23'>#\u4f0a\u4e07\u5361\u79c1\u4eba\u52a9\u7406\u65b0\u51a0\u75c5\u6bd2\u68c0\u6d4b\u5448\u9633\u6027#</a><a class='k' href='https://m.weibo.cn/search?containerid=231522type%3D1%26t%3D10%26q%3D%23%E5%BD%AD%E6%96%AF%E6%96%B0%E9%97%BB%E7%A7%98%E4%B9%A6%E7%A1%AE%E8%AF%8A%E6%96%B0%E5%86%A0%E8%82%BA%E7%82%8E%23'>#\u5f6d\u65af\u65b0\u95fb\u79d8\u4e66\u786e\u8bca\u65b0\u51a0\u80ba\u708e#</a>", "like_counts": 0, "liked": false}, {"id": 4502664425783767, "created_at": "2020-05-09", "source": "", "user": {"id": 1432649237, "screen_name": "\u5f20\u7131\u71da\u7131", "profile_image_url": "https://tvax4.sinaimg.cn/crop.0.0.751.751.180/55647e15ly8gh755rxdlrj20kv0kv75k.jpg?KID=imgbed,tva&Expires=1619217420&ssig=8OIyviLpTI", "verified": false, "verified_type": -1, "followers_count": 395, "mbtype": 12, "profile_url": "https://m.weibo.cn/u/1432649237?uid=1432649237", "remark": "", "following": false, "follow_me": false}, "text": "\u7f8e\u56fd\u5e94\u8be5\u65e9\u5c31\u6709\u75ab\u82d7\u4e86\u3002\u53ea\u662f\u6ca1\u6709\u516c\u5f00\u5427\uff1f\u7814\u5236\u5230\u4f7f\u7528\u4e00\u822c\u8981\u6709\u4e09\u671f  \u4e5d\u4e2a\u6708\u3002<span class=\"url-icon\"><img alt=[\u6655] src=\"https://h5.sinaimg.cn/m/emoticon/icon/default/d_yun-3ca5d0a5b7.png\" style=\"width:1em; height:1em;\" /></span><span class=\"url-icon\"><img alt=[\u6655] src=\"https://h5.sinaimg.cn/m/emoticon/icon/default/d_yun-3ca5d0a5b7.png\" style=\"width:1em; height:1em;\" /></span> <a href=\"https://weibo.cn/sinaurl?f=w&amp;u=http%3A%2F%2Ft.cn%2FA6AYxD3D\">\u7f51\u9875\u94fe\u63a5</a>", "like_counts": 2, "liked": false}, {"id": 4502662492389068, "created_at": "2020-05-09", "source": "", "user": {"id": 2230925021, "screen_name": "\u4e00\u96bb\u9ec4\u9e1d\u9cf4\u7fe0\u9ce5", "profile_image_url": "https://tvax1.sinaimg.cn/crop.0.0.996.996.180/84f936ddly8gds5u6p1z6j20ro0romyf.jpg?KID=imgbed,tva&Expires=1619217420&ssig=ZcH6%2BA%2FnVW", "verified": false, "verified_type": 220, "followers_count": 494, "mbtype": 0, "profile_url": "https://m.weibo.cn/u/2230925021?uid=2230925021", "remark": "", "following": false, "follow_me": false}, "text": "\u4ed6\u5011\u7d55\u5c0d\u6253\u679c\u75ab\u82d7 \u8981\u4e0d\u5c31\u5df2\u7d93\u6709\u6297\u9ad4", "like_counts": 1, "liked": false}, {"id": 4502658951849585, "created_at": "2020-05-09", "source": "", "user": {"id": 1888596055, "screen_name": "\u52a0\u7267", "profile_image_url": "https://tva1.sinaimg.cn/crop.0.0.180.180.180/7091b057jw1e8qgp5bmzyj2050050aa8.jpg?KID=imgbed,tva&Expires=1619217420&ssig=p3IyK8RtVy", "verified": false, "verified_type": -1, "followers_count": 48, "mbtype": 0, "profile_url": "https://m.weibo.cn/u/1888596055?uid=1888596055", "remark": "", "following": false, "follow_me": false}, "text": "\u80af\u5b9a\u6253\u4e86\u75ab\u82d7\uff0c\u4f46\u53c8\u4e0d\u80fd\u627f\u8ba4\u3002\u56e0\u4e3a\u5982\u679c\u786e\u5b9e\u5df2\u7ecf\u4e34\u5e8a\u4f7f\u7528\uff0c\u5c31\u505a\u5b9e\u4e86\u7f8e\u56fd\u5f88\u65e9\u5df2\u7ecf\u83b7\u53d6\u75c5\u6bd2\u6bd2\u682a\u3002\u602a\u4e0d\u5f97\u7279\u6717\u666e\u6700\u8fd1\u53d1\u8a00\uff0c\u8bf4\u7814\u7a76\u75ab\u82d7\u662f\u81ea\u5df1\u5168\u6743\u8d1f\u8d23\uff0c\u56e0\u4e3a\u7f8e\u56fd\u65e9\u6709\u4e86\uff0c\u4ed6\u662f\u63d0\u524d\u9080\u529f\u554a", "like_counts": 2, "liked": false}, {"id": 4502658548983880, "created_at": "2020-05-09", "source": "", "user": {"id": 6609023800, "screen_name": "\u4e0d\u5fd8\u521d\u5fc349208", "profile_image_url": "https://tvax3.sinaimg.cn/crop.0.0.986.986.180/007dgN04ly8gh4wpuk6ytj30re0redi3.jpg?KID=imgbed,tva&Expires=1619217420&ssig=RVfskgfbyE", "verified": false, "verified_type": -1, "followers_count": 36, "mbtype": 0, "profile_url": "https://m.weibo.cn/u/6609023800?uid=6609023800", "remark": "", "following": false, "follow_me": false}, "text": "\u6bd2\u738b\u6709\u89e3\u836f\uff1f", "like_counts": 1, "liked": false}, {"id": 4502657358594400, "created_at": "2020-05-09", "source": "", "user": {"id": 2264865384, "screen_name": "\u55b5\u5c0f\u82d70607", "profile_image_url": "https://tvax3.sinaimg.cn/crop.0.0.512.512.180/86ff1a68ly8gk7fjnugv4j20e80e83za.jpg?KID=imgbed,tva&Expires=1619217420&ssig=KZbvtitzwE", "verified": false, "verified_type": -1, "followers_count": 206, "mbtype": 2, "profile_url": "https://m.weibo.cn/u/2264865384?uid=2264865384", "remark": "", "following": false, "follow_me": false}, "text": "\u8fd9\u4e5f\u592a\u6050\u6016\u4e86\uff0c\u8fd9\u6837\u7684\u4eba\u90fd\u611f\u67d3\u4e86\uff0c\u90a3\u8bf4\u660e\u666e\u901a\u767e\u59d3\u51e0\u4e4e\u5168\u611f\u67d3\u4e86\u5427", "like_counts": 1, "liked": false}, {"id": 4502653784337206, "created_at": "2020-05-09", "source": "", "user": {"id": 1857965604, "screen_name": "\u5e78\u798f\u7684\u6ce1\u6ce1110", "profile_image_url": "https://tvax4.sinaimg.cn/crop.0.0.996.996.180/6ebe4e24ly8gdaz5070qdj20ro0ro0xq.jpg?KID=imgbed,tva&Expires=1619217420&ssig=ZRu61vU2bS", "verified": false, "verified_type": -1, "followers_count": 294, "mbtype": 2, "profile_url": "https://m.weibo.cn/u/1857965604?uid=1857965604", "remark": "", "following": false, "follow_me": false}, "text": "\u5982\u679c\u6ca1\u6709\u6253\u75ab\u82d7\uff0c\u65e9\u6492\u6709\u5566\u5566\u4e86<span class=\"url-icon\"><img alt=[doge] src=\"https://h5.sinaimg.cn/m/emoticon/icon/others/d_doge-be7f768d78.png\" style=\"width:1em; height:1em;\" /></span><span class=\"url-icon\"><img alt=[doge] src=\"https://h5.sinaimg.cn/m/emoticon/icon/others/d_doge-be7f768d78.png\" style=\"width:1em; height:1em;\" /></span><span class=\"url-icon\"><img alt=[doge] src=\"https://h5.sinaimg.cn/m/emoticon/icon/others/d_doge-be7f768d78.png\" style=\"width:1em; height:1em;\" /></span><span class=\"url-icon\"><img alt=[doge] src=\"https://h5.sinaimg.cn/m/emoticon/icon/others/d_doge-be7f768d78.png\" style=\"width:1em; height:1em;\" /></span>", "like_counts": 1, "liked": false}, {"id": 4502652580955870, "created_at": "2020-05-09", "source": "", "user": {"id": 2108327983, "screen_name": "\u5c0f\u738b\u610f", "profile_image_url": "https://tvax4.sinaimg.cn/crop.0.0.751.751.180/7daa882fly8g9iqxr69qaj20kv0kv40i.jpg?KID=imgbed,tva&Expires=1619217420&ssig=QzjDsA1M5N", "verified": false, "verified_type": 220, "followers_count": 3060, "mbtype": 2, "profile_url": "https://m.weibo.cn/u/2108327983?uid=2108327983", "remark": "", "following": false, "follow_me": false}, "text": "\u80af\u5b9a\u59bb\u513f\u90fd\u6253\u5f88\u591a\u9884\u9632\u9488 \u7edd\u5bf9 \u6b7b\u5c31\u6b7b\u8eab\u8fb9\u7684\u4eba \u7279\u6717\u666e\u592a\u72e0\u6bd2 \u9a97\u5b50", "like_counts": 1, "liked": false}, {"id": 4502648449803314, "created_at": "2020-05-09", "source": "", "user": {"id": 7279753918, "screen_name": "\u7ca4E\u94a2\u529b", "profile_image_url": "https://tvax4.sinaimg.cn/crop.0.0.996.996.180/007WF6xMly8g84xf25c4jj30ro0rojtp.jpg?KID=imgbed,tva&Expires=1619217420&ssig=gPKbyY62mp", "verified": false, "verified_type": -1, "followers_count": 68, "mbtype": 0, "profile_url": "https://m.weibo.cn/u/7279753918?uid=7279753918", "remark": "", "following": false, "follow_me": false}, "text": "\u7ecf\u8fc7\u8fd9\u6b21\u6298\u817e\uff0c\u7279\u65e0\u666e\u65e0\u5bb6\u90fd\u9ed1\u4e86\uff0c\u8fd1\u58a8\u8005\u9ed1<span class=\"url-icon\"><img alt=[\u4e8c\u54c8] src=\"https://h5.sinaimg.cn/m/emoticon/icon/others/d_erha-139d0e07bd.png\" style=\"width:1em; height:1em;\" /></span>", "like_counts": 1, "liked": false}, {"id": 4502647577168797, "created_at": "2020-05-09", "source": "", "user": {"id": 7399815609, "screen_name": "\u7a4eJun", "profile_image_url": "https://tvax1.sinaimg.cn/crop.0.0.1080.1080.180/0084MS4Fly8gcbeeef921j30u00u00tr.jpg?KID=imgbed,tva&Expires=1619217420&ssig=rWGgV6rtaO", "verified": false, "verified_type": -1, "followers_count": 12, "mbtype": 12, "profile_url": "https://m.weibo.cn/u/7399815609?uid=7399815609", "remark": "", "following": false, "follow_me": false}, "text": "\u2026\u2026\u6bd2\u738b", "like_counts": 1, "liked": false}, {"id": 4502647514405756, "created_at": "2020-05-09", "source": "", "user": {"id": 6647471684, "screen_name": "Autumn\u7684\u661f\u661f", "profile_image_url": "https://tvax2.sinaimg.cn/crop.0.0.1080.1080.180/007fS73ely8gnneye3ehuj30u00u0wgl.jpg?KID=imgbed,tva&Expires=1619217420&ssig=3lJWw%2Fe6xS", "verified": false, "verified_type": -1, "followers_count": 511, "mbtype": 12, "profile_url": "https://m.weibo.cn/u/6647471684?uid=6647471684", "remark": "", "following": false, "follow_me": false}, "text": "\u662f\u6d41\u611f\u7684\u65f6\u5019\u4ea7\u751f\u6297\u4f53\u4e86\u4e48\uff1f<a class='k' href='https://m.weibo.cn/search?containerid=231522type%3D1%26t%3D10%26q%3D%23%E4%BC%8A%E4%B8%87%E5%8D%A1%E7%A7%81%E4%BA%BA%E5%8A%A9%E7%90%86%E6%96%B0%E5%86%A0%E7%97%85%E6%AF%92%E6%A3%80%E6%B5%8B%E5%91%88%E9%98%B3%E6%80%A7%23'>#\u4f0a\u4e07\u5361\u79c1\u4eba\u52a9\u7406\u65b0\u51a0\u75c5\u6bd2\u68c0\u6d4b\u5448\u9633\u6027#</a><a class='k' href='https://m.weibo.cn/search?containerid=231522type%3D1%26t%3D10%26q%3D%23%E5%BD%AD%E6%96%AF%E6%96%B0%E9%97%BB%E7%A7%98%E4%B9%A6%E7%A1%AE%E8%AF%8A%E6%96%B0%E5%86%A0%E8%82%BA%E7%82%8E%23'>#\u5f6d\u65af\u65b0\u95fb\u79d8\u4e66\u786e\u8bca\u65b0\u51a0\u80ba\u708e#</a>", "like_counts": 3, "liked": false}, {"id": 4502646516656405, "created_at": "2020-05-09", "source": "", "user": {"id": 1798304973, "screen_name": "Xie_Young", "profile_image_url": "https://tvax4.sinaimg.cn/crop.0.0.512.512.180/6b2ff4cdly8g1a7lkr7acj20e80e83z1.jpg?KID=imgbed,tva&Expires=1619217433&ssig=%2Fz04yD705y", "verified": false, "verified_type": -1, "followers_count": 724, "mbtype": 0, "profile_url": "https://m.weibo.cn/u/1798304973?uid=1798304973", "remark": "", "following": false, "follow_me": false}, "text": "\u6709\u89e3\u836f", "like_counts": 1, "liked": false}, {"id": 4502645182854521, "created_at": "2020-05-09", "source": "", "user": {"id": 2134694963, "screen_name": "\u5927\u6982\u662f\u6709\u53d6\u540d\u56f0\u96be\u75c7\u5427", "profile_image_url": "https://tvax1.sinaimg.cn/crop.0.0.512.512.180/7f3cdc33ly8gmz3f5lumyj20e80e8747.jpg?KID=imgbed,tva&Expires=1619217433&ssig=AWu5WqODhF", "verified": false, "verified_type": -1, "followers_count": 174, "mbtype": 2, "profile_url": "https://m.weibo.cn/u/2134694963?uid=2134694963", "remark": "", "following": false, "follow_me": false}, "text": "\u5168\u4e16\u754c\u4eba\u6c11\u90fd\u5728\u7b49\u7f8e\u56fd\u603b\u7edf\u526f\u603b\u7edf\u786e\u8bca<span class=\"url-icon\"><img alt=[\u54c8\u54c8] src=\"https://h5.sinaimg.cn/m/emoticon/icon/default/d_haha-0ec05e6dad.png\" style=\"width:1em; height:1em;\" /></span>", "like_counts": 1, "liked": false}, {"id": 4502645102084864, "created_at": "2020-05-09", "source": "", "user": {"id": 5510261255, "screen_name": "\u661f\u00b7\u6708HXY", "profile_image_url": "https://tvax1.sinaimg.cn/crop.0.0.664.664.180/0060UuFxly8gdihfaxh9cj30ig0igwfj.jpg?KID=imgbed,tva&Expires=1619217433&ssig=j0MALeryV9", "verified": true, "verified_type": 0, "followers_count": 798, "verified_type_ext": 0, "mbtype": 12, "profile_url": "https://m.weibo.cn/u/5510261255?uid=5510261255", "remark": "", "following": false, "follow_me": false}, "text": "\u7279\u6ca1\u8c31\u5bb6\u7684\u4eba\u662f\u4e0d\u662f\u6709\u6297\u4f53\u4e86\uff1f<span class=\"url-icon\"><img alt=[\u601d\u8003] src=\"https://h5.sinaimg.cn/m/emoticon/icon/default/d_sikao-ff9602dd08.png\" style=\"width:1em; height:1em;\" /></span><span class=\"url-icon\"><img alt=[\u5e76\u4e0d\u7b80\u5355] src=\"https://h5.sinaimg.cn/m/emoticon/icon/default/d_bingbujiandan-9955880b30.png\" style=\"width:1em; height:1em;\" /></span>", "like_counts": 1, "liked": false}, {"id": 4502643923842647, "created_at": "2020-05-09", "source": "", "user": {"id": 1430422374, "screen_name": "\u515c\u513f\u7a7a\u95f4", "profile_image_url": "https://tvax2.sinaimg.cn/crop.0.0.664.664.180/55428366ly8geohzw92zzj20ig0igwg0.jpg?KID=imgbed,tva&Expires=1619217433&ssig=SNEFn8oX%2Fq", "verified": false, "verified_type": -1, "followers_count": 35, "mbtype": 0, "profile_url": "https://m.weibo.cn/u/1430422374?uid=1430422374", "remark": "", "following": false, "follow_me": false}, "text": "\u5173\u6ce8\u5e8a\u7834\u7684\u5065\u5eb7\u5982\u540c\u5173\u6ce8\u67e5\u5c14\u65af\u7684\u738b\u4f4d<span class=\"url-icon\"><img alt=[\u54c8\u54c8] src=\"https://h5.sinaimg.cn/m/emoticon/icon/default/d_haha-0ec05e6dad.png\" style=\"width:1em; height:1em;\" /></span>", "like_counts": 1, "liked": false}, {"id": 4502642460348560, "created_at": "2020-05-09", "source": "", "user": {"id": 2284541952, "screen_name": "\u5357\u6d77\u751f\u54e5\u4ed4", "profile_image_url": "https://tva3.sinaimg.cn/crop.0.0.180.180.180/882b5800jw1e8qgp5bmzyj2050050aa8.jpg?KID=imgbed,tva&Expires=1619217433&ssig=6FsJgQEpRd", "verified": false, "verified_type": -1, "followers_count": 206, "mbtype": 0, "profile_url": "https://m.weibo.cn/u/2284541952?uid=2284541952", "remark": "", "following": false, "follow_me": false}, "text": "\u8bf4\u4e0d\u5b9a\u771f\u6ca1\u4e8b", "like_counts": 1, "liked": false}, {"id": 4502641373531123, "created_at": "2020-05-09", "source": "", "user": {"id": 3505945920, "screen_name": "\u5929\u4f51\u5fc3\u82e5\u5e7d\u5170", "profile_image_url": "https://tvax1.sinaimg.cn/crop.0.58.360.360.180/d0f87d40ly1glpfb5rd94j20a00d9jrm.jpg?KID=imgbed,tva&Expires=1619217433&ssig=v4rlcse3Ko", "verified": false, "verified_type": -1, "followers_count": 229, "mbtype": 0, "profile_url": "https://m.weibo.cn/u/3505945920?uid=3505945920", "remark": "", "following": false, "follow_me": false}, "text": "<a class='k' href='https://m.weibo.cn/search?containerid=231522type%3D1%26t%3D10%26q%3D%23%E4%BC%8A%E4%B8%87%E5%8D%A1%E7%A7%81%E4%BA%BA%E5%8A%A9%E7%90%86%E6%96%B0%E5%86%A0%E7%97%85%E6%AF%92%E6%A3%80%E6%B5%8B%E5%91%88%E9%98%B3%E6%80%A7%23'>#\u4f0a\u4e07\u5361\u79c1\u4eba\u52a9\u7406\u65b0\u51a0\u75c5\u6bd2\u68c0\u6d4b\u5448\u9633\u6027#</a><a class='k' href='https://m.weibo.cn/search?containerid=231522type%3D1%26t%3D10%26q%3D%23%E5%BD%AD%E6%96%AF%E6%96%B0%E9%97%BB%E7%A7%98%E4%B9%A6%E7%A1%AE%E8%AF%8A%E6%96%B0%E5%86%A0%E8%82%BA%E7%82%8E%23'>#\u5f6d\u65af\u65b0\u95fb\u79d8\u4e66\u786e\u8bca\u65b0\u51a0\u80ba\u708e#</a> \u8eab\u8fb9\u7684\u4eba\u7eb7\u7eb7\u4e2d\u62db\uff0c\u4ed6\u4eec\u5374\u6c92\u4e8b\uff0c\u800c\u4e14\u8fd8\u4e1d\u6beb\u4e0d\u9632\u8303\u6d51\u4e0d\u5728\u610f\u7684\u6837\u5b50\uff0c\u8ba9\u4eba\u4e0d\u591a\u60f3\u90fd\u4e0d\u884c\uff01<span class=\"url-icon\"><img alt=[\u8d39\u89e3] src=\"https://h5.sinaimg.cn/m/emoticon/icon/default/d_feijie-c1df37ef03.png\" style=\"width:1em; height:1em;\" /></span><span class=\"url-icon\"><img alt=[\u5fae\u7b11] src=\"https://h5.sinaimg.cn/m/emoticon/icon/default/d_hehe-0be7e6251f.png\" style=\"width:1em; height:1em;\" /></span>", "like_counts": 1, "liked": false}, {"id": 4502641196992622, "created_at": "2020-05-09", "source": "", "user": {"id": 1891471120, "screen_name": "\u4f69\u73ca\u90e8\u843d", "profile_image_url": "https://tva3.sinaimg.cn/crop.0.0.180.180.180/70bd8f10jw1e8qgp5bmzyj2050050aa8.jpg?KID=imgbed,tva&Expires=1619217433&ssig=cxPohjnlPo", "verified": false, "verified_type": 220, "followers_count": 4293, "mbtype": 0, "profile_url": "https://m.weibo.cn/u/1891471120?uid=1891471120", "remark": "", "following": false, "follow_me": false}, "text": "\u7279\u4e0d\u9760\u8c31\u79bb\u6b7b\u4ea1\u53c8\u8fd1\u4e00\u5927\u6b65\ud83d\ude4f\ud83d\ude4f\ud83d\ude4f<span class=\"url-icon\"><img alt=[\u8721\u70db] src=\"https://h5.sinaimg.cn/m/emoticon/icon/others/o_lazhu-afb8e4fbdc.png\" style=\"width:1em; height:1em;\" /></span><span class=\"url-icon\"><img alt=[\u8721\u70db] src=\"https://h5.sinaimg.cn/m/emoticon/icon/others/o_lazhu-afb8e4fbdc.png\" style=\"width:1em; height:1em;\" /></span><span class=\"url-icon\"><img alt=[\u8721\u70db] src=\"https://h5.sinaimg.cn/m/emoticon/icon/others/o_lazhu-afb8e4fbdc.png\" style=\"width:1em; height:1em;\" /></span>", "like_counts": 3, "liked": false}, {"id": 4502639796817316, "created_at": "2020-05-09", "source": "", "user": {"id": 1789116741, "screen_name": "\u7528\u6237egwj7dh6zg", "profile_image_url": "https://tvax1.sinaimg.cn/crop.0.0.1080.1080.180/6aa3c145ly8gerah5e3p7j20u00u0q4t.jpg?KID=imgbed,tva&Expires=1619217433&ssig=1wtpi7K%2F9%2B", "verified": false, "verified_type": -1, "followers_count": 32, "mbtype": 0, "profile_url": "https://m.weibo.cn/u/1789116741?uid=1789116741", "remark": "", "following": false, "follow_me": false}, "text": "\u4ed6\u4eec\u53ef\u80fd\u771f\u7684\u6709\u75ab\u82d7\uff01<span class=\"url-icon\"><img alt=[\u4e8c\u54c8] src=\"https://h5.sinaimg.cn/m/emoticon/icon/others/d_erha-139d0e07bd.png\" style=\"width:1em; height:1em;\" /></span><span class=\"url-icon\"><img alt=[\u4e8c\u54c8] src=\"https://h5.sinaimg.cn/m/emoticon/icon/others/d_erha-139d0e07bd.png\" style=\"width:1em; height:1em;\" /></span><span class=\"url-icon\"><img alt=[\u4e8c\u54c8] src=\"https://h5.sinaimg.cn/m/emoticon/icon/others/d_erha-139d0e07bd.png\" style=\"width:1em; height:1em;\" /></span>", "like_counts": 2, "liked": false}, {"id": 4502639419387706, "created_at": "2020-05-09", "source": "", "user": {"id": 3758989711, "screen_name": "\u5c0f\u6865\u6d41\u6c34117", "profile_image_url": "https://tva1.sinaimg.cn/crop.0.0.641.641.180/e00da18fjw8f49q8towckj20ht0htgmj.jpg?KID=imgbed,tva&Expires=1619217433&ssig=xGSd%2BPTHIP", "verified": false, "verified_type": -1, "followers_count": 252, "mbtype": 0, "profile_url": "https://m.weibo.cn/u/3758989711?uid=3758989711", "remark": "", "following": false, "follow_me": false}, "text": "\u90fd\u6ce8\u5c04\u4e86\u6d88\u6bd2\u6c34<span class=\"url-icon\"><img alt=[\u54c8\u54c8] src=\"https://h5.sinaimg.cn/m/emoticon/icon/default/d_haha-0ec05e6dad.png\" style=\"width:1em; height:1em;\" /></span><span class=\"url-icon\"><img alt=[\u54c8\u54c8] src=\"https://h5.sinaimg.cn/m/emoticon/icon/default/d_haha-0ec05e6dad.png\" style=\"width:1em; height:1em;\" /></span>", "like_counts": 2, "liked": false}, {"id": 4502638467350610, "created_at": "2020-05-09", "source": "", "user": {"id": 1712939370, "screen_name": "Mrs_Ye\u6211\u4e2a\u540d\u53eb\u9ea6\u515c\u515c", "profile_image_url": "https://tva1.sinaimg.cn/crop.0.0.720.720.180/6619616ajw8evtqorc8njj20k00k0wg3.jpg?KID=imgbed,tva&Expires=1619217433&ssig=yxcNQbVyRN", "verified": false, "verified_type": -1, "followers_count": 803, "mbtype": 12, "profile_url": "https://m.weibo.cn/u/1712939370?uid=1712939370", "remark": "", "following": false, "follow_me": false}, "text": "\u6253\u75ab\u82d7\u4e86\u5427\uff0c\u4e4b\u524d\u4e0d\u662f\u8bf4\u767d\u5bab\u7684\u4eba\u90fd\u6253\u4e86\u4e48", "like_counts": 1, "liked": false}, {"id": 4502637384776198, "created_at": "2020-05-09", "source": "", "user": {"id": 1684039092, "screen_name": "\u6c38\u8fdc\u7684MK11", "profile_image_url": "https://tvax2.sinaimg.cn/crop.0.0.684.684.180/646065b4ly8g9irlr43a0j20j00j0mzm.jpg?KID=imgbed,tva&Expires=1619217447&ssig=1WePPUoc9W", "verified": false, "verified_type": -1, "followers_count": 154, "mbtype": 0, "profile_url": "https://m.weibo.cn/u/1684039092?uid=1684039092", "remark": "", "following": false, "follow_me": false}, "text": "\u5927\u7edf\u9886\u4e00\u5bb6\u4f1a\u4e0d\u4f1a\u771f\u6253\u8fc7\u75ab\u82d7<span class=\"url-icon\"><img alt=[\u6316\u9f3b] src=\"https://h5.sinaimg.cn/m/emoticon/icon/default/d_wabishi-816c4e8890.png\" style=\"width:1em; height:1em;\" /></span><span class=\"url-icon\"><img alt=[\u6316\u9f3b] src=\"https://h5.sinaimg.cn/m/emoticon/icon/default/d_wabishi-816c4e8890.png\" style=\"width:1em; height:1em;\" /></span><span class=\"url-icon\"><img alt=[\u6316\u9f3b] src=\"https://h5.sinaimg.cn/m/emoticon/icon/default/d_wabishi-816c4e8890.png\" style=\"width:1em; height:1em;\" /></span>", "like_counts": 6, "liked": false}, {"id": 4502637310198016, "created_at": "2020-05-09", "source": "", "user": {"id": 1272763497, "screen_name": "\u989c\u65e0\u53f399", "profile_image_url": "https://tvax3.sinaimg.cn/crop.0.0.996.996.180/4bdcd469ly8gj30y6gnunj20ro0rot9l.jpg?KID=imgbed,tva&Expires=1619217447&ssig=HA1grBv1Hf", "verified": false, "verified_type": -1, "followers_count": 232, "mbtype": 2, "profile_url": "https://m.weibo.cn/u/1272763497?uid=1272763497", "remark": "", "following": false, "follow_me": false}, "text": "\u6253\u75ab\u82d7\u4e86", "like_counts": 4, "liked": false}, {"id": 4502637183861369, "created_at": "2020-05-09", "source": "", "user": {"id": 1257189571, "screen_name": "\u8fdb\u51fb\u7684\u963f\u6bdb", "profile_image_url": "https://tva2.sinaimg.cn/crop.0.0.180.180.180/4aef30c3jw1e8qgp5bmzyj2050050aa8.jpg?KID=imgbed,tva&Expires=1619217447&ssig=EU%2BjdXeuO8", "verified": false, "verified_type": 220, "followers_count": 318, "mbtype": 0, "profile_url": "https://m.weibo.cn/u/1257189571?uid=1257189571", "remark": "", "following": false, "follow_me": false}, "text": "\u8bf4\u4e0d\u5b9a\u8eab\u4f53\u91cc\u65e9\u6709\u6297\u4f53 \u5df2\u5f97\u8fc7", "like_counts": 1, "liked": false}, {"id": 4502637125439528, "created_at": "2020-05-09", "source": "", "user": {"id": 1316704024, "screen_name": "\u539f\u91ce\u4e0a\u7684\u4e00\u62ba\u5f69\u8679", "profile_image_url": "https://tva4.sinaimg.cn/crop.0.0.180.180.180/4e7b4f18jw1e8qgp5bmzyj2050050aa8.jpg?KID=imgbed,tva&Expires=1619217447&ssig=HBDH2hoE3M", "verified": false, "verified_type": -1, "followers_count": 206, "mbtype": 0, "profile_url": "https://m.weibo.cn/u/1316704024?uid=1316704024", "remark": "", "following": false, "follow_me": false}, "text": "\u7f8e\u56fd\u7b2c\u4e00\u5bb6\u65cf\u5728\u65b0\u51a0\u75c5\u6bd2\u5305\u56f4\u4e2d\uff0c\u95ee\u7279\u5187\u8c31\u6015\u672a~", "like_counts": 1, "liked": false}, {"id": 4502637061534399, "created_at": "2020-05-09", "source": "", "user": {"id": 1140144595, "screen_name": "Tony-D-N-Han", "profile_image_url": "https://tvax3.sinaimg.cn/crop.0.0.996.996.180/43f539d3ly8fnbdaudyqxj20ro0rotaw.jpg?KID=imgbed,tva&Expires=1619217447&ssig=VuJwkyQh%2Fz", "verified": false, "verified_type": -1, "followers_count": 187, "mbtype": 0, "profile_url": "https://m.weibo.cn/u/1140144595?uid=1140144595", "remark": "", "following": false, "follow_me": false}, "text": "\u65e9\u6253\u4e86\u75ab\u82d7", "like_counts": 1, "liked": false}, {"id": 4502636840031295, "created_at": "2020-05-09", "source": "", "user": {"id": 1003847385, "screen_name": "andysun\u523a\u85e4\u6761", "profile_image_url": "https://tva1.sinaimg.cn/crop.0.0.1328.1328.180/3bd57ed9jw8f1aiqt7uahj210w10w76q.jpg?KID=imgbed,tva&Expires=1619217447&ssig=dwmaPy4uAR", "verified": true, "verified_type": 0, "followers_count": 2303, "verified_type_ext": 0, "mbtype": 2, "profile_url": "https://m.weibo.cn/u/1003847385?uid=1003847385", "remark": "", "following": false, "follow_me": false}, "text": "\u4ed6\u4eec\u80af\u5b9a\u6253\u4e86\u75ab\u82d7", "like_counts": 1, "liked": false}, {"id": 4502636269185621, "created_at": "2020-05-09", "source": "", "user": {"id": 6401162541, "screen_name": "\u5fc3\u662f\u770b\u5ba2\u5fc3hh", "profile_image_url": "https://tvax2.sinaimg.cn/crop.0.0.1536.1536.180/006ZcCN7ly8fl2vw2rygfj316o16oteg.jpg?KID=imgbed,tva&Expires=1619217447&ssig=BVhRcbO4dm", "verified": false, "verified_type": -1, "followers_count": 62, "mbtype": 0, "profile_url": "https://m.weibo.cn/u/6401162541?uid=6401162541", "remark": "", "following": false, "follow_me": false}, "text": "\u4eba\u95f4\u8759\u8760\u7cbe", "like_counts": 1, "liked": false}, {"id": 4502636231300876, "created_at": "2020-05-09", "source": "", "user": {"id": 1645840685, "screen_name": "lilianGONG", "profile_image_url": "https://tvax4.sinaimg.cn/crop.0.0.512.512.180/6219892dly8genrrpdkgoj20e80e8n7i.jpg?KID=imgbed,tva&Expires=1619217447&ssig=zHHeT0Z%2B2z", "verified": false, "verified_type": -1, "followers_count": 226, "mbtype": 11, "profile_url": "https://m.weibo.cn/u/1645840685?uid=1645840685", "remark": "", "following": false, "follow_me": false}, "text": "\u5ddd\u666e\u4e00\u5bb6\u90fd\u670d\u4e86\u89e3\u836f", "like_counts": 2, "liked": false}, {"id": 4502636223300871, "created_at": "2020-05-09", "source": "", "user": {"id": 6314723725, "screen_name": "Hidoggod", "profile_image_url": "https://tvax2.sinaimg.cn/crop.0.0.751.751.180/006TlW6Fly8golrebk4o6j30kv0kvmy3.jpg?KID=imgbed,tva&Expires=1619217447&ssig=kXa58hXjzo", "verified": false, "verified_type": -1, "followers_count": 128, "mbtype": 2, "profile_url": "https://m.weibo.cn/u/6314723725?uid=6314723725", "remark": "", "following": false, "follow_me": false}, "text": "\u6211\u8fd8\ud83c\ude35\ufe0f\u559c\u6b22\u4f0a\u4e07\u5361<span class=\"url-icon\"><img alt=[\u5403\u74dc] src=\"https://h5.sinaimg.cn/m/emoticon/icon/default/d_chigua-7a95e6efc4.png\" style=\"width:1em; height:1em;\" /></span><span class=\"url-icon\"><img alt=[\u5403\u74dc] src=\"https://h5.sinaimg.cn/m/emoticon/icon/default/d_chigua-7a95e6efc4.png\" style=\"width:1em; height:1em;\" /></span><span class=\"url-icon\"><img alt=[\u5403\u74dc] src=\"https://h5.sinaimg.cn/m/emoticon/icon/default/d_chigua-7a95e6efc4.png\" style=\"width:1em; height:1em;\" /></span>", "like_counts": 1, "liked": false}, {"id": 4502635892443533, "created_at": "2020-05-09", "source": "", "user": {"id": 1454172553, "screen_name": "\u91cclll\u4e88xx\u5b87", "profile_image_url": "https://tvax2.sinaimg.cn/crop.0.0.512.512.180/56ace989ly8gkzx7urirjj20e80e874j.jpg?KID=imgbed,tva&Expires=1619217460&ssig=ASO3oFYQZE", "verified": false, "verified_type": -1, "followers_count": 100, "mbtype": 12, "profile_url": "https://m.weibo.cn/u/1454172553?uid=1454172553", "remark": "", "following": false, "follow_me": false}, "text": "\u624d\u88ab\u5de5\u4f5c\u4eba\u5458\u201c\u8bf4\u9519\u8bdd\u201d\u4ed6\u4eec\u90fd\u5403\u4e86\u75ab\u82d7\uff0c\u8fd9\u4f1a\u513f\u5c31\u786e\u8bca\u4e86\uff0c\u5c3e\u56fd\u662f\u771f\u795e\u5947", "like_counts": 7, "liked": false}, {"id": 4502635400942343, "created_at": "2020-05-09", "source": "", "user": {"id": 7399151474, "screen_name": "\u87f9\u5b50Moon", "profile_image_url": "https://tvax4.sinaimg.cn/crop.0.0.996.996.180/0084K5iOly8gm9tz7z6z8j30ro0rodii.jpg?KID=imgbed,tva&Expires=1619217460&ssig=xaeLg6oLpG", "verified": false, "verified_type": -1, "followers_count": 24, "mbtype": 0, "profile_url": "https://m.weibo.cn/u/7399151474?uid=7399151474", "remark": "", "following": false, "follow_me": false}, "text": "\u8b0e\u554a<span class=\"url-icon\"><img alt=[\u601d\u8003] src=\"https://h5.sinaimg.cn/m/emoticon/icon/default/d_sikao-ff9602dd08.png\" style=\"width:1em; height:1em;\" /></span>", "like_counts": 1, "liked": false}, {"id": 4502635379855983, "created_at": "2020-05-09", "source": "", "user": {"id": 7271718212, "screen_name": "\u4e0d\u4fee\u6539\u6635\u79f0\u4f1a\u6c89\u5e95", "profile_image_url": "https://tvax4.sinaimg.cn/crop.0.69.640.640.180/007W7o5Cly8g8pqf6ogwej30hs0lmdh0.jpg?KID=imgbed,tva&Expires=1619217460&ssig=vTlEnTPGzd", "verified": false, "verified_type": -1, "followers_count": 87, "mbtype": 0, "profile_url": "https://m.weibo.cn/u/7271718212?uid=7271718212", "remark": "", "following": false, "follow_me": false}, "text": "\u6253\u6b7b\u4e5f\u4e0d\u627f\u8ba4\uff0c\u8fd8\u662f\u6709\u75ab\u82d7\u5462\uff1f", "like_counts": 1, "liked": false}, {"id": 4502635291821645, "created_at": "2020-05-09", "source": "", "user": {"id": 2086709807, "screen_name": "\u6ce2\u6ce2\u6cf0", "profile_image_url": "https://tva2.sinaimg.cn/crop.0.0.180.180.180/7c60aa2fjw1e8qgp5bmzyj2050050aa8.jpg?KID=imgbed,tva&Expires=1619217460&ssig=3kf3bUq1ev", "verified": false, "verified_type": 220, "followers_count": 1379, "mbtype": 0, "profile_url": "https://m.weibo.cn/u/2086709807?uid=2086709807", "remark": "", "following": false, "follow_me": false}, "text": "\u53bb\u5e74\u5168\u5bb6\u514d\u75ab\u8fc7\u4e86\u5427\uff1f\u522b\u68c0\u6d4b\u4e86\uff0c\u67e5\u67e5\u6297\u4f53\u5427", "like_counts": 1, "liked": false}, {"id": 4502635090237943, "created_at": "2020-05-09", "source": "", "user": {"id": 6539897088, "screen_name": "\u9178\u9178\u6f80\u6f80\u751c\u751c\u6885\u5b50", "profile_image_url": "https://tvax4.sinaimg.cn/crop.0.0.1002.1002.180/0078AJZ6ly8gogttsliqej30ru0rugmu.jpg?KID=imgbed,tva&Expires=1619217460&ssig=KWfMHwcH1B", "verified": false, "verified_type": -1, "followers_count": 679, "mbtype": 11, "profile_url": "https://m.weibo.cn/u/6539897088?uid=6539897088", "remark": "", "following": false, "follow_me": false}, "text": "\u996e\u4e86\u6d88\u6bd2\u6c34\uff0c\u6bcf\u65e5\u56db\u6b21\uff0c\u6bcf\u516d\u5c0f\u65f6\u4e00\u6b21\uff0c\u6bcf\u6b21500ml\uff0c\u6709\u75db\u75c5\u533b\u75c5\uff0c\u65e0\u75c5\u4fdd\u5065\u3002<span class=\"url-icon\"><img alt=[\u54c8\u54c8] src=\"https://h5.sinaimg.cn/m/emoticon/icon/default/d_haha-0ec05e6dad.png\" style=\"width:1em; height:1em;\" /></span><span class=\"url-icon\"><img alt=[\u54c8\u54c8] src=\"https://h5.sinaimg.cn/m/emoticon/icon/default/d_haha-0ec05e6dad.png\" style=\"width:1em; height:1em;\" /></span><span class=\"url-icon\"><img alt=[\u54c8\u54c8] src=\"https://h5.sinaimg.cn/m/emoticon/icon/default/d_haha-0ec05e6dad.png\" style=\"width:1em; height:1em;\" /></span>", "like_counts": 8, "liked": false}, {"id": 4502635065992338, "created_at": "2020-05-09", "source": "", "user": {"id": 5706660816, "screen_name": "\u4e91\u6de1\u98ce\u8f7b\u5148\u751f1996", "profile_image_url": "https://tva4.sinaimg.cn/crop.0.0.664.664.180/006eczaojw8f4zgk7cdk3j30ig0igjsb.jpg?KID=imgbed,tva&Expires=1619217460&ssig=BBydBn%2ByKh", "verified": false, "verified_type": -1, "followers_count": 401, "mbtype": 0, "profile_url": "https://m.weibo.cn/u/5706660816?uid=5706660816", "remark": "", "following": false, "follow_me": false}, "text": "\u90fd\u6253\u8fc7\u75ab\u82d7\u4e86", "like_counts": 15, "liked": false}, {"id": 4502634986584673, "created_at": "2020-05-09", "source": "", "user": {"id": 2997448454, "screen_name": "\u5df4\u8fbe\u517d\u4f1a\u7a7a\u6c14\u70ae", "profile_image_url": "https://tvax1.sinaimg.cn/crop.0.0.1002.1002.180/b2a96f06ly8glrfphq933j20ru0ru75g.jpg?KID=imgbed,tva&Expires=1619217460&ssig=VVu9hHa1ta", "verified": false, "verified_type": -1, "followers_count": 329, "mbtype": 12, "profile_url": "https://m.weibo.cn/u/2997448454?uid=2997448454", "remark": "", "following": false, "follow_me": false}, "text": "<a class='k' href='https://m.weibo.cn/search?containerid=231522type%3D1%26t%3D10%26q%3D%23%E4%BC%8A%E4%B8%87%E5%8D%A1%E7%A7%81%E4%BA%BA%E5%8A%A9%E7%90%86%E6%96%B0%E5%86%A0%E7%97%85%E6%AF%92%E6%A3%80%E6%B5%8B%E5%91%88%E9%98%B3%E6%80%A7%23'>#\u4f0a\u4e07\u5361\u79c1\u4eba\u52a9\u7406\u65b0\u51a0\u75c5\u6bd2\u68c0\u6d4b\u5448\u9633\u6027#</a><a class='k' href='https://m.weibo.cn/search?containerid=231522type%3D1%26t%3D10%26q%3D%23%E5%BD%AD%E6%96%AF%E6%96%B0%E9%97%BB%E7%A7%98%E4%B9%A6%E7%A1%AE%E8%AF%8A%E6%96%B0%E5%86%A0%E8%82%BA%E7%82%8E%23'>#\u5f6d\u65af\u65b0\u95fb\u79d8\u4e66\u786e\u8bca\u65b0\u51a0\u80ba\u708e#</a> \u8eab\u8fb9\u7684\u4eba\u4e2d\u62db\uff0c\u4ed6\u4eec\u6c92\u4e8b\uff0c\u8fd9\u4e5f\u662f\u86ee\u795e\u5947\u7684<span class=\"url-icon\"><img alt=[\u9ed1\u7ebf] src=\"https://h5.sinaimg.cn/m/emoticon/icon/default/d_heixian-1bcf71bba6.png\" style=\"width:1em; height:1em;\" /></span><span class=\"url-icon\"><img alt=[\u9ed1\u7ebf] src=\"https://h5.sinaimg.cn/m/emoticon/icon/default/d_heixian-1bcf71bba6.png\" style=\"width:1em; height:1em;\" /></span><span class=\"url-icon\"><img alt=[\u9ed1\u7ebf] src=\"https://h5.sinaimg.cn/m/emoticon/icon/default/d_heixian-1bcf71bba6.png\" style=\"width:1em; height:1em;\" /></span>", "like_counts": 2, "liked": false}, {"id": 4502634734739932, "created_at": "2020-05-09", "source": "", "user": {"id": 1868710025, "screen_name": "Abby\u6c90", "profile_image_url": "https://tvax1.sinaimg.cn/crop.0.0.996.996.180/6f624089ly8gef2kzlv45j20ro0ro420.jpg?KID=imgbed,tva&Expires=1619217460&ssig=M3TQlJtlUK", "verified": false, "verified_type": -1, "followers_count": 180, "mbtype": 0, "profile_url": "https://m.weibo.cn/u/1868710025?uid=1868710025", "remark": "", "following": false, "follow_me": false}, "text": "\u7279\u6717\u666e\u5929\u5929\u6d4b\u65b0\u51a0\uff0c\u8fd8\u4e0d\u5982\u559d\u6d88\u6bd2\u6c34\u9884\u9632\u4e00\u4e0b", "like_counts": 2, "liked": false}]