[{"id": 4496298377723708, "created_at": "2020-04-21", "source": "", "user": {"id": 2474964461, "screen_name": "\u957f\u6625\u623f\u591a\u591a", "profile_image_url": "https://tvax4.sinaimg.cn/crop.0.0.996.996.180/9384f5edly8fuggex83kpj20ro0ro3zk.jpg?KID=imgbed,tva&Expires=1619216646&ssig=v2jvTjf5nj", "verified": true, "verified_type": 0, "followers_count": 1036177, "verified_type_ext": 0, "mbtype": 12, "profile_url": "https://m.weibo.cn/u/2474964461?uid=2474964461", "remark": "", "following": false, "follow_me": false}, "text": "\u6765\u770b\u770b", "like_counts": 0, "liked": false}, {"id": 4496248411314867, "created_at": "2020-04-21", "source": "", "user": {"id": 5581669244, "screen_name": "\u519b\u65c5", "profile_image_url": "https://tvax2.sinaimg.cn/crop.0.0.1080.1080.180/0065K79ily8gdipyvh3rfj30u00u041i.jpg?KID=imgbed,tva&Expires=1619216646&ssig=Kw8fQXfrj%2F", "verified": true, "verified_type": 0, "followers_count": 4652277, "verified_type_ext": 1, "mbtype": 12, "profile_url": "https://m.weibo.cn/u/5581669244?uid=5581669244", "remark": "", "following": false, "follow_me": false}, "text": "\u8f6c\u53d1\u5fae\u535a", "like_counts": 0, "liked": false}, {"id": 4496243520328791, "created_at": "2020-04-21", "source": "", "user": {"id": 6068185126, "screen_name": "\u5403\u559d\u73a9\u4e50\u5c0f\u653b\u7565", "profile_image_url": "https://tvax4.sinaimg.cn/crop.0.0.1080.1080.180/006CFu9Ely8g7f5db80bhj30u00u0myf.jpg?KID=imgbed,tva&Expires=1619216646&ssig=romjjY1cyL", "verified": false, "verified_type": -1, "followers_count": 10345, "mbtype": 2, "profile_url": "https://m.weibo.cn/u/6068185126?uid=6068185126", "remark": "", "following": false, "follow_me": false}, "text": "\u6cbb\u6108\u7387\u975e\u5e38\u9ad8\u4e86", "like_counts": 0, "liked": false}, {"id": 4496242518784681, "created_at": "2020-04-21", "source": "", "user": {"id": 6469639818, "screen_name": "Fay_Ally", "profile_image_url": "https://tvax1.sinaimg.cn/crop.0.0.751.751.180/0073PWRkly8g75xh9g7jej30kv0kvta2.jpg?KID=imgbed,tva&Expires=1619216646&ssig=ueYrvmFmWa", "verified": false, "verified_type": -1, "followers_count": 1192, "mbtype": 0, "profile_url": "https://m.weibo.cn/u/6469639818?uid=6469639818", "remark": "", "following": false, "follow_me": false}, "text": "\u5e0c\u671b\u75ab\u60c5\u65e9\u65e5\u7ed3\u675f<span class=\"url-icon\"><img alt=[\u5e76\u4e0d\u7b80\u5355] src=\"https://h5.sinaimg.cn/m/emoticon/icon/default/d_bingbujiandan-9955880b30.png\" style=\"width:1em; height:1em;\" /></span>", "like_counts": 0, "liked": false}, {"id": 4496242493152663, "created_at": "2020-04-21", "source": "", "user": {"id": 6627399587, "screen_name": "\u963f\u90e8\u5bdf\u5bdfv", "profile_image_url": "https://tvax2.sinaimg.cn/crop.0.0.996.996.180/007evTnJly8gnexj7vtx6j30ro0roab2.jpg?KID=imgbed,tva&Expires=1619216646&ssig=ctO7w8WwXP", "verified": true, "verified_type": 0, "followers_count": 2231, "verified_type_ext": 0, "mbtype": 12, "profile_url": "https://m.weibo.cn/u/6627399587?uid=6627399587", "remark": "", "following": false, "follow_me": false}, "text": "\u611f\u8c22\u4e00\u7ebf\u533b\u62a4\u4eba\u5458\u7684\u4ed8\u51fa", "like_counts": 0, "liked": false}, {"id": 4496242472011071, "created_at": "2020-04-21", "source": "", "user": {"id": 7429251934, "screen_name": "LYF\u7684\u5c0f\u4ed9\u5973\u5466", "profile_image_url": "https://tvax2.sinaimg.cn/crop.0.0.986.986.180/0086MnO6ly8gio0xslms1j30re0regne.jpg?KID=imgbed,tva&Expires=1619216646&ssig=h4dd488qU2", "verified": false, "verified_type": -1, "followers_count": 169, "mbtype": 0, "profile_url": "https://m.weibo.cn/u/7429251934?uid=7429251934", "remark": "", "following": false, "follow_me": false}, "text": "\u52a0\u6cb9\u4e00\u5b9a\u4f1a\u8fc7\u53bb\u7684", "like_counts": 0, "liked": false}, {"id": 4496242443174799, "created_at": "2020-04-21", "source": "", "user": {"id": 6523455520, "screen_name": "\u6321\u4e0d\u4f4f\u7684\u5fc3\u5883\u5982\u82b1", "profile_image_url": "https://tvax2.sinaimg.cn/crop.0.0.132.132.180/0077tKMwly8fq60yzg6mkj303o03o744.jpg?KID=imgbed,tva&Expires=1619216646&ssig=gWBNo9CBLa", "verified": true, "verified_type": 0, "followers_count": 457, "verified_type_ext": 0, "mbtype": 2, "profile_url": "https://m.weibo.cn/u/6523455520?uid=6523455520", "remark": "", "following": false, "follow_me": false}, "text": "\u5e0c\u671b\u65e9\u65e5\u597d\u8d77\u6765", "like_counts": 0, "liked": false}, {"id": 4496242438204103, "created_at": "2020-04-21", "source": "", "user": {"id": 7408411849, "screen_name": "\u767d\u6b27\u5c3c\u6851", "profile_image_url": "https://tvax1.sinaimg.cn/crop.0.0.996.996.180/0085mWlHly8gcm9084pdlj30ro0rojt8.jpg?KID=imgbed,tva&Expires=1619216646&ssig=AOlSjCOAR3", "verified": false, "verified_type": -1, "followers_count": 573, "mbtype": 0, "profile_url": "https://m.weibo.cn/u/7408411849?uid=7408411849", "remark": "", "following": false, "follow_me": false}, "text": "\u5389\u5bb3", "like_counts": 0, "liked": false}, {"id": 4496242438187252, "created_at": "2020-04-21", "source": "", "user": {"id": 7317143579, "screen_name": "\u662f\u5fc3\u60c5\u7684\u5fc3", "profile_image_url": "https://tvax2.sinaimg.cn/crop.0.0.996.996.180/007ZbZiPly8gdiufm625nj30ro0ro75d.jpg?KID=imgbed,tva&Expires=1619216659&ssig=AXyBYAx4NP", "verified": false, "verified_type": -1, "followers_count": 3085, "mbtype": 2, "profile_url": "https://m.weibo.cn/u/7317143579?uid=7317143579", "remark": "", "following": false, "follow_me": false}, "text": "\u5e0c\u671b\u75ab\u60c5\u65e9\u65e5\u7ed3\u675f", "like_counts": 0, "liked": false}, {"id": 4496242434411282, "created_at": "2020-04-21", "source": "", "user": {"id": 5788749355, "screen_name": "\u5c0f\u7eaa\u70df\u888b2857", "profile_image_url": "https://tva4.sinaimg.cn/crop.0.2.508.508.180/006jL095jw8faty8dxkq2j30e40e8dfv.jpg?KID=imgbed,tva&Expires=1619216659&ssig=XY4xjk8J5r", "verified": true, "verified_type": 0, "followers_count": 2184, "verified_type_ext": 0, "mbtype": 12, "profile_url": "https://m.weibo.cn/u/5788749355?uid=5788749355", "remark": "", "following": false, "follow_me": false}, "text": "\u671f\u671b\u75ab\u60c5\u5c3d\u5feb\u7ed3\u675f", "like_counts": 0, "liked": false}, {"id": 4496242379878563, "created_at": "2020-04-21", "source": "", "user": {"id": 5457933550, "screen_name": "\u545c\u547c\u62c9\u547cyou", "profile_image_url": "https://tvax1.sinaimg.cn/crop.0.0.996.996.180/005XmVQily8g9qlrapy0mj30ro0rowfl.jpg?KID=imgbed,tva&Expires=1619216659&ssig=JTeIX%2FGDzN", "verified": false, "verified_type": -1, "followers_count": 608, "mbtype": 0, "profile_url": "https://m.weibo.cn/u/5457933550?uid=5457933550", "remark": "", "following": false, "follow_me": false}, "text": "\u4e86\u89e3\u4e86\u554a", "like_counts": 0, "liked": false}, {"id": 4496241859959206, "created_at": "2020-04-21", "source": "", "user": {"id": 7305557987, "screen_name": "\u98ce\u518d\u8d77\u65f60002", "profile_image_url": "https://tvax4.sinaimg.cn/crop.0.0.996.996.180/007Ypnmrly8g7avjybgi3j30ro0romz7.jpg?KID=imgbed,tva&Expires=1619216659&ssig=gQRelN9c%2FW", "verified": false, "verified_type": -1, "followers_count": 3063, "mbtype": 12, "profile_url": "https://m.weibo.cn/u/7305557987?uid=7305557987", "remark": "", "following": false, "follow_me": false}, "text": "\u4e0d\u9519", "like_counts": 0, "liked": false}, {"id": 4496241612312210, "created_at": "2020-04-21", "source": "", "user": {"id": 2456144587, "screen_name": "\u5c0f\u957f\u6625", "profile_image_url": "https://tvax3.sinaimg.cn/crop.0.0.1080.1080.180/9265cacbly8gnvfkq42w8j20u00u0akc.jpg?KID=imgbed,tva&Expires=1619216659&ssig=N4E9FqjR%2Ft", "verified": true, "verified_type": 0, "followers_count": 1065545, "verified_type_ext": 1, "mbtype": 12, "profile_url": "https://m.weibo.cn/u/2456144587?uid=2456144587", "remark": "", "following": false, "follow_me": false}, "text": "\u5173\u6ce8\u535a\u4e3b\uff0c\u597d\u8fd0\u5e38\u4f34", "like_counts": 0, "liked": false}]