{"visible": {"type": 0, "list_id": 0}, "created_at": "Tue Apr 21 20:09:44 +0800 2020", "id": "4496241549596459", "mid": "4496241549596459", "can_edit": false, "show_additional_indication": 0, "text": "<a  href=\"https://m.weibo.cn/search?containerid=231522type%3D1%26t%3D10%26q%3D%23%E6%96%B0%E5%86%A0%E8%82%BA%E7%82%8E%E5%AF%BC%E8%87%B4%E8%82%BA%E7%BA%A4%E7%BB%B4%E5%8C%96%E7%9A%84%E6%A6%82%E7%8E%87%E8%BE%83%E4%BD%8E%23&extparam=%23%E6%96%B0%E5%86%A0%E8%82%BA%E7%82%8E%E5%AF%BC%E8%87%B4%E8%82%BA%E7%BA%A4%E7%BB%B4%E5%8C%96%E7%9A%84%E6%A6%82%E7%8E%87%E8%BE%83%E4%BD%8E%23&luicode=20000061&lfid=4496241549596459\" data-hide=\"\"><span class=\"surl-text\">#\u65b0\u51a0\u80ba\u708e\u5bfc\u81f4\u80ba\u7ea4\u7ef4\u5316\u7684\u6982\u7387\u8f83\u4f4e#</span></a>\u65b0\u51a0\u8fd9\u4e2a\u5bf9\u624b\u5b9e\u5728\u662f\u65e2\u72e1\u733e\u53c8\u72e0\u6bd2\uff0c\u65b0\u51a0\u80ba\u708e\u5bf9\u80ba\u810f\u635f\u5bb3\u8f83\u91cd\uff0c\u80ba\u90e8\u4fee\u590d\u8fc7\u7a0b\u4e2d\uff0c\u75c5\u60c5\u4e0d\u91cd\u7684\u5f88\u5feb\u4f1a\u88ab\u5438\u6536\uff0c\u4f46\u4e25\u91cd\u7684\u4f1a\u6b8b\u7559\u4e00\u4e9b\u7ea4\u7ef4\u5316\uff0c\u73b0\u5728<a  href=\"https://m.weibo.cn/search?containerid=231522type%3D1%26t%3D10%26q%3D%23%E6%88%91%E5%9B%BD%E6%96%B0%E5%86%A0%E8%82%BA%E7%82%8E%E6%B2%BB%E6%84%88%E7%8E%8794%25%E4%BB%A5%E4%B8%8A%23&extparam=%23%E6%88%91%E5%9B%BD%E6%96%B0%E5%86%A0%E8%82%BA%E7%82%8E%E6%B2%BB%E6%84%88%E7%8E%8794%25%E4%BB%A5%E4%B8%8A%23&luicode=20000061&lfid=4496241549596459\" data-hide=\"\"><span class=\"surl-text\">#\u6211\u56fd\u65b0\u51a0\u80ba\u708e\u6cbb\u6108\u738794%\u4ee5\u4e0a#</span></a>\uff0c\u611f\u8c22\u4e00\u7ebf\u533b\u62a4\u4eba\u5458\u7684\u4ed8\u51fa\uff01\u4e3a\u4e2d\u56fd\u533b\u62a4\u8d44\u6e90\u53ca\u529b\u91cf\u70b9\u8d5e\uff01 <a data-url=\"http://t.cn/A6w8E1C3\" href=\"https://video.weibo.com/show?fid=1034:4496241443143713\" data-hide=\"\"><span class='url-icon'><img style='width: 1rem;height: 1rem' src='https://h5.sinaimg.cn/upload/2015/09/25/3/timeline_card_small_video_default.png'></span><span class=\"surl-text\">\u4f18\u4f18\u7684\u72ee\u5b50\u5988\u54aa\u7684\u5fae\u535a\u89c6\u9891</span></a> ", "textLength": 258, "source": "\u70ed\u641c\u7b2c\u4e00\u63a8\u8350", "favorited": false, "pic_ids": [], "pic_types": "", "is_paid": false, "mblog_vip_type": 0, "user": {"id": 1853804880, "screen_name": "\u4f18\u4f18\u7684\u72ee\u5b50\u5988\u54aa", "profile_image_url": "https://tvax1.sinaimg.cn/crop.0.0.996.996.180/6e7ed150ly8gdi28irm7pj20ro0rodia.jpg?KID=imgbed,tva&Expires=1619695366&ssig=sGRKoD8Wxk", "profile_url": "https://m.weibo.cn/u/1853804880?uid=1853804880&luicode=20000061&lfid=4496241549596459", "statuses_count": 82059, "verified": true, "verified_type": 0, "verified_type_ext": 1, "verified_reason": "\u77e5\u540d\u804c\u573a\u535a\u4e3b \u5fae\u535a\u6545\u4e8b\u7ea2\u4eba \u8d44\u8baf\u89c6\u9891\u81ea\u5a92\u4f53 \u5fae\u535a\u539f\u521b\u89c6\u9891\u535a\u4e3b", "close_blue_v": false, "description": "\u90e8\u5206\u6587\u6848\u4e0d\u80fd\u660e\u786e\u4f5c\u8005\uff0c\u4fb5\u6743\u8054\u7cfb\u5220\u9664\u3002\u5408\u4f5cLVYM0000", "gender": "f", "mbtype": 12, "urank": 48, "mbrank": 7, "follow_me": false, "following": false, "followers_count": 1336275, "follow_count": 4136, "cover_image_phone": "https://wx2.sinaimg.cn/crop.0.0.640.640.640/6e7d5cfcly1gali7f4po3j20u00u0jz0.jpg", "avatar_hd": "https://wx1.sinaimg.cn/orj480/6e7ed150ly8gdi28irm7pj20ro0rodia.jpg", "like": false, "like_me": false, "badge": {"gongyi_level": 1, "bind_taobao": 1, "dailv": 1, "vip_activity2": 3, "dzwbqlx_2016": 1, "follow_whitelist_video": 1, "league_badge": 1, "super_star_2017": 1, "travel_2017": 1, "cz_wed_2017": 1, "panda": 1, "user_name_certificate": 1, "suishoupai_2018": 1, "wenchuan_10th": 1, "super_star_2018": 1, "worldcup_2018": 33, "wenda_v2": 1, "dailv_2018": 1, "qixi_2018": 1, "yiqijuan_2018": 1, "weibo_display_fans": 1, "relation_display": 1, "wbzy_2018": 1, "memorial_2018": 1, "hongbaofei_2019": 1, "denglong_2019": 1, "fu_2019": 1, "womensday_2018": 1, "suishoupai_2019": 1, "wusi_2019": 1, "hongrenjie_2019": 1, "dailv_2019": 1, "china_2019": 1, "hongkong_2019": 1, "dzwbqlx_2019": 1, "rrgyj_2019": 1, "cishan_2019": 1, "family_2019": 1, "shouhuan_2019": 1, "weishi_2019": 1, "gongjiri_2019": 1, "hongbao_2020": 2, "feiyan_2020": 1, "daka_2020": 1, "graduation_2020": 1, "pc_new": 1, "dailv_2020": 1, "school_2020": 1, "gongyi_2020": 2, "hongrenjie_2020": 1, "china_2020": 1, "weibozhiye_2020": 1, "hongbaofeifuniu_2021": 2, "hongbaofeijika_2021": 1, "nihaoshenghuojie_2021": 1, "lvzhilingyang_2021": 1}}, "reposts_count": 25, "comments_count": 17, "attitudes_count": 35, "pending_approval_count": 0, "isLongText": false, "reward_exhibition_type": 2, "reward_scheme": "sinaweibo://reward?bid=1000293251&enter_id=1000293251&enter_type=1&oid=4496241549596459&seller=1853804880&share=18cb5613ebf3d8aadd9975c1036ab1f47&sign=857abfdda9b7535811ea9489843e99a8", "hide_flag": 0, "mlevel": 0, "darwin_tags": [], "mblogtype": 0, "more_info_type": 0, "cardid": "star_112476035867", "number_display_strategy": {"apply_scenario_flag": 3, "display_text_min_number": 1000000, "display_text": "100\u4e07+"}, "content_auth": 0, "pic_num": 0, "fid": 4496241462345825, "alchemy_params": {"ug_red_envelope": false}, "page_info": {"type": "video", "object_type": 11, "url_ori": "http://t.cn/A6w8E1C3", "page_pic": {"width": 720, "url": "https://wx2.sinaimg.cn/orj480/6e7ed150ly1ge1nb8uavlj20k00zojsw.jpg", "height": 1284}, "page_url": "https://video.weibo.com/show?fid=1034%3A4496241443143713&luicode=20000061&lfid=4496241549596459", "object_id": "1034:4496241443143713", "page_title": "\u4f18\u4f18\u7684\u72ee\u5b50\u5988\u54aa\u7684\u5fae\u535a\u89c6\u9891", "title": "\u2026\u2026\u2026\u2026\u2026\u2026", "content1": "\u4f18\u4f18\u7684\u72ee\u5b50\u5988\u54aa\u7684\u5fae\u535a\u89c6\u9891", "content2": "#\u65b0\u51a0\u80ba\u708e\u5bfc\u81f4\u80ba\u7ea4\u7ef4\u5316\u7684\u6982\u7387\u8f83\u4f4e#\u65b0\u51a0\u8fd9\u4e2a\u5bf9\u624b\u5b9e\u5728\u662f\u65e2\u72e1\u733e\u53c8\u72e0\u6bd2\uff0c\u65b0\u51a0\u80ba\u708e\u5bf9\u80ba\u810f\u635f\u5bb3\u8f83\u91cd\uff0c\u80ba\u90e8\u4fee\u590d\u8fc7\u7a0b\u4e2d\uff0c\u75c5\u60c5\u4e0d\u91cd\u7684\u5f88\u5feb\u4f1a\u88ab\u5438\u6536\uff0c\u4f46\u4e25\u91cd\u7684\u4f1a\u6b8b\u7559\u4e00\u4e9b\u7ea4\u7ef4\u5316\uff0c\u73b0\u5728#\u6211\u56fd\u65b0\u51a0\u80ba\u708e\u6cbb\u6108\u738794%\u4ee5\u4e0a#\uff0c\u611f\u8c22\u4e00\u7ebf\u533b\u62a4\u4eba\u5458\u7684\u4ed8\u51fa\uff01\u4e3a\u4e2d\u56fd\u533b\u62a4\u8d44\u6e90\u53ca\u529b\u91cf\u70b9\u8d5e\uff01", "video_orientation": "vertical", "play_count": "4792\u6b21\u64ad\u653e", "media_info": {"stream_url": "https://f.video.weibocdn.com/NndEu8aNlx07CFVVx0re010412002ceT0E010.mp4?label=mp4_ld&template=360x640.24.0&trans_finger=81b11b8c5ffb62d33ceb3244bdd17e7b&ori=0&ps=1BThihd3VLAY5R&Expires=1619688166&ssig=aOlxqVGM79&KID=unistore,video", "stream_url_hd": "https://f.video.weibocdn.com/ODss1gSRlx07CFVVzaFO010412003s1o0E010.mp4?label=mp4_hd&template=480x856.24.0&trans_finger=7c347e6ee1691b93dc7e5726f4ef34b3&ori=0&ps=1BThihd3VLAY5R&Expires=1619688166&ssig=Qldc7vKlzR&KID=unistore,video", "duration": 29.117}, "urls": {"mp4_720p_mp4": "https://f.video.weibocdn.com/Uil9zjwZlx07CFVVvSje010412006Zf80E010.mp4?label=mp4_720p&template=720x1284.24.0&trans_finger=c3f00996be5378650057cf237d7bfffd&ori=0&ps=1BThihd3VLAY5R&Expires=1619688166&ssig=tKJyv7TXuJ&KID=unistore,video", "mp4_hd_mp4": "https://f.video.weibocdn.com/ODss1gSRlx07CFVVzaFO010412003s1o0E010.mp4?label=mp4_hd&template=480x856.24.0&trans_finger=7c347e6ee1691b93dc7e5726f4ef34b3&ori=0&ps=1BThihd3VLAY5R&Expires=1619688166&ssig=Qldc7vKlzR&KID=unistore,video", "mp4_ld_mp4": "https://f.video.weibocdn.com/NndEu8aNlx07CFVVx0re010412002ceT0E010.mp4?label=mp4_ld&template=360x640.24.0&trans_finger=81b11b8c5ffb62d33ceb3244bdd17e7b&ori=0&ps=1BThihd3VLAY5R&Expires=1619688166&ssig=aOlxqVGM79&KID=unistore,video", "hevc_mp4_hd": "https://f.video.weibocdn.com/m1WTpcTVlx07CFVWU92w010412002zdU0E010.mp4?label=hevc_mp4_hd&template=480x856.29.0&trans_finger=278849cc220b59b4685720a801949929&ori=0&ps=1BThihd3VLAY5R&Expires=1619688166&ssig=4dQ8704oLf&KID=unistore,video"}}, "bid": "IEnGiEgtB", "buttons": [{"type": "follow", "name": "\u5173\u6ce8", "sub_type": 0, "params": {"uid": 1853804880}}], "status_title": "\u65b0\u51a0\u80ba\u708e\u5bfc\u81f4\u80ba\u7ea4\u7ef4\u5316\u7684\u6982\u7387\u8f83\u4f4e", "ok": 1, "scheme": "https://weibo.cn/appurl?scheme=sinaweibo%3A%2F%2Fdetail%3Fmblogid%3D4496241549596459%26luicode%3D20000061%26lfid%3D4496241549596459&luicode=20000061&lfid=4496241549596459", "tipScheme": "https://weibo.cn/appurl?scheme=sinaweibo%3A%2F%2Fdetail%3Fmblogid%3D4496241549596459%26luicode%3D20000061%26lfid%3D4496241549596459&luicode=20000061&lfid=4496241549596459"}