[{"visible": {"type": 0, "list_id": 0}, "created_at": "Thu Jun 18 08:51:34 +0800 2020", "id": "4517089380374625", "mid": "4517089380374625", "can_edit": false, "show_additional_indication": 0, "text": "\u4e16\u536b\u7ec4\u7ec7\u5ba3\u5e03\u505c\u6b62\u7f9f\u6c2f\u55b9\u6cbb\u7597\u65b0\u51a0\u8bd5\u9a8c\uff0c\u5927\u5bb6\u5e94\u8be5\u90fd\u8bb0\u5f97\u5427\uff1f\u4e4b\u524d\u7279\u6717\u666e\u516c\u5f00\u8868\u793a\u81ea\u5df1\u5728\u670d\u7528\u7f9f\u6c2f\u55b9\u9884\u9632\u65b0\u51a0\u75c5\u6bd2\uff0c\u4e16\u536b\u7ec4\u7ec7\u8fd9\u662f\u53c8\u5728\u6253\u8138\u7279\u6717\u666e\u5417\uff1f\uff1f<span class=\"url-icon\"><img alt=[\u5141\u60b2] src=\"https://h5.sinaimg.cn/m/emoticon/icon/default/d_yunbei-a14a649db8.png\" style=\"width:1em; height:1em;\" /></span><span class=\"url-icon\"><img alt=[\u5141\u60b2] src=\"https://h5.sinaimg.cn/m/emoticon/icon/default/d_yunbei-a14a649db8.png\" style=\"width:1em; height:1em;\" /></span><span class=\"url-icon\"><img alt=[\u5141\u60b2] src=\"https://h5.sinaimg.cn/m/emoticon/icon/default/d_yunbei-a14a649db8.png\" style=\"width:1em; height:1em;\" /></span><a  href=\"https://m.weibo.cn/search?containerid=231522type%3D1%26t%3D10%26q%3D%23%E4%B8%96%E5%8D%AB%E7%BB%84%E7%BB%87%E5%AE%A3%E5%B8%83%E5%81%9C%E6%AD%A2%E7%BE%9F%E6%B0%AF%E5%96%B9%E6%B2%BB%E7%96%97%E6%96%B0%E5%86%A0%E8%AF%95%E9%AA%8C%23&extparam=%23%E4%B8%96%E5%8D%AB%E7%BB%84%E7%BB%87%E5%AE%A3%E5%B8%83%E5%81%9C%E6%AD%A2%E7%BE%9F%E6%B0%AF%E5%96%B9%E6%B2%BB%E7%96%97%E6%96%B0%E5%86%A0%E8%AF%95%E9%AA%8C%23\" data-hide=\"\"><span class=\"surl-text\">#\u4e16\u536b\u7ec4\u7ec7\u5ba3\u5e03\u505c\u6b62\u7f9f\u6c2f\u55b9\u6cbb\u7597\u65b0\u51a0\u8bd5\u9a8c#</span></a> <a data-url=\"http://t.cn/A6LM4OGH\" href=\"https://video.weibo.com/show?fid=1034:4517088815939591\" data-hide=\"\"><span class='url-icon'><img style='width: 1rem;height: 1rem' src='https://h5.sinaimg.cn/upload/2015/09/25/3/timeline_card_small_video_default.png'></span><span class=\"surl-text\">\u4ece\u80a1\u7f6e\u91d1\u7684\u5fae\u535a\u89c6\u9891</span></a> ", "textLength": 209, "source": "\u5fae\u535a\u89c6\u9891\u53f7", "favorited": false, "pic_ids": [], "pic_types": "", "is_paid": false, "mblog_vip_type": 0, "user": {"id": 1036117702, "screen_name": "\u4ece\u80a1\u7f6e\u91d1", "profile_image_url": "https://tvax3.sinaimg.cn/crop.0.0.996.996.180/3dc1e6c6ly8fhtaqz5mtsj20ro0roadd.jpg?KID=imgbed,tva&Expires=1619207614&ssig=qlFfhZM94f", "profile_url": "https://m.weibo.cn/u/1036117702?uid=1036117702", "statuses_count": 11079, "verified": true, "verified_type": 0, "verified_type_ext": 0, "verified_reason": "\u8d22\u7ecf\u535a\u4e3b \u5934\u6761\u6587\u7ae0\u4f5c\u8005", "close_blue_v": false, "description": "\u64c5\u957f\u6280\u672f\u5206\u6790\u3001\u903b\u8f91\u5206\u6790\u3001\u653f\u7b56\u89e3\u8bfb \uff01\u53ea\u505a\u4e8b\u524d\u9884\u5224\uff0c\u62d2\u7edd\u9a6c\u540e\u70ae\uff0c\u9884\u5224\u7cbe\u51c6\u3001\u9003\u9876\u4e00\u6d41 \uff01\u64cd\u4f5c\u98ce\u683c\uff1a\u77ed\u7ebf+\u6ce2\u6bb5\u4e3a\u4e3b\uff0c\u517c\u987e\u4e2d\u7ebf\uff0c\u559c\u6b22\u9898\u6750\u80a1\uff0c\u5584\u4e8e\u6349\u5996\u80a1", "gender": "m", "mbtype": 12, "urank": 41, "mbrank": 6, "follow_me": false, "following": false, "followers_count": 1022159, "follow_count": 121, "cover_image_phone": "https://wx4.sinaimg.cn/crop.0.0.640.640.640/3dc1e6c6gy1fga9tz1s5rj20u00u0q36.jpg", "avatar_hd": "https://wx3.sinaimg.cn/orj480/3dc1e6c6ly8fhtaqz5mtsj20ro0roadd.jpg", "like": false, "like_me": false, "badge": {"bind_taobao": 1, "unread_pool": 1, "unread_pool_ext": 1, "user_name_certificate": 1, "suishoupai_2018": 6, "wenchuan_10th": 1, "super_star_2018": 1, "worldcup_2018": 34, "wenda_v2": 1, "lol_s8": 1, "national_day_2018": 1, "weibo_display_fans": 1, "relation_display": 1, "wbzy_2018": 1, "hongbaofei_2019": 1, "hongrenjie_2019": 1, "china_2019": 1, "hongkong_2019": 1, "rrgyj_2019": 1, "hongbao_2020": 2, "feiyan_2020": 1, "weibozhiye_2020": 1, "hongbaofeifuniu_2021": 2}}, "reposts_count": 19, "comments_count": 53, "attitudes_count": 255, "pending_approval_count": 0, "isLongText": false, "reward_exhibition_type": 0, "hide_flag": 0, "mlevel": 0, "darwin_tags": [], "mblogtype": 0, "more_info_type": 0, "cardid": "star_1094", "number_display_strategy": {"apply_scenario_flag": 3, "display_text_min_number": 1000000, "display_text": "100\u4e07+"}, "content_auth": 0, "pic_num": 0, "fid": 4517088822558784, "page_info": {"type": "video", "object_type": 11, "url_ori": "http://t.cn/A6LM4OGH", "page_pic": {"width": 480, "url": "https://wx1.sinaimg.cn/orj480/3dc1e6c6ly1gfw5nmy8z2j20g00sggmd.jpg", "height": 853}, "page_url": "https://video.weibo.com/show?fid=1034%3A4517088815939591", "object_id": "1034:4517088815939591", "page_title": "\u4ece\u80a1\u7f6e\u91d1\u7684\u5fae\u535a\u89c6\u9891", "title": "\u4e16\u536b\u7ec4\u7ec7\u5ba3\u5e03\u505c\u6b62\u7f9f\u6c2f\u55b9\u6cbb\u7597\u65b0\u51a0\u8bd5\u9a8c\uff0c\u8fd9\u662f\u6253\u8138\u7279\u6717\u666e\u5417\uff1f\uff1f", "content1": "\u4ece\u80a1\u7f6e\u91d1\u7684\u5fae\u535a\u89c6\u9891", "content2": "\u4e16\u536b\u7ec4\u7ec7\u5ba3\u5e03\u505c\u6b62\u7f9f\u6c2f\u55b9\u6cbb\u7597\u65b0\u51a0\u8bd5\u9a8c\uff0c\u5927\u5bb6\u5e94\u8be5\u90fd\u8bb0\u5f97\u5427\uff1f\u4e4b\u524d\u7279\u6717\u666e\u516c\u5f00\u8868\u793a\u81ea\u5df1\u5728\u670d\u7528\u7f9f\u6c2f\u55b9\u9884\u9632\u65b0\u51a0\u75c5\u6bd2\uff0c\u4e16\u536b\u7ec4\u7ec7\u8fd9\u662f\u53c8\u5728\u6253\u8138\u7279\u6717\u666e\u5417\uff1f\uff1f[\u5141\u60b2][\u5141\u60b2][\u5141\u60b2]#\u4e16\u536b\u7ec4\u7ec7\u5ba3\u5e03\u505c\u6b62\u7f9f\u6c2f\u55b9\u6cbb\u7597\u65b0\u51a0\u8bd5\u9a8c#", "video_orientation": "vertical", "play_count": "6\u4e07\u6b21\u64ad\u653e", "media_info": {"stream_url": "https://f.video.weibocdn.com/ugX5tV2alx07E9H0Q4uQ0104120026MZ0E010.mp4?label=mp4_ld&template=360x640.24.0&trans_finger=81b11b8c5ffb62d33ceb3244bdd17e7b&ori=0&ps=1BThihd3VLAY5R&Expires=1619200414&ssig=pVB%2B1N2RaR&KID=unistore,video", "stream_url_hd": "https://f.video.weibocdn.com/RynvYpAClx07E9H0V1Sw010412004fHU0E010.mp4?label=mp4_hd&template=576x1024.24.0&trans_finger=7c347e6ee1691b93dc7e5726f4ef34b3&ori=0&ps=1BThihd3VLAY5R&Expires=1619200414&ssig=oPDVbW4qjE&KID=unistore,video", "duration": 35.083}, "urls": {"mp4_hd_mp4": "https://f.video.weibocdn.com/RynvYpAClx07E9H0V1Sw010412004fHU0E010.mp4?label=mp4_hd&template=576x1024.24.0&trans_finger=7c347e6ee1691b93dc7e5726f4ef34b3&ori=0&ps=1BThihd3VLAY5R&Expires=1619200414&ssig=oPDVbW4qjE&KID=unistore,video", "mp4_ld_mp4": "https://f.video.weibocdn.com/ugX5tV2alx07E9H0Q4uQ0104120026MZ0E010.mp4?label=mp4_ld&template=360x640.24.0&trans_finger=81b11b8c5ffb62d33ceb3244bdd17e7b&ori=0&ps=1BThihd3VLAY5R&Expires=1619200414&ssig=pVB%2B1N2RaR&KID=unistore,video", "hevc_mp4_hd": "https://f.video.weibocdn.com/06ISsnMalx07E9H2dA8M010412003lKW0E010.mp4?label=hevc_mp4_hd&template=576x1024.29.0&trans_finger=278849cc220b59b4685720a801949929&ori=0&ps=1BThihd3VLAY5R&Expires=1619200414&ssig=xowJLBcL7M&KID=unistore,video"}}, "bid": "J7azw1zsl"}, {"visible": {"type": 0, "list_id": 0}, "created_at": "Sun Jun 21 11:09:37 +0800 2020", "id": "4518211285102035", "mid": "4518211285102035", "can_edit": false, "show_additional_indication": 0, "text": "\u8f6c\u53d1\u5fae\u535a", "source": "vivo Z5x\u6027\u80fd\u5b9e\u529b\u6d3e", "favorited": false, "pic_ids": [], "pic_types": "", "is_paid": false, "mblog_vip_type": 0, "user": {"id": 7191448377, "screen_name": "\u6211\u8f85\u52a9\u4f60\u968f\u610f33", "profile_image_url": "https://tvax1.sinaimg.cn/default/images/default_avatar_male_180.gif?KID=imgbed,tva&Expires=1619207614&ssig=cCAmWREelN", "profile_url": "https://m.weibo.cn/u/7191448377?uid=7191448377", "statuses_count": 5, "verified": false, "verified_type": -1, "close_blue_v": false, "description": "", "gender": "m", "mbtype": 0, "urank": 3, "mbrank": 0, "follow_me": false, "following": false, "followers_count": 1, "follow_count": 106, "cover_image_phone": "https://tva1.sinaimg.cn/crop.0.0.640.640.640/549d0121tw1egm1kjly3jj20hs0hsq4f.jpg", "avatar_hd": "https://ss1.sinaimg.cn/orj480/default_avatar_male_180&690", "like": false, "like_me": false, "badge": {"user_name_certificate": 1}}, "reposts_count": 0, "comments_count": 0, "attitudes_count": 0, "pending_approval_count": 0, "isLongText": false, "reward_exhibition_type": 0, "hide_flag": 0, "mlevel": 0, "darwin_tags": [], "mblogtype": 0, "more_info_type": 0, "number_display_strategy": {"apply_scenario_flag": 3, "display_text_min_number": 1000000, "display_text": "100\u4e07+"}, "content_auth": 0, "repost_type": 1, "pic_num": 0, "alchemy_params": {"ug_red_envelope": false}, "raw_text": "\u8f6c\u53d1\u5fae\u535a", "bid": "J7DL2lpgT"}, {"visible": {"type": 0, "list_id": 0}, "created_at": "Thu Jun 18 18:50:03 +0800 2020", "id": "4517239992416647", "mid": "4517239992416647", "can_edit": false, "show_additional_indication": 0, "text": "\u8f6c\u53d1\u5fae\u535a", "source": "Android\u5ba2\u6237\u7aef", "favorited": false, "pic_ids": [], "pic_types": "", "is_paid": false, "mblog_vip_type": 0, "user": {"id": 1573978642, "screen_name": "\u6167\u50e72010", "profile_image_url": "https://tvax3.sinaimg.cn/crop.0.0.664.664.180/5dd10212ly8fo8p2phxizj20ig0igglj.jpg?KID=imgbed,tva&Expires=1619207614&ssig=0YrW2zf2vk", "profile_url": "https://m.weibo.cn/u/1573978642?uid=1573978642", "statuses_count": 5630, "verified": false, "verified_type": -1, "close_blue_v": false, "description": "\u5e73\u51e1\u7684\u611f\u52a8", "gender": "m", "mbtype": 0, "urank": 15, "mbrank": 0, "follow_me": false, "following": false, "followers_count": 966, "follow_count": 55, "cover_image_phone": "https://tva1.sinaimg.cn/crop.0.0.640.640.640/549d0121tw1egm1kjly3jj20hs0hsq4f.jpg", "avatar_hd": "https://wx3.sinaimg.cn/orj480/5dd10212ly8fo8p2phxizj20ig0igglj.jpg", "like": false, "like_me": false, "badge": {"anniversary": 1, "unread_pool": 1, "unread_pool_ext": 1, "panda": 1, "user_name_certificate": 1, "hongrenjie_2019": 1, "rrgyj_2019": 1, "hongbao_2020": 2, "hongrenjie_2020": 1, "weibozhiye_2020": 1, "hongbaofeijika_2021": 1}}, "reposts_count": 0, "comments_count": 0, "attitudes_count": 0, "pending_approval_count": 0, "isLongText": false, "reward_exhibition_type": 0, "hide_flag": 0, "mlevel": 0, "darwin_tags": [], "mblogtype": 0, "more_info_type": 0, "number_display_strategy": {"apply_scenario_flag": 3, "display_text_min_number": 1000000, "display_text": "100\u4e07+"}, "content_auth": 0, "repost_type": 1, "pic_num": 0, "alchemy_params": {"ug_red_envelope": false}, "raw_text": "\u8f6c\u53d1\u5fae\u535a", "bid": "J7eura8Gb"}, {"visible": {"type": 0, "list_id": 0}, "created_at": "Thu Jun 18 15:59:06 +0800 2020", "id": "4517196976575433", "mid": "4517196976575433", "can_edit": false, "show_additional_indication": 0, "text": "\u8f6c\u53d1\u5fae\u535a", "source": "iPhone\u5ba2\u6237\u7aef", "favorited": false, "pic_ids": [], "pic_types": "", "is_paid": false, "mblog_vip_type": 0, "user": {"id": 7126729631, "screen_name": "\u753b\u6e5668177", "profile_image_url": "https://tvax2.sinaimg.cn/crop.0.0.1080.1080.180/007Mj1W7ly8gefe0s22ffj30u00u0whc.jpg?KID=imgbed,tva&Expires=1619207614&ssig=61TsyCp%2BS8", "profile_url": "https://m.weibo.cn/u/7126729631?uid=7126729631", "statuses_count": 1749, "verified": false, "verified_type": -1, "close_blue_v": false, "description": "", "gender": "m", "mbtype": 0, "urank": 1, "mbrank": 0, "follow_me": false, "following": false, "followers_count": 61, "follow_count": 51, "cover_image_phone": "https://tva1.sinaimg.cn/crop.0.0.640.640.640/549d0121tw1egm1kjly3jj20hs0hsq4f.jpg", "avatar_hd": "https://wx2.sinaimg.cn/orj480/007Mj1W7ly8gefe0s22ffj30u00u0whc.jpg", "like": false, "like_me": false, "badge": {"user_name_certificate": 1, "hongbao_2020": 2, "hongbaofeijika_2021": 1}}, "reposts_count": 0, "comments_count": 0, "attitudes_count": 0, "pending_approval_count": 0, "isLongText": false, "reward_exhibition_type": 0, "hide_flag": 0, "mlevel": 0, "darwin_tags": [], "mblogtype": 0, "more_info_type": 0, "number_display_strategy": {"apply_scenario_flag": 3, "display_text_min_number": 1000000, "display_text": "100\u4e07+"}, "content_auth": 0, "repost_type": 1, "pic_num": 0, "alchemy_params": {"ug_red_envelope": false}, "raw_text": "\u8f6c\u53d1\u5fae\u535a", "bid": "J7dn3rAzn"}, {"visible": {"type": 0, "list_id": 0}, "created_at": "Thu Jun 18 13:55:19 +0800 2020", "id": "4517165821240994", "mid": "4517165821240994", "can_edit": false, "show_additional_indication": 0, "text": "\u8f6c\u53d1\u5fae\u535a", "source": "\u5fae\u535a\u641c\u7d22", "favorited": false, "pic_ids": [], "pic_types": "", "is_paid": false, "mblog_vip_type": 0, "user": {"id": 2136473872, "screen_name": "\u6dc7\u6bc5\u679c\u6c41_\u829d\u58eb\u554a\u9e2d", "profile_image_url": "https://tvax4.sinaimg.cn/crop.0.0.996.996.180/7f580110ly8gj4l0gv38jj20ro0romyd.jpg?KID=imgbed,tva&Expires=1619207614&ssig=292kAcwIDB", "profile_url": "https://m.weibo.cn/u/2136473872?uid=2136473872", "statuses_count": 8105, "verified": false, "verified_type": 220, "close_blue_v": false, "description": "\u6210\u6bc5\u6b7b\u5fe0\u7c89  \u4eba\u751f\u7406\u60f3\u5c31\u662f\u7761\u5230\u6210\u6bc5 \u6c11\u8c23 \u623f\u4e1c\u7684\u732b \u9694\u58c1\u8001\u6a0a\u6b7b\u5fe0\u7c89 \u68a6\u60f3\u5c31\u662f\u591a\u8ffd\u51e0\u573a\u97f3\u4e50\u8282\u73b0\u573a", "gender": "f", "mbtype": 0, "urank": 26, "mbrank": 0, "follow_me": false, "following": false, "followers_count": 753, "follow_count": 1909, "cover_image_phone": "https://tva1.sinaimg.cn/crop.0.0.640.640.640/549d0121tw1egm1kjly3jj20hs0hsq4f.jpg", "avatar_hd": "https://wx4.sinaimg.cn/orj480/7f580110ly8gj4l0gv38jj20ro0romyd.jpg", "like": false, "like_me": false, "badge": {"bind_taobao": 1, "zongyiji": 1, "unread_pool": 1, "unread_pool_ext": 1, "dzwbqlx_2016": 1, "user_name_certificate": 1, "dailv_2018": 1, "suishoupai_2019": 1, "hongrenjie_2019": 1, "china_2019": 1, "hongkong_2019": 1, "hongbao_2020": 2, "hope_2020": 1, "china_2020": 1, "hongbaofeijika_2021": 1, "weibozhiyexianxia_2021": 1}}, "reposts_count": 0, "comments_count": 0, "attitudes_count": 0, "pending_approval_count": 0, "isLongText": false, "reward_exhibition_type": 0, "hide_flag": 0, "mlevel": 0, "darwin_tags": [], "mblogtype": 0, "more_info_type": 0, "number_display_strategy": {"apply_scenario_flag": 3, "display_text_min_number": 1000000, "display_text": "100\u4e07+"}, "content_auth": 0, "repost_type": 3, "pic_num": 0, "alchemy_params": {"ug_red_envelope": false}, "raw_text": "\u8f6c\u53d1\u5fae\u535a", "bid": "J7cyO5cQ2"}, {"visible": {"type": 0, "list_id": 0}, "created_at": "Thu Jun 18 13:00:03 +0800 2020", "id": "4517151917164977", "mid": "4517151917164977", "can_edit": false, "show_additional_indication": 0, "text": "\u8f6c\u53d1\u5fae\u535a", "source": "HUAWEI P40 Pro 5G", "favorited": false, "pic_ids": [], "pic_types": "", "is_paid": false, "mblog_vip_type": 0, "user": {"id": 2856904531, "screen_name": "\u4e2dZHONGGUO\u56fd", "profile_image_url": "https://tvax2.sinaimg.cn/crop.0.0.996.996.180/aa48e753ly8g0m6kexwysj20ro0rp420.jpg?KID=imgbed,tva&Expires=1619207614&ssig=GBeHe%2FFL4w", "profile_url": "https://m.weibo.cn/u/2856904531?uid=2856904531", "statuses_count": 20218, "verified": false, "verified_type": -1, "close_blue_v": false, "description": "", "gender": "m", "mbtype": 0, "urank": 29, "mbrank": 0, "follow_me": false, "following": false, "followers_count": 176, "follow_count": 538, "cover_image_phone": "https://tva1.sinaimg.cn/crop.0.0.640.640.640/549d0121tw1egm1kjly3jj20hs0hsq4f.jpg", "avatar_hd": "https://wx2.sinaimg.cn/orj480/aa48e753ly8g0m6kexwysj20ro0rp420.jpg", "like": false, "like_me": false, "badge": {"bind_taobao": 1, "unread_pool": 1, "unread_pool_ext": 1, "user_name_certificate": 1, "asiad_2018": 1, "memorial_2018": 1, "hongrenjie_2019": 1, "china_2019": 1, "hongkong_2019": 1, "rrgyj_2019": 1, "gongjiri_2019": 1, "feiyan_2020": 1, "dailv_2020": 1, "school_2020": 1, "china_2020": 1, "hongbaofeifuniu_2021": 2, "hongbaofeijika_2021": 1}}, "reposts_count": 0, "comments_count": 0, "attitudes_count": 0, "pending_approval_count": 0, "isLongText": false, "reward_exhibition_type": 0, "hide_flag": 0, "mlevel": 0, "darwin_tags": [], "mblogtype": 0, "more_info_type": 0, "number_display_strategy": {"apply_scenario_flag": 3, "display_text_min_number": 1000000, "display_text": "100\u4e07+"}, "content_auth": 0, "repost_type": 1, "pic_num": 0, "alchemy_params": {"ug_red_envelope": false}, "raw_text": "\u8f6c\u53d1\u5fae\u535a", "bid": "J7ccnu3W9"}, {"visible": {"type": 0, "list_id": 0}, "created_at": "Thu Jun 18 12:33:17 +0800 2020", "id": "4517145180280183", "mid": "4517145180280183", "can_edit": false, "show_additional_indication": 0, "text": "\u8f6c\u53d1\u5fae\u535a", "source": "iPhone\u5ba2\u6237\u7aef", "favorited": false, "pic_ids": [], "pic_types": "", "is_paid": false, "mblog_vip_type": 0, "user": {"id": 6091473618, "screen_name": "cathrine_70411", "profile_image_url": "https://tvax2.sinaimg.cn/crop.0.0.751.751.180/006Efcyuly8gbhu9c3ujjj30kv0kv0tg.jpg?KID=imgbed,tva&Expires=1619207614&ssig=823TutJNzo", "profile_url": "https://m.weibo.cn/u/6091473618?uid=6091473618", "statuses_count": 552, "verified": false, "verified_type": -1, "close_blue_v": false, "description": "", "gender": "f", "mbtype": 2, "urank": 4, "mbrank": 1, "follow_me": false, "following": false, "followers_count": 7, "follow_count": 266, "cover_image_phone": "https://tva1.sinaimg.cn/crop.0.0.640.640.640/549d0121tw1egm1kjly3jj20hs0hsq4f.jpg", "avatar_hd": "https://wx2.sinaimg.cn/orj480/006Efcyuly8gbhu9c3ujjj30kv0kv0tg.jpg", "like": false, "like_me": false, "badge": {"bind_taobao": 1, "user_name_certificate": 1, "wenda_v2": 1, "hongbao_2020": 2, "dailv_2020": 1, "hongbaofeifuniu_2021": 1, "hongbaofeijika_2021": 1}}, "reposts_count": 0, "comments_count": 0, "attitudes_count": 0, "pending_approval_count": 0, "isLongText": false, "reward_exhibition_type": 0, "hide_flag": 0, "mlevel": 0, "darwin_tags": [], "mblogtype": 0, "more_info_type": 0, "number_display_strategy": {"apply_scenario_flag": 3, "display_text_min_number": 1000000, "display_text": "100\u4e07+"}, "content_auth": 0, "repost_type": 1, "pic_num": 0, "alchemy_params": {"ug_red_envelope": false}, "raw_text": "\u8f6c\u53d1\u5fae\u535a", "bid": "J7c1w1aT5"}, {"visible": {"type": 0, "list_id": 0}, "created_at": "Thu Jun 18 12:20:35 +0800 2020", "id": "4517141980694634", "mid": "4517141980694634", "can_edit": false, "show_additional_indication": 0, "text": "\u8f6c\u53d1\u5fae\u535a", "source": "nova7SE 5G\u4f60\u5728\u7126\u70b9\u5728", "favorited": false, "pic_ids": [], "pic_types": "", "is_paid": false, "mblog_vip_type": 0, "user": {"id": 7314073883, "screen_name": "\u5e7f\u6210\u5b501372", "profile_image_url": "https://tvax1.sinaimg.cn/default/images/default_avatar_male_180.gif?KID=imgbed,tva&Expires=1619207614&ssig=cCAmWREelN", "profile_url": "https://m.weibo.cn/u/7314073883?uid=7314073883", "statuses_count": 585, "verified": false, "verified_type": -1, "close_blue_v": false, "description": "", "gender": "m", "mbtype": 0, "urank": 0, "mbrank": 0, "follow_me": false, "following": false, "followers_count": 126, "follow_count": 24, "cover_image_phone": "https://tva1.sinaimg.cn/crop.0.0.640.640.640/549d0121tw1egm1kjly3jj20hs0hsq4f.jpg", "avatar_hd": "https://ss1.sinaimg.cn/orj480/default_avatar_male_180&690", "like": false, "like_me": false, "badge": {"bind_taobao": 1, "user_name_certificate": 1, "wenda_v2": 1, "hongbao_2020": 2, "daka_2020": 1}}, "reposts_count": 0, "comments_count": 0, "attitudes_count": 0, "pending_approval_count": 0, "isLongText": false, "reward_exhibition_type": 0, "hide_flag": 0, "mlevel": 0, "darwin_tags": [], "mblogtype": 0, "more_info_type": 0, "number_display_strategy": {"apply_scenario_flag": 3, "display_text_min_number": 1000000, "display_text": "100\u4e07+"}, "content_auth": 0, "repost_type": 1, "pic_num": 0, "alchemy_params": {"ug_red_envelope": false}, "raw_text": "\u8f6c\u53d1\u5fae\u535a", "bid": "J7bWm2UHM"}, {"visible": {"type": 0, "list_id": 0}, "created_at": "Thu Jun 18 11:52:48 +0800 2020", "id": "4517134992101671", "mid": "4517134992101671", "can_edit": false, "show_additional_indication": 0, "text": "\u6253\u6253\u66f4\u5065\u5eb7", "source": "\u534e\u4e3a\u7545\u4eab10 Plus", "favorited": false, "pic_ids": [], "pic_types": "", "is_paid": false, "mblog_vip_type": 0, "user": {"id": 1806870215, "screen_name": "\u5239\u8f66\u4e0d\u8fc7\u811a\u70b9\u5730", "profile_image_url": "https://tva3.sinaimg.cn/crop.0.0.180.180.180/6bb2a6c7jw1e8qgp5bmzyj2050050aa8.jpg?KID=imgbed,tva&Expires=1619207614&ssig=NM8NUKAhfH", "profile_url": "https://m.weibo.cn/u/1806870215?uid=1806870215", "statuses_count": 4834, "verified": false, "verified_type": -1, "close_blue_v": false, "description": "\u6709\u94b1\u8d76\u7d27\u82b1\uff0c\u6ca1\u94b1\u8d76\u7d27\u6323\uff01", "gender": "m", "mbtype": 0, "urank": 28, "mbrank": 0, "follow_me": false, "following": false, "followers_count": 286, "follow_count": 145, "cover_image_phone": "https://tva1.sinaimg.cn/crop.0.0.640.640.640/549d0121tw1egm1kjly3jj20hs0hsq4f.jpg", "avatar_hd": "https://ww3.sinaimg.cn/orj480/6bb2a6c7jw1e8qgp5bmzyj2050050aa8.jpg", "like": false, "like_me": false, "badge": {"bind_taobao": 1, "unread_pool": 1, "unread_pool_ext": 1, "dzwbqlx_2016": 1, "user_name_certificate": 1, "hongbaofei_2019": 1, "earth_2019": 1, "hongrenjie_2019": 1, "china_2019": 1, "hongbao_2020": 3, "feiyan_2020": 1, "hongrenjie_2020": 1, "china_2020": 1, "hongbaofeifuniu_2021": 1, "hongbaofeijika_2021": 1, "lvzhilingyang_2021": 1}}, "reposts_count": 0, "comments_count": 0, "attitudes_count": 0, "pending_approval_count": 0, "isLongText": false, "reward_exhibition_type": 0, "hide_flag": 0, "mlevel": 0, "darwin_tags": [], "mblogtype": 0, "more_info_type": 0, "number_display_strategy": {"apply_scenario_flag": 3, "display_text_min_number": 1000000, "display_text": "100\u4e07+"}, "content_auth": 0, "repost_type": 4, "pic_num": 0, "alchemy_params": {"ug_red_envelope": false}, "raw_text": "\u6253\u6253\u66f4\u5065\u5eb7", "bid": "J7bL58OJV"}, {"visible": {"type": 0, "list_id": 0}, "created_at": "Thu Jun 18 10:04:14 +0800 2020", "id": "4517107667077264", "mid": "4517107667077264", "can_edit": false, "show_additional_indication": 0, "text": "\u5443\uff5e\u5fd8\u8bb0\u544a\u8bc9\u5927\u5bb6\u4e86\uff0c\u7f9f\u6c2f\u55b9\u662f\u7279\u522b\u4e3a\u6211\u5b9a\u5411\u7814\u53d1\u7684<span class=\"url-icon\"><img alt=[\u4e8c\u54c8] src=\"https://h5.sinaimg.cn/m/emoticon/icon/others/d_erha-139d0e07bd.png\" style=\"width:1em; height:1em;\" /></span>", "source": "\u8363\u80007X \u5168\u9762\u5c4f\u624b\u673a", "favorited": false, "pic_ids": [], "pic_types": "", "is_paid": false, "mblog_vip_type": 0, "user": {"id": 5130541235, "screen_name": "\u5185\u6025\u7684\u8717\u725b", "profile_image_url": "https://tvax4.sinaimg.cn/crop.0.0.664.664.180/005Bde95ly8gfnh4ob04gj30ig0igq5n.jpg?KID=imgbed,tva&Expires=1619207614&ssig=zlI0jF6lt%2F", "profile_url": "https://m.weibo.cn/u/5130541235?uid=5130541235", "statuses_count": 2291, "verified": false, "verified_type": -1, "close_blue_v": false, "description": "", "gender": "m", "mbtype": 0, "urank": 9, "mbrank": 0, "follow_me": false, "following": false, "followers_count": 189, "follow_count": 126, "cover_image_phone": "https://tva1.sinaimg.cn/crop.0.0.640.640.640/549d0121tw1egm1kjly3jj20hs0hsq4f.jpg", "avatar_hd": "https://wx4.sinaimg.cn/orj480/005Bde95ly8gfnh4ob04gj30ig0igq5n.jpg", "like": false, "like_me": false, "badge": {"bind_taobao": 1, "unread_pool": 1, "user_name_certificate": 1, "hongrenjie_2019": 1, "rrgyj_2019": 1, "hongbao_2020": 2, "weibozhiye_2020": 1, "hongbaofeifuniu_2021": 1, "hongbaofeijika_2021": 1}}, "reposts_count": 0, "comments_count": 0, "attitudes_count": 0, "pending_approval_count": 0, "isLongText": false, "reward_exhibition_type": 0, "hide_flag": 0, "mlevel": 0, "darwin_tags": [], "mblogtype": 0, "more_info_type": 0, "number_display_strategy": {"apply_scenario_flag": 3, "display_text_min_number": 1000000, "display_text": "100\u4e07+"}, "content_auth": 0, "repost_type": 4, "pic_num": 0, "alchemy_params": {"ug_red_envelope": false}, "raw_text": "\u5443\uff5e\u5fd8\u8bb0\u544a\u8bc9\u5927\u5bb6\u4e86\uff0c\u7f9f\u6c2f\u55b9\u662f\u7279\u522b\u4e3a\u6211\u5b9a\u5411\u7814\u53d1\u7684[\u4e8c\u54c8]", "bid": "J7b30tH7q"}, {"visible": {"type": 0, "list_id": 0}, "created_at": "Thu Jun 18 09:30:15 +0800 2020", "id": "4517099118619726", "mid": "4517099118619726", "can_edit": false, "show_additional_indication": 0, "text": "\u8f6c\u53d1\u5fae\u535a", "source": "iPhone\u5ba2\u6237\u7aef", "favorited": false, "pic_ids": [], "pic_types": "", "is_paid": false, "mblog_vip_type": 0, "user": {"id": 2672320481, "screen_name": "\u53e4\u7c73\u4e1c", "profile_image_url": "https://tva1.sinaimg.cn/crop.0.0.750.750.180/9f485fe1jw8f22ta99cwzj20ku0kuq4w.jpg?KID=imgbed,tva&Expires=1619207617&ssig=DWCDyvwZe3", "profile_url": "https://m.weibo.cn/u/2672320481?uid=2672320481", "statuses_count": 4680, "verified": false, "verified_type": -1, "close_blue_v": false, "description": "\u6267\u4e8e\u4e00\u5ff5\uff0c\u5c06\u53d7\u56f0\u4e8e\u4e00\u5ff5\u3001\u4e00\u5ff5\u653e\u4e0b\uff0c\u4f1a\u81ea\u5728\u4e8e\u5fc3\u95f4\uff01", "gender": "m", "mbtype": 0, "urank": 30, "mbrank": 0, "follow_me": false, "following": false, "followers_count": 176, "follow_count": 354, "cover_image_phone": "https://tva1.sinaimg.cn/crop.0.0.640.640.640/a1d3feabjw1ecat4uqw77j20hs0hsacp.jpg", "avatar_hd": "https://ww1.sinaimg.cn/orj480/9f485fe1jw8f22ta99cwzj20ku0kuq4w.jpg", "like": false, "like_me": false, "badge": {"bind_taobao": 1, "unread_pool": 1, "unread_pool_ext": 1, "dzwbqlx_2016": 1, "user_name_certificate": 1, "hongrenjie_2019": 1, "china_2019": 1, "hongkong_2019": 1, "gongjiri_2019": 1, "hongbao_2020": 2}}, "reposts_count": 0, "comments_count": 0, "attitudes_count": 0, "pending_approval_count": 0, "isLongText": false, "reward_exhibition_type": 0, "hide_flag": 0, "mlevel": 0, "darwin_tags": [], "mblogtype": 0, "more_info_type": 0, "number_display_strategy": {"apply_scenario_flag": 3, "display_text_min_number": 1000000, "display_text": "100\u4e07+"}, "content_auth": 0, "repost_type": 1, "pic_num": 0, "alchemy_params": {"ug_red_envelope": false}, "raw_text": "\u8f6c\u53d1\u5fae\u535a", "bid": "J7aPdAanQ"}, {"visible": {"type": 0, "list_id": 0}, "created_at": "Thu Jun 18 09:06:59 +0800 2020", "id": "4517093263745802", "mid": "4517093263745802", "can_edit": false, "show_additional_indication": 0, "text": "\u8fd9\u662f\u4ed6\u5bb6\u4ea7\u7684\u836f\u5427<span class=\"url-icon\"><img alt=[\u55b5\u55b5] src=\"https://h5.sinaimg.cn/m/emoticon/icon/others/d_miao-c1b3d563bd.png\" style=\"width:1em; height:1em;\" /></span>", "source": "HUAWEI Mate 20", "favorited": false, "pic_ids": [], "pic_types": "", "is_paid": false, "mblog_vip_type": 0, "user": {"id": 2312182247, "screen_name": "7\u6267\u7b14\u753b\u537f\u989c7", "profile_image_url": "https://tvax4.sinaimg.cn/crop.0.0.996.996.180/89d119e7ly8gf79qry6a4j20ro0ro3zj.jpg?KID=imgbed,tva&Expires=1619207617&ssig=jE77tW5lrv", "profile_url": "https://m.weibo.cn/u/2312182247?uid=2312182247", "statuses_count": 4125, "verified": false, "verified_type": -1, "close_blue_v": false, "description": "\u4eba\u751f\u5982\u9006\u65c5\uff0c\u6211\u4ea6\u662f\u8def\u4eba\uff01", "gender": "m", "mbtype": 0, "urank": 30, "mbrank": 0, "follow_me": false, "following": false, "followers_count": 238, "follow_count": 94, "cover_image_phone": "https://tva1.sinaimg.cn/crop.0.0.640.640.640/6cf8d7ebjw1ehfr4xa8psj20hs0hsgpg.jpg", "avatar_hd": "https://wx4.sinaimg.cn/orj480/89d119e7ly8gf79qry6a4j20ro0ro3zj.jpg", "like": false, "like_me": false, "badge": {"bind_taobao": 1, "unread_pool": 1, "uefa_euro_2016": 1, "unread_pool_ext": 1, "user_name_certificate": 1, "hongbao_2020": 2, "hongbaofeijika_2021": 1}}, "reposts_count": 0, "comments_count": 0, "attitudes_count": 0, "pending_approval_count": 0, "isLongText": false, "reward_exhibition_type": 0, "hide_flag": 0, "mlevel": 0, "darwin_tags": [], "mblogtype": 0, "more_info_type": 0, "number_display_strategy": {"apply_scenario_flag": 3, "display_text_min_number": 1000000, "display_text": "100\u4e07+"}, "content_auth": 0, "repost_type": 4, "pic_num": 0, "alchemy_params": {"ug_red_envelope": false}, "raw_text": "\u8fd9\u662f\u4ed6\u5bb6\u4ea7\u7684\u836f\u5427[\u55b5\u55b5]", "bid": "J7aFMfIsa"}, {"visible": {"type": 0, "list_id": 0}, "created_at": "Thu Jun 18 09:03:17 +0800 2020", "id": "4517092328102067", "mid": "4517092328102067", "can_edit": false, "show_additional_indication": 0, "text": "\u8f6c\u53d1\u5fae\u535a", "source": "iPhone\u5ba2\u6237\u7aef", "favorited": false, "pic_ids": [], "pic_types": "", "is_paid": false, "mblog_vip_type": 0, "user": {"id": 5537646213, "screen_name": "\u6bd4\u7ffc\u8fde\u7406\u53cc\u98de\u7ffc", "profile_image_url": "https://tva1.sinaimg.cn/crop.0.0.1242.1242.180/0062LoKpjw8f6vzcw34ffj30yi0yiwj9.jpg?KID=imgbed,tva&Expires=1619207617&ssig=7gckUkieqg", "profile_url": "https://m.weibo.cn/u/5537646213?uid=5537646213", "statuses_count": 3086, "verified": false, "verified_type": -1, "close_blue_v": false, "description": "", "gender": "m", "mbtype": 0, "urank": 4, "mbrank": 0, "follow_me": false, "following": false, "followers_count": 347, "follow_count": 77, "cover_image_phone": "https://tva1.sinaimg.cn/crop.0.0.640.640.640/549d0121tw1egm1kjly3jj20hs0hsq4f.jpg", "avatar_hd": "https://ww1.sinaimg.cn/orj480/0062LoKpjw8f6vzcw34ffj30yi0yiwj9.jpg", "like": false, "like_me": false, "badge": {"bind_taobao": 1, "unread_pool": 1, "unread_pool_ext": 1, "user_name_certificate": 1, "hongrenjie_2019": 1, "china_2019": 1, "hongkong_2019": 1, "hongbao_2020": 2, "feiyan_2020": 1}}, "reposts_count": 0, "comments_count": 0, "attitudes_count": 0, "pending_approval_count": 0, "isLongText": false, "reward_exhibition_type": 0, "hide_flag": 0, "mlevel": 0, "darwin_tags": [], "mblogtype": 0, "more_info_type": 0, "number_display_strategy": {"apply_scenario_flag": 3, "display_text_min_number": 1000000, "display_text": "100\u4e07+"}, "content_auth": 0, "repost_type": 1, "pic_num": 0, "alchemy_params": {"ug_red_envelope": false}, "raw_text": "\u8f6c\u53d1\u5fae\u535a", "bid": "J7aEgxZIv"}, {"visible": {"type": 0, "list_id": 0}, "created_at": "Thu Jun 18 08:57:44 +0800 2020", "id": "4517090936280171", "mid": "4517090936280171", "can_edit": false, "show_additional_indication": 0, "text": "\u8f6c\u53d1\u5fae\u535a", "source": "\u5c0f\u7c739", "favorited": false, "pic_ids": [], "pic_types": "", "is_paid": false, "mblog_vip_type": 0, "user": {"id": 2605569244, "screen_name": "\u8fe6\u82e5sama", "profile_image_url": "https://tva3.sinaimg.cn/crop.0.0.180.180.180/9b4dd4dcjw1e8qgp5bmzyj2050050aa8.jpg?KID=imgbed,tva&Expires=1619207617&ssig=zqPErj%2FfFW", "profile_url": "https://m.weibo.cn/u/2605569244?uid=2605569244", "statuses_count": 2270, "verified": false, "verified_type": -1, "close_blue_v": false, "description": "\u76ee\u6807\u5c31\u662f\u8d22\u52a1\u81ea\u7531", "gender": "m", "mbtype": 0, "urank": 14, "mbrank": 0, "follow_me": false, "following": false, "followers_count": 380, "follow_count": 364, "cover_image_phone": "https://tva1.sinaimg.cn/crop.0.0.640.640.640/549d0121tw1egm1kjly3jj20hs0hsq4f.jpg", "avatar_hd": "https://ww3.sinaimg.cn/orj480/9b4dd4dcjw1e8qgp5bmzyj2050050aa8.jpg", "like": false, "like_me": false, "badge": {"bind_taobao": 1, "unread_pool": 1, "unread_pool_ext": 1, "user_name_certificate": 1, "hongbao_2020": 2, "weibozhiye_2020": 1}}, "reposts_count": 0, "comments_count": 0, "attitudes_count": 0, "pending_approval_count": 0, "isLongText": false, "reward_exhibition_type": 0, "hide_flag": 0, "mlevel": 0, "darwin_tags": [], "mblogtype": 0, "more_info_type": 0, "number_display_strategy": {"apply_scenario_flag": 3, "display_text_min_number": 1000000, "display_text": "100\u4e07+"}, "content_auth": 0, "repost_type": 1, "pic_num": 0, "alchemy_params": {"ug_red_envelope": false}, "raw_text": "\u8f6c\u53d1\u5fae\u535a", "bid": "J7aC1qlL5"}, {"visible": {"type": 0, "list_id": 0}, "created_at": "Thu Jun 18 08:56:24 +0800 2020", "id": "4517090599630175", "mid": "4517090599630175", "can_edit": false, "show_additional_indication": 0, "text": "\u91d1\u6bdb: \u5df2\u9000\u7fa4\uff0cm\u56fd\u4f1a\u7ee7\u7eed<span class=\"url-icon\"><img alt=[doge] src=\"https://h5.sinaimg.cn/m/emoticon/icon/others/d_doge-be7f768d78.png\" style=\"width:1em; height:1em;\" /></span><span class=\"url-icon\"><img alt=[doge] src=\"https://h5.sinaimg.cn/m/emoticon/icon/others/d_doge-be7f768d78.png\" style=\"width:1em; height:1em;\" /></span><span class=\"url-icon\"><img alt=[doge] src=\"https://h5.sinaimg.cn/m/emoticon/icon/others/d_doge-be7f768d78.png\" style=\"width:1em; height:1em;\" /></span><span class=\"url-icon\"><img alt=[doge] src=\"https://h5.sinaimg.cn/m/emoticon/icon/others/d_doge-be7f768d78.png\" style=\"width:1em; height:1em;\" /></span>", "source": "nova4\u81ea\u62cd\u6781\u70b9\u5168\u9762\u5c4f", "favorited": false, "pic_ids": [], "pic_types": "", "is_paid": false, "mblog_vip_type": 0, "user": {"id": 6707445496, "screen_name": "CN\u82b1\u9a91\u58eb", "profile_image_url": "https://tvax3.sinaimg.cn/crop.0.0.996.996.180/007jVKYMly8gi5k5lpdwoj30ro0ro41c.jpg?KID=imgbed,tva&Expires=1619207617&ssig=AHjvbG0a%2Fb", "profile_url": "https://m.weibo.cn/u/6707445496?uid=6707445496", "statuses_count": 2496, "verified": false, "verified_type": -1, "close_blue_v": false, "description": "\u53ea\u4e89\u671d\u5915\uff0c\u4e0d\u8d1f\u97f6\u534e", "gender": "m", "mbtype": 0, "urank": 0, "mbrank": 0, "follow_me": false, "following": false, "followers_count": 36, "follow_count": 57, "cover_image_phone": "https://tva1.sinaimg.cn/crop.0.0.640.640.640/549d0121tw1egm1kjly3jj20hs0hsq4f.jpg", "avatar_hd": "https://wx3.sinaimg.cn/orj480/007jVKYMly8gi5k5lpdwoj30ro0ro41c.jpg", "like": false, "like_me": false, "badge": {"user_name_certificate": 1, "double11_2018": 1, "hongbao_2020": 2, "china_2020": 1, "weibozhiye_2020": 1}}, "reposts_count": 0, "comments_count": 0, "attitudes_count": 0, "pending_approval_count": 0, "isLongText": false, "reward_exhibition_type": 0, "hide_flag": 0, "mlevel": 0, "darwin_tags": [], "mblogtype": 0, "more_info_type": 0, "number_display_strategy": {"apply_scenario_flag": 3, "display_text_min_number": 1000000, "display_text": "100\u4e07+"}, "content_auth": 0, "repost_type": 4, "pic_num": 0, "alchemy_params": {"ug_red_envelope": false}, "raw_text": "\u91d1\u6bdb: \u5df2\u9000\u7fa4\uff0cm\u56fd\u4f1a\u7ee7\u7eed[doge][doge][doge][doge]", "bid": "J7aBtEpfp"}, {"visible": {"type": 0, "list_id": 0}, "created_at": "Thu Jun 18 08:54:00 +0800 2020", "id": "4517089991641218", "mid": "4517089991641218", "can_edit": false, "show_additional_indication": 0, "text": "\u8f6c\u53d1\u5fae\u535a", "source": "iPhone\u5ba2\u6237\u7aef", "favorited": false, "pic_ids": [], "pic_types": "", "is_paid": false, "mblog_vip_type": 0, "user": {"id": 6468172123, "screen_name": "\u4f5b\u6027\u5c0f\u6563", "profile_image_url": "https://tvax2.sinaimg.cn/crop.0.0.132.132.180/0073JN2Ply8fnon6rwcqej303o03oq2s.jpg?KID=imgbed,tva&Expires=1619207617&ssig=%2F2lrGNyPpa", "profile_url": "https://m.weibo.cn/u/6468172123?uid=6468172123", "statuses_count": 1793, "verified": false, "verified_type": -1, "close_blue_v": false, "description": "", "gender": "m", "mbtype": 0, "urank": 0, "mbrank": 0, "follow_me": false, "following": false, "followers_count": 74, "follow_count": 18, "cover_image_phone": "https://tva1.sinaimg.cn/crop.0.0.640.640.640/549d0121tw1egm1kjly3jj20hs0hsq4f.jpg", "avatar_hd": "https://wx2.sinaimg.cn/orj480/0073JN2Ply8fnon6rwcqej303o03oq2s.jpg", "like": false, "like_me": false, "badge": {"user_name_certificate": 1, "hongbao_2020": 2, "feiyan_2020": 1}}, "reposts_count": 0, "comments_count": 0, "attitudes_count": 0, "pending_approval_count": 0, "isLongText": false, "reward_exhibition_type": 0, "hide_flag": 0, "mlevel": 0, "darwin_tags": [], "mblogtype": 0, "more_info_type": 0, "number_display_strategy": {"apply_scenario_flag": 3, "display_text_min_number": 1000000, "display_text": "100\u4e07+"}, "content_auth": 0, "repost_type": 1, "pic_num": 0, "alchemy_params": {"ug_red_envelope": false}, "raw_text": "\u8f6c\u53d1\u5fae\u535a", "bid": "J7aAv6SXg"}]