{"visible": {"type": 0, "list_id": 0}, "created_at": "Fri Mar 20 09:43:30 +0800 2020", "id": "4484487541028943", "mid": "4484487541028943", "can_edit": false, "show_additional_indication": 0, "text": "<a  href=\"https://m.weibo.cn/search?containerid=231522type%3D1%26t%3D10%26q%3D%23%E6%8A%97%E8%89%BE%E6%BB%8B%E8%8D%AF%E7%89%A9%E5%AF%B9%E6%96%B0%E5%86%A0%E9%87%8D%E7%97%87%E6%97%A0%E6%98%8E%E6%98%BE%E7%96%97%E6%95%88%23&extparam=%23%E6%8A%97%E8%89%BE%E6%BB%8B%E8%8D%AF%E7%89%A9%E5%AF%B9%E6%96%B0%E5%86%A0%E9%87%8D%E7%97%87%E6%97%A0%E6%98%8E%E6%98%BE%E7%96%97%E6%95%88%23&luicode=20000061&lfid=4484487541028943\" data-hide=\"\"><span class=\"surl-text\">#\u6297\u827e\u6ecb\u836f\u7269\u5bf9\u65b0\u51a0\u91cd\u75c7\u65e0\u660e\u663e\u7597\u6548#</span></a>\u5439\u4e86\u597d\u51e0\u4e2a\u6708\u7684\u795e\u836f\uff0c\u7834\u706d\u4e86\u2026\u2026 ", "textLength": 62, "source": "vivo X30 Pro\u4e13\u4e1a\u5f71\u50cf", "favorited": false, "pic_ids": ["eacedf04ly1gd05e2iangj20u01uongf"], "pic_types": "0", "pic_focus_point": [{"focus_point": {"left": 0.2666666805744171, "top": 0.34442269802093506, "width": 0.5449275374412537, "height": 0.2452707141637802}, "pic_id": "eacedf04ly1gd05e2iangj20u01uongf"}], "falls_pic_focus_point": [], "pic_rectangle_object": [], "pic_flag": 1, "thumbnail_pic": "https://wx4.sinaimg.cn/thumbnail/eacedf04ly1gd05e2iangj20u01uongf.jpg", "bmiddle_pic": "http://wx4.sinaimg.cn/bmiddle/eacedf04ly1gd05e2iangj20u01uongf.jpg", "original_pic": "https://wx4.sinaimg.cn/large/eacedf04ly1gd05e2iangj20u01uongf.jpg", "is_paid": false, "mblog_vip_type": 0, "user": {"id": 3939426052, "screen_name": "\u5730\u74dc\u718a\u8001\u516d", "profile_image_url": "https://tvax2.sinaimg.cn/crop.0.40.649.649.180/eacedf04ly8geb0ltyihbj20j60j60tm.jpg?KID=imgbed,tva&Expires=1619695319&ssig=R%2FpEXjh4gW", "profile_url": "https://m.weibo.cn/u/3939426052?uid=3939426052&luicode=20000061&lfid=4484487541028943", "statuses_count": 95634, "verified": true, "verified_type": 0, "verified_type_ext": 1, "verified_reason": "\u6f2b\u753b\u5bb6\uff0c\u4ee3\u8868\u4f5c\u300a\u718a\u4e86\uff0c\u8001\u516d\u300b \u5fae\u535a\u539f\u521b\u89c6\u9891\u535a\u4e3b", "close_blue_v": false, "description": "\u7231\u56fd\u5c0f\u5206\u961f\u961f\u957f", "gender": "m", "mbtype": 12, "urank": 48, "mbrank": 7, "follow_me": false, "following": false, "followers_count": 6481281, "follow_count": 3678, "cover_image_phone": "https://wx1.sinaimg.cn/crop.0.0.640.640.640/004iBqFSly1gnh0t3gbgij60u00u07m302.jpg", "avatar_hd": "https://wx2.sinaimg.cn/orj480/eacedf04ly8geb0ltyihbj20j60j60tm.jpg", "like": false, "like_me": false, "badge": {"bind_taobao": 1, "vip_activity2": 1, "self_media": 1, "dzwbqlx_2016": 1, "follow_whitelist_video": 1, "league_badge": 1, "user_name_certificate": 1, "wenchuan_10th": 1, "super_star_2018": 1, "wenda_v2": 1, "league_badge_2018": 1, "qixi_2018": 1, "memorial_2018": 1, "hongbaofei_2019": 1, "womensday_2018": 1, "suishoupai_2019": 1, "wusi_2019": 1, "hongrenjie_2019": 1, "china_2019": 1, "hongkong_2019": 1, "dzwbqlx_2019": 1, "rrgyj_2019": 1, "weishi_2019": 1, "wbzy_2019": 1, "starlight_2019": 1, "gongjiri_2019": 1, "hongbao_2020": 1, "feiyan_2020": 1, "kangyi_2020": 1, "daka_2020": 1, "graduation_2020": 1, "pc_new": 1, "hongrenjie_2020": 1, "china_2020": 1, "weibozhiye_2020": 1, "lvzhilingyang_2021": 1}}, "picStatus": "0:1", "reposts_count": 115, "comments_count": 209, "attitudes_count": 1492, "pending_approval_count": 0, "isLongText": false, "reward_exhibition_type": 2, "reward_scheme": "sinaweibo://reward?bid=1000293251&enter_id=1000293251&enter_type=1&oid=4484487541028943&seller=3939426052&share=18cb5613ebf3d8aadd9975c1036ab1f47&sign=b525331a5bc4d9d406a9a565da683336", "hide_flag": 0, "mlevel": 0, "darwin_tags": [], "mblogtype": 0, "more_info_type": 0, "number_display_strategy": {"apply_scenario_flag": 3, "display_text_min_number": 1000000, "display_text": "100\u4e07+"}, "content_auth": 0, "pic_num": 1, "alchemy_params": {"ug_red_envelope": false}, "page_info": {"type": "search_topic", "object_type": 0, "page_pic": {"url": "https://wx3.sinaimg.cn/large/006yfjs1ly1gczojxvsu1j30dw0dwq40.jpg"}, "page_url": "https://m.weibo.cn/search?containerid=231522type%3D1%26t%3D10%26q%3D%23%E6%8A%97%E8%89%BE%E6%BB%8B%E8%8D%AF%E7%89%A9%E5%AF%B9%E6%96%B0%E5%86%A0%E9%87%8D%E7%97%87%E6%97%A0%E6%98%8E%E6%98%BE%E7%96%97%E6%95%88%23&extparam=%23%E6%8A%97%E8%89%BE%E6%BB%8B%E8%8D%AF%E7%89%A9%E5%AF%B9%E6%96%B0%E5%86%A0%E9%87%8D%E7%97%87%E6%97%A0%E6%98%8E%E6%98%BE%E7%96%97%E6%95%88%23&luicode=20000061&lfid=4484487541028943", "page_title": "#\u6297\u827e\u6ecb\u836f\u7269\u5bf9\u65b0\u51a0\u91cd\u75c7\u65e0\u660e\u663e\u7597\u6548#", "content1": "0\u8ba8\u8bba 0\u9605\u8bfb "}, "pics": [{"pid": "eacedf04ly1gd05e2iangj20u01uongf", "url": "https://wx4.sinaimg.cn/orj360/eacedf04ly1gd05e2iangj20u01uongf.jpg", "size": "orj360", "geo": {"width": 360, "height": 800, "croped": false}, "large": {"size": "large", "url": "https://wx4.sinaimg.cn/large/eacedf04ly1gd05e2iangj20u01uongf.jpg", "geo": {"width": "1080", "height": "2400", "croped": false}}}], "bid": "IzrUe4jFR", "buttons": [{"type": "follow", "name": "\u5173\u6ce8", "sub_type": 0, "params": {"uid": 3939426052}}], "status_title": "\u6297\u827e\u6ecb\u836f\u7269\u5bf9\u65b0\u51a0\u91cd\u75c7\u65e0\u660e\u663e\u7597\u6548", "ok": 1, "scheme": "https://weibo.cn/appurl?scheme=sinaweibo%3A%2F%2Fdetail%3Fmblogid%3D4484487541028943%26luicode%3D20000061%26lfid%3D4484487541028943&luicode=20000061&lfid=4484487541028943", "tipScheme": "https://weibo.cn/appurl?scheme=sinaweibo%3A%2F%2Fdetail%3Fmblogid%3D4484487541028943%26luicode%3D20000061%26lfid%3D4484487541028943&luicode=20000061&lfid=4484487541028943"}