[{"id": 4514213433356052, "created_at": "2020-06-10", "source": "", "user": {"id": 6605054503, "screen_name": "\u6155\u540d\u800c\u4ece", "profile_image_url": "https://tvax1.sinaimg.cn/crop.0.0.40.40.180/007d08p9ly8ftehfckmd3j3014014741.jpg?KID=imgbed,tva&Expires=1619205198&ssig=nIJoznLxuS", "verified": false, "verified_type": -1, "followers_count": 18, "mbtype": 0, "profile_url": "https://m.weibo.cn/u/6605054503?uid=6605054503", "remark": "", "following": false, "follow_me": false}, "text": "\u8f6c\u53d1\u5fae\u535a", "like_counts": 0, "liked": false}, {"id": 4512324650306250, "created_at": "2020-06-05", "source": "", "user": {"id": 2331067893, "screen_name": "\u6e05zhengqing", "profile_image_url": "https://tvax4.sinaimg.cn/crop.0.0.996.996.180/8af145f5ly8g78dlweaj4j20ro0rojta.jpg?KID=imgbed,tva&Expires=1619205198&ssig=GMoFguo9a8", "verified": true, "verified_type": 0, "followers_count": 698, "verified_type_ext": 0, "mbtype": 12, "profile_url": "https://m.weibo.cn/u/2331067893?uid=2331067893", "remark": "", "following": false, "follow_me": false}, "text": "\u8f6c\u53d1", "like_counts": 0, "liked": false}, {"id": 4512128139117334, "created_at": "2020-06-04", "source": "", "user": {"id": 7310104005, "screen_name": "\u4e91\u572d\u5b50", "profile_image_url": "https://tvax1.sinaimg.cn/default/images/default_avatar_male_180.gif?KID=imgbed,tva&Expires=1619205198&ssig=KAT3N0NnqN", "verified": false, "verified_type": -1, "followers_count": 11, "mbtype": 0, "profile_url": "https://m.weibo.cn/u/7310104005?uid=7310104005", "remark": "", "following": false, "follow_me": false}, "text": "\u8f6c\u53d1", "like_counts": 0, "liked": false}, {"id": 4512077965761932, "created_at": "2020-06-04", "source": "", "user": {"id": 6928744435, "screen_name": "l18679850538", "profile_image_url": "https://tvax1.sinaimg.cn/default/images/default_avatar_male_180.gif?KID=imgbed,tva&Expires=1619205198&ssig=KAT3N0NnqN", "verified": false, "verified_type": -1, "followers_count": 655, "mbtype": 0, "profile_url": "https://m.weibo.cn/u/6928744435?uid=6928744435", "remark": "", "following": false, "follow_me": false}, "text": "\u8f6c\u53d1\u5fae\u535a\u3002", "like_counts": 0, "liked": false}, {"id": 4512041279337048, "created_at": "2020-06-04", "source": "", "user": {"id": 3987330191, "screen_name": "\u9065\u9065\u65e0\u671fhui", "profile_image_url": "https://tva4.sinaimg.cn/crop.0.0.180.180.180/eda9d48fjw8ecp2yjurhyj20500500so.jpg?KID=imgbed,tva&Expires=1619205198&ssig=vC5uMx29u3", "verified": false, "verified_type": -1, "followers_count": 92, "mbtype": 0, "profile_url": "https://m.weibo.cn/u/3987330191?uid=3987330191", "remark": "", "following": false, "follow_me": false}, "text": "\u5fae\u535a", "like_counts": 0, "liked": false}, {"id": 4511856146769584, "created_at": "2020-06-03", "source": "", "user": {"id": 7310104005, "screen_name": "\u4e91\u572d\u5b50", "profile_image_url": "https://tvax1.sinaimg.cn/default/images/default_avatar_male_180.gif?KID=imgbed,tva&Expires=1619205198&ssig=KAT3N0NnqN", "verified": false, "verified_type": -1, "followers_count": 11, "mbtype": 0, "profile_url": "https://m.weibo.cn/u/7310104005?uid=7310104005", "remark": "", "following": false, "follow_me": false}, "text": "\u8f6c\u53d1", "like_counts": 0, "liked": false}, {"id": 4511849145736112, "created_at": "2020-06-03", "source": "", "user": {"id": 6117649539, "screen_name": "\u8c46\u835a15579128187", "profile_image_url": "https://tvax3.sinaimg.cn/crop.0.0.1080.1080.180/006G126Lly8gefh91htwoj30u00u0q6g.jpg?KID=imgbed,tva&Expires=1619205198&ssig=gstrDVSphy", "verified": false, "verified_type": -1, "followers_count": 29, "mbtype": 0, "profile_url": "https://m.weibo.cn/u/6117649539?uid=6117649539", "remark": "", "following": false, "follow_me": false}, "text": "\u8f6c\u53d1", "like_counts": 0, "liked": false}, {"id": 4511773192137624, "created_at": "2020-06-03", "source": "", "user": {"id": 3987330191, "screen_name": "\u9065\u9065\u65e0\u671fhui", "profile_image_url": "https://tva4.sinaimg.cn/crop.0.0.180.180.180/eda9d48fjw8ecp2yjurhyj20500500so.jpg?KID=imgbed,tva&Expires=1619205198&ssig=vC5uMx29u3", "verified": false, "verified_type": -1, "followers_count": 92, "mbtype": 0, "profile_url": "https://m.weibo.cn/u/3987330191?uid=3987330191", "remark": "", "following": false, "follow_me": false}, "text": "\u8f6c\u53d1\u5fae\u535a", "like_counts": 0, "liked": false}, {"id": 4511711338158637, "created_at": "2020-06-03", "source": "", "user": {"id": 5955453863, "screen_name": "\u51c9\u7c89\u7684\u7238\u7238", "profile_image_url": "https://tvax1.sinaimg.cn/default/images/default_avatar_male_180.gif?KID=imgbed,tva&Expires=1619205198&ssig=KAT3N0NnqN", "verified": false, "verified_type": -1, "followers_count": 10, "mbtype": 2, "profile_url": "https://m.weibo.cn/u/5955453863?uid=5955453863", "remark": "", "following": false, "follow_me": false}, "text": "\u62c5\u5fe7", "like_counts": 0, "liked": false}, {"id": 4511696079498205, "created_at": "2020-06-03", "source": "", "user": {"id": 2251512655, "screen_name": "HappyOpinky", "profile_image_url": "https://tva4.sinaimg.cn/crop.0.15.640.640.180/86335b4fjw8fan71p6hv9j20hs0inaak.jpg?KID=imgbed,tva&Expires=1619205198&ssig=gsM9qmjoba", "verified": false, "verified_type": -1, "followers_count": 48, "mbtype": 0, "profile_url": "https://m.weibo.cn/u/2251512655?uid=2251512655", "remark": "", "following": false, "follow_me": false}, "text": "\u8f6c\u53d1", "like_counts": 0, "liked": false}, {"id": 4511691516311727, "created_at": "2020-06-03", "source": "", "user": {"id": 5385420876, "screen_name": "\u65b0\u7684\u8d77\u70b966666", "profile_image_url": "https://tvax3.sinaimg.cn/crop.0.0.996.996.180/005SsFZ2ly8g78e903ooyj30ro0ro75m.jpg?KID=imgbed,tva&Expires=1619205200&ssig=TdXuOVt3nD", "verified": false, "verified_type": -1, "followers_count": 57, "mbtype": 0, "profile_url": "https://m.weibo.cn/u/5385420876?uid=5385420876", "remark": "", "following": false, "follow_me": false}, "text": "\u8f6c\u53d1", "like_counts": 1, "liked": false}, {"id": 4511690437907863, "created_at": "2020-06-03", "source": "", "user": {"id": 3304104547, "screen_name": "\u56edyuan\u56edyuan", "profile_image_url": "https://tvax1.sinaimg.cn/crop.0.0.996.996.180/c4f0a263ly8g767m3dwmvj20ro0rojtm.jpg?KID=imgbed,tva&Expires=1619205200&ssig=TgD9KePS5i", "verified": false, "verified_type": -1, "followers_count": 380, "mbtype": 0, "profile_url": "https://m.weibo.cn/u/3304104547?uid=3304104547", "remark": "", "following": false, "follow_me": false}, "text": "\u8f6c", "like_counts": 0, "liked": false}, {"id": 4511664433901436, "created_at": "2020-06-03", "source": "", "user": {"id": 6928744389, "screen_name": "luohuan3501", "profile_image_url": "https://tvax1.sinaimg.cn/default/images/default_avatar_female_180.gif?KID=imgbed,tva&Expires=1619205200&ssig=jLJ1MJ3y%2B5", "verified": false, "verified_type": -1, "followers_count": 10, "mbtype": 0, "profile_url": "https://m.weibo.cn/u/6928744389?uid=6928744389", "remark": "", "following": false, "follow_me": false}, "text": "\u8f6c\u53d1\u5fae\u535a", "like_counts": 0, "liked": false}, {"id": 4511657809951561, "created_at": "2020-06-03", "source": "", "user": {"id": 2815170350, "screen_name": "\u79d1\u6bd4\u95e8\u5f92MrD", "profile_image_url": "https://tva1.sinaimg.cn/crop.0.0.180.180.180/a7cc172ejw1e8qgp5bmzyj2050050aa8.jpg?KID=imgbed,tva&Expires=1619205200&ssig=%2F41lklUPrV", "verified": false, "verified_type": -1, "followers_count": 131, "mbtype": 0, "profile_url": "https://m.weibo.cn/u/2815170350?uid=2815170350", "remark": "", "following": false, "follow_me": false}, "text": "\u52a0\u6cb9", "like_counts": 0, "liked": false}, {"id": 4511651628715807, "created_at": "2020-06-03", "source": "", "user": {"id": 6117649539, "screen_name": "\u8c46\u835a15579128187", "profile_image_url": "https://tvax3.sinaimg.cn/crop.0.0.1080.1080.180/006G126Lly8gefh91htwoj30u00u0q6g.jpg?KID=imgbed,tva&Expires=1619205200&ssig=IgdlY%2FBQCA", "verified": false, "verified_type": -1, "followers_count": 29, "mbtype": 0, "profile_url": "https://m.weibo.cn/u/6117649539?uid=6117649539", "remark": "", "following": false, "follow_me": false}, "text": "\u8f6c\u53d1", "like_counts": 0, "liked": false}, {"id": 4511649794797556, "created_at": "2020-06-03", "source": "", "user": {"id": 1600897281, "screen_name": "_\u5c0f\u5c0f\u5c0f\u6a02\u5440", "profile_image_url": "https://tvax2.sinaimg.cn/crop.0.0.996.996.180/5f6bc101ly8g78daa8a7aj20ro0rotbt.jpg?KID=imgbed,tva&Expires=1619205200&ssig=surMXWSYlD", "verified": false, "verified_type": -1, "followers_count": 149, "mbtype": 0, "profile_url": "https://m.weibo.cn/u/1600897281?uid=1600897281", "remark": "", "following": false, "follow_me": false}, "text": "\u8f6c\u53d1\u5fae\u535a", "like_counts": 0, "liked": false}, {"id": 4511646011739358, "created_at": "2020-06-03", "source": "", "user": {"id": 6900797730, "screen_name": "\u57ce\u5916\u57ce\u4eba", "profile_image_url": "https://tvax1.sinaimg.cn/crop.0.0.132.132.180/007x12Jcly4fyke30cm8aj303o03o0sl.jpg?KID=imgbed,tva&Expires=1619205200&ssig=QP9nRmpkFK", "verified": false, "verified_type": -1, "followers_count": 51, "mbtype": 0, "profile_url": "https://m.weibo.cn/u/6900797730?uid=6900797730", "remark": "", "following": false, "follow_me": false}, "text": "\u8f6c\u53d1\u5fae\u535a", "like_counts": 0, "liked": false}, {"id": 4511634770471558, "created_at": "2020-06-03", "source": "", "user": {"id": 6901497647, "screen_name": "LIYYsunshine", "profile_image_url": "https://tvax1.sinaimg.cn/crop.0.71.970.970.180/007x3YObly8gf950w2lo4j30qy0uw402.jpg?KID=imgbed,tva&Expires=1619205200&ssig=zHwolHie%2Fj", "verified": false, "verified_type": -1, "followers_count": 30, "mbtype": 0, "profile_url": "https://m.weibo.cn/u/6901497647?uid=6901497647", "remark": "", "following": false, "follow_me": false}, "text": "\u8f6c\u53d1\u5fae\u535a", "like_counts": 2, "liked": false}, {"id": 4511627683181245, "created_at": "2020-06-03", "source": "", "user": {"id": 2812876987, "screen_name": "\u4f18\u4f18yuna_725", "profile_image_url": "https://tvax4.sinaimg.cn/crop.0.0.512.512.180/a7a918bbly8gkuily46zuj20e80e80t9.jpg?KID=imgbed,tva&Expires=1619205200&ssig=CFuUjj5LOD", "verified": false, "verified_type": -1, "followers_count": 79, "mbtype": 0, "profile_url": "https://m.weibo.cn/u/2812876987?uid=2812876987", "remark": "", "following": false, "follow_me": false}, "text": "\u9632\u75ab\u96be", "like_counts": 1, "liked": false}, {"id": 4511620258310886, "created_at": "2020-06-03", "source": "", "user": {"id": 7308693016, "screen_name": "gantao719", "profile_image_url": "https://tvax4.sinaimg.cn/crop.0.0.996.996.180/007YCwVqly8g79abai9i8j30ro0ro78i.jpg?KID=imgbed,tva&Expires=1619205202&ssig=BzOjvCBGFk", "verified": false, "verified_type": -1, "followers_count": 10, "mbtype": 0, "profile_url": "https://m.weibo.cn/u/7308693016?uid=7308693016", "remark": "", "following": false, "follow_me": false}, "text": "\u8f6c\u53d1\u5fae\u535a", "like_counts": 0, "liked": false}, {"id": 4511619155057552, "created_at": "2020-06-03", "source": "", "user": {"id": 7282499371, "screen_name": "\u7af9\u97f5\u5170\u99a8dIx", "profile_image_url": "https://tvax1.sinaimg.cn/crop.0.0.664.664.180/007WQCLhly8g60j0r2cm1j30ig0igmyz.jpg?KID=imgbed,tva&Expires=1619205202&ssig=mGqSjjo5lS", "verified": false, "verified_type": -1, "followers_count": 47, "mbtype": 0, "profile_url": "https://m.weibo.cn/u/7282499371?uid=7282499371", "remark": "", "following": false, "follow_me": false}, "text": "\u4e0d\u6ce8\u610f\u9632\u75ab\u96be\u529e\u554a", "like_counts": 3, "liked": false}, {"id": 4511604358071013, "created_at": "2020-06-03", "source": "", "user": {"id": 6325426547, "screen_name": "\u5357\u98ce8368", "profile_image_url": "https://tvax2.sinaimg.cn/crop.0.0.621.621.180/006U4QoPly8fjg1lxe35nj30h90h9js8.jpg?KID=imgbed,tva&Expires=1619205202&ssig=haULnhjPF%2F", "verified": false, "verified_type": -1, "followers_count": 978, "mbtype": 0, "profile_url": "https://m.weibo.cn/u/6325426547?uid=6325426547", "remark": "", "following": false, "follow_me": false}, "text": "\u8f6c\u53d1\u5fae\u535a", "like_counts": 0, "liked": false}, {"id": 4511522045640929, "created_at": "2020-06-03", "source": "", "user": {"id": 3221888830, "screen_name": "\u6587\u6587\u7684\u6625\u5929\u6765\u4e86", "profile_image_url": "https://tvax3.sinaimg.cn/crop.0.0.512.512.180/c00a1f3ely8g60m7ux3gej20e80e8gmf.jpg?KID=imgbed,tva&Expires=1619205202&ssig=zR3abU2A%2BT", "verified": false, "verified_type": -1, "followers_count": 56, "mbtype": 0, "profile_url": "https://m.weibo.cn/u/3221888830?uid=3221888830", "remark": "", "following": false, "follow_me": false}, "text": "\u4e25\u9632", "like_counts": 0, "liked": false}, {"id": 4511509302757366, "created_at": "2020-06-02", "source": "", "user": {"id": 5740351402, "screen_name": "\u84dd\u975267629", "profile_image_url": "https://tva4.sinaimg.cn/crop.0.0.132.132.180/006gtVCWjw8exowl2reo1j303o03oglg.jpg?KID=imgbed,tva&Expires=1619205202&ssig=CH%2BUavw147", "verified": false, "verified_type": -1, "followers_count": 816, "mbtype": 0, "profile_url": "https://m.weibo.cn/u/5740351402?uid=5740351402", "remark": "", "following": false, "follow_me": false}, "text": "<span class=\"url-icon\"><img alt=[good] src=\"https://h5.sinaimg.cn/m/emoticon/icon/others/h_good-0c51afc69c.png\" style=\"width:1em; height:1em;\" /></span><span class=\"url-icon\"><img alt=[good] src=\"https://h5.sinaimg.cn/m/emoticon/icon/others/h_good-0c51afc69c.png\" style=\"width:1em; height:1em;\" /></span><span class=\"url-icon\"><img alt=[good] src=\"https://h5.sinaimg.cn/m/emoticon/icon/others/h_good-0c51afc69c.png\" style=\"width:1em; height:1em;\" /></span>", "like_counts": 0, "liked": false}, {"id": 4511509085169013, "created_at": "2020-06-02", "source": "", "user": {"id": 6117649539, "screen_name": "\u8c46\u835a15579128187", "profile_image_url": "https://tvax3.sinaimg.cn/crop.0.0.1080.1080.180/006G126Lly8gefh91htwoj30u00u0q6g.jpg?KID=imgbed,tva&Expires=1619205202&ssig=B4leZNaB2Z", "verified": false, "verified_type": -1, "followers_count": 29, "mbtype": 0, "profile_url": "https://m.weibo.cn/u/6117649539?uid=6117649539", "remark": "", "following": false, "follow_me": false}, "text": "\u6570\u636e\u60ca\u4eba\u554a", "like_counts": 0, "liked": false}, {"id": 4511502973860956, "created_at": "2020-06-02", "source": "", "user": {"id": 7166212192, "screen_name": "\u5927\u5934\u6d0b\u7684\u5988", "profile_image_url": "https://tvax1.sinaimg.cn/crop.0.0.1080.1080.180/007OYH9Cly8g3i0vyeqlvj30u00u0gp2.jpg?KID=imgbed,tva&Expires=1619205202&ssig=d%2FSjcd31Eh", "verified": false, "verified_type": -1, "followers_count": 29, "mbtype": 0, "profile_url": "https://m.weibo.cn/u/7166212192?uid=7166212192", "remark": "", "following": false, "follow_me": false}, "text": "\u8f6c\u53d1\u5fae\u535a", "like_counts": 0, "liked": false}, {"id": 4511499576730530, "created_at": "2020-06-02", "source": "", "user": {"id": 7310191281, "screen_name": "\u5c71\u5c06\u6210", "profile_image_url": "https://tvax1.sinaimg.cn/default/images/default_avatar_male_180.gif?KID=imgbed,tva&Expires=1619205202&ssig=Tzs%2FGLPRjh", "verified": false, "verified_type": -1, "followers_count": 49, "mbtype": 0, "profile_url": "https://m.weibo.cn/u/7310191281?uid=7310191281", "remark": "", "following": false, "follow_me": false}, "text": "\u8f6c\u53d1\u5fae\u535a", "like_counts": 0, "liked": false}, {"id": 4511497445851773, "created_at": "2020-06-02", "source": "", "user": {"id": 7298538153, "screen_name": "\u7ec6\u55c5\u8537\u8587Ann", "profile_image_url": "https://tvax3.sinaimg.cn/crop.0.0.1080.1080.180/007XVVbjly8ge7hcva9msj30u00u0adb.jpg?KID=imgbed,tva&Expires=1619205202&ssig=6gwVdPsT2W", "verified": false, "verified_type": -1, "followers_count": 24, "mbtype": 0, "profile_url": "https://m.weibo.cn/u/7298538153?uid=7298538153", "remark": "", "following": false, "follow_me": false}, "text": "\ud83d\udc4d", "like_counts": 0, "liked": false}, {"id": 4511497428833613, "created_at": "2020-06-02", "source": "", "user": {"id": 7298538153, "screen_name": "\u7ec6\u55c5\u8537\u8587Ann", "profile_image_url": "https://tvax3.sinaimg.cn/crop.0.0.1080.1080.180/007XVVbjly8ge7hcva9msj30u00u0adb.jpg?KID=imgbed,tva&Expires=1619205202&ssig=6gwVdPsT2W", "verified": false, "verified_type": -1, "followers_count": 24, "mbtype": 0, "profile_url": "https://m.weibo.cn/u/7298538153?uid=7298538153", "remark": "", "following": false, "follow_me": false}, "text": "\u8f6c\u53d1\u5fae\u535a", "like_counts": 0, "liked": false}, {"id": 4511497357937258, "created_at": "2020-06-02", "source": "", "user": {"id": 5812176900, "screen_name": "\u76ae\u533b\u751f666", "profile_image_url": "https://tva4.sinaimg.cn/crop.0.0.40.40.180/006lliIIjw8ezfd7d8k6yj30140140sh.jpg?KID=imgbed,tva&Expires=1619205204&ssig=wibQA2RZUt", "verified": false, "verified_type": -1, "followers_count": 1484, "mbtype": 0, "profile_url": "https://m.weibo.cn/u/5812176900?uid=5812176900", "remark": "", "following": false, "follow_me": false}, "text": "<span class=\"url-icon\"><img alt=[\u611f\u5192] src=\"https://h5.sinaimg.cn/m/emoticon/icon/default/d_ganmao-286fc59b6d.png\" style=\"width:1em; height:1em;\" /></span><span class=\"url-icon\"><img alt=[\u611f\u5192] src=\"https://h5.sinaimg.cn/m/emoticon/icon/default/d_ganmao-286fc59b6d.png\" style=\"width:1em; height:1em;\" /></span><span class=\"url-icon\"><img alt=[\u611f\u5192] src=\"https://h5.sinaimg.cn/m/emoticon/icon/default/d_ganmao-286fc59b6d.png\" style=\"width:1em; height:1em;\" /></span>", "like_counts": 0, "liked": false}, {"id": 4511490826051629, "created_at": "2020-06-02", "source": "", "user": {"id": 2647360984, "screen_name": "taozitao1104", "profile_image_url": "https://tvax1.sinaimg.cn/default/images/default_avatar_female_180.gif?KID=imgbed,tva&Expires=1619205204&ssig=Ub5f0UWPvi", "verified": false, "verified_type": -1, "followers_count": 3, "mbtype": 0, "profile_url": "https://m.weibo.cn/u/2647360984?uid=2647360984", "remark": "", "following": false, "follow_me": false}, "text": "\u79d1\u5b66\u9632\u75ab", "like_counts": 0, "liked": false}, {"id": 4511489690709674, "created_at": "2020-06-02", "source": "", "user": {"id": 5310632501, "screen_name": "\u5c0f\u8d22\u8ff7\u5230\u5904\u88ab\u5751\u7239", "profile_image_url": "https://tvax4.sinaimg.cn/crop.0.0.1080.1080.180/005NoS6Vly8gdmsca0q6lj30u00u0taq.jpg?KID=imgbed,tva&Expires=1619205204&ssig=uieXB4zbvT", "verified": false, "verified_type": -1, "followers_count": 101, "mbtype": 2, "profile_url": "https://m.weibo.cn/u/5310632501?uid=5310632501", "remark": "", "following": false, "follow_me": false}, "text": "\u8f6c\u53d1\u5fae\u535a", "like_counts": 1, "liked": false}, {"id": 4511484459563965, "created_at": "2020-06-02", "source": "", "user": {"id": 2623220190, "screen_name": "\u5173\u96ce\u5728\u6cb3\u5dde", "profile_image_url": "https://tva4.sinaimg.cn/crop.0.0.480.480.180/9c5b29dejw8ekoyj0f5x8j20dc0dcaah.jpg?KID=imgbed,tva&Expires=1619205204&ssig=mNT%2BaokxKJ", "verified": false, "verified_type": -1, "followers_count": 51, "mbtype": 0, "profile_url": "https://m.weibo.cn/u/2623220190?uid=2623220190", "remark": "", "following": false, "follow_me": false}, "text": "\u8f6c\u53d1\u5fae\u535a", "like_counts": 0, "liked": false}, {"id": 4511479582409026, "created_at": "2020-06-02", "source": "", "user": {"id": 2541002050, "screen_name": "lesyi12138", "profile_image_url": "https://tva4.sinaimg.cn/crop.0.0.720.720.180/97749d42jw8ekuuewwzgnj20k00k0q3z.jpg?KID=imgbed,tva&Expires=1619205204&ssig=liWXmorv1L", "verified": false, "verified_type": -1, "followers_count": 40, "mbtype": 0, "profile_url": "https://m.weibo.cn/u/2541002050?uid=2541002050", "remark": "", "following": false, "follow_me": false}, "text": "\u518d\u4e0d\u9632\u75ab\u771f\u8981\u7fa4\u4f53\u514d\u75ab", "like_counts": 1, "liked": false}, {"id": 4511479288396021, "created_at": "2020-06-02", "source": "", "user": {"id": 7308899432, "screen_name": "\u8a00\u8bed4321", "profile_image_url": "https://tvax1.sinaimg.cn/default/images/default_avatar_female_180.gif?KID=imgbed,tva&Expires=1619205204&ssig=Ub5f0UWPvi", "verified": false, "verified_type": -1, "followers_count": 2, "mbtype": 0, "profile_url": "https://m.weibo.cn/u/7308899432?uid=7308899432", "remark": "", "following": false, "follow_me": false}, "text": "\u8f6c\u53d1", "like_counts": 0, "liked": false}, {"id": 4511479036268375, "created_at": "2020-06-02", "source": "", "user": {"id": 3214234833, "screen_name": "lvy122\u6b22", "profile_image_url": "https://tva1.sinaimg.cn/crop.0.0.180.180.180/bf9554d1jw1e8qgp5bmzyj2050050aa8.jpg?KID=imgbed,tva&Expires=1619205204&ssig=d0DUtGnOMC", "verified": false, "verified_type": -1, "followers_count": 222, "mbtype": 0, "profile_url": "https://m.weibo.cn/u/3214234833?uid=3214234833", "remark": "", "following": false, "follow_me": false}, "text": "\u7f8e\u56fd\u65b0\u51a0\u75c5\u4eba\u592a\u591a\u4e86", "like_counts": 1, "liked": false}, {"id": 4511477883671501, "created_at": "2020-06-02", "source": "", "user": {"id": 5030744166, "screen_name": "nxzx5881018", "profile_image_url": "https://tva4.sinaimg.cn/crop.408.149.1228.1228.180/005usumWgw1ede3uew387j31kw16oh5z.jpg?KID=imgbed,tva&Expires=1619205204&ssig=ltwTMrg02U", "verified": false, "verified_type": -1, "followers_count": 47, "mbtype": 0, "profile_url": "https://m.weibo.cn/u/5030744166?uid=5030744166", "remark": "", "following": false, "follow_me": false}, "text": "\u7f8e\u56fd\u653f\u5e9c\u5462", "like_counts": 0, "liked": false}, {"id": 4511458807692323, "created_at": "2020-06-02", "source": "", "user": {"id": 7309834020, "screen_name": "\u7528\u6237NCXWJW\u5f20\u91d1\u6885", "profile_image_url": "https://tvax1.sinaimg.cn/default/images/default_avatar_female_180.gif?KID=imgbed,tva&Expires=1619205204&ssig=Ub5f0UWPvi", "verified": false, "verified_type": -1, "followers_count": 52, "mbtype": 0, "profile_url": "https://m.weibo.cn/u/7309834020?uid=7309834020", "remark": "", "following": false, "follow_me": false}, "text": "\u8981\u79d1\u5b66\u9632\u63a7", "like_counts": 0, "liked": false}, {"id": 4511454579377883, "created_at": "2020-06-02", "source": "", "user": {"id": 7146513808, "screen_name": "\u6f2b\u8dd1\u80052019", "profile_image_url": "https://tvax4.sinaimg.cn/crop.0.0.132.132.180/007NE2HKly4g35byfcmwgj303o03oa9x.jpg?KID=imgbed,tva&Expires=1619205204&ssig=Eg8lJseDOo", "verified": false, "verified_type": -1, "followers_count": 984, "mbtype": 2, "profile_url": "https://m.weibo.cn/u/7146513808?uid=7146513808", "remark": "", "following": false, "follow_me": false}, "text": "\u7f8e\u56fd\u6b7b\u4ea1\u5341\u4e07\u80fd\u65e0\u75ab\u60c5\uff1f", "like_counts": 0, "liked": false}, {"id": 4511453238168251, "created_at": "2020-06-02", "source": "", "user": {"id": 5799815028, "screen_name": "\u4e00\u7bee\u65b0\u670876218", "profile_image_url": "https://tva1.sinaimg.cn/crop.0.0.50.50.180/006kvqPGjw8ez5bkgdcgtj301e01ea9t.jpg?KID=imgbed,tva&Expires=1619205206&ssig=LYoqehfGoC", "verified": false, "verified_type": -1, "followers_count": 1682, "mbtype": 0, "profile_url": "https://m.weibo.cn/u/5799815028?uid=5799815028", "remark": "", "following": false, "follow_me": false}, "text": "11\u4e07\uff01", "like_counts": 0, "liked": false}, {"id": 4511452093059745, "created_at": "2020-06-02", "source": "", "user": {"id": 7436965250, "screen_name": "luoaihuaer", "profile_image_url": "https://tvax1.sinaimg.cn/default/images/default_avatar_male_180.gif?KID=imgbed,tva&Expires=1619205206&ssig=iN22aNLuPz", "verified": false, "verified_type": -1, "followers_count": 48, "mbtype": 0, "profile_url": "https://m.weibo.cn/u/7436965250?uid=7436965250", "remark": "", "following": false, "follow_me": false}, "text": "\u8f6c\u53d1\u5fae\u535a", "like_counts": 0, "liked": false}, {"id": 4511452017225338, "created_at": "2020-06-02", "source": "", "user": {"id": 2662422913, "screen_name": "\u65f8\u65f8620", "profile_image_url": "https://tva1.sinaimg.cn/crop.0.0.750.750.180/9eb15981jw8ey48vfcdo9j20ku0kv404.jpg?KID=imgbed,tva&Expires=1619205206&ssig=HkPmxtVIUX", "verified": false, "verified_type": -1, "followers_count": 250, "mbtype": 0, "profile_url": "https://m.weibo.cn/u/2662422913?uid=2662422913", "remark": "", "following": false, "follow_me": false}, "text": "<span class=\"url-icon\"><img alt=[\u9ed1\u7ebf] src=\"https://h5.sinaimg.cn/m/emoticon/icon/default/d_heixian-1bcf71bba6.png\" style=\"width:1em; height:1em;\" /></span><span class=\"url-icon\"><img alt=[\u9ed1\u7ebf] src=\"https://h5.sinaimg.cn/m/emoticon/icon/default/d_heixian-1bcf71bba6.png\" style=\"width:1em; height:1em;\" /></span><span class=\"url-icon\"><img alt=[\u9ed1\u7ebf] src=\"https://h5.sinaimg.cn/m/emoticon/icon/default/d_heixian-1bcf71bba6.png\" style=\"width:1em; height:1em;\" /></span><span class=\"url-icon\"><img alt=[\u9ed1\u7ebf] src=\"https://h5.sinaimg.cn/m/emoticon/icon/default/d_heixian-1bcf71bba6.png\" style=\"width:1em; height:1em;\" /></span>", "like_counts": 0, "liked": false}, {"id": 4511451623374503, "created_at": "2020-06-02", "source": "", "user": {"id": 7308532783, "screen_name": "\u6c34\u679c\u5976\u83366", "profile_image_url": "https://tvax3.sinaimg.cn/crop.0.0.996.996.180/007YBRf1ly8g75qtasa0rj30ro0ro418.jpg?KID=imgbed,tva&Expires=1619205206&ssig=fG75k6B8V4", "verified": false, "verified_type": -1, "followers_count": 5, "mbtype": 0, "profile_url": "https://m.weibo.cn/u/7308532783?uid=7308532783", "remark": "", "following": false, "follow_me": false}, "text": "\u8f6c\u53d1", "like_counts": 0, "liked": false}, {"id": 4511440982257210, "created_at": "2020-06-02", "source": "", "user": {"id": 6454087653, "screen_name": "poppy1358", "profile_image_url": "https://tvax1.sinaimg.cn/crop.0.0.1002.1002.180/0072MH1Xly8gfcyorolb6j30ru0rujt3.jpg?KID=imgbed,tva&Expires=1619205206&ssig=fB4AoV9y1c", "verified": false, "verified_type": -1, "followers_count": 38, "mbtype": 0, "profile_url": "https://m.weibo.cn/u/6454087653?uid=6454087653", "remark": "", "following": false, "follow_me": false}, "text": "\u79d1\u5b66\u9632\u75ab\uff0c\u62d2\u7edd\u4eba\u53e3\u805a\u96c6\u3002", "like_counts": 0, "liked": false}, {"id": 4511440512047155, "created_at": "2020-06-02", "source": "", "user": {"id": 7308548953, "screen_name": "NCX\u7f8a\u4e94", "profile_image_url": "https://tvax1.sinaimg.cn/default/images/default_avatar_male_180.gif?KID=imgbed,tva&Expires=1619205206&ssig=iN22aNLuPz", "verified": false, "verified_type": -1, "followers_count": 1483, "mbtype": 0, "profile_url": "https://m.weibo.cn/u/7308548953?uid=7308548953", "remark": "", "following": false, "follow_me": false}, "text": "\u7f8e\u56fd\u7684\u50b2\u6162\u8ba9\u56fd\u6c11\u906d\u53d7\u5de8\u5927\u635f\u5931\u3002", "like_counts": 1, "liked": false}, {"id": 4511438704726016, "created_at": "2020-06-02", "source": "", "user": {"id": 3291437413, "screen_name": "\u708a\u70df\u5df2\u8d77", "profile_image_url": "https://tvax2.sinaimg.cn/crop.0.0.960.960.180/c42f5965ly8fu00b5wmjmj20qo0qo0w9.jpg?KID=imgbed,tva&Expires=1619205206&ssig=6kx3aZrgcj", "verified": false, "verified_type": -1, "followers_count": 35, "mbtype": 12, "profile_url": "https://m.weibo.cn/u/3291437413?uid=3291437413", "remark": "", "following": false, "follow_me": false}, "text": "\u8f6c\u53d1\u5fae\u535a", "like_counts": 0, "liked": false}, {"id": 4511430651138938, "created_at": "2020-06-02", "source": "", "user": {"id": 6379327652, "screen_name": "\u4e0a\u5584\u82e5\u6c348559", "profile_image_url": "https://tvax3.sinaimg.cn/crop.0.0.640.640.180/006XJ0xuly8fka0sjciqgj30hs0hsq3z.jpg?KID=imgbed,tva&Expires=1619205206&ssig=m2%2F73ya19r", "verified": false, "verified_type": -1, "followers_count": 5, "mbtype": 0, "profile_url": "https://m.weibo.cn/u/6379327652?uid=6379327652", "remark": "", "following": false, "follow_me": false}, "text": "\u8f6c\u53d1\u5fae\u535a", "like_counts": 0, "liked": false}, {"id": 4511429540431030, "created_at": "2020-06-02", "source": "", "user": {"id": 7222954231, "screen_name": "\u5434\u6240\u8c13XIONG", "profile_image_url": "https://tvax1.sinaimg.cn/default/images/default_avatar_male_180.gif?KID=imgbed,tva&Expires=1619205206&ssig=iN22aNLuPz", "verified": false, "verified_type": -1, "followers_count": 989, "mbtype": 0, "profile_url": "https://m.weibo.cn/u/7222954231?uid=7222954231", "remark": "", "following": false, "follow_me": false}, "text": "\u7f8e\u56fd\u653f\u5e9c\u4e0d\u4f5c\u4e3a", "like_counts": 1, "liked": false}, {"id": 4511429506484483, "created_at": "2020-06-02", "source": "", "user": {"id": 6823952110, "screen_name": "\u5408\u4e4e\u60c5\u740601\u65b0\u53f7", "profile_image_url": "https://tvax2.sinaimg.cn/crop.0.0.996.996.180/007rOBFIly8geprqelpaaj30ro0rotat.jpg?KID=imgbed,tva&Expires=1619205207&ssig=LNYm8DaUf3", "verified": false, "verified_type": -1, "followers_count": 95, "mbtype": 2, "profile_url": "https://m.weibo.cn/u/6823952110?uid=6823952110", "remark": "", "following": false, "follow_me": false}, "text": "<span class=\"url-icon\"><img alt=[good] src=\"https://h5.sinaimg.cn/m/emoticon/icon/others/h_good-0c51afc69c.png\" style=\"width:1em; height:1em;\" /></span><span class=\"url-icon\"><img alt=[good] src=\"https://h5.sinaimg.cn/m/emoticon/icon/others/h_good-0c51afc69c.png\" style=\"width:1em; height:1em;\" /></span><span class=\"url-icon\"><img alt=[good] src=\"https://h5.sinaimg.cn/m/emoticon/icon/others/h_good-0c51afc69c.png\" style=\"width:1em; height:1em;\" /></span>", "like_counts": 0, "liked": false}, {"id": 4511426864268109, "created_at": "2020-06-02", "source": "", "user": {"id": 6325426547, "screen_name": "\u5357\u98ce8368", "profile_image_url": "https://tvax2.sinaimg.cn/crop.0.0.621.621.180/006U4QoPly8fjg1lxe35nj30h90h9js8.jpg?KID=imgbed,tva&Expires=1619205209&ssig=sKZNS%2FwHf%2F", "verified": false, "verified_type": -1, "followers_count": 978, "mbtype": 0, "profile_url": "https://m.weibo.cn/u/6325426547?uid=6325426547", "remark": "", "following": false, "follow_me": false}, "text": "<span class=\"url-icon\"><img alt=[\u5fae\u7b11] src=\"https://h5.sinaimg.cn/m/emoticon/icon/default/d_hehe-0be7e6251f.png\" style=\"width:1em; height:1em;\" /></span>", "like_counts": 0, "liked": false}, {"id": 4511426733229114, "created_at": "2020-06-02", "source": "", "user": {"id": 7290713894, "screen_name": "\u95f5\u5b66\u65876611998119", "profile_image_url": "https://tvax1.sinaimg.cn/default/images/default_avatar_male_180.gif?KID=imgbed,tva&Expires=1619205209&ssig=eHpEPMQxs2", "verified": false, "verified_type": -1, "followers_count": 18, "mbtype": 0, "profile_url": "https://m.weibo.cn/u/7290713894?uid=7290713894", "remark": "", "following": false, "follow_me": false}, "text": "\u8f6c\u53d1\u5fae\u535a", "like_counts": 0, "liked": false}]