[{"id": 4507317519483059, "created_at": "2020-05-22", "source": "", "user": {"id": 6336558648, "screen_name": "\u897f\u53cc\u7248\u7eb3\u653f\u6cd5", "profile_image_url": "https://tvax1.sinaimg.cn/crop.0.0.996.996.180/006UPymQly8gmckcy7pwxj30ro0ro0uy.jpg?KID=imgbed,tva&Expires=1619217190&ssig=mdrmp1fJoe", "verified": true, "verified_type": 1, "followers_count": 5280, "verified_type_ext": 0, "mbtype": 0, "profile_url": "https://m.weibo.cn/u/6336558648?uid=6336558648", "remark": "", "following": false, "follow_me": false}, "text": "<span class=\"url-icon\"><img alt=[\u8bdd\u7b52] src=\"https://h5.sinaimg.cn/m/emoticon/icon/others/o_huatong-0a3e80b147.png\" style=\"width:1em; height:1em;\" /></span><span class=\"url-icon\"><img alt=[\u8bdd\u7b52] src=\"https://h5.sinaimg.cn/m/emoticon/icon/others/o_huatong-0a3e80b147.png\" style=\"width:1em; height:1em;\" /></span><span class=\"url-icon\"><img alt=[\u8bdd\u7b52] src=\"https://h5.sinaimg.cn/m/emoticon/icon/others/o_huatong-0a3e80b147.png\" style=\"width:1em; height:1em;\" /></span>", "like_counts": 0, "liked": false}, {"id": 4501895698058615, "created_at": "2020-05-07", "source": "", "user": {"id": 6365983349, "screen_name": "\u7389\u9f99\u653f\u6cd5", "profile_image_url": "https://tvax4.sinaimg.cn/crop.187.61.614.614.180/006WP14Nly1g48ubfagkcj30sg0iun6r.jpg?KID=imgbed,tva&Expires=1619217190&ssig=AlK2CKccsA", "verified": true, "verified_type": 1, "followers_count": 67, "verified_type_ext": 50, "mbtype": 0, "profile_url": "https://m.weibo.cn/u/6365983349?uid=6365983349", "remark": "", "following": false, "follow_me": false}, "text": "<a class='k' href='https://m.weibo.cn/search?containerid=231522type%3D1%26t%3D10%26q%3D%23%E5%8D%B0%E5%B0%BC%E6%B5%81%E8%A1%8C%E6%99%92%E5%A4%AA%E9%98%B3%E9%A2%84%E9%98%B2%E6%96%B0%E5%86%A0%E7%97%85%E6%AF%92%23'>#\u5370\u5c3c\u6d41\u884c\u6652\u592a\u9633\u9884\u9632\u65b0\u51a0\u75c5\u6bd2#</a>\uff1a\u5149\u7740\u4e0a\u8eab\u5750\u5730\u4e0a<span class=\"url-icon\"><img alt=[\u6c57] src=\"https://h5.sinaimg.cn/m/emoticon/icon/default/d_han-d8ebda66d3.png\" style=\"width:1em; height:1em;\" /></span>//<a href='https://m.weibo.cn/n/\u4e3d\u6c5f\u653f\u6cd5'>@\u4e3d\u6c5f\u653f\u6cd5</a>: \u3010<a class='k' href='https://m.weibo.cn/search?containerid=231522type%3D1%26t%3D10%26q%3D%23%E5%8D%B0%E5%B0%BC%E6%B5%81%E8%A1%8C%E6%99%92%E5%A4%AA%E9%98%B3%E9%A2%84%E9%98%B2%E6%96%B0%E5%86%A0%E7%97%85%E6%AF%92%23'>#\u5370\u5c3c\u6d41\u884c\u6652\u592a\u9633\u9884\u9632\u65b0\u51a0\u75c5\u6bd2#</a>\uff1a\u5149\u7740\u4e0a\u8eab\u5750\u5730\u4e0a<span class=\"url-icon\"><img alt=[\u6c57] src=\"https://h5.sinaimg.cn/m/emoticon/icon/default/d_han-d8ebda66d3.png\" style=\"width:1em; height:1em;\" /></span>\u3011", "like_counts": 0, "liked": false}, {"id": 4501868628307543, "created_at": "2020-05-07", "source": "", "user": {"id": 7311913737, "screen_name": "\u695a\u96c4\u5dde\u653f\u6cd5", "profile_image_url": "https://tvax4.sinaimg.cn/crop.0.0.751.751.180/007YQ2Mxly8gln37lf686j30kv0kvmxz.jpg?KID=imgbed,tva&Expires=1619217190&ssig=fbUmg09jlt", "verified": true, "verified_type": 1, "followers_count": 929, "verified_type_ext": 50, "mbtype": 0, "profile_url": "https://m.weibo.cn/u/7311913737?uid=7311913737", "remark": "", "following": false, "follow_me": false}, "text": "<a class='k' href='https://m.weibo.cn/search?containerid=231522type%3D1%26t%3D10%26q%3D%23%E5%8D%B0%E5%B0%BC%E6%B5%81%E8%A1%8C%E6%99%92%E5%A4%AA%E9%98%B3%E9%A2%84%E9%98%B2%E6%96%B0%E5%86%A0%E7%97%85%E6%AF%92%23'>#\u5370\u5c3c\u6d41\u884c\u6652\u592a\u9633\u9884\u9632\u65b0\u51a0\u75c5\u6bd2#</a>\uff1a\u5149\u7740\u4e0a\u8eab\u5750\u5730\u4e0a<span class=\"url-icon\"><img alt=[\u6c57] src=\"https://h5.sinaimg.cn/m/emoticon/icon/default/d_han-d8ebda66d3.png\" style=\"width:1em; height:1em;\" /></span>", "like_counts": 0, "liked": false}, {"id": 4499817857064433, "created_at": "2020-05-01", "source": "", "user": {"id": 6385754865, "screen_name": "\u6012\u6c5f\u653f\u6cd5", "profile_image_url": "https://tvax1.sinaimg.cn/crop.105.34.358.358.180/006Y9Yydly8gdipjww75yj30hx0b4wg1.jpg?KID=imgbed,tva&Expires=1619217190&ssig=2bEB4z24W3", "verified": true, "verified_type": 1, "followers_count": 4437, "verified_type_ext": 0, "mbtype": 0, "profile_url": "https://m.weibo.cn/u/6385754865?uid=6385754865", "remark": "", "following": false, "follow_me": false}, "text": "\u3010<a class='k' href='https://m.weibo.cn/search?containerid=231522type%3D1%26t%3D10%26q%3D%23%E5%8D%B0%E5%B0%BC%E6%B5%81%E8%A1%8C%E6%99%92%E5%A4%AA%E9%98%B3%E9%A2%84%E9%98%B2%E6%96%B0%E5%86%A0%E7%97%85%E6%AF%92%23'>#\u5370\u5c3c\u6d41\u884c\u6652\u592a\u9633\u9884\u9632\u65b0\u51a0\u75c5\u6bd2#</a>\uff1a\u5149\u7740\u4e0a\u8eab\u5750\u5730\u4e0a<span class=\"url-icon\"><img alt=[\u6c57] src=\"https://h5.sinaimg.cn/m/emoticon/icon/default/d_han-d8ebda66d3.png\" style=\"width:1em; height:1em;\" /></span>\u3011", "like_counts": 0, "liked": false}, {"id": 4499775208834575, "created_at": "2020-05-01", "source": "", "user": {"id": 6364395726, "screen_name": "\u5927\u7406\u653f\u6cd5", "profile_image_url": "https://tvax4.sinaimg.cn/crop.88.29.222.222.180/006WIm3Yly8fjivqn57rij30b407umxc.jpg?KID=imgbed,tva&Expires=1619217190&ssig=mqvoLuCZyX", "verified": true, "verified_type": 1, "followers_count": 11205, "verified_type_ext": 50, "mbtype": 2, "profile_url": "https://m.weibo.cn/u/6364395726?uid=6364395726", "remark": "", "following": false, "follow_me": false}, "text": "<span class=\"url-icon\"><img alt=[\u8bdd\u7b52] src=\"https://h5.sinaimg.cn/m/emoticon/icon/others/o_huatong-0a3e80b147.png\" style=\"width:1em; height:1em;\" /></span><span class=\"url-icon\"><img alt=[\u8bdd\u7b52] src=\"https://h5.sinaimg.cn/m/emoticon/icon/others/o_huatong-0a3e80b147.png\" style=\"width:1em; height:1em;\" /></span>", "like_counts": 0, "liked": false}, {"id": 4499772059332019, "created_at": "2020-05-01", "source": "", "user": {"id": 6348346023, "screen_name": "\u7389\u6eaa\u653f\u6cd5", "profile_image_url": "https://tvax1.sinaimg.cn/crop.3.0.193.193.180/006VD0NNly8fisjta1n24j305k05kt8u.jpg?KID=imgbed,tva&Expires=1619217190&ssig=UikT1qN6FR", "verified": true, "verified_type": 1, "followers_count": 2948, "verified_type_ext": 50, "mbtype": 0, "profile_url": "https://m.weibo.cn/u/6348346023?uid=6348346023", "remark": "", "following": false, "follow_me": false}, "text": "<a class='k' href='https://m.weibo.cn/search?containerid=231522type%3D1%26t%3D10%26q%3D%23%E5%8D%B0%E5%B0%BC%E6%B5%81%E8%A1%8C%E6%99%92%E5%A4%AA%E9%98%B3%E9%A2%84%E9%98%B2%E6%96%B0%E5%86%A0%E7%97%85%E6%AF%92%23'>#\u5370\u5c3c\u6d41\u884c\u6652\u592a\u9633\u9884\u9632\u65b0\u51a0\u75c5\u6bd2#</a>\uff1a\u5149\u7740\u4e0a\u8eab\u5750\u5730\u4e0a<span class=\"url-icon\"><img alt=[\u6c57] src=\"https://h5.sinaimg.cn/m/emoticon/icon/default/d_han-d8ebda66d3.png\" style=\"width:1em; height:1em;\" /></span>", "like_counts": 0, "liked": false}, {"id": 4499755117686701, "created_at": "2020-05-01", "source": "", "user": {"id": 3672346913, "screen_name": "\u5e73\u5b89\u66f2\u9756", "profile_image_url": "https://tvax4.sinaimg.cn/crop.131.300.833.833.180/dae39121ly8gogvi4e1i0j20ts15oahb.jpg?KID=imgbed,tva&Expires=1619217190&ssig=g8N%2FAm8z5a", "verified": true, "verified_type": 1, "followers_count": 29523, "verified_type_ext": 0, "mbtype": 2, "profile_url": "https://m.weibo.cn/u/3672346913?uid=3672346913", "remark": "", "following": false, "follow_me": false}, "text": "<a class='k' href='https://m.weibo.cn/search?containerid=231522type%3D1%26t%3D10%26q%3D%23%E5%8D%B0%E5%B0%BC%E6%B5%81%E8%A1%8C%E6%99%92%E5%A4%AA%E9%98%B3%E9%A2%84%E9%98%B2%E6%96%B0%E5%86%A0%E7%97%85%E6%AF%92%23'>#\u5370\u5c3c\u6d41\u884c\u6652\u592a\u9633\u9884\u9632\u65b0\u51a0\u75c5\u6bd2#</a>\uff1a\u5149\u7740\u4e0a\u8eab\u5750\u5730\u4e0a<span class=\"url-icon\"><img alt=[\u6c57] src=\"https://h5.sinaimg.cn/m/emoticon/icon/default/d_han-d8ebda66d3.png\" style=\"width:1em; height:1em;\" /></span>", "like_counts": 0, "liked": false}, {"id": 4499701293162047, "created_at": "2020-05-01", "source": "", "user": {"id": 6420680143, "screen_name": "\u6587\u5c71\u653f\u6cd5", "profile_image_url": "https://tvax2.sinaimg.cn/crop.0.0.996.996.180/0070wwd9ly8go7l29om65j30ro0roju5.jpg?KID=imgbed,tva&Expires=1619217190&ssig=69Jw3do6GT", "verified": true, "verified_type": 1, "followers_count": 1955, "verified_type_ext": 0, "mbtype": 0, "profile_url": "https://m.weibo.cn/u/6420680143?uid=6420680143", "remark": "", "following": false, "follow_me": false}, "text": "<span class=\"url-icon\"><img alt=[\u8bdd\u7b52] src=\"https://h5.sinaimg.cn/m/emoticon/icon/others/o_huatong-0a3e80b147.png\" style=\"width:1em; height:1em;\" /></span>", "like_counts": 0, "liked": false}, {"id": 4499555847454361, "created_at": "2020-04-30", "source": "", "user": {"id": 1192141371, "screen_name": "\u4fdd\u5c71\u653f\u6cd5", "profile_image_url": "https://tvax1.sinaimg.cn/crop.0.0.512.512.180/470ea23bly8gdtmnjmywlj20e80e874d.jpg?KID=imgbed,tva&Expires=1619217190&ssig=8jEeDfjapl", "verified": true, "verified_type": 1, "followers_count": 123478, "verified_type_ext": 0, "mbtype": 0, "profile_url": "https://m.weibo.cn/u/1192141371?uid=1192141371", "remark": "", "following": false, "follow_me": false}, "text": "<span class=\"url-icon\"><img alt=[\u8bdd\u7b52] src=\"https://h5.sinaimg.cn/m/emoticon/icon/others/o_huatong-0a3e80b147.png\" style=\"width:1em; height:1em;\" /></span><span class=\"url-icon\"><img alt=[\u8bdd\u7b52] src=\"https://h5.sinaimg.cn/m/emoticon/icon/others/o_huatong-0a3e80b147.png\" style=\"width:1em; height:1em;\" /></span><span class=\"url-icon\"><img alt=[\u8bdd\u7b52] src=\"https://h5.sinaimg.cn/m/emoticon/icon/others/o_huatong-0a3e80b147.png\" style=\"width:1em; height:1em;\" /></span>", "like_counts": 0, "liked": false}, {"id": 4499528293607578, "created_at": "2020-04-30", "source": "", "user": {"id": 6363694281, "screen_name": "\u4e3d\u6c5f\u653f\u6cd5", "profile_image_url": "https://tvax4.sinaimg.cn/crop.0.0.512.512.180/006WFpAlly8gdi7pva0nmj30e80e8mxg.jpg?KID=imgbed,tva&Expires=1619217190&ssig=%2FGX8MasOUz", "verified": true, "verified_type": 1, "followers_count": 1024, "verified_type_ext": 0, "mbtype": 0, "profile_url": "https://m.weibo.cn/u/6363694281?uid=6363694281", "remark": "", "following": false, "follow_me": false}, "text": "\u3010<a class='k' href='https://m.weibo.cn/search?containerid=231522type%3D1%26t%3D10%26q%3D%23%E5%8D%B0%E5%B0%BC%E6%B5%81%E8%A1%8C%E6%99%92%E5%A4%AA%E9%98%B3%E9%A2%84%E9%98%B2%E6%96%B0%E5%86%A0%E7%97%85%E6%AF%92%23'>#\u5370\u5c3c\u6d41\u884c\u6652\u592a\u9633\u9884\u9632\u65b0\u51a0\u75c5\u6bd2#</a>\uff1a\u5149\u7740\u4e0a\u8eab\u5750\u5730\u4e0a<span class=\"url-icon\"><img alt=[\u6c57] src=\"https://h5.sinaimg.cn/m/emoticon/icon/default/d_han-d8ebda66d3.png\" style=\"width:1em; height:1em;\" /></span>\u3011", "like_counts": 0, "liked": false}, {"id": 4499516650849389, "created_at": "2020-04-30", "source": "", "user": {"id": 6342621923, "screen_name": "\u7ea2\u6cb3\u653f\u6cd5", "profile_image_url": "https://tvax1.sinaimg.cn/crop.0.0.850.850.180/006VeZHBly8gln3ucv9q5j30nm0nm7nq.jpg?KID=imgbed,tva&Expires=1619217204&ssig=nQuiOLx0si", "verified": true, "verified_type": 1, "followers_count": 2563, "verified_type_ext": 0, "mbtype": 0, "profile_url": "https://m.weibo.cn/u/6342621923?uid=6342621923", "remark": "", "following": false, "follow_me": false}, "text": "<span class=\"url-icon\"><img alt=[\u8bdd\u7b52] src=\"https://h5.sinaimg.cn/m/emoticon/icon/others/o_huatong-0a3e80b147.png\" style=\"width:1em; height:1em;\" /></span><span class=\"url-icon\"><img alt=[\u8bdd\u7b52] src=\"https://h5.sinaimg.cn/m/emoticon/icon/others/o_huatong-0a3e80b147.png\" style=\"width:1em; height:1em;\" /></span><span class=\"url-icon\"><img alt=[\u8bdd\u7b52] src=\"https://h5.sinaimg.cn/m/emoticon/icon/others/o_huatong-0a3e80b147.png\" style=\"width:1em; height:1em;\" /></span>", "like_counts": 0, "liked": false}, {"id": 4499497327319609, "created_at": "2020-04-30", "source": "", "user": {"id": 6364395726, "screen_name": "\u5927\u7406\u653f\u6cd5", "profile_image_url": "https://tvax4.sinaimg.cn/crop.88.29.222.222.180/006WIm3Yly8fjivqn57rij30b407umxc.jpg?KID=imgbed,tva&Expires=1619217204&ssig=pjM9UsdyK%2B", "verified": true, "verified_type": 1, "followers_count": 11205, "verified_type_ext": 50, "mbtype": 2, "profile_url": "https://m.weibo.cn/u/6364395726?uid=6364395726", "remark": "", "following": false, "follow_me": false}, "text": "<span class=\"url-icon\"><img alt=[\u4e92\u7c89] src=\"https://h5.sinaimg.cn/m/emoticon/icon/default/fa_hufen-80e364a26b.png\" style=\"width:1em; height:1em;\" /></span>", "like_counts": 0, "liked": false}, {"id": 4499453278811096, "created_at": "2020-04-30", "source": "", "user": {"id": 6336558648, "screen_name": "\u897f\u53cc\u7248\u7eb3\u653f\u6cd5", "profile_image_url": "https://tvax1.sinaimg.cn/crop.0.0.996.996.180/006UPymQly8gmckcy7pwxj30ro0ro0uy.jpg?KID=imgbed,tva&Expires=1619217204&ssig=bsTNdj5xZW", "verified": true, "verified_type": 1, "followers_count": 5280, "verified_type_ext": 0, "mbtype": 0, "profile_url": "https://m.weibo.cn/u/6336558648?uid=6336558648", "remark": "", "following": false, "follow_me": false}, "text": "<span class=\"url-icon\"><img alt=[\u8bdd\u7b52] src=\"https://h5.sinaimg.cn/m/emoticon/icon/others/o_huatong-0a3e80b147.png\" style=\"width:1em; height:1em;\" /></span><span class=\"url-icon\"><img alt=[\u8bdd\u7b52] src=\"https://h5.sinaimg.cn/m/emoticon/icon/others/o_huatong-0a3e80b147.png\" style=\"width:1em; height:1em;\" /></span><span class=\"url-icon\"><img alt=[\u8bdd\u7b52] src=\"https://h5.sinaimg.cn/m/emoticon/icon/others/o_huatong-0a3e80b147.png\" style=\"width:1em; height:1em;\" /></span>", "like_counts": 0, "liked": false}, {"id": 4499447683989354, "created_at": "2020-04-30", "source": "", "user": {"id": 7041296958, "screen_name": "\u548c\u8c10\u662d\u901a", "profile_image_url": "https://tvax1.sinaimg.cn/crop.0.0.996.996.180/007GwyZMly8gm6u2hcwyvj30ro0rotbs.jpg?KID=imgbed,tva&Expires=1619217204&ssig=UaMYwEIeMe", "verified": true, "verified_type": 1, "followers_count": 381, "verified_type_ext": 50, "mbtype": 0, "profile_url": "https://m.weibo.cn/u/7041296958?uid=7041296958", "remark": "", "following": false, "follow_me": false}, "text": "<span class=\"url-icon\"><img alt=[\u8bdd\u7b52] src=\"https://h5.sinaimg.cn/m/emoticon/icon/others/o_huatong-0a3e80b147.png\" style=\"width:1em; height:1em;\" /></span><span class=\"url-icon\"><img alt=[\u8bdd\u7b52] src=\"https://h5.sinaimg.cn/m/emoticon/icon/others/o_huatong-0a3e80b147.png\" style=\"width:1em; height:1em;\" /></span><span class=\"url-icon\"><img alt=[\u8bdd\u7b52] src=\"https://h5.sinaimg.cn/m/emoticon/icon/others/o_huatong-0a3e80b147.png\" style=\"width:1em; height:1em;\" /></span>", "like_counts": 0, "liked": false}, {"id": 4499440977657208, "created_at": "2020-04-30", "source": "", "user": {"id": 6360547889, "screen_name": "\u5fb7\u5b8f\u653f\u6cd5", "profile_image_url": "https://tvax1.sinaimg.cn/crop.0.0.656.656.180/006Wsd45ly8gln3tno7ahj30i80i8jta.jpg?KID=imgbed,tva&Expires=1619217204&ssig=7yhnbZ6hFo", "verified": true, "verified_type": 1, "followers_count": 1026, "verified_type_ext": 0, "mbtype": 2, "profile_url": "https://m.weibo.cn/u/6360547889?uid=6360547889", "remark": "", "following": false, "follow_me": false}, "text": "<span class=\"url-icon\"><img alt=[\u8bdd\u7b52] src=\"https://h5.sinaimg.cn/m/emoticon/icon/others/o_huatong-0a3e80b147.png\" style=\"width:1em; height:1em;\" /></span><span class=\"url-icon\"><img alt=[\u8bdd\u7b52] src=\"https://h5.sinaimg.cn/m/emoticon/icon/others/o_huatong-0a3e80b147.png\" style=\"width:1em; height:1em;\" /></span><span class=\"url-icon\"><img alt=[\u8bdd\u7b52] src=\"https://h5.sinaimg.cn/m/emoticon/icon/others/o_huatong-0a3e80b147.png\" style=\"width:1em; height:1em;\" /></span>", "like_counts": 0, "liked": false}, {"id": 4499434962804288, "created_at": "2020-04-30", "source": "", "user": {"id": 6478725896, "screen_name": "\u4e34\u6ca7\u653f\u6cd5", "profile_image_url": "https://tvax4.sinaimg.cn/crop.70.3.200.200.180/0074s4yYly8ghp7137p0nj30a007ogn5.jpg?KID=imgbed,tva&Expires=1619217204&ssig=dHEB%2FSqZ9q", "verified": true, "verified_type": 1, "followers_count": 5915, "verified_type_ext": 0, "mbtype": 0, "profile_url": "https://m.weibo.cn/u/6478725896?uid=6478725896", "remark": "", "following": false, "follow_me": false}, "text": "\u8ff7\u60d1\u884c\u4e3a\u2026\u2026", "like_counts": 0, "liked": false}, {"id": 4499430525237399, "created_at": "2020-04-30", "source": "", "user": {"id": 7094264232, "screen_name": "\u8fea\u5e86\u653f\u6cd5", "profile_image_url": "https://tvax4.sinaimg.cn/crop.63.41.733.733.180/007K6OcEly8g5s3542wgsj30nm0nbmyv.jpg?KID=imgbed,tva&Expires=1619217204&ssig=E1y5DmPABW", "verified": true, "verified_type": 2, "followers_count": 127, "verified_type_ext": 50, "mbtype": 2, "profile_url": "https://m.weibo.cn/u/7094264232?uid=7094264232", "remark": "", "following": false, "follow_me": false}, "text": "\u3010<a class='k' href='https://m.weibo.cn/search?containerid=231522type%3D1%26t%3D10%26q%3D%23%E5%8D%B0%E5%B0%BC%E6%B5%81%E8%A1%8C%E6%99%92%E5%A4%AA%E9%98%B3%E9%A2%84%E9%98%B2%E6%96%B0%E5%86%A0%E7%97%85%E6%AF%92%23'>#\u5370\u5c3c\u6d41\u884c\u6652\u592a\u9633\u9884\u9632\u65b0\u51a0\u75c5\u6bd2#</a>\uff1a\u5149\u7740\u4e0a\u8eab\u5750\u5730\u4e0a<span class=\"url-icon\"><img alt=[\u6c57] src=\"https://h5.sinaimg.cn/m/emoticon/icon/default/d_han-d8ebda66d3.png\" style=\"width:1em; height:1em;\" /></span>\u3011", "like_counts": 0, "liked": false}, {"id": 4499426708242103, "created_at": "2020-04-30", "source": "", "user": {"id": 3806438262, "screen_name": "\u6606\u660e\u5e02\u59d4\u653f\u6cd5\u59d4", "profile_image_url": "https://tvax2.sinaimg.cn/crop.0.0.996.996.180/e2e1a376ly8gdii9f1xu4j20ro0roq4d.jpg?KID=imgbed,tva&Expires=1619217204&ssig=za6ursnsfe", "verified": true, "verified_type": 1, "followers_count": 12386, "verified_type_ext": 0, "mbtype": 0, "profile_url": "https://m.weibo.cn/u/3806438262?uid=3806438262", "remark": "", "following": false, "follow_me": false}, "text": "<span class=\"url-icon\"><img alt=[\u8bdd\u7b52] src=\"https://h5.sinaimg.cn/m/emoticon/icon/others/o_huatong-0a3e80b147.png\" style=\"width:1em; height:1em;\" /></span><span class=\"url-icon\"><img alt=[\u8bdd\u7b52] src=\"https://h5.sinaimg.cn/m/emoticon/icon/others/o_huatong-0a3e80b147.png\" style=\"width:1em; height:1em;\" /></span><span class=\"url-icon\"><img alt=[\u8bdd\u7b52] src=\"https://h5.sinaimg.cn/m/emoticon/icon/others/o_huatong-0a3e80b147.png\" style=\"width:1em; height:1em;\" /></span>", "like_counts": 0, "liked": false}, {"id": 4499411788879117, "created_at": "2020-04-30", "source": "", "user": {"id": 6253582464, "screen_name": "\u666e\u6d31\u653f\u6cd5", "profile_image_url": "https://tvax1.sinaimg.cn/crop.0.0.1080.1080.180/006Pdotily8gk4tmvw5i0j30u00u0abz.jpg?KID=imgbed,tva&Expires=1619217204&ssig=ocoid%2BskJc", "verified": true, "verified_type": 1, "followers_count": 2098, "verified_type_ext": 0, "mbtype": 12, "profile_url": "https://m.weibo.cn/u/6253582464?uid=6253582464", "remark": "", "following": false, "follow_me": false}, "text": "<a class='k' href='https://m.weibo.cn/search?containerid=231522type%3D1%26t%3D10%26q%3D%23%E5%8D%B0%E5%B0%BC%E6%B5%81%E8%A1%8C%E6%99%92%E5%A4%AA%E9%98%B3%E9%A2%84%E9%98%B2%E6%96%B0%E5%86%A0%E7%97%85%E6%AF%92%23'>#\u5370\u5c3c\u6d41\u884c\u6652\u592a\u9633\u9884\u9632\u65b0\u51a0\u75c5\u6bd2#</a>\uff1a\u5149\u7740\u4e0a\u8eab\u5750\u5730\u4e0a<span class=\"url-icon\"><img alt=[\u8d39\u89e3] src=\"https://h5.sinaimg.cn/m/emoticon/icon/default/d_feijie-c1df37ef03.png\" style=\"width:1em; height:1em;\" /></span>", "like_counts": 0, "liked": false}, {"id": 4501895697775060, "created_at": "2020-05-07", "source": "", "user": {"id": 6365983349, "screen_name": "\u7389\u9f99\u653f\u6cd5", "profile_image_url": "https://tvax4.sinaimg.cn/crop.187.61.614.614.180/006WP14Nly1g48ubfagkcj30sg0iun6r.jpg?KID=imgbed,tva&Expires=1619051606&ssig=u%2Fb8%2BZUgeJ", "verified": true, "verified_type": 1, "followers_count": 67, "verified_type_ext": 50, "mbtype": 0, "profile_url": "https://m.weibo.cn/u/6365983349?uid=6365983349", "remark": "", "following": false, "follow_me": false}, "text": "<a class='k' href='https://m.weibo.cn/search?containerid=231522type%3D1%26t%3D10%26q%3D%23%E5%8D%B0%E5%B0%BC%E6%B5%81%E8%A1%8C%E6%99%92%E5%A4%AA%E9%98%B3%E9%A2%84%E9%98%B2%E6%96%B0%E5%86%A0%E7%97%85%E6%AF%92%23'>#\u5370\u5c3c\u6d41\u884c\u6652\u592a\u9633\u9884\u9632\u65b0\u51a0\u75c5\u6bd2#</a>\uff1a\u5149\u7740\u4e0a\u8eab\u5750\u5730\u4e0a<span class=\"url-icon\"><img alt=[\u6c57] src=\"https://h5.sinaimg.cn/m/emoticon/icon/default/d_han-d8ebda66d3.png\" style=\"width:1em; height:1em;\" /></span>//<a href='https://m.weibo.cn/n/\u4e3d\u6c5f\u653f\u6cd5'>@\u4e3d\u6c5f\u653f\u6cd5</a>: \u3010<a class='k' href='https://m.weibo.cn/search?containerid=231522type%3D1%26t%3D10%26q%3D%23%E5%8D%B0%E5%B0%BC%E6%B5%81%E8%A1%8C%E6%99%92%E5%A4%AA%E9%98%B3%E9%A2%84%E9%98%B2%E6%96%B0%E5%86%A0%E7%97%85%E6%AF%92%23'>#\u5370\u5c3c\u6d41\u884c\u6652\u592a\u9633\u9884\u9632\u65b0\u51a0\u75c5\u6bd2#</a>\uff1a\u5149\u7740\u4e0a\u8eab\u5750\u5730\u4e0a<span class=\"url-icon\"><img alt=[\u6c57] src=\"https://h5.sinaimg.cn/m/emoticon/icon/default/d_han-d8ebda66d3.png\" style=\"width:1em; height:1em;\" /></span>\u3011", "like_counts": 0, "liked": false}, {"id": 4499902330305047, "created_at": "2020-05-01", "source": "", "user": {"id": 6523585136, "screen_name": "\u6613\u95e8\u653f\u6cd5", "profile_image_url": "https://tvax4.sinaimg.cn/crop.0.153.478.478.180/0077uiv6ly1fq6er57tgzj30dc0nqn0y.jpg?KID=imgbed,tva&Expires=1619051585&ssig=5Z7AN5KlwQ", "verified": true, "verified_type": 1, "followers_count": 337, "verified_type_ext": 0, "mbtype": 0, "profile_url": "https://m.weibo.cn/u/6523585136?uid=6523585136", "remark": "", "following": false, "follow_me": false}, "text": "<span class=\"url-icon\"><img alt=[\u563b\u563b] src=\"https://h5.sinaimg.cn/m/emoticon/icon/default/d_xixi-643ef6e48d.png\" style=\"width:1em; height:1em;\" /></span><span class=\"url-icon\"><img alt=[\u563b\u563b] src=\"https://h5.sinaimg.cn/m/emoticon/icon/default/d_xixi-643ef6e48d.png\" style=\"width:1em; height:1em;\" /></span>", "like_counts": 0, "liked": false}, {"id": 4499902313787708, "created_at": "2020-05-01", "source": "", "user": {"id": 6523585136, "screen_name": "\u6613\u95e8\u653f\u6cd5", "profile_image_url": "https://tvax4.sinaimg.cn/crop.0.153.478.478.180/0077uiv6ly1fq6er57tgzj30dc0nqn0y.jpg?KID=imgbed,tva&Expires=1619051585&ssig=5Z7AN5KlwQ", "verified": true, "verified_type": 1, "followers_count": 337, "verified_type_ext": 0, "mbtype": 0, "profile_url": "https://m.weibo.cn/u/6523585136?uid=6523585136", "remark": "", "following": false, "follow_me": false}, "text": "//<a href='https://m.weibo.cn/n/\u7389\u6eaa\u653f\u6cd5'>@\u7389\u6eaa\u653f\u6cd5</a>:\u8f6c\u53d1\u5fae\u535a", "like_counts": 0, "liked": false}, {"id": 4500091610331942, "created_at": "2020-05-02", "source": "", "user": {"id": 7266190652, "screen_name": "\u5bbe\u5ddd\u653f\u6cd5", "profile_image_url": "https://tvax4.sinaimg.cn/crop.0.0.1080.1080.180/007VKc7qly8gdk1xjkq7ij30u00u17aq.jpg?KID=imgbed,tva&Expires=1619051579&ssig=Z2L5OT0m4d", "verified": true, "verified_type": 1, "followers_count": 106, "verified_type_ext": 50, "mbtype": 0, "profile_url": "https://m.weibo.cn/u/7266190652?uid=7266190652", "remark": "", "following": false, "follow_me": false}, "text": "//<a href='https://m.weibo.cn/n/\u5927\u7406\u653f\u6cd5'>@\u5927\u7406\u653f\u6cd5</a>: <span class=\"url-icon\"><img alt=[\u8bdd\u7b52] src=\"https://h5.sinaimg.cn/m/emoticon/icon/others/o_huatong-0a3e80b147.png\" style=\"width:1em; height:1em;\" /></span><span class=\"url-icon\"><img alt=[\u8bdd\u7b52] src=\"https://h5.sinaimg.cn/m/emoticon/icon/others/o_huatong-0a3e80b147.png\" style=\"width:1em; height:1em;\" /></span>", "like_counts": 0, "liked": false}, {"id": 4499788102190266, "created_at": "2020-05-01", "source": "", "user": {"id": 6364431662, "screen_name": "\u6c38\u5e73\u653f\u6cd5", "profile_image_url": "https://tvax1.sinaimg.cn/crop.0.0.1080.1080.180/006WIvpAly8gieny6dgykj30u00u0432.jpg?KID=imgbed,tva&Expires=1619051579&ssig=4hb2aQrMZY", "verified": false, "verified_type": -1, "followers_count": 581, "mbtype": 2, "profile_url": "https://m.weibo.cn/u/6364431662?uid=6364431662", "remark": "", "following": false, "follow_me": false}, "text": "//<a href='https://m.weibo.cn/n/\u5927\u7406\u653f\u6cd5'>@\u5927\u7406\u653f\u6cd5</a>:<span class=\"url-icon\"><img alt=[\u8bdd\u7b52] src=\"https://h5.sinaimg.cn/m/emoticon/icon/others/o_huatong-0a3e80b147.png\" style=\"width:1em; height:1em;\" /></span><span class=\"url-icon\"><img alt=[\u8bdd\u7b52] src=\"https://h5.sinaimg.cn/m/emoticon/icon/others/o_huatong-0a3e80b147.png\" style=\"width:1em; height:1em;\" /></span>", "like_counts": 0, "liked": false}]