{"visible": {"type": 0, "list_id": 0}, "created_at": "Thu Apr 30 14:00:38 +0800 2020", "id": "4499410154056007", "mid": "4499410154056007", "can_edit": false, "show_additional_indication": 0, "text": "\u3010<a  href=\"https://m.weibo.cn/search?containerid=231522type%3D1%26t%3D10%26q%3D%23%E5%8D%B0%E5%B0%BC%E6%B5%81%E8%A1%8C%E6%99%92%E5%A4%AA%E9%98%B3%E9%A2%84%E9%98%B2%E6%96%B0%E5%86%A0%E7%97%85%E6%AF%92%23&extparam=%23%E5%8D%B0%E5%B0%BC%E6%B5%81%E8%A1%8C%E6%99%92%E5%A4%AA%E9%98%B3%E9%A2%84%E9%98%B2%E6%96%B0%E5%86%A0%E7%97%85%E6%AF%92%23&luicode=20000061&lfid=4499410154056007\" data-hide=\"\"><span class=\"surl-text\">#\u5370\u5c3c\u6d41\u884c\u6652\u592a\u9633\u9884\u9632\u65b0\u51a0\u75c5\u6bd2#</span></a>\uff1a\u5149\u7740\u4e0a\u8eab\u5750\u5730\u4e0a<span class=\"url-icon\"><img alt=[\u6c57] src=\"https://h5.sinaimg.cn/m/emoticon/icon/default/d_han-d8ebda66d3.png\" style=\"width:1em; height:1em;\" /></span>\u3011\u636e\u6cd5\u65b0\u793e4\u670829\u65e5\u62a5\u9053\uff0c\u5370\u5c3c\u6700\u8fd1\u6709\u8d8a\u6765\u8d8a\u591a\u7684\u6c11\u4f17\u5230\u6237\u5916\u6652\u592a\u9633\uff0c\u5e0c\u671b\u9760\u6652\u592a\u9633\u9632\u65b0\u51a0\u75c5\u6bd2\u3002\u53d7\u8bbf\u6c11\u4f17\u79f0\u5e0c\u671b\u83b7\u5f97\u66f4\u5f3a\u7684\u514d\u75ab\u7cfb\u7edf\u3002\u6b64\u524d\u7f8e\u56fd\u4e00\u9879\u7814\u7a76\u79f0\uff0c\u592a\u9633\u5149\u4e5f\u6709\u52a9\u4e8e\u6740\u6b7b\u75c5\u6bd2\uff0c\u4f46\u8be5\u7814\u7a76\u5c1a\u6709\u4e89\u8bae\u3002  <a data-url=\"http://t.cn/A6AUIJYR\" href=\"https://video.sina.cn/hotrankvideo/2020-04-29/detail-iirczymi9103497.d.html?wm=3049_0150\" data-hide=\"\"><span class='url-icon'><img style='width: 1rem;height: 1rem' src='https://h5.sinaimg.cn/upload/2015/09/25/3/timeline_card_small_video_default.png'></span><span class=\"surl-text\">\u771f\u6709\u4eba\u4fe1\uff01#\u5370\u5c3c\u6d41\u884c\u6652\u592a\u9633\u9884\u9632\u65b0\u51a0\u75c5\u6bd2#\uff1a\u5149\u7740\u4e0a\u8eab\u5750\u5730\u4e0a</span></a> ", "textLength": 256, "source": "\u5fae\u535a\u89c6\u9891\u53f7", "favorited": false, "pic_ids": [], "pic_types": "", "is_paid": false, "mblog_vip_type": 0, "user": {"id": 6345028642, "screen_name": "\u4e91\u5357\u653f\u6cd5", "profile_image_url": "https://tvax2.sinaimg.cn/crop.41.34.456.456.180/006Vp5NEly8gln4c1zcxlj30dw0dwn2r.jpg?KID=imgbed,tva&Expires=1619695381&ssig=VmLwmT5tmY", "profile_url": "https://m.weibo.cn/u/6345028642?uid=6345028642&luicode=20000061&lfid=4499410154056007", "statuses_count": 46630, "verified": true, "verified_type": 1, "verified_type_ext": 0, "verified_reason": "\u4e2d\u5171\u4e91\u5357\u7701\u59d4\u653f\u6cd5\u59d4\u5458\u4f1a\u5b98\u65b9\u5fae\u535a", "close_blue_v": false, "description": "\u8bb2\u597d\u4e91\u5357\u653f\u6cd5\u6545\u4e8b\uff0c\u4f20\u9012\u6b63\u80fd\u91cf\uff0c\u8c31\u5199\u65b0\u65f6\u4ee3\u653f\u6cd5\u5de5\u4f5c\u65b0\u7bc7\u7ae0\uff01", "gender": "m", "mbtype": 11, "urank": 30, "mbrank": 5, "follow_me": false, "following": false, "followers_count": 41710, "follow_count": 960, "cover_image_phone": "https://wx2.sinaimg.cn/crop.0.0.640.640.640/006Vp5NEgy1gdik8iaguaj30u00u0gwx.jpg", "avatar_hd": "https://wx2.sinaimg.cn/orj480/006Vp5NEly8gln4c1zcxlj30dw0dwn2r.jpg", "like": false, "like_me": false, "badge": {"user_name_certificate": 1, "suishoupai_2018": 1, "wenchuan_10th": 1, "dailv_2018": 1, "qixi_2018": 1, "yiqijuan_2018": 1, "national_day_2018": 1, "double11_2018": 1, "memorial_2018": 1, "womensday_2018": 1, "suishoupai_2019": 1, "wusi_2019": 1, "hongrenjie_2019": 1, "dailv_2019": 1, "china_2019": 1, "hongkong_2019": 1, "wbzy_2019": 1, "gongjiri_2019": 1, "macao_2019": 1, "china_2019_2": 1, "hongbao_2020": 2, "feiyan_2020": 1, "kangyi_2020": 1, "graduation_2020": 1, "dailv_2020": 1, "school_2020": 1, "hongrenjie_2020": 1, "china_2020": 1, "hongbaofeifuniu_2021": 1, "nihaoshenghuojie_2021": 1, "lvzhilingyang_2021": 1, "earthguarder_2021": 1}}, "reposts_count": 26, "comments_count": 19, "attitudes_count": 17, "pending_approval_count": 0, "isLongText": false, "reward_exhibition_type": 0, "hide_flag": 0, "mlevel": 0, "darwin_tags": [], "mblogtype": 0, "more_info_type": 0, "cardid": "star_322", "content_auth": 0, "pic_num": 0, "alchemy_params": {"ug_red_envelope": false}, "page_info": {"type": "video", "object_type": 11, "url_ori": "http://t.cn/A6AUIJYR", "page_pic": {"width": 1941, "hd_url": "http://n.sinaimg.cn/front20200429ac/620/w1941h1079/20200429/9ef1-isyparf3089921.jpg", "url": "https://n.sinaimg.cn/front20200429ac/620/w1941h1079/20200429/9ef1-isyparf3089921.jpg", "height": 1079}, "page_url": "https://video.sina.cn/hotrankvideo/2020-04-29/detail-iirczymi9103497.d.html?luicode=20000061&lfid=4499410154056007", "object_id": "2002846015:b2de1baa2250ac6fe613abc4bf1f1035", "page_title": "\u771f\u6709\u4eba\u4fe1\uff01#\u5370\u5c3c\u6d41\u884c\u6652\u592a\u9633\u9884\u9632\u65b0\u51a0\u75c5\u6bd2#\uff1a\u5149\u7740\u4e0a\u8eab\u5750\u5730\u4e0a", "title": "", "content1": "\u771f\u6709\u4eba\u4fe1\uff01#\u5370\u5c3c\u6d41\u884c\u6652\u592a\u9633\u9884\u9632\u65b0\u51a0\u75c5\u6bd2#\uff1a\u5149\u7740\u4e0a\u8eab\u5750\u5730\u4e0a", "content2": "\u636e\u6cd5\u65b0\u793e4\u670829\u65e5\u62a5\u9053\uff0c\u5370\u5c3c\u6700\u8fd1\u6709\u8d8a\u6765\u8d8a\u591a\u7684\u6c11\u4f17\u5230\u6237\u5916\u6652\u592a\u9633\uff0c\u5e0c\u671b\u9760\u6652\u592a\u9633\u9632\u65b0\u51a0\u75c5\u6bd2\u3002\u53d7\u8bbf\u6c11\u4f17\u79f0\u5e0c\u671b\u83b7\u5f97\u66f4\u5f3a\u7684\u514d\u75ab\u7cfb\u7edf\u3002\u6b64\u524d\u7f8e\u56fd\u4e00\u9879\u7814\u7a76\u79f0\uff0c\u592a\u9633\u5149\u4e5f\u6709\u52a9\u4e8e\u6740\u6b7b\u75c5\u6bd2\uff0c\u4f46\u8be5\u7814\u7a76\u5c1a\u6709\u4e89\u8bae\u3002", "video_orientation": "vertical", "play_count": "97\u4e07\u6b21\u64ad\u653e", "media_info": {"stream_url": "http://api.ivideo.sina.com.cn/public/video/play/url?appname=weibocard&appver=0.1&applt=web&tags=weibocard&direct=1&vid=33402495302", "stream_url_hd": "http://api.ivideo.sina.com.cn/public/video/play/url?appname=weibocard&appver=0.1&applt=web&tags=weibocard&direct=1&vid=33402495302", "duration": 56}, "urls": null}, "bid": "IFI6Xh19t", "buttons": [{"type": "follow", "name": "\u5173\u6ce8", "sub_type": 0, "params": {"uid": 6345028642}}], "status_title": "#\u5370\u5c3c\u6d41\u884c\u6652\u592a\u9633\u9884\u9632\u65b0\u51a0\u75c5\u6bd2#\uff1a\u5149\u7740\u4e0a\u8eab\u5750\u5730\u4e0a", "ok": 1, "scheme": "https://weibo.cn/appurl?scheme=sinaweibo%3A%2F%2Fdetail%3Fmblogid%3D4499410154056007%26luicode%3D20000061%26lfid%3D4499410154056007&luicode=20000061&lfid=4499410154056007", "tipScheme": "https://weibo.cn/appurl?scheme=sinaweibo%3A%2F%2Fdetail%3Fmblogid%3D4499410154056007%26luicode%3D20000061%26lfid%3D4499410154056007&luicode=20000061&lfid=4499410154056007"}