[{"visible": {"type": 0, "list_id": 0}, "created_at": "Thu May 07 14:03:39 +0800 2020", "id": "4501947627556475", "mid": "4501947627556475", "can_edit": false, "show_additional_indication": 0, "text": "\u8f6c\u53d1\u5fae\u535a", "source": "\u5c0f\u7c739", "favorited": false, "pic_ids": [], "pic_types": "", "is_paid": false, "mblog_vip_type": 0, "user": {"id": 7311913737, "screen_name": "\u695a\u96c4\u5dde\u653f\u6cd5", "profile_image_url": "https://tvax4.sinaimg.cn/crop.0.0.751.751.180/007YQ2Mxly8gln37lf686j30kv0kvmxz.jpg?KID=imgbed,tva&Expires=1619051511&ssig=4grjie%2FON2", "profile_url": "https://m.weibo.cn/u/7311913737?uid=7311913737", "statuses_count": 31377, "verified": true, "verified_type": 1, "verified_type_ext": 50, "verified_reason": "\u4e2d\u5171\u695a\u96c4\u5dde\u59d4\u653f\u6cd5\u59d4\u5458\u4f1a\u5b98\u65b9\u5fae\u535a", "close_blue_v": false, "description": "\u8bb0\u5f55\u653f\u6cd5\u597d\u58f0\u97f3\uff0c\u4f20\u64ad\u6cd5\u6cbb\u6b63\u80fd\u91cf", "gender": "f", "mbtype": 0, "urank": 0, "mbrank": 0, "follow_me": false, "following": false, "followers_count": 932, "follow_count": 181, "cover_image_phone": "https://wx2.sinaimg.cn/crop.0.0.640.640.640/006Vp5NEgy1gdik8iaguaj30u00u0gwx.jpg", "avatar_hd": "https://wx4.sinaimg.cn/orj480/007YQ2Mxly8gln37lf686j30kv0kvmxz.jpg", "like": false, "like_me": false, "badge": {"user_name_certificate": 1, "china_2019": 1, "macao_2019": 1, "china_2019_2": 1, "hongbao_2020": 2, "feiyan_2020": 1, "kangyi_2020": 1, "daka_2020": 1, "graduation_2020": 1, "dailv_2020": 1, "school_2020": 1, "china_2020": 1, "nihaoshenghuojie_2021": 1, "lvzhilingyang_2021": 1}}, "reposts_count": 0, "comments_count": 0, "attitudes_count": 0, "pending_approval_count": 0, "isLongText": false, "reward_exhibition_type": 0, "hide_flag": 0, "mlevel": 0, "darwin_tags": [], "mblogtype": 0, "more_info_type": 0, "content_auth": 0, "repost_type": 1, "pic_num": 0, "alchemy_params": {"ug_red_envelope": false}, "raw_text": "\u8f6c\u53d1\u5fae\u535a", "bid": "J0OFkvHMD"}, {"visible": {"type": 0, "list_id": 0}, "created_at": "Thu May 07 10:37:17 +0800 2020", "id": "4501895697778197", "mid": "4501895697778197", "can_edit": false, "show_additional_indication": 0, "text": "<a  href=\"https://m.weibo.cn/search?containerid=231522type%3D1%26t%3D10%26q%3D%23%E5%8D%B0%E5%B0%BC%E6%B5%81%E8%A1%8C%E6%99%92%E5%A4%AA%E9%98%B3%E9%A2%84%E9%98%B2%E6%96%B0%E5%86%A0%E7%97%85%E6%AF%92%23&extparam=%23%E5%8D%B0%E5%B0%BC%E6%B5%81%E8%A1%8C%E6%99%92%E5%A4%AA%E9%98%B3%E9%A2%84%E9%98%B2%E6%96%B0%E5%86%A0%E7%97%85%E6%AF%92%23\" data-hide=\"\"><span class=\"surl-text\">#\u5370\u5c3c\u6d41\u884c\u6652\u592a\u9633\u9884\u9632\u65b0\u51a0\u75c5\u6bd2#</span></a>\uff1a\u5149\u7740\u4e0a\u8eab\u5750\u5730\u4e0a<span class=\"url-icon\"><img alt=[\u6c57] src=\"https://h5.sinaimg.cn/m/emoticon/icon/default/d_han-d8ebda66d3.png\" style=\"width:1em; height:1em;\" /></span>//<a href='/n/\u4e3d\u6c5f\u653f\u6cd5'>@\u4e3d\u6c5f\u653f\u6cd5</a>: \u3010<a  href=\"https://m.weibo.cn/search?containerid=231522type%3D1%26t%3D10%26q%3D%23%E5%8D%B0%E5%B0%BC%E6%B5%81%E8%A1%8C%E6%99%92%E5%A4%AA%E9%98%B3%E9%A2%84%E9%98%B2%E6%96%B0%E5%86%A0%E7%97%85%E6%AF%92%23&extparam=%23%E5%8D%B0%E5%B0%BC%E6%B5%81%E8%A1%8C%E6%99%92%E5%A4%AA%E9%98%B3%E9%A2%84%E9%98%B2%E6%96%B0%E5%86%A0%E7%97%85%E6%AF%92%23\" data-hide=\"\"><span class=\"surl-text\">#\u5370\u5c3c\u6d41\u884c\u6652\u592a\u9633\u9884\u9632\u65b0\u51a0\u75c5\u6bd2#</span></a>\uff1a\u5149\u7740\u4e0a\u8eab\u5750\u5730\u4e0a<span class=\"url-icon\"><img alt=[\u6c57] src=\"https://h5.sinaimg.cn/m/emoticon/icon/default/d_han-d8ebda66d3.png\" style=\"width:1em; height:1em;\" /></span>\u3011", "source": "360\u5b89\u5168\u6d4f\u89c8\u5668", "favorited": false, "pic_ids": [], "pic_types": "", "is_paid": false, "mblog_vip_type": 0, "user": {"id": 6365983349, "screen_name": "\u7389\u9f99\u653f\u6cd5", "profile_image_url": "https://tvax4.sinaimg.cn/crop.187.61.614.614.180/006WP14Nly1g48ubfagkcj30sg0iun6r.jpg?KID=imgbed,tva&Expires=1619051511&ssig=2bR%2FK1k0Ck", "profile_url": "https://m.weibo.cn/u/6365983349?uid=6365983349", "statuses_count": 2495, "verified": true, "verified_type": 1, "verified_type_ext": 50, "verified_reason": "\u4e2d\u5171\u7389\u9f99\u7eb3\u897f\u65cf\u81ea\u6cbb\u53bf\u59d4\u5458\u4f1a\u653f\u6cd5\u59d4\u5458\u4f1a\u5b98\u65b9\u5fae\u535a", "close_blue_v": false, "description": "", "gender": "m", "mbtype": 0, "urank": 7, "mbrank": 0, "follow_me": false, "following": false, "followers_count": 69, "follow_count": 50, "cover_image_phone": "https://tva1.sinaimg.cn/crop.0.0.640.640.640/549d0121tw1egm1kjly3jj20hs0hsq4f.jpg", "avatar_hd": "https://wx4.sinaimg.cn/orj480/006WP14Nly1g48ubfagkcj30sg0iun6r.jpg", "like": false, "like_me": false, "badge": {"user_name_certificate": 1, "hongrenjie_2019": 1, "china_2019": 1, "hongkong_2019": 1, "dzwbqlx_2019": 6}}, "pid": 4499528293915768, "pidstr": "4499528293915768", "reposts_count": 0, "comments_count": 0, "attitudes_count": 0, "pending_approval_count": 0, "isLongText": false, "reward_exhibition_type": 0, "hide_flag": 0, "mlevel": 0, "darwin_tags": [], "mblogtype": 0, "more_info_type": 0, "content_auth": 0, "repost_type": 3, "pic_num": 0, "alchemy_params": {"ug_red_envelope": false}, "raw_text": "#\u5370\u5c3c\u6d41\u884c\u6652\u592a\u9633\u9884\u9632\u65b0\u51a0\u75c5\u6bd2#\uff1a\u5149\u7740\u4e0a\u8eab\u5750\u5730\u4e0a[\u6c57]//@\u4e3d\u6c5f\u653f\u6cd5: \u3010#\u5370\u5c3c\u6d41\u884c\u6652\u592a\u9633\u9884\u9632\u65b0\u51a0\u75c5\u6bd2#\uff1a\u5149\u7740\u4e0a\u8eab\u5750\u5730\u4e0a[\u6c57]\u3011", "bid": "J0NjzwDsN"}, {"visible": {"type": 0, "list_id": 0}, "created_at": "Mon May 04 06:49:53 +0800 2020", "id": "4500751306851645", "mid": "4500751306851645", "can_edit": false, "show_additional_indication": 0, "text": "\u8f6c\u53d1\u5fae\u535a", "source": "vivo Y3\u6807\u51c6\u7248", "favorited": false, "pic_ids": [], "pic_types": "", "is_paid": false, "mblog_vip_type": 0, "user": {"id": 6364395726, "screen_name": "\u5927\u7406\u653f\u6cd5", "profile_image_url": "https://tvax4.sinaimg.cn/crop.88.29.222.222.180/006WIm3Yly8fjivqn57rij30b407umxc.jpg?KID=imgbed,tva&Expires=1619051511&ssig=aTVk4Gyjqm", "profile_url": "https://m.weibo.cn/u/6364395726?uid=6364395726", "statuses_count": 52636, "verified": true, "verified_type": 1, "verified_type_ext": 50, "verified_reason": "\u4e2d\u5171\u5927\u7406\u5dde\u59d4\u653f\u6cd5\u59d4\u5458\u4f1a\u5b98\u65b9\u5fae\u535a", "close_blue_v": false, "description": "\u4e2d\u5171\u5927\u7406\u5dde\u59d4\u653f\u6cd5\u59d4\u5458\u4f1a", "gender": "m", "mbtype": 2, "urank": 23, "mbrank": 2, "follow_me": false, "following": false, "followers_count": 11223, "follow_count": 138, "cover_image_phone": "https://wx2.sinaimg.cn/crop.0.0.640.640.640/006Vp5NEgy1gdik8iaguaj30u00u0gwx.jpg", "avatar_hd": "https://wx4.sinaimg.cn/orj480/006WIm3Yly8fjivqn57rij30b407umxc.jpg", "like": false, "like_me": false, "badge": {"user_name_certificate": 1, "worldcup_2018": 34, "asiad_2018": 1, "qixi_2018": 1, "yiqijuan_2018": 1, "national_day_2018": 1, "double11_2018": 1, "wusi_2019": 1, "hongrenjie_2019": 1, "china_2019": 1, "wbzy_2019": 1, "gongjiri_2019": 1, "macao_2019": 1, "china_2019_2": 1, "hongbao_2020": 2, "feiyan_2020": 1, "kangyi_2020": 1, "graduation_2020": 1, "dailv_2020": 1, "school_2020": 1, "china_2020": 1, "nihaoshenghuojie_2021": 1, "lvzhilingyang_2021": 1}}, "reposts_count": 0, "comments_count": 0, "attitudes_count": 0, "pending_approval_count": 0, "isLongText": false, "reward_exhibition_type": 0, "hide_flag": 0, "mlevel": 0, "darwin_tags": [], "mblogtype": 0, "more_info_type": 0, "content_auth": 0, "repost_type": 1, "pic_num": 0, "alchemy_params": {"ug_red_envelope": false}, "raw_text": "\u8f6c\u53d1\u5fae\u535a", "bid": "J0jxMsKqp"}, {"visible": {"type": 0, "list_id": 0}, "created_at": "Sat May 02 21:41:30 +0800 2020", "id": "4500250909527147", "mid": "4500250909527147", "can_edit": false, "show_additional_indication": 0, "text": "//<a href='/n/\u5927\u7406\u653f\u6cd5'>@\u5927\u7406\u653f\u6cd5</a>:<span class=\"url-icon\"><img alt=[\u8bdd\u7b52] src=\"https://h5.sinaimg.cn/m/emoticon/icon/others/o_huatong-0a3e80b147.png\" style=\"width:1em; height:1em;\" /></span><span class=\"url-icon\"><img alt=[\u8bdd\u7b52] src=\"https://h5.sinaimg.cn/m/emoticon/icon/others/o_huatong-0a3e80b147.png\" style=\"width:1em; height:1em;\" /></span>", "source": "", "favorited": false, "pic_ids": [], "pic_types": "", "is_paid": false, "mblog_vip_type": 0, "user": {"id": 6365987686, "screen_name": "\u5927\u7406\u5e02\u653f\u6cd5\u59d4", "profile_image_url": "https://tvax4.sinaimg.cn/crop.0.0.1002.1002.180/006WP2cKly8gmjtjeg2gpj30ru0ruq5g.jpg?KID=imgbed,tva&Expires=1619051511&ssig=6spX1fjhYO", "profile_url": "https://m.weibo.cn/u/6365987686?uid=6365987686", "statuses_count": 7398, "verified": true, "verified_type": 1, "verified_type_ext": 0, "verified_reason": "\u4e2d\u56fd\u5171\u4ea7\u515a\u5927\u7406\u5e02\u59d4\u5458\u4f1a\u653f\u6cd5\u59d4\u5458\u4f1a\u5b98\u65b9\u5fae\u535a", "close_blue_v": false, "description": "\u5927\u7406\u5e02\u59d4\u653f\u6cd5\u59d4\u5458\u4f1a", "gender": "m", "mbtype": 11, "urank": 9, "mbrank": 5, "follow_me": false, "following": false, "followers_count": 289, "follow_count": 89, "cover_image_phone": "https://tva1.sinaimg.cn/crop.0.0.640.640.640/549d0121tw1egm1kjly3jj20hs0hsq4f.jpg", "avatar_hd": "https://wx4.sinaimg.cn/orj480/006WP2cKly8gmjtjeg2gpj30ru0ruq5g.jpg", "like": false, "like_me": false, "badge": {"user_name_certificate": 1, "china_2019": 1, "hongkong_2019": 1, "dzwbqlx_2019": 1, "rrgyj_2019": 1, "weishi_2019": 1, "macao_2019": 1, "china_2019_2": 1, "hongbao_2020": 2, "feiyan_2020": 1, "graduation_2020": 1, "school_2020": 1, "china_2020": 1}}, "pid": 4499775208834676, "pidstr": "4499775208834676", "reposts_count": 0, "comments_count": 0, "attitudes_count": 0, "pending_approval_count": 0, "isLongText": false, "reward_exhibition_type": 0, "hide_flag": 0, "mlevel": 0, "darwin_tags": [], "mblogtype": 0, "more_info_type": 0, "cardid": "star_112472754226", "content_auth": 0, "repost_type": 1, "pic_num": 0, "alchemy_params": {"ug_red_envelope": false}, "raw_text": "//@\u5927\u7406\u653f\u6cd5:[\u8bdd\u7b52][\u8bdd\u7b52]", "bid": "J06wGDYrF"}, {"visible": {"type": 0, "list_id": 0}, "created_at": "Sat May 02 11:08:29 +0800 2020", "id": "4500091610370250", "mid": "4500091610370250", "can_edit": false, "show_additional_indication": 0, "text": "//<a href='/n/\u5927\u7406\u653f\u6cd5'>@\u5927\u7406\u653f\u6cd5</a>: <span class=\"url-icon\"><img alt=[\u8bdd\u7b52] src=\"https://h5.sinaimg.cn/m/emoticon/icon/others/o_huatong-0a3e80b147.png\" style=\"width:1em; height:1em;\" /></span><span class=\"url-icon\"><img alt=[\u8bdd\u7b52] src=\"https://h5.sinaimg.cn/m/emoticon/icon/others/o_huatong-0a3e80b147.png\" style=\"width:1em; height:1em;\" /></span>", "source": "360\u5b89\u5168\u6d4f\u89c8\u5668", "favorited": false, "pic_ids": [], "pic_types": "", "is_paid": false, "mblog_vip_type": 0, "user": {"id": 7266190652, "screen_name": "\u5bbe\u5ddd\u653f\u6cd5", "profile_image_url": "https://tvax4.sinaimg.cn/crop.0.0.1080.1080.180/007VKc7qly8gdk1xjkq7ij30u00u17aq.jpg?KID=imgbed,tva&Expires=1619051511&ssig=5ZUOXebwh9", "profile_url": "https://m.weibo.cn/u/7266190652?uid=7266190652", "statuses_count": 18053, "verified": true, "verified_type": 1, "verified_type_ext": 50, "verified_reason": "\u4e2d\u5171\u5bbe\u5ddd\u53bf\u59d4\u5458\u4f1a\u653f\u6cd5\u59d4\u5458\u4f1a\u5b98\u65b9\u5fae\u535a", "close_blue_v": false, "description": "\u4e2d\u5171\u5bbe\u5ddd\u53bf\u59d4\u653f\u6cd5\u59d4\u5b98\u65b9\u5fae\u535a", "gender": "f", "mbtype": 0, "urank": 7, "mbrank": 0, "follow_me": false, "following": false, "followers_count": 108, "follow_count": 113, "cover_image_phone": "https://tva1.sinaimg.cn/crop.0.0.640.640.640/549d0121tw1egm1kjly3jj20hs0hsq4f.jpg", "avatar_hd": "https://wx4.sinaimg.cn/orj480/007VKc7qly8gdk1xjkq7ij30u00u17aq.jpg", "like": false, "like_me": false, "badge": {"user_name_certificate": 1, "china_2019": 1, "gongjiri_2019": 1, "macao_2019": 1, "china_2019_2": 1, "hongbao_2020": 2, "feiyan_2020": 1, "graduation_2020": 1, "dailv_2020": 1, "school_2020": 1, "hongbaofeijika_2021": 1, "lvzhilingyang_2021": 1}}, "pid": 4499775208834676, "pidstr": "4499775208834676", "reposts_count": 0, "comments_count": 0, "attitudes_count": 0, "pending_approval_count": 0, "isLongText": false, "reward_exhibition_type": 0, "hide_flag": 0, "mlevel": 0, "darwin_tags": [], "mblogtype": 0, "more_info_type": 0, "content_auth": 0, "repost_type": 3, "pic_num": 0, "alchemy_params": {"ug_red_envelope": false}, "raw_text": "//@\u5927\u7406\u653f\u6cd5: [\u8bdd\u7b52][\u8bdd\u7b52]", "bid": "J02nL1yjM"}, {"visible": {"type": 0, "list_id": 0}, "created_at": "Sat May 02 09:43:41 +0800 2020", "id": "4500070265043857", "mid": "4500070265043857", "can_edit": false, "show_additional_indication": 0, "text": "//<a href='/n/\u5927\u7406\u653f\u6cd5'>@\u5927\u7406\u653f\u6cd5</a>: <span class=\"url-icon\"><img alt=[\u8bdd\u7b52] src=\"https://h5.sinaimg.cn/m/emoticon/icon/others/o_huatong-0a3e80b147.png\" style=\"width:1em; height:1em;\" /></span><span class=\"url-icon\"><img alt=[\u8bdd\u7b52] src=\"https://h5.sinaimg.cn/m/emoticon/icon/others/o_huatong-0a3e80b147.png\" style=\"width:1em; height:1em;\" /></span>", "source": "360\u5b89\u5168\u6d4f\u89c8\u5668", "favorited": false, "pic_ids": [], "pic_types": "", "is_paid": false, "mblog_vip_type": 0, "user": {"id": 6365972186, "screen_name": "\u7965\u4e91\u653f\u6cd5", "profile_image_url": "https://tvax3.sinaimg.cn/crop.0.0.1080.1080.180/006WOYaKly8gdikcsuxq9j30u00u0436.jpg?KID=imgbed,tva&Expires=1619051511&ssig=HsfCx%2B8xvu", "profile_url": "https://m.weibo.cn/u/6365972186?uid=6365972186", "statuses_count": 12538, "verified": true, "verified_type": 1, "verified_type_ext": 50, "verified_reason": "\u4e2d\u5171\u7965\u4e91\u53bf\u59d4\u653f\u6cd5\u59d4\u5458\u4f1a\u5b98\u65b9\u5fae\u535a", "close_blue_v": false, "description": "\u4e2d\u5171\u7965\u4e91\u53bf\u59d4\u653f\u6cd5\u59d4\u5458\u4f1a", "gender": "m", "mbtype": 0, "urank": 4, "mbrank": 0, "follow_me": false, "following": false, "followers_count": 112, "follow_count": 39, "cover_image_phone": "https://tva1.sinaimg.cn/crop.0.0.640.640.640/549d0121tw1egm1kjly3jj20hs0hsq4f.jpg", "avatar_hd": "https://wx3.sinaimg.cn/orj480/006WOYaKly8gdikcsuxq9j30u00u0436.jpg", "like": false, "like_me": false, "badge": {"user_name_certificate": 1, "macao_2019": 1, "china_2019_2": 1, "hongbao_2020": 2, "feiyan_2020": 1, "graduation_2020": 1, "dailv_2020": 1, "school_2020": 1, "china_2020": 1}}, "pid": 4499775208834676, "pidstr": "4499775208834676", "reposts_count": 0, "comments_count": 0, "attitudes_count": 0, "pending_approval_count": 0, "isLongText": false, "reward_exhibition_type": 0, "hide_flag": 0, "mlevel": 0, "darwin_tags": [], "mblogtype": 0, "more_info_type": 0, "content_auth": 0, "repost_type": 1, "pic_num": 0, "alchemy_params": {"ug_red_envelope": false}, "raw_text": "//@\u5927\u7406\u653f\u6cd5: [\u8bdd\u7b52][\u8bdd\u7b52]", "bid": "J01Pkla8x"}, {"visible": {"type": 0, "list_id": 0}, "created_at": "Fri May 01 22:36:18 +0800 2020", "id": "4499902317982093", "mid": "4499902317982093", "can_edit": false, "show_additional_indication": 0, "text": "//<a href='/n/\u7389\u6eaa\u653f\u6cd5'>@\u7389\u6eaa\u653f\u6cd5</a>:\u8f6c\u53d1\u5fae\u535a", "source": "HUAWEI Mate 10", "favorited": false, "pic_ids": [], "pic_types": "", "is_paid": false, "mblog_vip_type": 0, "user": {"id": 6523585136, "screen_name": "\u6613\u95e8\u653f\u6cd5", "profile_image_url": "https://tvax4.sinaimg.cn/crop.0.153.478.478.180/0077uiv6ly1fq6er57tgzj30dc0nqn0y.jpg?KID=imgbed,tva&Expires=1619051511&ssig=nigt41LoAN", "profile_url": "https://m.weibo.cn/u/6523585136?uid=6523585136", "statuses_count": 9791, "verified": true, "verified_type": 1, "verified_type_ext": 0, "verified_reason": "\u4e2d\u56fd\u5171\u4ea7\u515a\u6613\u95e8\u53bf\u59d4\u5458\u4f1a\u653f\u6cd5\u59d4\u5458\u4f1a\u5b98\u65b9\u5fae\u535a", "close_blue_v": false, "description": "\u7f51\u7f57\u653f\u6cd5\u8d44\u8baf\uff0c\u5173\u6ce8\u6cd5\u6cbb\u6c11\u751f\uff0c\u4f20\u64ad\u6613\u95e8\u653f\u6cd5\u597d\u58f0\u97f3\u3002", "gender": "f", "mbtype": 0, "urank": 15, "mbrank": 0, "follow_me": false, "following": false, "followers_count": 339, "follow_count": 189, "cover_image_phone": "https://tva1.sinaimg.cn/crop.0.0.640.640.640/549d0121tw1egm1kjly3jj20hs0hsq4f.jpg", "avatar_hd": "https://wx4.sinaimg.cn/orj480/0077uiv6ly1fq6er57tgzj30dc0nqn0y.jpg", "like": false, "like_me": false, "badge": {"user_name_certificate": 1, "wenchuan_10th": 1, "worldcup_2018": 34, "qixi_2018": 1, "national_day_2018": 1, "womensday_2018": 1, "hongrenjie_2019": 1, "china_2019": 1, "hongbao_2020": 2, "feiyan_2020": 1, "school_2020": 1, "china_2020": 1, "lvzhilingyang_2021": 1}}, "pid": 4499772003809196, "pidstr": "4499772003809196", "reposts_count": 0, "comments_count": 0, "attitudes_count": 0, "pending_approval_count": 0, "isLongText": false, "reward_exhibition_type": 0, "hide_flag": 0, "mlevel": 0, "darwin_tags": [], "mblogtype": 0, "more_info_type": 0, "cardid": "star_11247_common", "content_auth": 0, "repost_type": 3, "pic_num": 0, "alchemy_params": {"ug_red_envelope": false}, "raw_text": "//@\u7389\u6eaa\u653f\u6cd5:\u8f6c\u53d1\u5fae\u535a", "bid": "IFUULxuvr"}, {"visible": {"type": 0, "list_id": 0}, "created_at": "Fri May 01 17:00:41 +0800 2020", "id": "4499817857064554", "mid": "4499817857064554", "can_edit": false, "show_additional_indication": 0, "text": "\u3010<a  href=\"https://m.weibo.cn/search?containerid=231522type%3D1%26t%3D10%26q%3D%23%E5%8D%B0%E5%B0%BC%E6%B5%81%E8%A1%8C%E6%99%92%E5%A4%AA%E9%98%B3%E9%A2%84%E9%98%B2%E6%96%B0%E5%86%A0%E7%97%85%E6%AF%92%23&extparam=%23%E5%8D%B0%E5%B0%BC%E6%B5%81%E8%A1%8C%E6%99%92%E5%A4%AA%E9%98%B3%E9%A2%84%E9%98%B2%E6%96%B0%E5%86%A0%E7%97%85%E6%AF%92%23\" data-hide=\"\"><span class=\"surl-text\">#\u5370\u5c3c\u6d41\u884c\u6652\u592a\u9633\u9884\u9632\u65b0\u51a0\u75c5\u6bd2#</span></a>\uff1a\u5149\u7740\u4e0a\u8eab\u5750\u5730\u4e0a<span class=\"url-icon\"><img alt=[\u6c57] src=\"https://h5.sinaimg.cn/m/emoticon/icon/default/d_han-d8ebda66d3.png\" style=\"width:1em; height:1em;\" /></span>\u3011", "source": "360\u5b89\u5168\u6d4f\u89c8\u5668", "favorited": false, "pic_ids": [], "pic_types": "", "is_paid": false, "mblog_vip_type": 0, "user": {"id": 6385754865, "screen_name": "\u6012\u6c5f\u653f\u6cd5", "profile_image_url": "https://tvax1.sinaimg.cn/crop.105.34.358.358.180/006Y9Yydly8gdipjww75yj30hx0b4wg1.jpg?KID=imgbed,tva&Expires=1619051511&ssig=NwAW%2FMs6qW", "profile_url": "https://m.weibo.cn/u/6385754865?uid=6385754865", "statuses_count": 22935, "verified": true, "verified_type": 1, "verified_type_ext": 0, "verified_reason": "\u4e2d\u5171\u6012\u6c5f\u5dde\u59d4\u653f\u6cd5\u59d4\u5458\u4f1a", "close_blue_v": false, "description": "", "gender": "m", "mbtype": 0, "urank": 4, "mbrank": 0, "follow_me": false, "following": false, "followers_count": 4438, "follow_count": 79, "cover_image_phone": "https://wx2.sinaimg.cn/crop.0.0.640.640.640/006Y9Yydly1gg1833vcb4j30e80e8gnn.jpg", "avatar_hd": "https://wx1.sinaimg.cn/orj480/006Y9Yydly8gdipjww75yj30hx0b4wg1.jpg", "like": false, "like_me": false, "badge": {"user_name_certificate": 1, "dailv_2018": 1, "qixi_2018": 1, "yiqijuan_2018": 1, "national_day_2018": 1, "double11_2018": 1, "memorial_2018": 1, "hongbaofei_2019": 1, "womensday_2018": 1, "suishoupai_2019": 1, "wusi_2019": 1, "hongrenjie_2019": 1, "china_2019": 1, "hongkong_2019": 1, "hongbao_2020": 2, "feiyan_2020": 1, "kangyi_2020": 1, "graduation_2020": 1, "dailv_2020": 1, "school_2020": 1, "china_2020": 1, "lvzhilingyang_2021": 1}}, "reposts_count": 0, "comments_count": 0, "attitudes_count": 0, "pending_approval_count": 0, "isLongText": false, "reward_exhibition_type": 0, "hide_flag": 0, "mlevel": 0, "darwin_tags": [], "mblogtype": 0, "more_info_type": 0, "content_auth": 0, "repost_type": 3, "pic_num": 0, "alchemy_params": {"ug_red_envelope": false}, "raw_text": "\u3010#\u5370\u5c3c\u6d41\u884c\u6652\u592a\u9633\u9884\u9632\u65b0\u51a0\u75c5\u6bd2#\uff1a\u5149\u7740\u4e0a\u8eab\u5750\u5730\u4e0a[\u6c57]\u3011", "bid": "IFSIxtDOq"}, {"visible": {"type": 0, "list_id": 0}, "created_at": "Fri May 01 15:02:27 +0800 2020", "id": "4499788102080500", "mid": "4499788102080500", "can_edit": false, "show_additional_indication": 0, "text": "//<a href='/n/\u5927\u7406\u653f\u6cd5'>@\u5927\u7406\u653f\u6cd5</a>:<span class=\"url-icon\"><img alt=[\u8bdd\u7b52] src=\"https://h5.sinaimg.cn/m/emoticon/icon/others/o_huatong-0a3e80b147.png\" style=\"width:1em; height:1em;\" /></span><span class=\"url-icon\"><img alt=[\u8bdd\u7b52] src=\"https://h5.sinaimg.cn/m/emoticon/icon/others/o_huatong-0a3e80b147.png\" style=\"width:1em; height:1em;\" /></span>", "source": "iPhone 6s Plus", "favorited": false, "pic_ids": [], "pic_types": "", "is_paid": false, "mblog_vip_type": 0, "user": {"id": 6364431662, "screen_name": "\u6c38\u5e73\u653f\u6cd5", "profile_image_url": "https://tvax1.sinaimg.cn/crop.0.0.1080.1080.180/006WIvpAly8gieny6dgykj30u00u0432.jpg?KID=imgbed,tva&Expires=1619051511&ssig=Sh7Vkbe%2BOg", "profile_url": "https://m.weibo.cn/u/6364431662?uid=6364431662", "statuses_count": 9635, "verified": false, "verified_type": -1, "close_blue_v": false, "description": "", "gender": "m", "mbtype": 2, "urank": 4, "mbrank": 1, "follow_me": false, "following": false, "followers_count": 581, "follow_count": 66, "cover_image_phone": "https://tva1.sinaimg.cn/crop.0.0.640.640.640/549d0121tw1egm1kjly3jj20hs0hsq4f.jpg", "avatar_hd": "https://wx1.sinaimg.cn/orj480/006WIvpAly8gieny6dgykj30u00u0432.jpg", "like": false, "like_me": false, "badge": {"user_name_certificate": 1, "qixi_2018": 1, "china_2019": 1, "gongjiri_2019": 1, "hongbao_2020": 2, "feiyan_2020": 1, "kangyi_2020": 1, "dailv_2020": 1, "school_2020": 1, "china_2020": 1}}, "pid": 4499775208834676, "pidstr": "4499775208834676", "reposts_count": 0, "comments_count": 0, "attitudes_count": 0, "pending_approval_count": 0, "isLongText": false, "reward_exhibition_type": 0, "hide_flag": 0, "mlevel": 0, "darwin_tags": [], "mblogtype": 0, "more_info_type": 0, "number_display_strategy": {"apply_scenario_flag": 3, "display_text_min_number": 1000000, "display_text": "100\u4e07+"}, "content_auth": 0, "repost_type": 3, "pic_num": 0, "alchemy_params": {"ug_red_envelope": false}, "raw_text": "//@\u5927\u7406\u653f\u6cd5:[\u8bdd\u7b52][\u8bdd\u7b52]", "bid": "IFRWy8Jes"}, {"visible": {"type": 0, "list_id": 0}, "created_at": "Fri May 01 14:26:08 +0800 2020", "id": "4499778957978205", "mid": "4499778957978205", "can_edit": false, "show_additional_indication": 0, "text": "//<a href='/n/\u66f2\u9756\u653f\u6cd5'>@\u66f2\u9756\u653f\u6cd5</a>:<a  href=\"https://m.weibo.cn/search?containerid=231522type%3D1%26t%3D10%26q%3D%23%E5%8D%B0%E5%B0%BC%E6%B5%81%E8%A1%8C%E6%99%92%E5%A4%AA%E9%98%B3%E9%A2%84%E9%98%B2%E6%96%B0%E5%86%A0%E7%97%85%E6%AF%92%23&extparam=%23%E5%8D%B0%E5%B0%BC%E6%B5%81%E8%A1%8C%E6%99%92%E5%A4%AA%E9%98%B3%E9%A2%84%E9%98%B2%E6%96%B0%E5%86%A0%E7%97%85%E6%AF%92%23\" data-hide=\"\"><span class=\"surl-text\">#\u5370\u5c3c\u6d41\u884c\u6652\u592a\u9633\u9884\u9632\u65b0\u51a0\u75c5\u6bd2#</span></a>\uff1a\u5149\u7740\u4e0a\u8eab\u5750\u5730\u4e0a<span class=\"url-icon\"><img alt=[\u6c57] src=\"https://h5.sinaimg.cn/m/emoticon/icon/default/d_han-d8ebda66d3.png\" style=\"width:1em; height:1em;\" /></span>", "source": "\u534e\u4e3aP9\u624b\u673a\u6444\u5f71\u518d\u7a81\u7834", "favorited": false, "pic_ids": [], "pic_types": "", "is_paid": false, "mblog_vip_type": 0, "user": {"id": 7436630824, "screen_name": "\u5ea6\u5fc3\u8c37", "profile_image_url": "https://tvax1.sinaimg.cn/default/images/default_avatar_male_180.gif?KID=imgbed,tva&Expires=1619051511&ssig=0sBODK%2Fu8c", "profile_url": "https://m.weibo.cn/u/7436630824?uid=7436630824", "statuses_count": 628, "verified": false, "verified_type": -1, "close_blue_v": false, "description": "", "gender": "m", "mbtype": 0, "urank": 0, "mbrank": 0, "follow_me": false, "following": false, "followers_count": 7, "follow_count": 74, "cover_image_phone": "https://tva1.sinaimg.cn/crop.0.0.640.640.640/549d0121tw1egm1kjly3jj20hs0hsq4f.jpg", "avatar_hd": "https://ss1.sinaimg.cn/orj480/default_avatar_male_180&690", "like": false, "like_me": false, "badge": {"user_name_certificate": 1, "graduation_2020": 1}}, "pid": 4499755131279197, "pidstr": "4499755131279197", "reposts_count": 0, "comments_count": 0, "attitudes_count": 0, "pending_approval_count": 0, "isLongText": false, "reward_exhibition_type": 0, "hide_flag": 0, "mlevel": 0, "darwin_tags": [], "mblogtype": 0, "more_info_type": 0, "number_display_strategy": {"apply_scenario_flag": 3, "display_text_min_number": 1000000, "display_text": "100\u4e07+"}, "content_auth": 0, "repost_type": 1, "pic_num": 0, "alchemy_params": {"ug_red_envelope": false}, "raw_text": "//@\u66f2\u9756\u653f\u6cd5:#\u5370\u5c3c\u6d41\u884c\u6652\u592a\u9633\u9884\u9632\u65b0\u51a0\u75c5\u6bd2#\uff1a\u5149\u7740\u4e0a\u8eab\u5750\u5730\u4e0a[\u6c57]", "bid": "IFRHNxtuJ"}, {"visible": {"type": 0, "list_id": 0}, "created_at": "Fri May 01 14:11:14 +0800 2020", "id": "4499775208834676", "mid": "4499775208834676", "can_edit": false, "show_additional_indication": 0, "text": "<span class=\"url-icon\"><img alt=[\u8bdd\u7b52] src=\"https://h5.sinaimg.cn/m/emoticon/icon/others/o_huatong-0a3e80b147.png\" style=\"width:1em; height:1em;\" /></span><span class=\"url-icon\"><img alt=[\u8bdd\u7b52] src=\"https://h5.sinaimg.cn/m/emoticon/icon/others/o_huatong-0a3e80b147.png\" style=\"width:1em; height:1em;\" /></span>", "source": "iPhone XR", "favorited": false, "pic_ids": [], "pic_types": "", "is_paid": false, "mblog_vip_type": 0, "user": {"id": 6364395726, "screen_name": "\u5927\u7406\u653f\u6cd5", "profile_image_url": "https://tvax4.sinaimg.cn/crop.88.29.222.222.180/006WIm3Yly8fjivqn57rij30b407umxc.jpg?KID=imgbed,tva&Expires=1619051513&ssig=Zvws%2FzTEIV", "profile_url": "https://m.weibo.cn/u/6364395726?uid=6364395726", "statuses_count": 52636, "verified": true, "verified_type": 1, "verified_type_ext": 50, "verified_reason": "\u4e2d\u5171\u5927\u7406\u5dde\u59d4\u653f\u6cd5\u59d4\u5458\u4f1a\u5b98\u65b9\u5fae\u535a", "close_blue_v": false, "description": "\u4e2d\u5171\u5927\u7406\u5dde\u59d4\u653f\u6cd5\u59d4\u5458\u4f1a", "gender": "m", "mbtype": 2, "urank": 23, "mbrank": 2, "follow_me": false, "following": false, "followers_count": 11223, "follow_count": 138, "cover_image_phone": "https://wx2.sinaimg.cn/crop.0.0.640.640.640/006Vp5NEgy1gdik8iaguaj30u00u0gwx.jpg", "avatar_hd": "https://wx4.sinaimg.cn/orj480/006WIm3Yly8fjivqn57rij30b407umxc.jpg", "like": false, "like_me": false, "badge": {"user_name_certificate": 1, "worldcup_2018": 34, "asiad_2018": 1, "qixi_2018": 1, "yiqijuan_2018": 1, "national_day_2018": 1, "double11_2018": 1, "wusi_2019": 1, "hongrenjie_2019": 1, "china_2019": 1, "wbzy_2019": 1, "gongjiri_2019": 1, "macao_2019": 1, "china_2019_2": 1, "hongbao_2020": 2, "feiyan_2020": 1, "kangyi_2020": 1, "graduation_2020": 1, "dailv_2020": 1, "school_2020": 1, "china_2020": 1, "nihaoshenghuojie_2021": 1, "lvzhilingyang_2021": 1}}, "reposts_count": 4, "comments_count": 2, "attitudes_count": 1, "pending_approval_count": 0, "isLongText": false, "reward_exhibition_type": 0, "hide_flag": 0, "mlevel": 0, "darwin_tags": [], "mblogtype": 0, "more_info_type": 0, "content_auth": 0, "repost_type": 3, "pic_num": 0, "alchemy_params": {"ug_red_envelope": false}, "raw_text": "[\u8bdd\u7b52][\u8bdd\u7b52]", "bid": "IFRBKB4iM"}, {"visible": {"type": 0, "list_id": 0}, "created_at": "Fri May 01 13:58:30 +0800 2020", "id": "4499772003809196", "mid": "4499772003809196", "can_edit": false, "show_additional_indication": 0, "text": "\u8f6c\u53d1\u5fae\u535a", "source": "\u534e\u4e3a\u624b\u673a", "favorited": false, "pic_ids": [], "pic_types": "", "is_paid": false, "mblog_vip_type": 0, "user": {"id": 6348346023, "screen_name": "\u7389\u6eaa\u653f\u6cd5", "profile_image_url": "https://tvax1.sinaimg.cn/crop.3.0.193.193.180/006VD0NNly8fisjta1n24j305k05kt8u.jpg?KID=imgbed,tva&Expires=1619051513&ssig=AbsWOaLo6I", "profile_url": "https://m.weibo.cn/u/6348346023?uid=6348346023", "statuses_count": 48155, "verified": true, "verified_type": 1, "verified_type_ext": 50, "verified_reason": "\u4e2d\u56fd\u5171\u4ea7\u515a\u7389\u6eaa\u5e02\u59d4\u5458\u4f1a\u653f\u6cd5\u59d4\u5458\u4f1a\u5b98\u65b9\u5fae\u535a", "close_blue_v": false, "description": "\u4e2d\u5171\u7389\u6eaa\u5e02\u59d4\u653f\u6cd5\u59d4\u5458\u4f1a\u5b98\u65b9\u5fae\u535a", "gender": "m", "mbtype": 0, "urank": 27, "mbrank": 0, "follow_me": false, "following": false, "followers_count": 2948, "follow_count": 256, "cover_image_phone": "https://tva1.sinaimg.cn/crop.0.0.640.640.640/549d0121tw1egm1kjly3jj20hs0hsq4f.jpg", "avatar_hd": "https://wx1.sinaimg.cn/orj480/006VD0NNly8fisjta1n24j305k05kt8u.jpg", "like": false, "like_me": false, "badge": {"user_name_certificate": 1, "suishoupai_2018": 1, "wenchuan_10th": 1, "worldcup_2018": 34, "dailv_2018": 1, "asiad_2018": 1, "qixi_2018": 1, "yiqijuan_2018": 1, "national_day_2018": 1, "double11_2018": 1, "memorial_2018": 1, "womensday_2018": 1, "suishoupai_2019": 1, "hongrenjie_2019": 1, "china_2019": 1, "hongkong_2019": 1, "gongjiri_2019": 1, "macao_2019": 1, "china_2019_2": 1, "hongbao_2020": 2, "feiyan_2020": 1, "kangyi_2020": 1, "graduation_2020": 1, "dailv_2020": 1, "school_2020": 1, "china_2020": 1, "hongbaofeifuniu_2021": 1, "hongbaofeijika_2021": 1, "nihaoshenghuojie_2021": 1, "lvzhilingyang_2021": 1}}, "reposts_count": 1, "comments_count": 2, "attitudes_count": 1, "pending_approval_count": 0, "isLongText": false, "reward_exhibition_type": 0, "hide_flag": 0, "mlevel": 0, "darwin_tags": [], "mblogtype": 0, "more_info_type": 0, "content_auth": 0, "repost_type": 1, "pic_num": 0, "alchemy_params": {"ug_red_envelope": false}, "raw_text": "\u8f6c\u53d1\u5fae\u535a", "bid": "IFRwAfYWE"}, {"visible": {"type": 0, "list_id": 0}, "created_at": "Fri May 01 12:51:27 +0800 2020", "id": "4499755131279197", "mid": "4499755131279197", "can_edit": false, "show_additional_indication": 0, "text": "<a  href=\"https://m.weibo.cn/search?containerid=231522type%3D1%26t%3D10%26q%3D%23%E5%8D%B0%E5%B0%BC%E6%B5%81%E8%A1%8C%E6%99%92%E5%A4%AA%E9%98%B3%E9%A2%84%E9%98%B2%E6%96%B0%E5%86%A0%E7%97%85%E6%AF%92%23&extparam=%23%E5%8D%B0%E5%B0%BC%E6%B5%81%E8%A1%8C%E6%99%92%E5%A4%AA%E9%98%B3%E9%A2%84%E9%98%B2%E6%96%B0%E5%86%A0%E7%97%85%E6%AF%92%23\" data-hide=\"\"><span class=\"surl-text\">#\u5370\u5c3c\u6d41\u884c\u6652\u592a\u9633\u9884\u9632\u65b0\u51a0\u75c5\u6bd2#</span></a>\uff1a\u5149\u7740\u4e0a\u8eab\u5750\u5730\u4e0a<span class=\"url-icon\"><img alt=[\u6c57] src=\"https://h5.sinaimg.cn/m/emoticon/icon/default/d_han-d8ebda66d3.png\" style=\"width:1em; height:1em;\" /></span>", "source": "\u5fae\u535a weibo.com", "favorited": false, "pic_ids": [], "pic_types": "", "is_paid": false, "mblog_vip_type": 0, "user": {"id": 3672346913, "screen_name": "\u5e73\u5b89\u66f2\u9756", "profile_image_url": "https://tvax4.sinaimg.cn/crop.131.300.833.833.180/dae39121ly8gogvi4e1i0j20ts15oahb.jpg?KID=imgbed,tva&Expires=1619051513&ssig=ZE7JUgTNq%2F", "profile_url": "https://m.weibo.cn/u/3672346913?uid=3672346913", "statuses_count": 37014, "verified": true, "verified_type": 1, "verified_type_ext": 0, "verified_reason": "\u4e2d\u5171\u66f2\u9756\u5e02\u59d4\u653f\u6cd5\u59d4\u5458\u4f1a\u5b98\u65b9\u5fae\u535a", "close_blue_v": false, "description": "", "gender": "f", "mbtype": 2, "urank": 27, "mbrank": 1, "follow_me": false, "following": false, "followers_count": 29549, "follow_count": 227, "cover_image_phone": "https://tva1.sinaimg.cn/crop.0.0.640.640.640/549d0121tw1egm1kjly3jj20hs0hsq4f.jpg", "avatar_hd": "https://wx4.sinaimg.cn/orj480/dae39121ly8gogvi4e1i0j20ts15oahb.jpg", "like": false, "like_me": false, "badge": {"unread_pool": 1, "unread_pool_ext": 1, "user_name_certificate": 1, "national_day_2018": 1, "memorial_2018": 1, "womensday_2018": 1, "suishoupai_2019": 1, "wusi_2019": 1, "hongrenjie_2019": 1, "china_2019": 1, "hongkong_2019": 1, "gongjiri_2019": 1, "hongbao_2020": 2, "feiyan_2020": 1, "graduation_2020": 1, "pc_new": 6, "dailv_2020": 1, "school_2020": 1, "hongrenjie_2020": 1, "china_2020": 1, "hongbaofeifuniu_2021": 1, "nihaoshenghuojie_2021": 1, "lvzhilingyang_2021": 1}}, "reposts_count": 1, "comments_count": 0, "attitudes_count": 0, "pending_approval_count": 0, "isLongText": false, "reward_exhibition_type": 0, "hide_flag": 0, "mlevel": 0, "darwin_tags": [], "mblogtype": 0, "more_info_type": 0, "content_auth": 0, "repost_type": 1, "pic_num": 0, "alchemy_params": {"ug_red_envelope": false}, "raw_text": "#\u5370\u5c3c\u6d41\u884c\u6652\u592a\u9633\u9884\u9632\u65b0\u51a0\u75c5\u6bd2#\uff1a\u5149\u7740\u4e0a\u8eab\u5750\u5730\u4e0a[\u6c57]", "bid": "IFR5n5mMd"}, {"visible": {"type": 0, "list_id": 0}, "created_at": "Fri May 01 09:17:31 +0800 2020", "id": "4499701293094848", "mid": "4499701293094848", "can_edit": false, "show_additional_indication": 0, "text": "<span class=\"url-icon\"><img alt=[\u8bdd\u7b52] src=\"https://h5.sinaimg.cn/m/emoticon/icon/others/o_huatong-0a3e80b147.png\" style=\"width:1em; height:1em;\" /></span>", "source": "iPhone\u5ba2\u6237\u7aef", "favorited": false, "pic_ids": [], "pic_types": "", "is_paid": false, "mblog_vip_type": 0, "user": {"id": 6420680143, "screen_name": "\u6587\u5c71\u653f\u6cd5", "profile_image_url": "https://tvax2.sinaimg.cn/crop.0.0.996.996.180/0070wwd9ly8go7l29om65j30ro0roju5.jpg?KID=imgbed,tva&Expires=1619051513&ssig=yglRzhYaxU", "profile_url": "https://m.weibo.cn/u/6420680143?uid=6420680143", "statuses_count": 19615, "verified": true, "verified_type": 1, "verified_type_ext": 0, "verified_reason": "\u4e2d\u56fd\u5171\u4ea7\u515a\u6587\u5c71\u58ee\u65cf\u82d7\u65cf\u81ea\u6cbb\u59d4\u5458\u4f1a\u653f\u6cd5\u59d4\u5458\u4f1a\u5b98\u65b9\u5fae\u535a", "close_blue_v": false, "description": "", "gender": "m", "mbtype": 0, "urank": 14, "mbrank": 0, "follow_me": false, "following": false, "followers_count": 1955, "follow_count": 140, "cover_image_phone": "https://tva1.sinaimg.cn/crop.0.0.640.640.640/549d0121tw1egm1kjly3jj20hs0hsq4f.jpg", "avatar_hd": "https://wx2.sinaimg.cn/orj480/0070wwd9ly8go7l29om65j30ro0roju5.jpg", "like": false, "like_me": false, "badge": {"user_name_certificate": 1, "worldcup_2018": 34, "memorial_2018": 1, "suishoupai_2019": 1, "hongrenjie_2019": 1, "china_2019": 1, "hongkong_2019": 1, "rrgyj_2019": 1, "hongbao_2020": 2, "feiyan_2020": 1, "daka_2020": 1, "graduation_2020": 1, "school_2020": 1, "china_2020": 1, "nihaoshenghuojie_2021": 1, "lvzhilingyang_2021": 1}}, "reposts_count": 0, "comments_count": 0, "attitudes_count": 0, "pending_approval_count": 0, "isLongText": false, "reward_exhibition_type": 0, "hide_flag": 0, "mlevel": 0, "darwin_tags": [], "mblogtype": 0, "more_info_type": 0, "content_auth": 0, "repost_type": 3, "pic_num": 0, "alchemy_params": {"ug_red_envelope": false}, "raw_text": "[\u8bdd\u7b52]", "bid": "IFPGxcZ6U"}, {"visible": {"type": 0, "list_id": 0}, "created_at": "Thu Apr 30 23:39:34 +0800 2020", "id": "4499555846982291", "mid": "4499555846982291", "can_edit": false, "show_additional_indication": 0, "text": "<span class=\"url-icon\"><img alt=[\u8bdd\u7b52] src=\"https://h5.sinaimg.cn/m/emoticon/icon/others/o_huatong-0a3e80b147.png\" style=\"width:1em; height:1em;\" /></span><span class=\"url-icon\"><img alt=[\u8bdd\u7b52] src=\"https://h5.sinaimg.cn/m/emoticon/icon/others/o_huatong-0a3e80b147.png\" style=\"width:1em; height:1em;\" /></span><span class=\"url-icon\"><img alt=[\u8bdd\u7b52] src=\"https://h5.sinaimg.cn/m/emoticon/icon/others/o_huatong-0a3e80b147.png\" style=\"width:1em; height:1em;\" /></span>", "source": "\u524d\u540e2000\u4e07 OPPO R11s", "favorited": false, "pic_ids": [], "pic_types": "", "is_paid": false, "mblog_vip_type": 0, "user": {"id": 1192141371, "screen_name": "\u4fdd\u5c71\u653f\u6cd5", "profile_image_url": "https://tvax1.sinaimg.cn/crop.0.0.512.512.180/470ea23bly8gdtmnjmywlj20e80e874d.jpg?KID=imgbed,tva&Expires=1619051513&ssig=FYJ6HQEdLg", "profile_url": "https://m.weibo.cn/u/1192141371?uid=1192141371", "statuses_count": 46702, "verified": true, "verified_type": 1, "verified_type_ext": 0, "verified_reason": "\u4e2d\u5171\u4fdd\u5c71\u5e02\u59d4\u5458\u4f1a\u653f\u6cd5\u59d4\u5458\u4f1a\u5b98\u65b9\u5fae\u535a", "close_blue_v": false, "description": "\u4fe1\u5ff5\u575a\u5b9a \u6267\u6cd5\u4e3a\u6c11 \u6562\u4e8e\u62c5\u5f53 \u6e05\u6b63\u5ec9\u6d01", "gender": "m", "mbtype": 0, "urank": 27, "mbrank": 0, "follow_me": false, "following": false, "followers_count": 123464, "follow_count": 271, "cover_image_phone": "https://wx1.sinaimg.cn/crop.0.0.640.640.640/470ea23bly1gdi6karx1dj20e80e8wez.jpg", "avatar_hd": "https://wx1.sinaimg.cn/orj480/470ea23bly8gdtmnjmywlj20e80e874d.jpg", "like": false, "like_me": false, "badge": {"unread_pool": 1, "unread_pool_ext": 1, "user_name_certificate": 1, "suishoupai_2018": 1, "worldcup_2018": 34, "wenda_v2": 1, "dailv_2018": 1, "asiad_2018": 1, "qixi_2018": 1, "yiqijuan_2018": 1, "national_day_2018": 1, "double11_2018": 1, "memorial_2018": 1, "womensday_2018": 1, "suishoupai_2019": 1, "wusi_2019": 1, "hongrenjie_2019": 1, "china_2019": 1, "hongkong_2019": 1, "gongjiri_2019": 1, "macao_2019": 1, "china_2019_2": 1, "hongbao_2020": 2, "feiyan_2020": 1, "hope_2020": 1, "kangyi_2020": 1, "graduation_2020": 1, "dailv_2020": 1, "school_2020": 1, "hongrenjie_2020": 1, "china_2020": 1, "nihaoshenghuojie_2021": 1, "lvzhilingyang_2021": 1}}, "reposts_count": 0, "comments_count": 0, "attitudes_count": 0, "pending_approval_count": 0, "isLongText": false, "reward_exhibition_type": 0, "hide_flag": 0, "mlevel": 0, "darwin_tags": [], "mblogtype": 0, "more_info_type": 0, "content_auth": 0, "repost_type": 4, "pic_num": 0, "alchemy_params": {"ug_red_envelope": false}, "raw_text": "[\u8bdd\u7b52][\u8bdd\u7b52][\u8bdd\u7b52]", "bid": "IFLTWtipB"}, {"visible": {"type": 0, "list_id": 0}, "created_at": "Thu Apr 30 21:50:04 +0800 2020", "id": "4499528293915768", "mid": "4499528293915768", "can_edit": false, "show_additional_indication": 0, "text": "\u3010<a  href=\"https://m.weibo.cn/search?containerid=231522type%3D1%26t%3D10%26q%3D%23%E5%8D%B0%E5%B0%BC%E6%B5%81%E8%A1%8C%E6%99%92%E5%A4%AA%E9%98%B3%E9%A2%84%E9%98%B2%E6%96%B0%E5%86%A0%E7%97%85%E6%AF%92%23&extparam=%23%E5%8D%B0%E5%B0%BC%E6%B5%81%E8%A1%8C%E6%99%92%E5%A4%AA%E9%98%B3%E9%A2%84%E9%98%B2%E6%96%B0%E5%86%A0%E7%97%85%E6%AF%92%23\" data-hide=\"\"><span class=\"surl-text\">#\u5370\u5c3c\u6d41\u884c\u6652\u592a\u9633\u9884\u9632\u65b0\u51a0\u75c5\u6bd2#</span></a>\uff1a\u5149\u7740\u4e0a\u8eab\u5750\u5730\u4e0a<span class=\"url-icon\"><img alt=[\u6c57] src=\"https://h5.sinaimg.cn/m/emoticon/icon/default/d_han-d8ebda66d3.png\" style=\"width:1em; height:1em;\" /></span>\u3011", "source": "iPhone\u5ba2\u6237\u7aef", "favorited": false, "pic_ids": [], "pic_types": "", "is_paid": false, "mblog_vip_type": 0, "user": {"id": 6363694281, "screen_name": "\u4e3d\u6c5f\u653f\u6cd5", "profile_image_url": "https://tvax4.sinaimg.cn/crop.0.0.512.512.180/006WFpAlly8gdi7pva0nmj30e80e8mxg.jpg?KID=imgbed,tva&Expires=1619051513&ssig=hCRLfkDSjN", "profile_url": "https://m.weibo.cn/u/6363694281?uid=6363694281", "statuses_count": 24935, "verified": true, "verified_type": 1, "verified_type_ext": 0, "verified_reason": "\u4e2d\u5171\u4e3d\u6c5f\u5e02\u59d4\u653f\u6cd5\u59d4\u5b98\u65b9\u5fae\u535a", "close_blue_v": false, "description": "", "gender": "m", "mbtype": 0, "urank": 22, "mbrank": 0, "follow_me": false, "following": false, "followers_count": 1029, "follow_count": 117, "cover_image_phone": "https://wx3.sinaimg.cn/crop.0.0.640.640.640/006WFpAlly1gdi6voueb1j30e80e8405.jpg", "avatar_hd": "https://wx4.sinaimg.cn/orj480/006WFpAlly8gdi7pva0nmj30e80e8mxg.jpg", "like": false, "like_me": false, "badge": {"user_name_certificate": 1, "wenchuan_10th": 1, "dailv_2018": 1, "yiqijuan_2018": 1, "national_day_2018": 1, "double11_2018": 1, "hongrenjie_2019": 1, "china_2019": 1, "hongkong_2019": 1, "dzwbqlx_2019": 6, "rrgyj_2019": 1, "macao_2019": 1, "china_2019_2": 1, "hongbao_2020": 2, "feiyan_2020": 1, "graduation_2020": 1, "school_2020": 1, "hongrenjie_2020": 1, "china_2020": 1, "nihaoshenghuojie_2021": 1, "lvzhilingyang_2021": 1}}, "reposts_count": 1, "comments_count": 1, "attitudes_count": 1, "pending_approval_count": 0, "isLongText": false, "reward_exhibition_type": 0, "hide_flag": 0, "mlevel": 0, "darwin_tags": [], "mblogtype": 0, "more_info_type": 0, "content_auth": 0, "repost_type": 3, "pic_num": 0, "alchemy_params": {"ug_red_envelope": false}, "raw_text": "\u3010#\u5370\u5c3c\u6d41\u884c\u6652\u592a\u9633\u9884\u9632\u65b0\u51a0\u75c5\u6bd2#\uff1a\u5149\u7740\u4e0a\u8eab\u5750\u5730\u4e0a[\u6c57]\u3011", "bid": "IFLbvgqFy"}, {"visible": {"type": 0, "list_id": 0}, "created_at": "Thu Apr 30 21:03:49 +0800 2020", "id": "4499516651036483", "mid": "4499516651036483", "can_edit": false, "show_additional_indication": 0, "text": "<span class=\"url-icon\"><img alt=[\u8bdd\u7b52] src=\"https://h5.sinaimg.cn/m/emoticon/icon/others/o_huatong-0a3e80b147.png\" style=\"width:1em; height:1em;\" /></span><span class=\"url-icon\"><img alt=[\u8bdd\u7b52] src=\"https://h5.sinaimg.cn/m/emoticon/icon/others/o_huatong-0a3e80b147.png\" style=\"width:1em; height:1em;\" /></span><span class=\"url-icon\"><img alt=[\u8bdd\u7b52] src=\"https://h5.sinaimg.cn/m/emoticon/icon/others/o_huatong-0a3e80b147.png\" style=\"width:1em; height:1em;\" /></span>", "source": "\u5fae\u535a weibo.com", "favorited": false, "pic_ids": [], "pic_types": "", "is_paid": false, "mblog_vip_type": 0, "user": {"id": 6342621923, "screen_name": "\u7ea2\u6cb3\u653f\u6cd5", "profile_image_url": "https://tvax1.sinaimg.cn/crop.0.0.850.850.180/006VeZHBly8gln3ucv9q5j30nm0nm7nq.jpg?KID=imgbed,tva&Expires=1619051513&ssig=WAZZajHDA5", "profile_url": "https://m.weibo.cn/u/6342621923?uid=6342621923", "statuses_count": 45944, "verified": true, "verified_type": 1, "verified_type_ext": 0, "verified_reason": "\u4e2d\u56fd\u5171\u4ea7\u515a\u7ea2\u6cb3\u54c8\u5c3c\u65cf\u5f5d\u65cf\u81ea\u6cbb\u5dde\u59d4\u5458\u4f1a\u653f\u6cd5\u59d4\u5458\u4f1a", "close_blue_v": false, "description": "\u7ea2\u6cb3\u5dde\u59d4\u653f\u6cd5\u59d4\u662f\u515a\u59d4\u9886\u5bfc\u548c\u7ba1\u7406\u653f\u6cd5\u5de5\u4f5c\u7684\u804c\u80fd\u90e8\u95e8\u3002\u5176\u4e3b\u8981\u4efb\u52a1\u662f\u5b8f\u89c2\u6307\u5bfc\u3001\u534f\u8c03\u3001\u76d1\u7763\u3001\u68c0\u67e5\u4eba\u6c11\u68c0\u5bdf\u9662\u3001\u6cd5\u9662\u3001\u516c\u5b89\u673a\u5173\u3001\u53f8\u6cd5\u884c\u653f\u3001\u56fd\u5bb6\u5b89\u5168\u7b49\u90e8\u95e8\u5f00\u5c55\u5de5\u4f5c\uff0c\u7ef4\u62a4\u793e\u4f1a\u7a33\u5b9a\u3002", "gender": "m", "mbtype": 0, "urank": 24, "mbrank": 0, "follow_me": false, "following": false, "followers_count": 2563, "follow_count": 185, "cover_image_phone": "https://wx2.sinaimg.cn/crop.0.0.640.640.640/006VeZHBgy1gdla77m4ipj30u00u01h1.jpg", "avatar_hd": "https://wx1.sinaimg.cn/orj480/006VeZHBly8gln3ucv9q5j30nm0nm7nq.jpg", "like": false, "like_me": false, "badge": {"user_name_certificate": 1, "suishoupai_2018": 1, "wenchuan_10th": 1, "double11_2018": 1, "memorial_2018": 1, "womensday_2018": 1, "suishoupai_2019": 1, "wusi_2019": 1, "hongrenjie_2019": 1, "china_2019": 1, "hongkong_2019": 1, "hongbao_2020": 2, "feiyan_2020": 1, "kangyi_2020": 1, "daka_2020": 1, "graduation_2020": 1, "dailv_2020": 1, "school_2020": 1, "hongrenjie_2020": 1, "china_2020": 1, "nihaoshenghuojie_2021": 1, "lvzhilingyang_2021": 1}}, "reposts_count": 0, "comments_count": 0, "attitudes_count": 0, "pending_approval_count": 0, "isLongText": false, "reward_exhibition_type": 0, "hide_flag": 0, "mlevel": 0, "darwin_tags": [], "mblogtype": 0, "more_info_type": 0, "content_auth": 0, "repost_type": 3, "pic_num": 0, "alchemy_params": {"ug_red_envelope": false}, "raw_text": "[\u8bdd\u7b52][\u8bdd\u7b52][\u8bdd\u7b52]", "bid": "IFKSJ4lDt"}, {"visible": {"type": 0, "list_id": 0}, "created_at": "Thu Apr 30 16:45:55 +0800 2020", "id": "4499451752442549", "mid": "4499451752442549", "can_edit": false, "show_additional_indication": 0, "text": "\u8f6c\u53d1\u5fae\u535a", "source": "\u5fae\u535a weibo.com", "favorited": false, "pic_ids": [], "pic_types": "", "is_paid": false, "mblog_vip_type": 0, "user": {"id": 6336558648, "screen_name": "\u897f\u53cc\u7248\u7eb3\u653f\u6cd5", "profile_image_url": "https://tvax1.sinaimg.cn/crop.0.0.996.996.180/006UPymQly8gmckcy7pwxj30ro0ro0uy.jpg?KID=imgbed,tva&Expires=1619051513&ssig=GaCi1S477i", "profile_url": "https://m.weibo.cn/u/6336558648?uid=6336558648", "statuses_count": 33794, "verified": true, "verified_type": 1, "verified_type_ext": 0, "verified_reason": "\u4e2d\u5171\u897f\u53cc\u7248\u7eb3\u5dde\u59d4\u653f\u6cd5\u59d4\u5458\u4f1a\u5b98\u65b9\u5fae\u535a", "close_blue_v": false, "description": "\u4e91\u5357\u7701\u897f\u53cc\u7248\u7eb3\u50a3\u65cf\u81ea\u6cbb\u5dde\u59d4\u653f\u6cd5\u59d4\u5b98\u65b9\u5fae\u535a", "gender": "m", "mbtype": 0, "urank": 26, "mbrank": 0, "follow_me": false, "following": false, "followers_count": 5279, "follow_count": 197, "cover_image_phone": "https://wx4.sinaimg.cn/crop.0.0.640.640.640/006UPymQgy1gdi6n4rurmj30u00u0nae.jpg", "avatar_hd": "https://wx1.sinaimg.cn/orj480/006UPymQly8gmckcy7pwxj30ro0ro0uy.jpg", "like": false, "like_me": false, "badge": {"user_name_certificate": 1, "suishoupai_2018": 1, "national_day_2018": 1, "womensday_2018": 1, "suishoupai_2019": 2, "hongrenjie_2019": 1, "china_2019": 1, "hongkong_2019": 1, "wbzy_2019": 1, "gongjiri_2019": 1, "macao_2019": 1, "china_2019_2": 1, "hongbao_2020": 2, "feiyan_2020": 1, "kangyi_2020": 1, "graduation_2020": 1, "dailv_2020": 1, "school_2020": 1, "hongrenjie_2020": 1, "china_2020": 1, "weibozhiye_2020": 1, "hongbaofeijika_2021": 1, "weibozhiyexianxia_2021": 1, "nihaoshenghuojie_2021": 1, "lvzhilingyang_2021": 1}}, "reposts_count": 0, "comments_count": 0, "attitudes_count": 0, "pending_approval_count": 0, "isLongText": false, "reward_exhibition_type": 0, "hide_flag": 0, "mlevel": 0, "darwin_tags": [], "mblogtype": 0, "more_info_type": 0, "content_auth": 0, "repost_type": 1, "pic_num": 0, "alchemy_params": {"ug_red_envelope": false}, "raw_text": "\u8f6c\u53d1\u5fae\u535a", "bid": "IFJc3afpX"}, {"visible": {"type": 0, "list_id": 0}, "created_at": "Thu Apr 30 16:29:46 +0800 2020", "id": "4499447683990564", "mid": "4499447683990564", "can_edit": false, "show_additional_indication": 0, "text": "<span class=\"url-icon\"><img alt=[\u8bdd\u7b52] src=\"https://h5.sinaimg.cn/m/emoticon/icon/others/o_huatong-0a3e80b147.png\" style=\"width:1em; height:1em;\" /></span><span class=\"url-icon\"><img alt=[\u8bdd\u7b52] src=\"https://h5.sinaimg.cn/m/emoticon/icon/others/o_huatong-0a3e80b147.png\" style=\"width:1em; height:1em;\" /></span><span class=\"url-icon\"><img alt=[\u8bdd\u7b52] src=\"https://h5.sinaimg.cn/m/emoticon/icon/others/o_huatong-0a3e80b147.png\" style=\"width:1em; height:1em;\" /></span>", "source": "360\u5b89\u5168\u6d4f\u89c8\u5668", "favorited": false, "pic_ids": [], "pic_types": "", "is_paid": false, "mblog_vip_type": 0, "user": {"id": 7041296958, "screen_name": "\u548c\u8c10\u662d\u901a", "profile_image_url": "https://tvax1.sinaimg.cn/crop.0.0.996.996.180/007GwyZMly8gm6u2hcwyvj30ro0rotbs.jpg?KID=imgbed,tva&Expires=1619051513&ssig=xubk0W%2BGbr", "profile_url": "https://m.weibo.cn/u/7041296958?uid=7041296958", "statuses_count": 13144, "verified": true, "verified_type": 1, "verified_type_ext": 50, "verified_reason": "\u4e2d\u56fd\u5171\u4ea7\u515a\u662d\u901a\u5e02\u59d4\u5458\u4f1a\u653f\u6cd5\u59d4\u5458\u4f1a", "close_blue_v": false, "description": "", "gender": "f", "mbtype": 0, "urank": 4, "mbrank": 0, "follow_me": false, "following": false, "followers_count": 387, "follow_count": 65, "cover_image_phone": "https://wx4.sinaimg.cn/crop.0.0.640.640.640/007GwyZMgy1gdi6febwy3j30u00u0gtu.jpg", "avatar_hd": "https://wx1.sinaimg.cn/orj480/007GwyZMly8gm6u2hcwyvj30ro0rotbs.jpg", "like": false, "like_me": false, "badge": {"user_name_certificate": 1, "suishoupai_2019": 1, "wusi_2019": 1, "earth_2019": 1, "hongrenjie_2019": 1, "china_2019": 1, "hongkong_2019": 1, "china_2020": 1, "hongbaofeifuniu_2021": 1, "nihaoshenghuojie_2021": 1, "lvzhilingyang_2021": 1}}, "reposts_count": 0, "comments_count": 0, "attitudes_count": 0, "pending_approval_count": 0, "isLongText": false, "reward_exhibition_type": 0, "hide_flag": 0, "mlevel": 0, "darwin_tags": [], "mblogtype": 0, "more_info_type": 0, "content_auth": 0, "repost_type": 3, "pic_num": 0, "alchemy_params": {"ug_red_envelope": false}, "raw_text": "[\u8bdd\u7b52][\u8bdd\u7b52][\u8bdd\u7b52]", "bid": "IFJ5ugK7W"}, {"visible": {"type": 0, "list_id": 0}, "created_at": "Thu Apr 30 16:03:07 +0800 2020", "id": "4499440977657279", "mid": "4499440977657279", "can_edit": false, "show_additional_indication": 0, "text": "<span class=\"url-icon\"><img alt=[\u8bdd\u7b52] src=\"https://h5.sinaimg.cn/m/emoticon/icon/others/o_huatong-0a3e80b147.png\" style=\"width:1em; height:1em;\" /></span><span class=\"url-icon\"><img alt=[\u8bdd\u7b52] src=\"https://h5.sinaimg.cn/m/emoticon/icon/others/o_huatong-0a3e80b147.png\" style=\"width:1em; height:1em;\" /></span><span class=\"url-icon\"><img alt=[\u8bdd\u7b52] src=\"https://h5.sinaimg.cn/m/emoticon/icon/others/o_huatong-0a3e80b147.png\" style=\"width:1em; height:1em;\" /></span>", "source": "\u5fae\u535a weibo.com", "favorited": false, "pic_ids": [], "pic_types": "", "is_paid": false, "mblog_vip_type": 0, "user": {"id": 6360547889, "screen_name": "\u5fb7\u5b8f\u653f\u6cd5", "profile_image_url": "https://tvax1.sinaimg.cn/crop.0.0.656.656.180/006Wsd45ly8gln3tno7ahj30i80i8jta.jpg?KID=imgbed,tva&Expires=1619051513&ssig=ugOQXR2WFI", "profile_url": "https://m.weibo.cn/u/6360547889?uid=6360547889", "statuses_count": 34588, "verified": true, "verified_type": 1, "verified_type_ext": 0, "verified_reason": "\u4e2d\u5171\u5fb7\u5b8f\u653f\u6cd5\u59d4\u5458\u4f1a\u5b98\u65b9\u5fae\u535a", "close_blue_v": false, "description": "\u4e2d\u5171\u5fb7\u5b8f\u5dde\u59d4\u653f\u6cd5\u59d4\u5458\u4f1a\u5b98\u65b9\u5fae\u535a", "gender": "m", "mbtype": 2, "urank": 26, "mbrank": 1, "follow_me": false, "following": false, "followers_count": 1027, "follow_count": 152, "cover_image_phone": "https://tva1.sinaimg.cn/crop.0.0.640.640.640/549d0121tw1egm1kjly3jj20hs0hsq4f.jpg", "avatar_hd": "https://wx1.sinaimg.cn/orj480/006Wsd45ly8gln3tno7ahj30i80i8jta.jpg", "like": false, "like_me": false, "badge": {"panda": 1, "user_name_certificate": 1, "dailv_2018": 1, "yiqijuan_2018": 1, "national_day_2018": 1, "double11_2018": 1, "womensday_2018": 1, "suishoupai_2019": 1, "wusi_2019": 1, "hongrenjie_2019": 1, "dailv_2019": 1, "china_2019": 1, "hongkong_2019": 1, "macao_2019": 1, "china_2019_2": 1, "hongbao_2020": 2, "feiyan_2020": 1, "graduation_2020": 1, "dailv_2020": 1, "school_2020": 1, "hongrenjie_2020": 1, "china_2020": 1, "nihaoshenghuojie_2021": 1, "lvzhilingyang_2021": 1}}, "reposts_count": 0, "comments_count": 0, "attitudes_count": 0, "pending_approval_count": 0, "isLongText": false, "reward_exhibition_type": 0, "hide_flag": 0, "mlevel": 0, "darwin_tags": [], "mblogtype": 0, "more_info_type": 0, "content_auth": 0, "repost_type": 3, "pic_num": 0, "alchemy_params": {"ug_red_envelope": false}, "raw_text": "[\u8bdd\u7b52][\u8bdd\u7b52][\u8bdd\u7b52]", "bid": "IFIUFw80v"}, {"visible": {"type": 0, "list_id": 0}, "created_at": "Thu Apr 30 15:39:23 +0800 2020", "id": "4499435008831876", "mid": "4499435008831876", "can_edit": false, "show_additional_indication": 0, "text": "\u8ff7\u60d1\u884c\u4e3a\u2026\u2026", "source": "\u5fae\u535a weibo.com", "favorited": false, "pic_ids": [], "pic_types": "", "is_paid": false, "mblog_vip_type": 0, "user": {"id": 6478725896, "screen_name": "\u4e34\u6ca7\u653f\u6cd5", "profile_image_url": "https://tvax4.sinaimg.cn/crop.70.3.200.200.180/0074s4yYly8ghp7137p0nj30a007ogn5.jpg?KID=imgbed,tva&Expires=1619051515&ssig=CBVcRawYrg", "profile_url": "https://m.weibo.cn/u/6478725896?uid=6478725896", "statuses_count": 46749, "verified": true, "verified_type": 1, "verified_type_ext": 0, "verified_reason": "\u4e2d\u56fd\u5171\u4ea7\u515a\u4e34\u6ca7\u5e02\u59d4\u5458\u4f1a\u653f\u6cd5\u59d4\u5458\u4f1a\u5b98\u65b9\u5fae\u535a", "close_blue_v": false, "description": "\u4e2d\u5171\u4e34\u6ca7\u5e02\u59d4\u653f\u6cd5\u59d4\u5b98\u65b9\u5fae\u535a", "gender": "f", "mbtype": 0, "urank": 22, "mbrank": 0, "follow_me": false, "following": false, "followers_count": 5935, "follow_count": 185, "cover_image_phone": "https://wx3.sinaimg.cn/crop.0.0.640.640.640/0074s4yYgy1gearv261d8j30u00u0ae7.jpg", "avatar_hd": "https://wx4.sinaimg.cn/orj480/0074s4yYly8ghp7137p0nj30a007ogn5.jpg", "like": false, "like_me": false, "badge": {"user_name_certificate": 1, "worldcup_2018": 34, "wenda_v2": 1, "dailv_2018": 1, "asiad_2018": 1, "qixi_2018": 1, "yiqijuan_2018": 1, "national_day_2018": 1, "double11_2018": 1, "womensday_2018": 1, "suishoupai_2019": 1, "wusi_2019": 1, "hongrenjie_2019": 1, "china_2019": 1, "hongkong_2019": 1, "gongjiri_2019": 1, "hongbao_2020": 2, "feiyan_2020": 1, "graduation_2020": 1, "dailv_2020": 1, "school_2020": 1, "china_2020": 1, "nihaoshenghuojie_2021": 1, "lvzhilingyang_2021": 1}}, "reposts_count": 0, "comments_count": 0, "attitudes_count": 0, "pending_approval_count": 0, "isLongText": false, "reward_exhibition_type": 0, "hide_flag": 0, "mlevel": 0, "darwin_tags": [], "mblogtype": 0, "more_info_type": 0, "content_auth": 0, "repost_type": 1, "pic_num": 0, "alchemy_params": {"ug_red_envelope": false}, "raw_text": "\u8ff7\u60d1\u884c\u4e3a\u2026\u2026", "bid": "IFIL2B3zC"}, {"visible": {"type": 0, "list_id": 0}, "created_at": "Thu Apr 30 15:39:13 +0800 2020", "id": "4499434963305247", "mid": "4499434963305247", "can_edit": false, "show_additional_indication": 0, "text": "\u8ff7\u60d1\u884c\u4e3a\u2026\u2026", "source": "\u5fae\u535a weibo.com", "favorited": false, "pic_ids": [], "pic_types": "", "is_paid": false, "mblog_vip_type": 0, "user": {"id": 6478725896, "screen_name": "\u4e34\u6ca7\u653f\u6cd5", "profile_image_url": "https://tvax4.sinaimg.cn/crop.70.3.200.200.180/0074s4yYly8ghp7137p0nj30a007ogn5.jpg?KID=imgbed,tva&Expires=1619051515&ssig=CBVcRawYrg", "profile_url": "https://m.weibo.cn/u/6478725896?uid=6478725896", "statuses_count": 46749, "verified": true, "verified_type": 1, "verified_type_ext": 0, "verified_reason": "\u4e2d\u56fd\u5171\u4ea7\u515a\u4e34\u6ca7\u5e02\u59d4\u5458\u4f1a\u653f\u6cd5\u59d4\u5458\u4f1a\u5b98\u65b9\u5fae\u535a", "close_blue_v": false, "description": "\u4e2d\u5171\u4e34\u6ca7\u5e02\u59d4\u653f\u6cd5\u59d4\u5b98\u65b9\u5fae\u535a", "gender": "f", "mbtype": 0, "urank": 22, "mbrank": 0, "follow_me": false, "following": false, "followers_count": 5935, "follow_count": 185, "cover_image_phone": "https://wx3.sinaimg.cn/crop.0.0.640.640.640/0074s4yYgy1gearv261d8j30u00u0ae7.jpg", "avatar_hd": "https://wx4.sinaimg.cn/orj480/0074s4yYly8ghp7137p0nj30a007ogn5.jpg", "like": false, "like_me": false, "badge": {"user_name_certificate": 1, "worldcup_2018": 34, "wenda_v2": 1, "dailv_2018": 1, "asiad_2018": 1, "qixi_2018": 1, "yiqijuan_2018": 1, "national_day_2018": 1, "double11_2018": 1, "womensday_2018": 1, "suishoupai_2019": 1, "wusi_2019": 1, "hongrenjie_2019": 1, "china_2019": 1, "hongkong_2019": 1, "gongjiri_2019": 1, "hongbao_2020": 2, "feiyan_2020": 1, "graduation_2020": 1, "dailv_2020": 1, "school_2020": 1, "china_2020": 1, "nihaoshenghuojie_2021": 1, "lvzhilingyang_2021": 1}}, "reposts_count": 0, "comments_count": 0, "attitudes_count": 0, "pending_approval_count": 0, "isLongText": false, "reward_exhibition_type": 0, "hide_flag": 0, "mlevel": 0, "darwin_tags": [], "mblogtype": 0, "more_info_type": 0, "content_auth": 0, "repost_type": 4, "pic_num": 0, "alchemy_params": {"ug_red_envelope": false}, "raw_text": "\u8ff7\u60d1\u884c\u4e3a\u2026\u2026", "bid": "IFIKYdRQr"}, {"visible": {"type": 0, "list_id": 0}, "created_at": "Thu Apr 30 15:21:35 +0800 2020", "id": "4499430524886195", "mid": "4499430524886195", "can_edit": false, "show_additional_indication": 0, "text": "\u3010<a  href=\"https://m.weibo.cn/search?containerid=231522type%3D1%26t%3D10%26q%3D%23%E5%8D%B0%E5%B0%BC%E6%B5%81%E8%A1%8C%E6%99%92%E5%A4%AA%E9%98%B3%E9%A2%84%E9%98%B2%E6%96%B0%E5%86%A0%E7%97%85%E6%AF%92%23&extparam=%23%E5%8D%B0%E5%B0%BC%E6%B5%81%E8%A1%8C%E6%99%92%E5%A4%AA%E9%98%B3%E9%A2%84%E9%98%B2%E6%96%B0%E5%86%A0%E7%97%85%E6%AF%92%23\" data-hide=\"\"><span class=\"surl-text\">#\u5370\u5c3c\u6d41\u884c\u6652\u592a\u9633\u9884\u9632\u65b0\u51a0\u75c5\u6bd2#</span></a>\uff1a\u5149\u7740\u4e0a\u8eab\u5750\u5730\u4e0a<span class=\"url-icon\"><img alt=[\u6c57] src=\"https://h5.sinaimg.cn/m/emoticon/icon/default/d_han-d8ebda66d3.png\" style=\"width:1em; height:1em;\" /></span>\u3011", "source": "360\u5b89\u5168\u6d4f\u89c8\u5668", "favorited": false, "pic_ids": [], "pic_types": "", "is_paid": false, "mblog_vip_type": 0, "user": {"id": 7094264232, "screen_name": "\u8fea\u5e86\u653f\u6cd5", "profile_image_url": "https://tvax4.sinaimg.cn/crop.63.41.733.733.180/007K6OcEly8g5s3542wgsj30nm0nbmyv.jpg?KID=imgbed,tva&Expires=1619051515&ssig=IeXpy%2B28U0", "profile_url": "https://m.weibo.cn/u/7094264232?uid=7094264232", "statuses_count": 5741, "verified": true, "verified_type": 2, "verified_type_ext": 50, "verified_reason": "\u4e2d\u5171\u8fea\u5e86\u85cf\u65cf\u81ea\u6cbb\u5dde\u59d4\u5458\u4f1a\u653f\u6cd5\u59d4\u5458\u4f1a\u5b98\u65b9\u5fae\u535a", "close_blue_v": false, "description": "", "gender": "f", "mbtype": 2, "urank": 12, "mbrank": 3, "follow_me": false, "following": false, "followers_count": 129, "follow_count": 156, "cover_image_phone": "https://tva1.sinaimg.cn/crop.0.0.640.640.640/549d0121tw1egm1kjly3jj20hs0hsq4f.jpg", "avatar_hd": "https://wx4.sinaimg.cn/orj480/007K6OcEly8g5s3542wgsj30nm0nbmyv.jpg", "like": false, "like_me": false, "badge": {"user_name_certificate": 1, "wenda_v2": 1, "hongrenjie_2019": 1, "china_2019": 1, "macao_2019": 1, "china_2019_2": 1, "hongbao_2020": 2, "feiyan_2020": 1, "school_2020": 1, "china_2020": 1}}, "reposts_count": 0, "comments_count": 0, "attitudes_count": 0, "pending_approval_count": 0, "isLongText": false, "reward_exhibition_type": 0, "hide_flag": 0, "mlevel": 0, "darwin_tags": [], "mblogtype": 0, "more_info_type": 0, "number_display_strategy": {"apply_scenario_flag": 3, "display_text_min_number": 1000000, "display_text": "100\u4e07+"}, "content_auth": 0, "repost_type": 3, "pic_num": 0, "alchemy_params": {"ug_red_envelope": false}, "raw_text": "\u3010#\u5370\u5c3c\u6d41\u884c\u6652\u592a\u9633\u9884\u9632\u65b0\u51a0\u75c5\u6bd2#\uff1a\u5149\u7740\u4e0a\u8eab\u5750\u5730\u4e0a[\u6c57]\u3011", "bid": "IFIDOkv7B"}, {"visible": {"type": 0, "list_id": 0}, "created_at": "Thu Apr 30 15:06:27 +0800 2020", "id": "4499426716772274", "mid": "4499426716772274", "can_edit": false, "show_additional_indication": 0, "text": "\u8f6c\u53d1\u5fae\u535a", "source": "360\u5b89\u5168\u6d4f\u89c8\u5668", "favorited": false, "pic_ids": [], "pic_types": "", "is_paid": false, "mblog_vip_type": 0, "user": {"id": 3806438262, "screen_name": "\u6606\u660e\u5e02\u59d4\u653f\u6cd5\u59d4", "profile_image_url": "https://tvax2.sinaimg.cn/crop.0.0.996.996.180/e2e1a376ly8gdii9f1xu4j20ro0roq4d.jpg?KID=imgbed,tva&Expires=1619051515&ssig=gqL5nChLGj", "profile_url": "https://m.weibo.cn/u/3806438262?uid=3806438262", "statuses_count": 36389, "verified": true, "verified_type": 1, "verified_type_ext": 0, "verified_reason": "\u4e2d\u5171\u6606\u660e\u5e02\u59d4\u653f\u6cd5\u59d4\u5b98\u65b9\u5fae\u535a", "close_blue_v": false, "description": "", "gender": "m", "mbtype": 0, "urank": 32, "mbrank": 0, "follow_me": false, "following": false, "followers_count": 12386, "follow_count": 290, "cover_image_phone": "https://wx4.sinaimg.cn/crop.0.0.640.640.640/e2e1a376gy1gdiilll3a9j20u00u0tid.jpg", "avatar_hd": "https://wx2.sinaimg.cn/orj480/e2e1a376ly8gdii9f1xu4j20ro0roq4d.jpg", "like": false, "like_me": false, "badge": {"dzwbqlx_2016": 1, "follow_whitelist_video": 1, "user_name_certificate": 1, "qixi_2018": 1, "yiqijuan_2018": 1, "suishoupai_2019": 1, "china_2019": 1, "hongkong_2019": 1, "hongbao_2020": 2, "feiyan_2020": 1, "kangyi_2020": 1, "graduation_2020": 1, "pc_new": 6, "dailv_2020": 1, "school_2020": 1, "china_2020": 1, "nihaoshenghuojie_2021": 1, "lvzhilingyang_2021": 1}}, "reposts_count": 0, "comments_count": 0, "attitudes_count": 1, "pending_approval_count": 0, "isLongText": false, "reward_exhibition_type": 0, "hide_flag": 0, "mlevel": 0, "darwin_tags": [], "mblogtype": 0, "more_info_type": 0, "content_auth": 0, "repost_type": 1, "pic_num": 0, "alchemy_params": {"ug_red_envelope": false}, "raw_text": "\u8f6c\u53d1\u5fae\u535a", "bid": "IFIxFspMe"}, {"visible": {"type": 0, "list_id": 0}, "created_at": "Thu Apr 30 14:12:37 +0800 2020", "id": "4499413168995652", "mid": "4499413168995652", "can_edit": false, "show_additional_indication": 0, "text": "<span class=\"url-icon\"><img alt=[\u8bdd\u7b52] src=\"https://h5.sinaimg.cn/m/emoticon/icon/others/o_huatong-0a3e80b147.png\" style=\"width:1em; height:1em;\" /></span><span class=\"url-icon\"><img alt=[\u8bdd\u7b52] src=\"https://h5.sinaimg.cn/m/emoticon/icon/others/o_huatong-0a3e80b147.png\" style=\"width:1em; height:1em;\" /></span>//<a href='/n/\u666e\u6d31\u653f\u6cd5'>@\u666e\u6d31\u653f\u6cd5</a>:<a  href=\"https://m.weibo.cn/search?containerid=231522type%3D1%26t%3D10%26q%3D%23%E5%8D%B0%E5%B0%BC%E6%B5%81%E8%A1%8C%E6%99%92%E5%A4%AA%E9%98%B3%E9%A2%84%E9%98%B2%E6%96%B0%E5%86%A0%E7%97%85%E6%AF%92%23&extparam=%23%E5%8D%B0%E5%B0%BC%E6%B5%81%E8%A1%8C%E6%99%92%E5%A4%AA%E9%98%B3%E9%A2%84%E9%98%B2%E6%96%B0%E5%86%A0%E7%97%85%E6%AF%92%23\" data-hide=\"\"><span class=\"surl-text\">#\u5370\u5c3c\u6d41\u884c\u6652\u592a\u9633\u9884\u9632\u65b0\u51a0\u75c5\u6bd2#</span></a>\uff1a\u5149\u7740\u4e0a\u8eab\u5750\u5730\u4e0a<span class=\"url-icon\"><img alt=[\u8d39\u89e3] src=\"https://h5.sinaimg.cn/m/emoticon/icon/default/d_feijie-c1df37ef03.png\" style=\"width:1em; height:1em;\" /></span>", "source": "nova5Pro\u4eba\u50cf\u8d85\u7ea7\u591c\u666f", "favorited": false, "pic_ids": [], "pic_types": "", "is_paid": false, "mblog_vip_type": 0, "user": {"id": 6415744144, "screen_name": "\u7528\u62376415744144", "profile_image_url": "https://tvax1.sinaimg.cn/crop.0.0.640.640.180/0070bO8gly8flsfubq1ezj30hs0hsjsf.jpg?KID=imgbed,tva&Expires=1619051515&ssig=PkmUrOaTGu", "profile_url": "https://m.weibo.cn/u/6415744144?uid=6415744144", "statuses_count": 2826, "verified": false, "verified_type": -1, "close_blue_v": false, "description": "", "gender": "m", "mbtype": 0, "urank": 4, "mbrank": 0, "follow_me": false, "following": false, "followers_count": 4, "follow_count": 179, "cover_image_phone": "https://tva1.sinaimg.cn/crop.0.0.640.640.640/549d0121tw1egm1kjly3jj20hs0hsq4f.jpg", "avatar_hd": "https://wx1.sinaimg.cn/orj480/0070bO8gly8flsfubq1ezj30hs0hsjsf.jpg", "like": false, "like_me": false, "badge": {"user_name_certificate": 1, "hongbao_2020": 2, "feiyan_2020": 1, "school_2020": 1}}, "pid": 4499411788879231, "pidstr": "4499411788879231", "reposts_count": 0, "comments_count": 0, "attitudes_count": 0, "pending_approval_count": 0, "isLongText": false, "reward_exhibition_type": 0, "hide_flag": 0, "mlevel": 0, "darwin_tags": [], "mblogtype": 0, "more_info_type": 0, "number_display_strategy": {"apply_scenario_flag": 3, "display_text_min_number": 1000000, "display_text": "100\u4e07+"}, "content_auth": 0, "repost_type": 3, "pic_num": 0, "alchemy_params": {"ug_red_envelope": false}, "raw_text": "[\u8bdd\u7b52][\u8bdd\u7b52]//@\u666e\u6d31\u653f\u6cd5:#\u5370\u5c3c\u6d41\u884c\u6652\u592a\u9633\u9884\u9632\u65b0\u51a0\u75c5\u6bd2#\uff1a\u5149\u7740\u4e0a\u8eab\u5750\u5730\u4e0a[\u8d39\u89e3]", "bid": "IFIbOBKba"}, {"visible": {"type": 0, "list_id": 0}, "created_at": "Thu Apr 30 14:07:07 +0800 2020", "id": "4499411788879231", "mid": "4499411788879231", "can_edit": false, "show_additional_indication": 0, "text": "<a  href=\"https://m.weibo.cn/search?containerid=231522type%3D1%26t%3D10%26q%3D%23%E5%8D%B0%E5%B0%BC%E6%B5%81%E8%A1%8C%E6%99%92%E5%A4%AA%E9%98%B3%E9%A2%84%E9%98%B2%E6%96%B0%E5%86%A0%E7%97%85%E6%AF%92%23&extparam=%23%E5%8D%B0%E5%B0%BC%E6%B5%81%E8%A1%8C%E6%99%92%E5%A4%AA%E9%98%B3%E9%A2%84%E9%98%B2%E6%96%B0%E5%86%A0%E7%97%85%E6%AF%92%23\" data-hide=\"\"><span class=\"surl-text\">#\u5370\u5c3c\u6d41\u884c\u6652\u592a\u9633\u9884\u9632\u65b0\u51a0\u75c5\u6bd2#</span></a>\uff1a\u5149\u7740\u4e0a\u8eab\u5750\u5730\u4e0a<span class=\"url-icon\"><img alt=[\u8d39\u89e3] src=\"https://h5.sinaimg.cn/m/emoticon/icon/default/d_feijie-c1df37ef03.png\" style=\"width:1em; height:1em;\" /></span>", "source": "HUAWEI P30", "favorited": false, "pic_ids": [], "pic_types": "", "is_paid": false, "mblog_vip_type": 0, "user": {"id": 6253582464, "screen_name": "\u666e\u6d31\u653f\u6cd5", "profile_image_url": "https://tvax1.sinaimg.cn/crop.0.0.1080.1080.180/006Pdotily8gk4tmvw5i0j30u00u0abz.jpg?KID=imgbed,tva&Expires=1619051515&ssig=OrUbobAkms", "profile_url": "https://m.weibo.cn/u/6253582464?uid=6253582464", "statuses_count": 18128, "verified": true, "verified_type": 1, "verified_type_ext": 0, "verified_reason": "\u4e91\u5357\u7701\u666e\u6d31\u5e02\u59d4\u653f\u6cd5\u59d4\u5458\u4f1a\u5b98\u65b9\u5fae\u535a", "close_blue_v": false, "description": "\u666e\u6d31\u957f\u5b89\u7f51\uff1ahttp://www.pecaw.gov.cn/", "gender": "f", "mbtype": 12, "urank": 23, "mbrank": 3, "follow_me": false, "following": false, "followers_count": 2127, "follow_count": 421, "cover_image_phone": "https://wx1.sinaimg.cn/crop.0.0.640.640.640/006Pdotigy1giz67opxj4j30k00k0a9v.jpg", "avatar_hd": "https://wx1.sinaimg.cn/orj480/006Pdotily8gk4tmvw5i0j30u00u0abz.jpg", "like": false, "like_me": false, "badge": {"user_name_certificate": 1, "wenda_v2": 1, "wbzy_2019": 1, "gongjiri_2019": 1, "macao_2019": 1, "china_2019_2": 1, "hongbao_2020": 1, "feiyan_2020": 1, "kangyi_2020": 1, "graduation_2020": 1, "dailv_2020": 1, "school_2020": 1, "china_2020": 1, "hongbaofeifuniu_2021": 1, "nihaoshenghuojie_2021": 1, "lvzhilingyang_2021": 1}}, "reposts_count": 1, "comments_count": 1, "attitudes_count": 1, "pending_approval_count": 0, "isLongText": false, "reward_exhibition_type": 0, "hide_flag": 0, "mlevel": 0, "darwin_tags": [], "mblogtype": 0, "more_info_type": 0, "content_auth": 0, "repost_type": 3, "pic_num": 0, "alchemy_params": {"ug_red_envelope": false}, "raw_text": "#\u5370\u5c3c\u6d41\u884c\u6652\u592a\u9633\u9884\u9632\u65b0\u51a0\u75c5\u6bd2#\uff1a\u5149\u7740\u4e0a\u8eab\u5750\u5730\u4e0a[\u8d39\u89e3]", "bid": "IFI9ABfTp"}]