[{"visible": {"type": 0, "list_id": 0}, "created_at": "Sun Apr 26 13:44:52 +0800 2020", "id": "4497956633790025", "mid": "4497956633790025", "can_edit": false, "show_additional_indication": 0, "text": "\u8f6c\u53d1\u5fae\u535a", "source": "\u8363\u800010 AI\u53d8\u8272\u66f4\u6f6e\u7f8e", "favorited": false, "pic_ids": [], "pic_types": "", "is_paid": false, "mblog_vip_type": 0, "user": {"id": 5893985248, "screen_name": "\u4e0d\u77e5\u9053\u6539\u5565\u540d\u597d\u513f", "profile_image_url": "https://tvax4.sinaimg.cn/crop.0.0.664.664.180/006qSyOcly8galn1xiwb5j30ig0ihmxk.jpg?KID=imgbed,tva&Expires=1619051472&ssig=Fd3o2sq38B", "profile_url": "https://m.weibo.cn/u/5893985248?uid=5893985248", "statuses_count": 23646, "verified": false, "verified_type": -1, "close_blue_v": false, "description": "", "gender": "f", "mbtype": 2, "urank": 8, "mbrank": 1, "follow_me": false, "following": false, "followers_count": 241, "follow_count": 3816, "cover_image_phone": "https://tva1.sinaimg.cn/crop.0.0.640.640.640/549d0121tw1egm1kjly3jj20hs0hsq4f.jpg", "avatar_hd": "https://wx4.sinaimg.cn/orj480/006qSyOcly8galn1xiwb5j30ig0ihmxk.jpg", "like": false, "like_me": false, "badge": {"bind_taobao": 1, "panda": 1, "user_name_certificate": 1, "hongbaofei_2019": 1, "suishoupai_2019": 1, "wusi_2019": 1, "hongrenjie_2019": 1, "dailv_2019": 1, "china_2019": 1, "hongkong_2019": 1, "rrgyj_2019": 1, "hongbao_2020": 3, "feiyan_2020": 1, "hope_2020": 1, "kangyi_2020": 1, "graduation_2020": 1, "dailv_2020": 1, "school_2020": 1, "hongrenjie_2020": 1, "china_2020": 1, "hongbaofeifuniu_2021": 1, "hongbaofeijika_2021": 1}}, "reposts_count": 0, "comments_count": 0, "attitudes_count": 0, "pending_approval_count": 0, "isLongText": false, "reward_exhibition_type": 0, "hide_flag": 0, "mlevel": 0, "darwin_tags": [], "mblogtype": 0, "more_info_type": 0, "number_display_strategy": {"apply_scenario_flag": 3, "display_text_min_number": 1000000, "display_text": "100\u4e07+"}, "content_auth": 0, "repost_type": 1, "pic_num": 0, "alchemy_params": {"ug_red_envelope": false}, "raw_text": "\u8f6c\u53d1\u5fae\u535a", "bid": "IF6izfTXr"}]