[{"id": 4510211631194378, "created_at": "2020-05-30", "source": "", "user": {"id": 6756482870, "screen_name": "\u5149\u5934\u5e2e\u4e3b", "profile_image_url": "https://tvax3.sinaimg.cn/crop.0.0.750.750.180/007nfvQaly8fw424e8tazj30ku0kuwg2.jpg?KID=imgbed,tva&Expires=1619177940&ssig=thK6ewzW7w", "verified": true, "verified_type": 0, "followers_count": 195574, "verified_type_ext": 1, "mbtype": 12, "profile_url": "https://m.weibo.cn/u/6756482870?uid=6756482870", "remark": "", "following": false, "follow_me": false}, "text": "<a class='k' href='https://m.weibo.cn/search?containerid=231522type%3D1%26t%3D10%26q%3D%23%E4%B8%AD%E6%98%8C%E8%9E%8D%E7%9B%9B%E8%B4%A7%E8%88%B92%E4%BA%BA%E7%A1%AE%E8%AF%8A%E6%96%B0%E5%86%A0%E8%82%BA%E7%82%8E%23'>#\u4e2d\u660c\u878d\u76db\u8d27\u82392\u4eba\u786e\u8bca\u65b0\u51a0\u80ba\u708e#</a>\uff1a\u7cfb\u4ece\u65e5\u7167\u6d77\u5173\u5165\u5883\uff0c\u4e2d\u660c\u878d\u76db\u8d27\u8239\u5171\u8ba122\u540d\u4e2d\u56fd\u7c4d\u8239\u5458\u3002\u786e\u8bca\u8239\u54583\u670812\u65e5\u767b\u8239\u5de5\u4f5c\uff0c5\u670810\u65e5\u81ea\u5370\u5ea6\u51fa\u53d1\uff0c5\u670817\u65e5\u7ecf\u65b0\u52a0\u5761\uff0c5\u670827\u65e5\u505c\u9760\u5c9a\u5c71\u6e2f\uff0c5\u670829\u65e5\u6536\u5165\u5b9a\u70b9\u533b\u9662\u9694\u79bb\u75c5\u623f\u3002", "like_counts": 0, "liked": false}, {"id": 4510209593162387, "created_at": "2020-05-30", "source": "", "user": {"id": 3058429797, "screen_name": "\u6bd4\u7279\u5e01\u5c0f\u9753\u4ed4", "profile_image_url": "https://tvax3.sinaimg.cn/crop.0.0.996.996.180/b64bef65ly8goah02nnpzj20ro0rogml.jpg?KID=imgbed,tva&Expires=1619177940&ssig=OqYQbo%2BuVC", "verified": true, "verified_type": 0, "followers_count": 451352, "verified_type_ext": 0, "mbtype": 12, "profile_url": "https://m.weibo.cn/u/3058429797?uid=3058429797", "remark": "", "following": false, "follow_me": false}, "text": "84\u3001\u4f60\u4eb2\u624b\u4e3a\u6211\u6316\u7684\u575f\u5893\uff0c\u5c31\u7b97\u662f\u88c5\u6b7b\u6211\u4e5f\u4f1a\u4e56\u4e56\u8eba\u4e0b\u3002", "like_counts": 0, "liked": false}, {"id": 4510208787238692, "created_at": "2020-05-30", "source": "", "user": {"id": 3320500013, "screen_name": "\u8bf7\u53eb\u6211\u5395\u6240\u6240\u957f", "profile_image_url": "https://tvax2.sinaimg.cn/crop.0.0.512.512.180/c5eacf2dly8gdftx9ihkoj20e80e8wez.jpg?KID=imgbed,tva&Expires=1619177940&ssig=YhfS7arhyU", "verified": true, "verified_type": 0, "followers_count": 185921, "verified_type_ext": 0, "mbtype": 2, "profile_url": "https://m.weibo.cn/u/3320500013?uid=3320500013", "remark": "", "following": false, "follow_me": false}, "text": "\u4e0a\u5348\u597d<span class=\"url-icon\"><img alt=[\u597d\u7231\u54e6] src=\"https://h5.sinaimg.cn/m/emoticon/icon/lxh/lxh_haoaio-bd64a94751.png\" style=\"width:1em; height:1em;\" /></span>", "like_counts": 0, "liked": false}, {"id": 4510208607823945, "created_at": "2020-05-30", "source": "", "user": {"id": 7194764937, "screen_name": "\u6d41\u6d6a\u7684\u98ce\u7b1b198806", "profile_image_url": "https://tvax4.sinaimg.cn/crop.0.0.132.132.180/007QUv1Lly4g41pphxc0cj303o03owec.jpg?KID=imgbed,tva&Expires=1619177940&ssig=k%2F3wG146S9", "verified": false, "verified_type": -1, "followers_count": 16, "mbtype": 0, "profile_url": "https://m.weibo.cn/u/7194764937?uid=7194764937", "remark": "", "following": false, "follow_me": false}, "text": "\u70b9\u8d5e", "like_counts": 1, "liked": false}, {"id": 4510208045226711, "created_at": "2020-05-30", "source": "", "user": {"id": 5388850790, "screen_name": "\u58c1\u7eb8\u5973\u5934\u50cfbot", "profile_image_url": "https://tvax3.sinaimg.cn/crop.0.0.888.888.180/005SH4gely8gnmscycz5jj30oo0oojtt.jpg?KID=imgbed,tva&Expires=1619177940&ssig=eGSyQcdlUp", "verified": true, "verified_type": 0, "followers_count": 1074688, "verified_type_ext": 0, "mbtype": 12, "profile_url": "https://m.weibo.cn/u/5388850790?uid=5388850790", "remark": "", "following": false, "follow_me": false}, "text": "<span class=\"url-icon\"><img alt=[\u8d5e\u554a] src=\"https://h5.sinaimg.cn/m/emoticon/icon/lxh/lxh_zana-dd20c7bed2.png\" style=\"width:1em; height:1em;\" /></span>", "like_counts": 0, "liked": false}, {"id": 4510410046616120, "created_at": "2020-05-30", "source": "", "user": {"id": 6756482870, "screen_name": "\u5149\u5934\u5e2e\u4e3b", "profile_image_url": "https://tvax3.sinaimg.cn/crop.0.0.750.750.180/007nfvQaly8fw424e8tazj30ku0kuwg2.jpg?KID=imgbed,tva&Expires=1619177957&ssig=GsnxTjxLHy", "verified": true, "verified_type": 0, "followers_count": 195574, "verified_type_ext": 1, "mbtype": 12, "profile_url": "https://m.weibo.cn/u/6756482870?uid=6756482870", "remark": "", "following": false, "follow_me": false}, "text": "5\u670830\u65e5\uff0c<a class='k' href='https://m.weibo.cn/search?containerid=231522type%3D1%26t%3D10%26q%3D%23%E5%B1%B1%E4%B8%9C%E6%97%A5%E7%85%A7%E6%96%B0%E5%A2%9E1%E4%BE%8B%E5%A2%83%E5%A4%96%E8%BE%93%E5%85%A5%23'>#\u5c71\u4e1c\u65e5\u7167\u65b0\u589e1\u4f8b\u5883\u5916\u8f93\u5165#</a>\u65b0\u51a0\u80ba\u708e\u786e\u8bca\u75c5\u4f8b\u3002\u786e\u8bca\u75c5\u4f8b\u97e9\u67d0\u6d9b\uff0c33\u5c81\uff0c\u7537\u6027\uff0c\u6cb3\u5357\u7701\u5357\u9633\u4eba\uff0c\u201c\u4e2d\u660c\u878d\u76db\u201d\u8d27\u8239\u8239\u5458\u3002", "like_counts": 0, "liked": false}, {"id": 4510212298497154, "created_at": "2020-05-30", "source": "", "user": {"id": 6611850688, "screen_name": "\u4e50\u4e8b\u53c8\u6da8\u4ef7\u4e86", "profile_image_url": "https://tvax4.sinaimg.cn/crop.0.0.996.996.180/007dsEp2ly8gk77e8tvjrj30ro0rpacn.jpg?KID=imgbed,tva&Expires=1619177957&ssig=IuIuA2CHHA", "verified": false, "verified_type": -1, "followers_count": 55, "mbtype": 0, "profile_url": "https://m.weibo.cn/u/6611850688?uid=6611850688", "remark": "", "following": false, "follow_me": false}, "text": "10\u5929\u5c31\u4ece\u65b0\u52a0\u5761\u5230\u65e5\u7167\u4e86\uff1f\u8fd9\u6709\u70b9\u5feb\u554a", "like_counts": 0, "liked": false}, {"id": 4510541643340647, "created_at": "2020-05-31", "source": "", "user": {"id": 1401814802, "screen_name": "\u4e00\u5757\u7ea2\u5e03\u4e4b\u79cb\u87491969", "profile_image_url": "https://tva2.sinaimg.cn/crop.0.0.640.640.180/538dff12jw8eejm0q3848j20hs0hswf6.jpg?KID=imgbed,tva&Expires=1619178010&ssig=A8OV3j3EFz", "verified": false, "verified_type": -1, "followers_count": 1802, "mbtype": 0, "profile_url": "https://m.weibo.cn/u/1401814802?uid=1401814802", "remark": "", "following": false, "follow_me": false}, "text": "\u8fd9\u4e5f\u592a\u53ef\u6015\u4e86\u5427", "like_counts": 0, "liked": false}, {"id": 4510411665465090, "created_at": "2020-05-30", "source": "", "user": {"id": 6756482870, "screen_name": "\u5149\u5934\u5e2e\u4e3b", "profile_image_url": "https://tvax3.sinaimg.cn/crop.0.0.750.750.180/007nfvQaly8fw424e8tazj30ku0kuwg2.jpg?KID=imgbed,tva&Expires=1619178010&ssig=NRcarB9Vwo", "verified": true, "verified_type": 0, "followers_count": 195574, "verified_type_ext": 1, "mbtype": 12, "profile_url": "https://m.weibo.cn/u/6756482870?uid=6756482870", "remark": "", "following": false, "follow_me": false}, "text": "<a class='k' href='https://m.weibo.cn/search?containerid=231522type%3D1%26t%3D10%26q%3D%23%E5%B1%B1%E4%B8%9C%E6%97%A5%E7%85%A7%E6%96%B0%E5%A2%9E1%E4%BE%8B%E5%A2%83%E5%A4%96%E8%BE%93%E5%85%A5%23'>#\u5c71\u4e1c\u65e5\u7167\u65b0\u589e1\u4f8b\u5883\u5916\u8f93\u5165#</a>\u65b0\u51a0\u80ba\u708e\u786e\u8bca\u75c5\u4f8b\uff0c\u7ecf\u6d41\u884c\u75c5\u5b66\u8c03\u67e5\uff0c\u786e\u8bca\u75c5\u4f8b\u97e9\u67d0\u6d9b\u4e0e5\u670829\u65e52\u4f8b\u5883\u5916\u8f93\u5165\u786e\u8bca\u75c5\u4f8b\u7cfb\u540c\u4e00\u8d27\u8239\u8239\u5458\uff0c\u5171\u540c\u5bc6\u5207\u63a5\u89e6\u8005\u5747\u5df2\u843d\u5b9e\u96c6\u4e2d\u9694\u79bb\u89c2\u5bdf\u63aa\u65bd\u3002\u76ee\u524d\uff0c\u786e\u8bca\u75c5\u4f8b\u5df2\u6536\u5165\u5b9a\u70b9\u533b\u9662\u9694\u79bb\u75c5\u623f\u3002\u53e619\u540d\u8239\u5458\u8840\u6e05\u6297\u4f53\u68c0\u6d4b\u3001\u6838\u9178\u68c0\u6d4b\u5747\u4e3a\u9634\u6027\u3002\u5176\u4ed6\u5bc6\u5207\u63a5\u89e6\u8005(\u672c\u5e02)75\u4eba\u6838\u9178\u68c0\u6d4b\u5747\u4e3a\u9634\u6027\u3002", "like_counts": 0, "liked": false}]