[{"id": 4517325942045768, "created_at": "2020-06-19", "source": "", "user": {"id": 5967032668, "screen_name": "\u51e1\u662f\u8fc7\u5f80\u7686\u4e3a\u52cb\u7ae0", "profile_image_url": "https://tvax2.sinaimg.cn/crop.0.0.986.986.180/006vP3Moly8gpqmahaf7wj30re0rewh2.jpg?KID=imgbed,tva&Expires=1619178561&ssig=2VDRHRgE9x", "verified": false, "verified_type": -1, "followers_count": 89, "mbtype": 2, "profile_url": "https://m.weibo.cn/u/5967032668?uid=5967032668", "remark": "", "following": false, "follow_me": false}, "text": "\u8fc7\u654f\u4f53\u8d28\u4e0d\u77e5\u9053\u80fd\u4e0d\u80fd\u6253", "like_counts": 0, "liked": false}, {"id": 4517320896175435, "created_at": "2020-06-19", "source": "", "user": {"id": 1769493570, "screen_name": "\u6d0b\u6c23\u74f6", "profile_image_url": "https://tvax1.sinaimg.cn/crop.0.0.896.896.180/69785442ly8gpt0glranuj20ow0owgo4.jpg?KID=imgbed,tva&Expires=1619178561&ssig=dI60UK1ZLQ", "verified": false, "verified_type": -1, "followers_count": 601, "mbtype": 2, "profile_url": "https://m.weibo.cn/u/1769493570?uid=1769493570", "remark": "", "following": false, "follow_me": false}, "text": "\u6211\u89ba\u5f97\u72fc\u4f86\u4e86", "like_counts": 1, "liked": false}, {"id": 4517302811507554, "created_at": "2020-06-18", "source": "", "user": {"id": 1642651823, "screen_name": "Jackiemeng\u6c38\u80dc", "profile_image_url": "https://tva4.sinaimg.cn/crop.0.0.748.748.180/61e8e0afjw8f1r3g6q2vyj20ks0ksmy5.jpg?KID=imgbed,tva&Expires=1619178561&ssig=lPTzWWfGZP", "verified": false, "verified_type": -1, "followers_count": 239, "mbtype": 0, "profile_url": "https://m.weibo.cn/u/1642651823?uid=1642651823", "remark": "", "following": false, "follow_me": false}, "text": "\u771f\u7684\u5417", "like_counts": 0, "liked": false}, {"id": 4517295243933070, "created_at": "2020-06-18", "source": "", "user": {"id": 1916508177, "screen_name": "\u4f0a\u5c14\u6839\u89c9\u7f57\u00b7\u5854\u5854", "profile_image_url": "https://tva1.sinaimg.cn/crop.0.0.180.180.180/723b9811jw1e8qgp5bmzyj2050050aa8.jpg?KID=imgbed,tva&Expires=1619178561&ssig=vyCvWcpJf4", "verified": false, "verified_type": -1, "followers_count": 116, "mbtype": 0, "profile_url": "https://m.weibo.cn/u/1916508177?uid=1916508177", "remark": "", "following": false, "follow_me": false}, "text": "[\u52a0\u6cb9]", "like_counts": 0, "liked": false}, {"id": 4517289029050641, "created_at": "2020-06-18", "source": "", "user": {"id": 2521088672, "screen_name": "\u6bd4\u4e18\u7684\u4e8c\u6708\u5929", "profile_image_url": "https://tvax1.sinaimg.cn/crop.0.0.640.640.180/9644c2a0ly8g6cqq5egouj20hs0hsglz.jpg?KID=imgbed,tva&Expires=1619178561&ssig=OheO63edYe", "verified": false, "verified_type": 220, "followers_count": 1290, "mbtype": 2, "profile_url": "https://m.weibo.cn/u/2521088672?uid=2521088672", "remark": "", "following": false, "follow_me": false}, "text": "\u597d", "like_counts": 0, "liked": false}]