[{"id": 4488374351761779, "created_at": "2020-03-31", "source": "", "user": {"id": 1771918445, "screen_name": "\u5416-KEY", "profile_image_url": "https://tvax4.sinaimg.cn/crop.0.0.996.996.180/699d546dly8ggd7cs3myhj20ro0ro0ti.jpg?KID=imgbed,tva&Expires=1619215295&ssig=vG1jgU%2BY3S", "verified": false, "verified_type": 220, "followers_count": 384, "mbtype": 0, "profile_url": "https://m.weibo.cn/u/1771918445?uid=1771918445", "remark": "", "following": false, "follow_me": false}, "text": "\u9001\u4e0a\u6700\u4eb2\u5207\u7684\u95ee\u5019\uff0c\u54c8\u54c8\u54c8\u54c8\u54c8", "like_counts": 0, "liked": false}, {"id": 4488296018843190, "created_at": "2020-03-30", "source": "", "user": {"id": 2682883191, "screen_name": "\u9237\u84dd\u8272\u8c03", "profile_image_url": "https://tvax1.sinaimg.cn/crop.0.0.684.684.180/9fe98c77ly8gdhhi1qejoj20j00j0mym.jpg?KID=imgbed,tva&Expires=1619215295&ssig=KIK5hqlPQA", "verified": false, "verified_type": -1, "followers_count": 936, "mbtype": 0, "profile_url": "https://m.weibo.cn/u/2682883191?uid=2682883191", "remark": "", "following": false, "follow_me": false}, "text": "\u75c5\u6bd2\uff1a\u4f60\u8dd1\u4e0d\u4e86\u7684<span class=\"url-icon\"><img alt=[\u5141\u60b2] src=\"https://h5.sinaimg.cn/m/emoticon/icon/default/d_yunbei-a14a649db8.png\" style=\"width:1em; height:1em;\" /></span>", "like_counts": 1, "liked": false}, {"id": 4488295012730548, "created_at": "2020-03-30", "source": "", "user": {"id": 1846849105, "screen_name": "\u968f\u98ce\u800c\u901d8729", "profile_image_url": "https://tva1.sinaimg.cn/crop.0.0.720.720.180/6e14ae51jw8eud25pw3c5j20k00k0di6.jpg?KID=imgbed,tva&Expires=1619215295&ssig=r7LTR5cb3R", "verified": false, "verified_type": -1, "followers_count": 230, "mbtype": 0, "profile_url": "https://m.weibo.cn/u/1846849105?uid=1846849105", "remark": "", "following": false, "follow_me": false}, "text": "\u6211\u5f88\u60f3\u9003\uff0c\u5374\u9003\u4e0d\u6389\u2026", "like_counts": 1, "liked": false}, {"id": 4488287030489028, "created_at": "2020-03-30", "source": "", "user": {"id": 5023266201, "screen_name": "juelideyitian", "profile_image_url": "https://tva3.sinaimg.cn/crop.80.136.432.432.180/005tX70Bgw1edvzu5e4fjj30it0k1q6b.jpg?KID=imgbed,tva&Expires=1619215295&ssig=AnYNLTxmbb", "verified": false, "verified_type": -1, "followers_count": 531, "mbtype": 0, "profile_url": "https://m.weibo.cn/u/5023266201?uid=5023266201", "remark": "", "following": false, "follow_me": false}, "text": "\u3010<a class='k' href='https://m.weibo.cn/search?containerid=231522type%3D1%26t%3D10%26q%3D%23%E9%80%83%E8%B7%91%E7%9A%84%E8%8B%B1%E9%A6%96%E7%9B%B8%E9%A1%BE%E9%97%AE%E5%87%BA%E7%8E%B0%E6%84%9F%E6%9F%93%E7%97%87%E7%8A%B6%23'>#\u9003\u8dd1\u7684\u82f1\u9996\u76f8\u987e\u95ee\u51fa\u73b0\u611f\u67d3\u75c7\u72b6#</a> \u6b63\u8fdb\u884c\u81ea\u6211\u9694\u79bb\u3011", "like_counts": 0, "liked": false}, {"id": 4488286913835409, "created_at": "2020-03-30", "source": "", "user": {"id": 2314589304, "screen_name": "w\u6674\u5929y", "profile_image_url": "https://tvax2.sinaimg.cn/crop.0.0.750.750.180/89f5d478ly8fq35pg0ngxj20ku0kuq4s.jpg?KID=imgbed,tva&Expires=1619215295&ssig=GYf3tIFUsY", "verified": false, "verified_type": -1, "followers_count": 175, "mbtype": 0, "profile_url": "https://m.weibo.cn/u/2314589304?uid=2314589304", "remark": "", "following": false, "follow_me": false}, "text": "\u75c5\u6bd2\uff1a\u4f60\u4ee5\u4e3a\u8dd1\u5c31\u6709\u7528\u4e86<span class=\"url-icon\"><img alt=[\u574f\u7b11] src=\"https://h5.sinaimg.cn/m/emoticon/icon/default/d_huaixiao-5381acf3d4.png\" style=\"width:1em; height:1em;\" /></span><span class=\"url-icon\"><img alt=[\u574f\u7b11] src=\"https://h5.sinaimg.cn/m/emoticon/icon/default/d_huaixiao-5381acf3d4.png\" style=\"width:1em; height:1em;\" /></span><span class=\"url-icon\"><img alt=[\u574f\u7b11] src=\"https://h5.sinaimg.cn/m/emoticon/icon/default/d_huaixiao-5381acf3d4.png\" style=\"width:1em; height:1em;\" /></span>", "like_counts": 5, "liked": false}, {"id": 4488285071752053, "created_at": "2020-03-30", "source": "", "user": {"id": 2140222060, "screen_name": "\u9713\u88f3\u987e\u547d\u622c", "profile_image_url": "https://tva1.sinaimg.cn/crop.6.0.1229.1229.180/7f91326cjw8f84ykcr1jsj20yi0y5djh.jpg?KID=imgbed,tva&Expires=1619215295&ssig=Z8AbWm3RzL", "verified": false, "verified_type": -1, "followers_count": 140, "mbtype": 2, "profile_url": "https://m.weibo.cn/u/2140222060?uid=2140222060", "remark": "", "following": false, "follow_me": false}, "text": "\u5c31\u662f\u90a3\u4e2a\u5565\uff0c\u63d0\u5021\u7fa4\u4f53\u514d\u75ab\u7684\uff1f", "like_counts": 4, "liked": false}, {"id": 4488285038443889, "created_at": "2020-03-30", "source": "", "user": {"id": 7382759132, "screen_name": "\u81ea\u7531\u8ffd\u968f\u80052020", "profile_image_url": "https://tvax1.sinaimg.cn/default/images/default_avatar_male_180.gif?KID=imgbed,tva&Expires=1619215295&ssig=4OZ7MH%2FYnr", "verified": false, "verified_type": -1, "followers_count": 1, "mbtype": 0, "profile_url": "https://m.weibo.cn/u/7382759132?uid=7382759132", "remark": "", "following": false, "follow_me": false}, "text": "\u8dd1\u7684\u8fd8\u4e0d\u591f\u5feb\uff0c\u8fd8\u662f\u88ab\u75c5\u6bd2\u64b5\u4e0a\u4e86\u3002<span class=\"url-icon\"><img alt=[\u54c8\u54c8] src=\"https://h5.sinaimg.cn/m/emoticon/icon/default/d_haha-0ec05e6dad.png\" style=\"width:1em; height:1em;\" /></span><span class=\"url-icon\"><img alt=[\u54c8\u54c8] src=\"https://h5.sinaimg.cn/m/emoticon/icon/default/d_haha-0ec05e6dad.png\" style=\"width:1em; height:1em;\" /></span><span class=\"url-icon\"><img alt=[\u54c8\u54c8] src=\"https://h5.sinaimg.cn/m/emoticon/icon/default/d_haha-0ec05e6dad.png\" style=\"width:1em; height:1em;\" /></span>", "like_counts": 0, "liked": false}, {"id": 4488284614517357, "created_at": "2020-03-30", "source": "", "user": {"id": 5683486203, "screen_name": "Supermarget", "profile_image_url": "https://tvax2.sinaimg.cn/crop.0.0.1080.1080.180/006cDkojly8gpbb7c2f0rj30u00u00u4.jpg?KID=imgbed,tva&Expires=1619215308&ssig=qon%2BJyuuVn", "verified": false, "verified_type": -1, "followers_count": 1655, "mbtype": 12, "profile_url": "https://m.weibo.cn/u/5683486203?uid=5683486203", "remark": "", "following": false, "follow_me": false}, "text": "<span class=\"url-icon\"><img alt=[\u5141\u60b2] src=\"https://h5.sinaimg.cn/m/emoticon/icon/default/d_yunbei-a14a649db8.png\" style=\"width:1em; height:1em;\" /></span><span class=\"url-icon\"><img alt=[\u5141\u60b2] src=\"https://h5.sinaimg.cn/m/emoticon/icon/default/d_yunbei-a14a649db8.png\" style=\"width:1em; height:1em;\" /></span><span class=\"url-icon\"><img alt=[\u5141\u60b2] src=\"https://h5.sinaimg.cn/m/emoticon/icon/default/d_yunbei-a14a649db8.png\" style=\"width:1em; height:1em;\" /></span>", "like_counts": 0, "liked": false}, {"id": 4488284161690105, "created_at": "2020-03-30", "source": "", "user": {"id": 2394342122, "screen_name": "\u5982\u679c\u7ed3\u7684\u679c", "profile_image_url": "https://tvax4.sinaimg.cn/crop.0.0.664.664.180/8eb6c2ealy8gk8orvfkmzj20ig0igdh7.jpg?KID=imgbed,tva&Expires=1619215308&ssig=uczrhh48cr", "verified": false, "verified_type": -1, "followers_count": 114, "mbtype": 0, "profile_url": "https://m.weibo.cn/u/2394342122?uid=2394342122", "remark": "", "following": false, "follow_me": false}, "text": "\u6ca1\u4e8b\u7684\uff0c\u611f\u67d3\u4e86\u5c31\u6709\u6297\u4f53\u4e86\u3002", "like_counts": 3, "liked": false}, {"id": 4488283558428486, "created_at": "2020-03-30", "source": "", "user": {"id": 6451572457, "screen_name": "\u5929\u6c34\u57ce\u4e8b", "profile_image_url": "https://tvax3.sinaimg.cn/crop.0.0.1002.1002.180/0072C8Ihly8gdioc6xcggj30ru0ru3zu.jpg?KID=imgbed,tva&Expires=1619215308&ssig=n4zYiFD%2F5K", "verified": true, "verified_type": 0, "followers_count": 213461, "verified_type_ext": 0, "mbtype": 12, "profile_url": "https://m.weibo.cn/u/6451572457?uid=6451572457", "remark": "", "following": false, "follow_me": false}, "text": "\u3010<a class='k' href='https://m.weibo.cn/search?containerid=231522type%3D1%26t%3D10%26q%3D%23%E9%80%83%E8%B7%91%E7%9A%84%E8%8B%B1%E9%A6%96%E7%9B%B8%E9%A1%BE%E9%97%AE%E5%87%BA%E7%8E%B0%E6%84%9F%E6%9F%93%E7%97%87%E7%8A%B6%23'>#\u9003\u8dd1\u7684\u82f1\u9996\u76f8\u987e\u95ee\u51fa\u73b0\u611f\u67d3\u75c7\u72b6#</a> \u6b63\u8fdb\u884c\u81ea\u6211\u9694\u79bb\u30113\u670827\u65e5\uff0c\u5728\u82f1\u56fd\u9996\u76f8\u7ea6\u7ff0\u900a\u65b0\u51a0\u75c5\u6bd2\u68c0\u6d4b\u5448\u9633\u6027\u6d88\u606f\u4f20\u51fa\u540e\uff0c\u6709\u5a92\u4f53\u62cd\u5230\u5361\u660e\u65af\u5306\u5306\u4ece\u540e\u95e8\u79bb\u5f00\u5510\u5b81\u885710\u53f7\u3002  <a class='k' href='https://m.weibo.cn/search?containerid=231522type%3D1%26t%3D10%26q%3D%23%E5%A4%A9%E6%B0%B4%E5%9F%8E%E4%BA%8B%23'>#\u5929\u6c34\u57ce\u4e8b#</a>", "like_counts": 0, "liked": false}, {"id": 4488283126384325, "created_at": "2020-03-30", "source": "", "user": {"id": 7365763383, "screen_name": "\u57ce\u5317\u5f90\u516c\u5b70\u8207\u543e\u7f8e", "profile_image_url": "https://tvax2.sinaimg.cn/crop.0.0.812.812.180/0082tZxdly8gpu7h9yws4j30mk0mkwfd.jpg?KID=imgbed,tva&Expires=1619215308&ssig=CYiinUeSkM", "verified": false, "verified_type": -1, "followers_count": 563, "mbtype": 2, "profile_url": "https://m.weibo.cn/u/7365763383?uid=7365763383", "remark": "", "following": false, "follow_me": false}, "text": "\u9003\u8d70\u7684\u65f6\u5019\u53e3\u7f69\u4e5f\u6ca1\u5e26\ud83d\ude37", "like_counts": 3, "liked": false}, {"id": 4488283046217159, "created_at": "2020-03-30", "source": "", "user": {"id": 1780649723, "screen_name": "\u8d6b\u654f\u7684\u5c0f\u9a6c\u7532", "profile_image_url": "https://tvax2.sinaimg.cn/crop.0.0.281.281.180/6a228efbly8gpozc7bq4pj207t07tt9v.jpg?KID=imgbed,tva&Expires=1619215308&ssig=pMqpV8xnUx", "verified": false, "verified_type": -1, "followers_count": 43, "mbtype": 0, "profile_url": "https://m.weibo.cn/u/1780649723?uid=1780649723", "remark": "", "following": false, "follow_me": false}, "text": "\u5475\u5475\u5475\u5475\u5475", "like_counts": 0, "liked": false}, {"id": 4488282790271337, "created_at": "2020-03-30", "source": "", "user": {"id": 5364628603, "screen_name": "\u771f\u7684\u597d\u60f3\u4f60200901", "profile_image_url": "https://tva1.sinaimg.cn/crop.0.0.80.80.180/005R3qXNjw8epri6kac9fj3028028q2p.jpg?KID=imgbed,tva&Expires=1619215308&ssig=aFeJYMBhpp", "verified": false, "verified_type": -1, "followers_count": 144, "mbtype": 0, "profile_url": "https://m.weibo.cn/u/5364628603?uid=5364628603", "remark": "", "following": false, "follow_me": false}, "text": "\u82f1\u8dd1\u8dd1<span class=\"url-icon\"><img alt=[\u4e8c\u54c8] src=\"https://h5.sinaimg.cn/m/emoticon/icon/others/d_erha-139d0e07bd.png\" style=\"width:1em; height:1em;\" /></span><span class=\"url-icon\"><img alt=[\u4e8c\u54c8] src=\"https://h5.sinaimg.cn/m/emoticon/icon/others/d_erha-139d0e07bd.png\" style=\"width:1em; height:1em;\" /></span><span class=\"url-icon\"><img alt=[\u4e8c\u54c8] src=\"https://h5.sinaimg.cn/m/emoticon/icon/others/d_erha-139d0e07bd.png\" style=\"width:1em; height:1em;\" /></span>", "like_counts": 0, "liked": false}]