[{"visible": {"type": 0, "list_id": 0}, "created_at": "Tue Mar 31 05:45:17 +0800 2020", "id": "4488413858180018", "mid": "4488413858180018", "can_edit": false, "show_additional_indication": 0, "text": "\u597d\u7684 \u5c31\u7528\u8fd9\u4e2a", "source": "vivo S5\u7167\u4eae\u4f60\u7684\u7f8e", "favorited": false, "pic_ids": [], "pic_types": "", "is_paid": false, "mblog_vip_type": 0, "user": {"id": 2032517457, "screen_name": "\u8fdb\u51fb\u7684\u5c0f\u997c\u5e72\u5e72", "profile_image_url": "https://tvax3.sinaimg.cn/crop.0.0.996.996.180/7925c151ly8gpor64x1ekj20ro0rotao.jpg?KID=imgbed,tva&Expires=1619050266&ssig=od97cV9vIv", "profile_url": "https://m.weibo.cn/u/2032517457?uid=2032517457", "statuses_count": 27045, "verified": true, "verified_type": 0, "verified_type_ext": 0, "verified_reason": "\u8d85\u8bdd\u7c89\u4e1d\u5927\u5496\uff08\u8521\u5f90\u5764\u8d85\u8bdd\uff09", "close_blue_v": false, "description": "\u8521\u5f90\u5764\u6b4c\u8ff7\u3001\u821e\u53f0\u7c89\u3001\u789f\u7c89\u3001\u8bbf\u8c08\u7c89\u3001\u513f\u7ae5\u5267\u7c89\u3001\u786c\u7167\u7c89\u3001\u897f\u6e56\u8d70\u79c0\u7c89\u3001\u5531\u8df3rap\u7bee\u7403\u7c89\u3001\u732a\u54aa\u86c7\u54aa\u9a7c\u54aa\u8001\u5b50\u7684\u7231\u6536\u597d\u6392\u540d\u4e0d\u5206\u5148\u540e\uff01\uff01\uff01", "gender": "f", "mbtype": 12, "urank": 35, "mbrank": 6, "follow_me": false, "following": false, "followers_count": 531, "follow_count": 1542, "cover_image_phone": "https://wx4.sinaimg.cn/crop.0.0.640.640.640/7925c151gy1gjozhyqqymj20u00u0dru.jpg", "avatar_hd": "https://wx3.sinaimg.cn/orj480/7925c151ly8gpor64x1ekj20ro0rotao.jpg", "like": false, "like_me": false, "badge": {"bind_taobao": 1, "unread_pool": 1, "fools_day_2016": 1, "unread_pool_ext": 1, "panda": 1, "user_name_certificate": 1, "wenda_v2": 1, "qixi_2018": 1, "national_day_2018": 1, "wbzy_2018": 1, "memorial_2018": 1, "hongbaofei_2019": 1, "hongrenjie_2019": 1, "dailv_2019": 1, "china_2019": 1, "hongkong_2019": 1, "rrgyj_2019": 1, "wbzy_2019": 1, "starlight_2019": 1, "gongjiri_2019": 1, "hongbao_2020": 2, "feiyan_2020": 1, "daka_2020": 1, "dailv_2020": 1, "vpick_2020": 1, "gongyi_2020": 3, "china_2020": 1, "hongbaofeijika_2021": 1, "weibozhiyexianxia_2021": 1, "lvzhilingyang_2021": 1}}, "reposts_count": 0, "comments_count": 0, "attitudes_count": 0, "pending_approval_count": 0, "isLongText": false, "reward_exhibition_type": 0, "hide_flag": 0, "mlevel": 0, "darwin_tags": [], "mblogtype": 0, "more_info_type": 0, "cardid": "star_112478411094", "number_display_strategy": {"apply_scenario_flag": 3, "display_text_min_number": 1000000, "display_text": "100\u4e07+"}, "content_auth": 0, "repost_type": 1, "pic_num": 0, "alchemy_params": {"ug_red_envelope": false}, "raw_text": "\u597d\u7684 \u5c31\u7528\u8fd9\u4e2a", "bid": "IB62ZyjZM"}, {"visible": {"type": 0, "list_id": 0}, "created_at": "Tue Mar 31 01:52:48 +0800 2020", "id": "4488355351684094", "mid": "4488355351684094", "can_edit": false, "show_additional_indication": 0, "text": "\u8f6c\u53d1\u5fae\u535a", "source": "HUAWEI P30 Pro", "favorited": false, "pic_ids": [], "pic_types": "", "is_paid": false, "mblog_vip_type": 0, "user": {"id": 5433716456, "screen_name": "\u534a\u57ce\u5929\u5b87\u534a\u57ce\u9e3e", "profile_image_url": "https://tvax4.sinaimg.cn/crop.0.0.996.996.180/005VJjS0ly8gpfpryjlkvj30ro0roaay.jpg?KID=imgbed,tva&Expires=1619050266&ssig=woXIXXC20D", "profile_url": "https://m.weibo.cn/u/5433716456?uid=5433716456", "statuses_count": 11853, "verified": false, "verified_type": -1, "close_blue_v": false, "description": "\u83ab\u542c\u7a7f\u6797\u6253\u53f6\u58f0\uff0c\u4f55\u59a8\u541f\u5578\u4e14\u5f90\u884c\u3002\u7af9\u6756\u8292\u978b\u8f7b\u80dc\u9a6c\uff0c\u8c01\u6015\uff1f\u4e00\u84d1\u70df\u96e8\u4efb\u5e73\u751f\u3002", "gender": "f", "mbtype": 0, "urank": 9, "mbrank": 0, "follow_me": false, "following": false, "followers_count": 152, "follow_count": 1634, "cover_image_phone": "https://tva1.sinaimg.cn/crop.0.0.640.640.640/549d0121tw1egm1kjly3jj20hs0hsq4f.jpg", "avatar_hd": "https://wx4.sinaimg.cn/orj480/005VJjS0ly8gpfpryjlkvj30ro0roaay.jpg", "like": false, "like_me": false, "badge": {"bind_taobao": 1, "unread_pool": 1, "vip_activity2": 1, "unread_pool_ext": 1, "super_star_2017": 1, "user_name_certificate": 1, "super_star_2018": 1, "wenda_v2": 1, "hongrenjie_2019": 1, "hongbao_2020": 2, "feiyan_2020": 1, "pc_new": 7, "dailv_2020": 1, "movie_2020": 1, "school_2020": 1, "hongrenjie_2020": 1, "china_2020": 1, "weibozhiye_2020": 1, "hongbaofeifuniu_2021": 1, "hongbaofeijika_2021": 1, "weibozhiyexianxia_2021": 1}}, "reposts_count": 0, "comments_count": 0, "attitudes_count": 0, "pending_approval_count": 0, "isLongText": false, "reward_exhibition_type": 0, "hide_flag": 0, "mlevel": 0, "darwin_tags": [], "mblogtype": 0, "more_info_type": 0, "number_display_strategy": {"apply_scenario_flag": 3, "display_text_min_number": 1000000, "display_text": "100\u4e07+"}, "content_auth": 0, "repost_type": 1, "pic_num": 0, "alchemy_params": {"ug_red_envelope": false}, "raw_text": "\u8f6c\u53d1\u5fae\u535a", "bid": "IB4wD746O"}, {"visible": {"type": 0, "list_id": 0}, "created_at": "Mon Mar 30 22:53:31 +0800 2020", "id": "4488310233321986", "mid": "4488310233321986", "can_edit": false, "show_additional_indication": 0, "text": "\u8f6c\u53d1\u5fae\u535a", "source": "\u5fae\u535a weibo.com", "favorited": false, "pic_ids": [], "pic_types": "", "is_paid": false, "mblog_vip_type": 0, "user": {"id": 1619764913, "screen_name": "\u5b54\u5065\u7965\u6797", "profile_image_url": "https://tvax2.sinaimg.cn/crop.0.0.719.719.180/608ba6b1ly1fim7f4iusjj20jz0jzqb8.jpg?KID=imgbed,tva&Expires=1619050266&ssig=sD%2B7CeUkiP", "profile_url": "https://m.weibo.cn/u/1619764913?uid=1619764913", "statuses_count": 42215, "verified": true, "verified_type": 0, "verified_type_ext": 0, "verified_reason": "\u5b54\u5b50\u7b2c75\u4ee3\u76f4\u7cfb\u5b50\u5b59\u3001\u5b54\u5bb6\u6ed5\u9633\u6237\u4f20\u4eba", "close_blue_v": false, "description": "\u51fa\u7248\u53f2\u4e0a\u9996\u90e8\u300a\u5b54\u5b50\u5168\u96c6\u300b\uff0c\u4e16\u754c\u5b54\u5b50\u534f\u4f1a\u4f1a\u957f\u3001\u5b54\u6613\u5546\u5b66\u9662\u9662\u957f \u3001\u65e5\u6587\u300a\u4e2d\u56fd\u5de8\u9f99\u65b0\u95fb\u300b\u603b\u7f16\u8f91\uff0c\u5b54\u5b50\u4e03\u5341\u4e94\u4ee3\u76f4\u7cfb\uff0c\u505a\u5b54\u5b50\u540e\u4eba\u7d2f\uff01\u4f46\u4efb\u91cd\u9053\u8fdc\u3002", "gender": "m", "mbtype": 2, "urank": 42, "mbrank": 6, "follow_me": false, "following": false, "followers_count": 50941, "follow_count": 3592, "cover_image_phone": "https://tva1.sinaimg.cn/crop.0.0.640.640.640/549d0121tw1egm1kjly3jj20hs0hsq4f.jpg", "avatar_hd": "https://wx2.sinaimg.cn/orj480/608ba6b1ly1fim7f4iusjj20jz0jzqb8.jpg", "like": false, "like_me": false, "badge": {"unread_pool": 1, "unread_pool_ext": 1, "dzwbqlx_2016": 1, "travel_2017": 1, "user_name_certificate": 1, "worldcup_2018": 34, "qixi_2018": 1, "fu_2019": 1, "china_2019": 1, "hongkong_2019": 1, "dzwbqlx_2019": 1, "hongbao_2020": 2}}, "reposts_count": 0, "comments_count": 0, "attitudes_count": 0, "pending_approval_count": 0, "isLongText": false, "reward_exhibition_type": 0, "hide_flag": 0, "mlevel": 0, "darwin_tags": [], "mblogtype": 0, "more_info_type": 0, "number_display_strategy": {"apply_scenario_flag": 3, "display_text_min_number": 1000000, "display_text": "100\u4e07+"}, "content_auth": 0, "repost_type": 1, "pic_num": 0, "alchemy_params": {"ug_red_envelope": false}, "raw_text": "\u8f6c\u53d1\u5fae\u535a", "bid": "IB3lRdWcq"}, {"visible": {"type": 0, "list_id": 0}, "created_at": "Mon Mar 30 22:38:07 +0800 2020", "id": "4488306358404347", "mid": "4488306358404347", "can_edit": false, "show_additional_indication": 0, "text": "\u8f6c\u53d1\u5fae\u535a", "source": "\u534e\u4e3a\u7545\u4eab10 Plus", "favorited": false, "pic_ids": [], "pic_types": "", "is_paid": false, "mblog_vip_type": 0, "user": {"id": 5222038117, "screen_name": "baby_baby_baby\u54e6", "profile_image_url": "https://tva2.sinaimg.cn/crop.0.0.139.139.180/005Hp8Ffgw1eigsppcqrtj303w03wmx5.jpg?KID=imgbed,tva&Expires=1619050266&ssig=9aTfNjqIvA", "profile_url": "https://m.weibo.cn/u/5222038117?uid=5222038117", "statuses_count": 11364, "verified": false, "verified_type": -1, "close_blue_v": false, "description": "\u201c\u53d6\u4e4e\u5176\u4e0a\uff0c\u5f97\u4e4e\u5176\u4e2d\uff1b\u53d6\u4e4e\u5176\u4e2d\uff0c\u5f97\u4e4e\u5176\u4e0b\uff1b\u53d6\u4e4e\u5176\u4e0b\uff0c\u5219\u65e0\u6240\u5f97\u77e3\u3002\u201d\u2014\u2014\u300a\u8bba\u8bed\u300b", "gender": "f", "mbtype": 0, "urank": 41, "mbrank": 0, "follow_me": false, "following": false, "followers_count": 236, "follow_count": 537, "cover_image_phone": "https://tva1.sinaimg.cn/crop.0.0.640.640.640/549d0121tw1egm1kjly3jj20hs0hsq4f.jpg", "avatar_hd": "https://ww2.sinaimg.cn/orj480/005Hp8Ffgw1eigsppcqrtj303w03wmx5.jpg", "like": false, "like_me": false, "badge": {"bind_taobao": 1, "unread_pool": 1, "unread_pool_ext": 1, "dzwbqlx_2016": 1, "super_star_2017": 1, "travel_2017": 1, "lol_gm_2017": 1, "user_name_certificate": 1, "wenchuan_10th": 1, "super_star_2018": 1, "dailv_2018": 1, "memorial_2018": 1, "hongbaofei_2019": 1, "womensday_2018": 1, "suishoupai_2019": 1, "wusi_2019": 1, "hongrenjie_2019": 1, "china_2019": 1, "hongkong_2019": 1, "rrgyj_2019": 1, "hongbao_2020": 2, "feiyan_2020": 1, "graduation_2020": 1, "dailv_2020": 1, "school_2020": 1, "hongrenjie_2020": 1, "china_2020": 1, "zjszgf_2020": 1}}, "reposts_count": 0, "comments_count": 0, "attitudes_count": 0, "pending_approval_count": 0, "isLongText": false, "reward_exhibition_type": 0, "hide_flag": 0, "mlevel": 0, "darwin_tags": [], "mblogtype": 0, "more_info_type": 0, "cardid": "star_11247_common", "number_display_strategy": {"apply_scenario_flag": 3, "display_text_min_number": 1000000, "display_text": "100\u4e07+"}, "content_auth": 0, "repost_type": 1, "pic_num": 0, "alchemy_params": {"ug_red_envelope": false}, "raw_text": "\u8f6c\u53d1\u5fae\u535a", "bid": "IB3fBzglZ"}, {"visible": {"type": 0, "list_id": 0}, "created_at": "Mon Mar 30 22:18:41 +0800 2020", "id": "4488301467621039", "mid": "4488301467621039", "can_edit": false, "show_additional_indication": 0, "text": "\u8f6c\u53d1\u5fae\u535a", "source": "\u8363\u80007X \u5168\u9762\u5c4f\u624b\u673a", "favorited": false, "pic_ids": [], "pic_types": "", "is_paid": false, "mblog_vip_type": 0, "user": {"id": 1244811755, "screen_name": "\u4f1f\u4f1f1975", "profile_image_url": "https://tva3.sinaimg.cn/crop.0.0.180.180.180/4a3251ebjw1e8qgp5bmzyj2050050aa8.jpg?KID=imgbed,tva&Expires=1619050268&ssig=oY6o9%2BTNIH", "profile_url": "https://m.weibo.cn/u/1244811755?uid=1244811755", "statuses_count": 12256, "verified": false, "verified_type": -1, "close_blue_v": false, "description": "\u4e00\u4e2a\u8001\u5175", "gender": "m", "mbtype": 0, "urank": 35, "mbrank": 0, "follow_me": false, "following": false, "followers_count": 353, "follow_count": 1217, "cover_image_phone": "https://tva1.sinaimg.cn/crop.0.0.640.640.640/549d0121tw1egm1kjly3jj20hs0hsq4f.jpg", "avatar_hd": "https://ww3.sinaimg.cn/orj480/4a3251ebjw1e8qgp5bmzyj2050050aa8.jpg", "like": false, "like_me": false, "badge": {"bind_taobao": 1, "dailv": 1, "unread_pool": 1, "unread_pool_ext": 1, "dzwbqlx_2016": 1, "user_name_certificate": 1, "dailv_2018": 1, "national_day_2018": 1, "fu_2019": 1, "china_2019": 1, "hongkong_2019": 1, "hongbao_2020": 2, "feiyan_2020": 1, "school_2020": 1, "hongbaofeifuniu_2021": 1}}, "reposts_count": 0, "comments_count": 0, "attitudes_count": 0, "pending_approval_count": 0, "isLongText": false, "reward_exhibition_type": 0, "hide_flag": 0, "mlevel": 0, "darwin_tags": [], "mblogtype": 0, "more_info_type": 0, "number_display_strategy": {"apply_scenario_flag": 3, "display_text_min_number": 1000000, "display_text": "100\u4e07+"}, "content_auth": 0, "repost_type": 1, "pic_num": 0, "alchemy_params": {"ug_red_envelope": false}, "raw_text": "\u8f6c\u53d1\u5fae\u535a", "bid": "IB37IvYzZ"}, {"visible": {"type": 0, "list_id": 0}, "created_at": "Mon Mar 30 21:57:01 +0800 2020", "id": "4488296018843317", "mid": "4488296018843317", "can_edit": false, "show_additional_indication": 0, "text": "\u75c5\u6bd2\uff1a\u4f60\u8dd1\u4e0d\u4e86\u7684<span class=\"url-icon\"><img alt=[\u5141\u60b2] src=\"https://h5.sinaimg.cn/m/emoticon/icon/default/d_yunbei-a14a649db8.png\" style=\"width:1em; height:1em;\" /></span>", "source": "iPhone\u5ba2\u6237\u7aef", "favorited": false, "pic_ids": [], "pic_types": "", "is_paid": false, "mblog_vip_type": 0, "user": {"id": 2682883191, "screen_name": "\u9237\u84dd\u8272\u8c03", "profile_image_url": "https://tvax1.sinaimg.cn/crop.0.0.684.684.180/9fe98c77ly8gdhhi1qejoj20j00j0mym.jpg?KID=imgbed,tva&Expires=1619050268&ssig=Xf1gw6YXAh", "profile_url": "https://m.weibo.cn/u/2682883191?uid=2682883191", "statuses_count": 4251, "verified": false, "verified_type": -1, "close_blue_v": false, "description": "FUCK", "gender": "m", "mbtype": 0, "urank": 37, "mbrank": 0, "follow_me": false, "following": false, "followers_count": 936, "follow_count": 1763, "cover_image_phone": "https://tva1.sinaimg.cn/crop.0.0.640.640.640/549d0121tw1egm1kjly3jj20hs0hsq4f.jpg", "avatar_hd": "https://wx1.sinaimg.cn/orj480/9fe98c77ly8gdhhi1qejoj20j00j0mym.jpg", "like": false, "like_me": false, "badge": {"bind_taobao": 1, "unread_pool": 1, "unread_pool_ext": 1, "user_name_certificate": 1, "wenda_v2": 1, "wusi_2019": 1, "hongrenjie_2019": 1, "china_2019": 1, "hongkong_2019": 1, "hongbao_2020": 2, "feiyan_2020": 1, "hongrenjie_2020": 1, "hongbaofeifuniu_2021": 1}}, "reposts_count": 0, "comments_count": 0, "attitudes_count": 0, "pending_approval_count": 0, "isLongText": false, "reward_exhibition_type": 0, "hide_flag": 0, "mlevel": 0, "darwin_tags": [], "mblogtype": 0, "more_info_type": 0, "number_display_strategy": {"apply_scenario_flag": 3, "display_text_min_number": 1000000, "display_text": "100\u4e07+"}, "content_auth": 0, "repost_type": 3, "pic_num": 0, "alchemy_params": {"ug_red_envelope": false}, "raw_text": "\u75c5\u6bd2\uff1a\u4f60\u8dd1\u4e0d\u4e86\u7684[\u5141\u60b2]", "bid": "IB2YVB6y9"}, {"visible": {"type": 0, "list_id": 0}, "created_at": "Mon Mar 30 21:42:57 +0800 2020", "id": "4488292475400546", "mid": "4488292475400546", "can_edit": false, "show_additional_indication": 0, "text": "\u8f6c\u53d1\u5fae\u535a", "source": "iPhone\u5ba2\u6237\u7aef", "favorited": false, "pic_ids": [], "pic_types": "", "is_paid": false, "mblog_vip_type": 0, "user": {"id": 6118815893, "screen_name": "Johnny141211", "profile_image_url": "https://tvax4.sinaimg.cn/crop.0.0.1080.1080.180/006G5VwVly8gpci1loo26j30u00u0tfe.jpg?KID=imgbed,tva&Expires=1619050268&ssig=VpkFRGfedz", "profile_url": "https://m.weibo.cn/u/6118815893?uid=6118815893", "statuses_count": 3196, "verified": false, "verified_type": -1, "close_blue_v": false, "description": "\u5929\u9053\u916c\u52e4", "gender": "m", "mbtype": 2, "urank": 9, "mbrank": 5, "follow_me": false, "following": false, "followers_count": 115, "follow_count": 785, "cover_image_phone": "https://tva1.sinaimg.cn/crop.0.0.640.640.640/549d0121tw1egm1kjly3jj20hs0hsq4f.jpg", "avatar_hd": "https://wx4.sinaimg.cn/orj480/006G5VwVly8gpci1loo26j30u00u0tfe.jpg", "like": false, "like_me": false, "badge": {"user_name_certificate": 1, "asiad_2018": 1, "hongrenjie_2019": 1, "china_2019": 1, "hongkong_2019": 1, "shuang11_2019": 1, "hongbao_2020": 2, "dailv_2020": 1}}, "reposts_count": 0, "comments_count": 0, "attitudes_count": 0, "pending_approval_count": 0, "isLongText": false, "reward_exhibition_type": 0, "hide_flag": 0, "mlevel": 0, "darwin_tags": [], "mblogtype": 0, "more_info_type": 0, "number_display_strategy": {"apply_scenario_flag": 3, "display_text_min_number": 1000000, "display_text": "100\u4e07+"}, "content_auth": 0, "repost_type": 1, "pic_num": 0, "alchemy_params": {"ug_red_envelope": false}, "raw_text": "\u8f6c\u53d1\u5fae\u535a", "bid": "IB2TdmEVA"}, {"visible": {"type": 0, "list_id": 0}, "created_at": "Mon Mar 30 21:38:03 +0800 2020", "id": "4488291241453406", "mid": "4488291241453406", "can_edit": false, "show_additional_indication": 0, "text": "\u8f6c\u53d1\u5fae\u535a", "source": "\u5fae\u535a weibo.com", "favorited": false, "pic_ids": [], "pic_types": "", "is_paid": false, "mblog_vip_type": 0, "user": {"id": 1352393532, "screen_name": "\u9ed8mom", "profile_image_url": "https://tva4.sinaimg.cn/crop.17.8.203.203.180/509be33cgw1efcvk5me5oj208506ht9d.jpg?KID=imgbed,tva&Expires=1619050268&ssig=Hn4hIUENT1", "profile_url": "https://m.weibo.cn/u/1352393532?uid=1352393532", "statuses_count": 25381, "verified": false, "verified_type": -1, "close_blue_v": false, "description": "\u751f\u6765\u672c\u65e0\u7269\uff0c\u4f55\u5904\u60f9\u5c18\u57c3~", "gender": "m", "mbtype": 2, "urank": 43, "mbrank": 1, "follow_me": false, "following": false, "followers_count": 601, "follow_count": 417, "cover_image_phone": "https://tva1.sinaimg.cn/crop.0.0.640.640.640/549d0121tw1egm1kjly3jj20hs0hsq4f.jpg", "avatar_hd": "https://ww4.sinaimg.cn/orj480/509be33cgw1efcvk5me5oj208506ht9d.jpg", "like": false, "like_me": false, "badge": {"bind_taobao": 1, "unread_pool": 1, "unread_pool_ext": 1, "dzwbqlx_2016": 1, "user_name_certificate": 1, "wenchuan_10th": 1, "super_star_2018": 1, "worldcup_2018": 34, "wenda_v2": 1, "qixi_2018": 1, "memorial_2018": 1, "fu_2019": 1, "wusi_2019": 1, "hongrenjie_2019": 1, "china_2019": 1, "hongkong_2019": 1, "rrgyj_2019": 1, "gongjiri_2019": 1, "hongbao_2020": 1, "feiyan_2020": 1, "pc_new": 6, "dailv_2020": 1, "hongbaofeijika_2021": 1, "weibozhiyexianxia_2021": 1}}, "reposts_count": 0, "comments_count": 0, "attitudes_count": 0, "pending_approval_count": 0, "isLongText": false, "reward_exhibition_type": 0, "hide_flag": 0, "mlevel": 0, "darwin_tags": [], "mblogtype": 0, "more_info_type": 0, "number_display_strategy": {"apply_scenario_flag": 3, "display_text_min_number": 1000000, "display_text": "100\u4e07+"}, "content_auth": 0, "repost_type": 1, "pic_num": 0, "alchemy_params": {"ug_red_envelope": false}, "raw_text": "\u8f6c\u53d1\u5fae\u535a", "bid": "IB2Re6662"}, {"visible": {"type": 0, "list_id": 0}, "created_at": "Mon Mar 30 21:21:19 +0800 2020", "id": "4488287030749464", "mid": "4488287030749464", "can_edit": false, "show_additional_indication": 0, "text": "\u3010<a  href=\"https://m.weibo.cn/search?containerid=231522type%3D1%26t%3D10%26q%3D%23%E9%80%83%E8%B7%91%E7%9A%84%E8%8B%B1%E9%A6%96%E7%9B%B8%E9%A1%BE%E9%97%AE%E5%87%BA%E7%8E%B0%E6%84%9F%E6%9F%93%E7%97%87%E7%8A%B6%23&extparam=%23%E9%80%83%E8%B7%91%E7%9A%84%E8%8B%B1%E9%A6%96%E7%9B%B8%E9%A1%BE%E9%97%AE%E5%87%BA%E7%8E%B0%E6%84%9F%E6%9F%93%E7%97%87%E7%8A%B6%23\" data-hide=\"\"><span class=\"surl-text\">#\u9003\u8dd1\u7684\u82f1\u9996\u76f8\u987e\u95ee\u51fa\u73b0\u611f\u67d3\u75c7\u72b6#</span></a> \u6b63\u8fdb\u884c\u81ea\u6211\u9694\u79bb\u3011", "source": "\u5fae\u535a\u641c\u7d22", "favorited": false, "pic_ids": [], "pic_types": "", "is_paid": false, "mblog_vip_type": 0, "user": {"id": 5023266201, "screen_name": "juelideyitian", "profile_image_url": "https://tva3.sinaimg.cn/crop.80.136.432.432.180/005tX70Bgw1edvzu5e4fjj30it0k1q6b.jpg?KID=imgbed,tva&Expires=1619050268&ssig=9Wno%2FMq9Z%2B", "profile_url": "https://m.weibo.cn/u/5023266201?uid=5023266201", "statuses_count": 36502, "verified": false, "verified_type": -1, "close_blue_v": false, "description": "\u7231\u4f4e\u8c03\uff0c\u7231\u5a31\u4e50\uff0c\u7231\u516b\u5366\uff0c\u7231\u5f71\u89c6", "gender": "f", "mbtype": 0, "urank": 41, "mbrank": 0, "follow_me": false, "following": false, "followers_count": 529, "follow_count": 704, "cover_image_phone": "https://tva1.sinaimg.cn/crop.0.0.640.640.640/549d0121tw1egm1kjly3jj20hs0hsq4f.jpg", "avatar_hd": "https://ww3.sinaimg.cn/orj480/005tX70Bgw1edvzu5e4fjj30it0k1q6b.jpg", "like": false, "like_me": false, "badge": {"unread_pool": 1, "unread_pool_ext": 1, "dzwbqlx_2016": 1, "super_star_2017": 1, "travel_2017": 1, "cz_wed_2017": 1, "user_name_certificate": 1, "suishoupai_2018": 5, "wenchuan_10th": 1, "worldcup_2018": 34, "wenda_v2": 1, "dailv_2018": 1, "asiad_2018": 1, "qixi_2018": 1, "national_day_2018": 1, "double11_2018": 1, "wbzy_2018": 1, "memorial_2018": 1, "suishoupai_2019": 2, "wusi_2019": 1, "hongrenjie_2019": 1, "china_2019": 1, "hongkong_2019": 1, "dzwbqlx_2019": 1, "wbzy_2019": 1, "gongjiri_2019": 1, "macao_2019": 1, "china_2019_2": 1, "feiyan_2020": 1, "kangyi_2020": 1, "graduation_2020": 1, "gongyi_2020": 2, "lvzhilingyang_2021": 1}}, "reposts_count": 0, "comments_count": 0, "attitudes_count": 0, "pending_approval_count": 0, "isLongText": false, "reward_exhibition_type": 0, "hide_flag": 0, "mlevel": 0, "darwin_tags": [], "mblogtype": 0, "more_info_type": 0, "number_display_strategy": {"apply_scenario_flag": 3, "display_text_min_number": 1000000, "display_text": "100\u4e07+"}, "content_auth": 0, "repost_type": 4, "pic_num": 0, "alchemy_params": {"ug_red_envelope": false}, "raw_text": "\u3010#\u9003\u8dd1\u7684\u82f1\u9996\u76f8\u987e\u95ee\u51fa\u73b0\u611f\u67d3\u75c7\u72b6# \u6b63\u8fdb\u884c\u81ea\u6211\u9694\u79bb\u3011", "bid": "IB2Kr38Y8"}, {"visible": {"type": 0, "list_id": 0}, "created_at": "Mon Mar 30 21:07:30 +0800 2020", "id": "4488283558020119", "mid": "4488283558020119", "can_edit": false, "show_additional_indication": 0, "text": "\u3010<a  href=\"https://m.weibo.cn/search?containerid=231522type%3D1%26t%3D10%26q%3D%23%E9%80%83%E8%B7%91%E7%9A%84%E8%8B%B1%E9%A6%96%E7%9B%B8%E9%A1%BE%E9%97%AE%E5%87%BA%E7%8E%B0%E6%84%9F%E6%9F%93%E7%97%87%E7%8A%B6%23&extparam=%23%E9%80%83%E8%B7%91%E7%9A%84%E8%8B%B1%E9%A6%96%E7%9B%B8%E9%A1%BE%E9%97%AE%E5%87%BA%E7%8E%B0%E6%84%9F%E6%9F%93%E7%97%87%E7%8A%B6%23\" data-hide=\"\"><span class=\"surl-text\">#\u9003\u8dd1\u7684\u82f1\u9996\u76f8\u987e\u95ee\u51fa\u73b0\u611f\u67d3\u75c7\u72b6#</span></a> \u6b63\u8fdb\u884c\u81ea\u6211\u9694\u79bb\u30113\u670827\u65e5\uff0c\u5728\u82f1\u56fd\u9996\u76f8\u7ea6\u7ff0\u900a\u65b0\u51a0\u75c5\u6bd2\u68c0\u6d4b\u5448\u9633\u6027\u6d88\u606f\u4f20\u51fa\u540e\uff0c\u6709\u5a92\u4f53\u62cd\u5230\u5361\u660e\u65af\u5306\u5306\u4ece\u540e\u95e8\u79bb\u5f00\u5510\u5b81\u885710\u53f7\u3002  <a  href=\"https://m.weibo.cn/search?containerid=231522type%3D1%26t%3D10%26q%3D%23%E5%A4%A9%E6%B0%B4%E5%9F%8E%E4%BA%8B%23\" data-hide=\"\"><span class=\"surl-text\">#\u5929\u6c34\u57ce\u4e8b#</span></a>", "source": "\u5c0f\u7c7310", "favorited": false, "pic_ids": [], "pic_types": "", "is_paid": false, "mblog_vip_type": 0, "user": {"id": 6451572457, "screen_name": "\u5929\u6c34\u57ce\u4e8b", "profile_image_url": "https://tvax3.sinaimg.cn/crop.0.0.1002.1002.180/0072C8Ihly8gdioc6xcggj30ru0ru3zu.jpg?KID=imgbed,tva&Expires=1619050268&ssig=OCOg45B10p", "profile_url": "https://m.weibo.cn/u/6451572457?uid=6451572457", "statuses_count": 30086, "verified": true, "verified_type": 0, "verified_type_ext": 0, "verified_reason": "\u672c\u5730\u8d44\u8baf\u535a\u4e3b\uff08\u5929\u6c34\uff09 \u57ce\u5e02\u751f\u6d3b\u5bb6 \u8d85\u8bdd\u4e3b\u6301\u4eba\uff08\u5929\u6c34\u57ce\u4e8b\u8d85\u8bdd\uff09 \u8d44\u8baf\u89c6\u9891\u81ea\u5a92\u4f53", "close_blue_v": false, "description": "\u5173\u6ce8\u5929\u6c34\u8eab\u8fb9\u7684\u4e8b\uff01\u5173\u6ce8\u6570\u7801\u79d1\u6280\u5708\uff0c\u6211\u5c31\u662f\u6211\uff0c\u4eba\u95f4\u4e0d\u53d8\u7684\u70df\u706b\uff01\uff01\u6b22\u8fce\u5927\u5bb6\u7206\u6599\u6295\u7a3f\uff01\uff01\u90ae\u7bb1\ud83d\udcec 270880827@qq.com  wx270880827", "gender": "m", "mbtype": 12, "urank": 31, "mbrank": 6, "follow_me": false, "following": false, "followers_count": 213531, "follow_count": 2053, "cover_image_phone": "https://wx3.sinaimg.cn/crop.0.0.640.640.640/006ktFYCgy1fdtmcn7lk9j30u00u07dh.jpg", "avatar_hd": "https://wx3.sinaimg.cn/orj480/0072C8Ihly8gdioc6xcggj30ru0ru3zu.jpg", "like": false, "like_me": false, "badge": {"bind_taobao": 1, "panda": 1, "user_name_certificate": 1, "suishoupai_2018": 1, "wenchuan_10th": 1, "super_star_2018": 1, "worldcup_2018": 33, "wenda_v2": 1, "dailv_2018": 7, "asiad_2018": 1, "qixi_2018": 1, "yiqijuan_2018": 1, "lol_s8": 1, "national_day_2018": 1, "wbzy_2018": 1, "memorial_2018": 1, "hongbaofei_2019": 1, "denglong_2019": 1, "womensday_2018": 1, "suishoupai_2019": 7, "wusi_2019": 1, "earth_2019": 1, "hongrenjie_2019": 1, "dailv_2019": 1, "china_2019": 1, "hongkong_2019": 1, "dzwbqlx_2019": 1, "rrgyj_2019": 1, "wbzy_2019": 1, "starlight_2019": 1, "gongjiri_2019": 1, "hongbao_2020": 2, "feiyan_2020": 1, "hope_2020": 1, "kangyi_2020": 1, "daka_2020": 1, "graduation_2020": 1, "dailv_2020": 1, "school_2020": 1, "hongrenjie_2020": 1, "china_2020": 1, "weibozhiye_2020": 1, "hongbaofeifuniu_2021": 2, "hongbaofeijika_2021": 1, "nihaoshenghuojie_2021": 1}}, "reposts_count": 0, "comments_count": 0, "attitudes_count": 1, "pending_approval_count": 0, "isLongText": false, "reward_exhibition_type": 0, "hide_flag": 0, "mlevel": 0, "darwin_tags": [], "mblogtype": 0, "more_info_type": 0, "cardid": "star_397", "number_display_strategy": {"apply_scenario_flag": 3, "display_text_min_number": 1000000, "display_text": "100\u4e07+"}, "content_auth": 0, "repost_type": 3, "pic_num": 0, "alchemy_params": {"ug_red_envelope": false}, "raw_text": "\u3010#\u9003\u8dd1\u7684\u82f1\u9996\u76f8\u987e\u95ee\u51fa\u73b0\u611f\u67d3\u75c7\u72b6# \u6b63\u8fdb\u884c\u81ea\u6211\u9694\u79bb\u30113\u670827\u65e5\uff0c\u5728\u82f1\u56fd\u9996\u76f8\u7ea6\u7ff0\u900a\u65b0\u51a0\u75c5\u6bd2\u68c0\u6d4b\u5448\u9633\u6027\u6d88\u606f\u4f20\u51fa\u540e\uff0c\u6709\u5a92\u4f53\u62cd\u5230\u5361\u660e\u65af\u5306\u5306\u4ece\u540e\u95e8\u79bb\u5f00\u5510\u5b81\u885710\u53f7\u3002  #\u5929\u6c34\u57ce\u4e8b# ", "bid": "IB2EPxEoL"}, {"visible": {"type": 0, "list_id": 0}, "created_at": "Mon Mar 30 21:01:27 +0800 2020", "id": "4488282031766767", "mid": "4488282031766767", "can_edit": false, "show_additional_indication": 0, "text": "\u8f6c\u53d1\u5fae\u535a", "source": "iPhone\u5ba2\u6237\u7aef", "favorited": false, "pic_ids": [], "pic_types": "", "is_paid": false, "mblog_vip_type": 0, "user": {"id": 2943593091, "screen_name": "STEROLY_x", "profile_image_url": "https://tvax3.sinaimg.cn/crop.0.0.1080.1080.180/af73aa83ly8gn1gxl2g44j20u00u0ju2.jpg?KID=imgbed,tva&Expires=1619050268&ssig=3%2Bnb%2BYs6c7", "profile_url": "https://m.weibo.cn/u/2943593091?uid=2943593091", "statuses_count": 11054, "verified": false, "verified_type": -1, "close_blue_v": false, "description": "", "gender": "f", "mbtype": 12, "urank": 14, "mbrank": 4, "follow_me": false, "following": false, "followers_count": 239, "follow_count": 465, "cover_image_phone": "https://wx2.sinaimg.cn/crop.0.0.640.640.640/af73aa83gy1gme9w433l4j20v90v9q38.jpg", "avatar_hd": "https://wx3.sinaimg.cn/orj480/af73aa83ly8gn1gxl2g44j20u00u0ju2.jpg", "like": false, "like_me": false, "badge": {"unread_pool": 1, "unread_pool_ext": 1, "panda": 1, "user_name_certificate": 1, "wenda_v2": 1, "hongbaofei_2019": 1, "suishoupai_2019": 7, "wusi_2019": 1, "hongrenjie_2019": 1, "china_2019": 1, "hongkong_2019": 1, "wbzy_2019": 1, "gongjiri_2019": 1, "macao_2019": 1, "china_2019_2": 1, "hongbao_2020": 2, "feiyan_2020": 1, "kangyi_2020": 1, "graduation_2020": 1, "dailv_2020": 1, "vpick_2020": 1, "school_2020": 1, "hongrenjie_2020": 1, "zjszgf_2020": 1}}, "reposts_count": 0, "comments_count": 0, "attitudes_count": 0, "pending_approval_count": 0, "isLongText": false, "reward_exhibition_type": 0, "hide_flag": 0, "mlevel": 0, "darwin_tags": [], "mblogtype": 0, "more_info_type": 0, "number_display_strategy": {"apply_scenario_flag": 3, "display_text_min_number": 1000000, "display_text": "100\u4e07+"}, "content_auth": 0, "repost_type": 1, "pic_num": 0, "alchemy_params": {"ug_red_envelope": false}, "raw_text": "\u8f6c\u53d1\u5fae\u535a", "bid": "IB2Cn7pCf"}]