{"visible": {"type": 0, "list_id": 0}, "created_at": "Wed Apr 01 21:11:49 +0800 2020", "id": "4489009420027188", "mid": "4489009420027188", "can_edit": false, "show_additional_indication": 0, "text": "\u3010<a  href=\"https://m.weibo.cn/search?containerid=231522type%3D1%26t%3D10%26q%3D%23%E7%BE%8E%E5%9B%BD%E8%88%AA%E5%A4%A9%E5%B1%80%E4%B8%A5%E9%98%B2%E6%96%B0%E5%86%A0%E7%97%85%E6%AF%92%E8%BF%9B%E5%85%A5%E5%9B%BD%E9%99%85%E7%A9%BA%E9%97%B4%E7%AB%99%23&extparam=%23%E7%BE%8E%E5%9B%BD%E8%88%AA%E5%A4%A9%E5%B1%80%E4%B8%A5%E9%98%B2%E6%96%B0%E5%86%A0%E7%97%85%E6%AF%92%E8%BF%9B%E5%85%A5%E5%9B%BD%E9%99%85%E7%A9%BA%E9%97%B4%E7%AB%99%23&luicode=20000061&lfid=4489009420027188\" data-hide=\"\"><span class=\"surl-text\">#\u7f8e\u56fd\u822a\u5929\u5c40\u4e25\u9632\u65b0\u51a0\u75c5\u6bd2\u8fdb\u5165\u56fd\u9645\u7a7a\u95f4\u7ad9#</span></a><a  href=\"https://m.weibo.cn/search?containerid=231522type%3D1%26t%3D10%26q%3D%23%E7%BE%8E%E4%BF%84%E4%B8%89%E5%90%8D%E5%AE%87%E8%88%AA%E5%91%98%E9%9A%94%E7%A6%BB%E4%B8%A4%E5%91%A8%23&extparam=%23%E7%BE%8E%E4%BF%84%E4%B8%89%E5%90%8D%E5%AE%87%E8%88%AA%E5%91%98%E9%9A%94%E7%A6%BB%E4%B8%A4%E5%91%A8%23&luicode=20000061&lfid=4489009420027188\" data-hide=\"\"><span class=\"surl-text\">#\u7f8e\u4fc4\u4e09\u540d\u5b87\u822a\u5458\u9694\u79bb\u4e24\u5468#</span></a> \u30114\u67081\u65e5\uff0c\u65b0\u534e\u793e\u63f4\u5f15\u4fc4\u7f57\u65af\u536b\u661f\u901a\u8baf\u793e\u62a5\u9053\uff0c\u56fd\u9645\u7a7a\u95f4\u7ad94\u6708\u5c06\u8f6e\u6362\u5b87\u822a\u5458\u3002\u7f8e\u822a\u5929\u5c40\u6b63\u91c7\u53d6\u4e25\u683c\u63aa\u65bd\uff0c\u9632\u6b62\u65b0\u51a0\u75c5\u6bd2\u8fdb\u5165\u7a7a\u95f4\u7ad9\u30023\u540d\u5b87\u822a\u5458\u5df2\u62b5\u8fbe\u53d1\u5c04\u4e2d\u5fc3\uff0c\u6b63\u7ecf\u5386\u5065\u5eb7\u7a33\u5b9a\u5316\u6b65\u9aa4\uff0c\u5176\u4e2d\u5305\u62ec\u4e24\u5468\u9694\u79bb\u3002<a data-url=\"http://t.cn/A6ZNuZtj\" href=\"https://video.weibo.com/show?fid=1034:4489002263445526\" data-hide=\"\"><span class='url-icon'><img style='width: 1rem;height: 1rem' src='https://h5.sinaimg.cn/upload/2015/09/25/3/timeline_card_small_video_default.png'></span><span class=\"surl-text\">\u65f6\u95f4\u8d22\u7ecf\u7684\u5fae\u535a\u89c6\u9891</span></a> ", "textLength": 267, "source": "\u5fae\u535a\u89c6\u9891\u53f7", "favorited": false, "pic_ids": [], "pic_types": "", "is_paid": false, "mblog_vip_type": 0, "user": {"id": 1642634100, "screen_name": "\u65b0\u6d6a\u79d1\u6280", "profile_image_url": "https://tvax3.sinaimg.cn/crop.1.0.436.436.180/61e89b74ly1gdiq06vjw9j20c60c4aac.jpg?KID=imgbed,tva&Expires=1619695334&ssig=usy7Hb2NLV", "profile_url": "https://m.weibo.cn/u/1642634100?uid=1642634100&luicode=20000061&lfid=4489009420027188", "statuses_count": 148638, "verified": true, "verified_type": 3, "verified_type_ext": 0, "verified_reason": "\u65b0\u6d6a\u79d1\u6280\u5b98\u65b9\u5fae\u535a", "close_blue_v": false, "description": "\u65b0\u6d6a\u79d1\u6280\u662f\u4e2d\u56fd\u6700\u6709\u5f71\u54cd\u529b\u7684TMT\u4ea7\u4e1a\u8d44\u8baf\u53ca\u6570\u7801\u4ea7\u54c1\u670d\u52a1\u5e73\u53f0\u3002\u8ba9\u6211\u4eec\u5e26\u4f60\u89c2\u5bdf\u4e16\u754c\u53d8\u5316\uff0c\u770b\u6e05\u884c\u4e1a\u8d8b\u52bf\uff01", "gender": "f", "mbtype": 12, "urank": 48, "mbrank": 7, "follow_me": false, "following": false, "followers_count": 24443792, "follow_count": 2267, "cover_image_phone": "https://tva2.sinaimg.cn/crop.0.0.640.640.640/a1d3feabjw1ecasunmkncj20hs0hsq4j.jpg", "avatar_hd": "https://wx3.sinaimg.cn/orj480/61e89b74ly1gdiq06vjw9j20c60c4aac.jpg", "like": false, "like_me": false, "badge": {"anniversary": 1, "dzwbqlx_2016": 1, "follow_whitelist_video": 1, "travel_2017": 1, "user_name_certificate": 1, "suishoupai_2018": 1, "wenchuan_10th": 1, "super_star_2018": 1, "qixi_2018": 1, "wbzy_2018": 1, "v_influence_2018": 1, "hongbaofei_2019": 1, "suishoupai_2019": 1, "wusi_2019": 1, "hongrenjie_2019": 1, "dailv_2019": 1, "china_2019": 1, "dzwbqlx_2019": 1, "rrgyj_2019": 1, "weishi_2019": 1, "wbzy_2019": 1, "hongbao_2020": 2, "feiyan_2020": 1, "hope_2020": 1, "graduation_2020": 1, "pc_new": 6, "dailv_2020": 1, "school_2020": 1, "hongrenjie_2020": 1, "china_2020": 1, "weibozhiye_2020": 1, "hongbaofeifuniu_2021": 1, "hongbaofeijika_2021": 1}}, "reposts_count": 19, "comments_count": 42, "attitudes_count": 129, "pending_approval_count": 0, "isLongText": false, "reward_exhibition_type": 0, "hide_flag": 0, "mlevel": 0, "darwin_tags": [], "mblogtype": 0, "more_info_type": 0, "cardid": "star_1124719700424", "content_auth": 0, "pic_num": 0, "alchemy_params": {"ug_red_envelope": false}, "page_info": {"type": "video", "object_type": 11, "url_ori": "http://t.cn/A6ZNuZtj", "page_pic": {"width": 457, "url": "https://wx4.sinaimg.cn/orj480/006dx371ly1gdejzzxld3j30cp0gwjwj.jpg", "height": 608}, "page_url": "https://video.weibo.com/show?fid=1034%3A4489002263445526&luicode=20000061&lfid=4489009420027188", "object_id": "1034:4489002263445526", "page_title": "\u65f6\u95f4\u8d22\u7ecf\u7684\u5fae\u535a\u89c6\u9891", "title": "\u7f8e\u822a\u5929\u5c40\u4e25\u9632\u65b0\u51a0\u75c5\u6bd2\u8fdb\u5165\u56fd\u9645\u7a7a\u95f4\u7ad9 \u7f8e\u4fc4\u4e09\u540d\u5b87\u822a\u5458\u9694\u79bb\u4e24\u5468", "content1": "\u65f6\u95f4\u8d22\u7ecf\u7684\u5fae\u535a\u89c6\u9891", "content2": "\u3010#\u7f8e\u822a\u5929\u5c40\u4e25\u9632\u65b0\u51a0\u75c5\u6bd2\u8fdb\u5165\u56fd\u9645\u7a7a\u95f4\u7ad9##\u7f8e\u4fc4\u4e09\u540d\u5b87\u822a\u5458\u9694\u79bb\u4e24\u5468# \u30114\u67081\u65e5\uff0c\u65b0\u534e\u793e\u63f4\u5f15\u4fc4\u7f57\u65af\u536b\u661f\u901a\u8baf\u793e\u62a5\u9053\uff0c\u56fd\u9645\u7a7a\u95f4\u7ad94\u6708\u5c06\u8f6e\u6362\u5b87\u822a\u5458\u3002\u7f8e\u822a\u5929\u5c40\u6b63\u91c7\u53d6\u4e25\u683c\u63aa\u65bd\uff0c\u9632\u6b62\u65b0\u51a0\u75c5\u6bd2\u8fdb\u5165\u7a7a\u95f4\u7ad9\u30023\u540d\u5b87\u822a\u5458\u5df2\u62b5\u8fbe\u53d1\u5c04\u4e2d\u5fc3\uff0c\u6b63\u7ecf\u5386\u5065\u5eb7\u7a33\u5b9a\u5316\u6b65\u9aa4\uff0c\u5176\u4e2d\u5305\u62ec\u4e24\u5468\u9694\u79bb\u3002", "video_orientation": "vertical", "play_count": "45\u4e07\u6b21\u64ad\u653e", "media_info": {"stream_url": "https://f.video.weibocdn.com/YpsZjVkulx07Ca4w25Xq01041200aoRM0E010.mp4?label=mp4_ld&template=360x640.25.0&trans_finger=bdef57f06ae52835a2c783ca389e8517&ori=0&ps=1BThihd3VLAY5R&Expires=1619688134&ssig=o%2Fqj91F1rd&KID=unistore,video", "stream_url_hd": "https://f.video.weibocdn.com/OGjp69yflx07Ca4x3Q6I01041200fMx40E010.mp4?label=mp4_hd&template=480x852.25.0&trans_finger=1621fcd5d40969f1c74e6b06e52fcd54&ori=0&ps=1BThihd3VLAY5R&Expires=1619688134&ssig=iK8pbdXbMY&KID=unistore,video", "duration": 77.297}, "urls": {"mp4_720p_mp4": "https://f.video.weibocdn.com/ITSIcD9Wlx07Ca4wT1pC01041200vBOB0E010.mp4?label=mp4_720p&template=720x1280.25.0&trans_finger=11ccc9c970f47cffd9369c72510b3033&ori=0&ps=1BThihd3VLAY5R&Expires=1619688134&ssig=JnjeXN1jz2&KID=unistore,video", "mp4_hd_mp4": "https://f.video.weibocdn.com/OGjp69yflx07Ca4x3Q6I01041200fMx40E010.mp4?label=mp4_hd&template=480x852.25.0&trans_finger=1621fcd5d40969f1c74e6b06e52fcd54&ori=0&ps=1BThihd3VLAY5R&Expires=1619688134&ssig=iK8pbdXbMY&KID=unistore,video", "mp4_ld_mp4": "https://f.video.weibocdn.com/YpsZjVkulx07Ca4w25Xq01041200aoRM0E010.mp4?label=mp4_ld&template=360x640.25.0&trans_finger=bdef57f06ae52835a2c783ca389e8517&ori=0&ps=1BThihd3VLAY5R&Expires=1619688134&ssig=o%2Fqj91F1rd&KID=unistore,video"}}, "bid": "IBlxA074w", "buttons": [{"type": "follow", "name": "\u5173\u6ce8", "sub_type": 0, "params": {"uid": 1642634100}}], "status_title": "#\u7f8e\u56fd\u822a\u5929\u5c40\u4e25\u9632\u65b0\u51a0\u75c5\u6bd2\u8fdb\u5165\u56fd\u9645\u7a7a\u95f4\u7ad9##\u7f8e\u4fc4\u4e09\u540d\u5b87\u822a\u5458\u9694\u79bb\u4e24\u5468# ", "ok": 1, "scheme": "https://weibo.cn/appurl?scheme=sinaweibo%3A%2F%2Fdetail%3Fmblogid%3D4489009420027188%26luicode%3D20000061%26lfid%3D4489009420027188&luicode=20000061&lfid=4489009420027188", "tipScheme": "https://weibo.cn/appurl?scheme=sinaweibo%3A%2F%2Fdetail%3Fmblogid%3D4489009420027188%26luicode%3D20000061%26lfid%3D4489009420027188&luicode=20000061&lfid=4489009420027188"}