[{"id": 4471522154853586, "created_at": "2020-02-13", "source": "", "user": {"id": 5518779340, "screen_name": "\u54c8\u54c8\u54c8\u55dd\u54c8\u54c8\u54c8\u55dd\u54c8\u54c8\u54c8\u55dd", "profile_image_url": "https://tvax1.sinaimg.cn/crop.0.0.996.996.180/0061ueC0ly8gdkcih25hbj30ro0romzu.jpg?KID=imgbed,tva&Expires=1619210676&ssig=sQv%2FnOEr0m", "verified": false, "verified_type": -1, "followers_count": 537, "mbtype": 0, "profile_url": "https://m.weibo.cn/u/5518779340?uid=5518779340", "remark": "", "following": false, "follow_me": false}, "text": "\u771f\u8513\u5ef6\u5f00\u6765\u8c01\u90fd\u8dd1\u4e0d\u4e86\u5427", "like_counts": 0, "liked": false}, {"id": 4469475393392945, "created_at": "2020-02-07", "source": "", "user": {"id": 1436804122, "screen_name": "\u878d\u5316\u5728\u4e8c\u723a\u7b11\u773c\u91cc\u7684\u5496\u5561", "profile_image_url": "https://tva4.sinaimg.cn/crop.0.0.180.180.180/55a3e41ajw1e8qgp5bmzyj2050050aa8.jpg?KID=imgbed,tva&Expires=1619210676&ssig=Cw052e%2FvVz", "verified": false, "verified_type": -1, "followers_count": 66, "mbtype": 0, "profile_url": "https://m.weibo.cn/u/1436804122?uid=1436804122", "remark": "", "following": false, "follow_me": false}, "text": "\u4e0d\u53ef\u80fd\uff0c\u4e0b\u500b\u661f\u671f\u5c31\u88ab\u53f0\u7063\u7f77\u514d\u4e86\u3002\u53f0\u7063\u5df2\u7d93\u9023\u7f72\u7f77\u514d\u4e86\u3002\u54c8\u54c8\u54c8\u54c8\u54c8\u54c8\u54c8\u54c8\u54c8\u54c8\u54c8\u54c8\u54c8\u54c8\u54c8\u54c8", "like_counts": 0, "liked": false}, {"id": 4469411220312560, "created_at": "2020-02-07", "source": "", "user": {"id": 1877658835, "screen_name": "\u624b\u673a\u7528\u623779083", "profile_image_url": "https://tvax3.sinaimg.cn/crop.0.0.986.986.180/6feaccd3ly8gmklk3hgbaj20re0rf40i.jpg?KID=imgbed,tva&Expires=1619210676&ssig=7otdW7Acc6", "verified": false, "verified_type": 220, "followers_count": 345, "mbtype": 0, "profile_url": "https://m.weibo.cn/u/1877658835?uid=1877658835", "remark": "", "following": false, "follow_me": false}, "text": "\u6b66\u6c49\u75c5\u6bd2\u6240\u5230\u5e95\u505a\u8fc7\u4ec0\u4e48\uff1f\uff1f\uff1f\uff1f\uff1f\u4e00\u7ebf\u7814\u53d1\u51a0\u72b6\u75c5\u6bd2\u7684\u56fd\u5185\u6700\u9ad8\u75c5\u6bd2\u6240\u552f\u4e00\u7814\u7a76\u51fa\u6765\u7684\u4e8b\u4ed6\u5988\u7684\u53cc\u9ec4\u8fde\uff1f\uff1f\uff1f\uff1f\uff1f\uff1f", "like_counts": 2, "liked": false}, {"id": 4469403917446131, "created_at": "2020-02-07", "source": "", "user": {"id": 5391344752, "screen_name": "\u6539\u540d\u5b57\u4e0a\u70ed\u8bc4", "profile_image_url": "https://tvax4.sinaimg.cn/crop.0.0.1242.1242.180/005SRx3qly8fs1r8n6uryj30yi0yi0v1.jpg?KID=imgbed,tva&Expires=1619210676&ssig=4%2B0C9b85fL", "verified": false, "verified_type": -1, "followers_count": 1919, "mbtype": 13, "profile_url": "https://m.weibo.cn/u/5391344752?uid=5391344752", "remark": "", "following": false, "follow_me": false}, "text": "\u4eba\u7c7b\u547d\u8fd0\u5171\u540c\u4f53\uff0c\u4e16\u536b\u7ec4\u7ec7\u8fd9\u6b21\u5e72\u5f97\u6f02\u4eae\uff01", "like_counts": 1, "liked": false}, {"id": 4469394963119064, "created_at": "2020-02-07", "source": "", "user": {"id": 2707380973, "screen_name": "\u871c\u8702\u604b\u8377\u82b1", "profile_image_url": "https://tva1.sinaimg.cn/crop.0.0.180.180.180/a15f5aedjw1e8qgp5bmzyj2050050aa8.jpg?KID=imgbed,tva&Expires=1619210676&ssig=urHvCJ9zKM", "verified": false, "verified_type": -1, "followers_count": 747, "mbtype": 0, "profile_url": "https://m.weibo.cn/u/2707380973?uid=2707380973", "remark": "", "following": false, "follow_me": false}, "text": "\u5c31\u5f97\u8fd9\u4e48\u529e", "like_counts": 0, "liked": false}, {"id": 4469394363325426, "created_at": "2020-02-07", "source": "", "user": {"id": 3123030455, "screen_name": "\u4f55\u7b71\u59d0\u7684\u8336", "profile_image_url": "https://tvax2.sinaimg.cn/crop.215.56.718.718.180/ba25a9b7ly8ff01997fgoj20zx0obgrl.jpg?KID=imgbed,tva&Expires=1619210676&ssig=YbFd1dkEV6", "verified": false, "verified_type": -1, "followers_count": 1208, "mbtype": 2, "profile_url": "https://m.weibo.cn/u/3123030455?uid=3123030455", "remark": "", "following": false, "follow_me": false}, "text": "\u79d1\u666e\uff1a\u514d\u804c\u548c\u64a4\u804c\u7684\u533a\u522b\u5f88\u5927\uff01\u514d\u804c\u8bf4\u767d\u4e86\u5c31\u662f\u4e0d\u518d\u62c5\u4efb\u67d0\u4e2a\u804c\u52a1\u4e86\uff0c\u4f46\u8fd8\u53ef\u4ee5\u5b89\u6392\u540c\u7ea7\u522b\u7684\u804c\u52a1\u6216\u8005\u662f\u4f4e\u4e00\u70b9\u7684\u804c\u52a1\uff0c\u6216\u8005\u5347\u5b98\u4e86\uff01\u7fa4\u4f17\u7ecf\u5e38\u88ab\u201c\u67d0\u67d0\u88ab\u514d\u804c\u201d\u5ffd\u60a0\uff0c\u64a4\u804c\u624d\u662f\u5f7b\u5e95\u7684\uff01\u6e05\u9664\u86c0\u866b\uff0c\u56fd\u5bb6\u624d\u6709\u5e0c\u671b\uff01", "like_counts": 1, "liked": false}, {"id": 4469392425712853, "created_at": "2020-02-07", "source": "", "user": {"id": 3730052141, "screen_name": "\u68a7\u6897\u7231", "profile_image_url": "https://tvax3.sinaimg.cn/crop.0.0.1080.1080.180/de54142dly8gck6mtvmnmj20u00u00uf.jpg?KID=imgbed,tva&Expires=1619210676&ssig=FGLywzWkUU", "verified": false, "verified_type": -1, "followers_count": 404, "mbtype": 12, "profile_url": "https://m.weibo.cn/u/3730052141?uid=3730052141", "remark": "", "following": false, "follow_me": false}, "text": "<a href='https://m.weibo.cn/n/\u7315\u7334\u6843\u4e0d\u9178o'>@\u7315\u7334\u6843\u4e0d\u9178o</a>", "like_counts": 0, "liked": false}, {"id": 4469389988890822, "created_at": "2020-02-07", "source": "", "user": {"id": 3180131451, "screen_name": "\u5927\u5a9b\u5a9b\u5a9b\u5a9b\u5a9b\u5a9b\u5a9b\u5a9b\u5b50", "profile_image_url": "https://tvax4.sinaimg.cn/crop.0.0.996.996.180/bd8cf47bly8gkj8qy6dm7j20ro0rogmw.jpg?KID=imgbed,tva&Expires=1619210676&ssig=dXLtQm6lce", "verified": false, "verified_type": -1, "followers_count": 143, "mbtype": 0, "profile_url": "https://m.weibo.cn/u/3180131451?uid=3180131451", "remark": "", "following": false, "follow_me": false}, "text": "\u56de\u590d<a href='https://m.weibo.cn/n/\u79cb\u98ce\u7684\u82a6\u7b1b'>@\u79cb\u98ce\u7684\u82a6\u7b1b</a>:\u6e2f\u53f0\u5c31\u7528\u201d\u6b66\u6c49\u80ba\u708e\u201c\uff0c\u770b\u7740\u5c31\u6765\u6c14\u3002", "reply_id": 4469389691016335, "reply_text": "\u56de\u590d<a href='https://m.weibo.cn/n/\u5927\u5a9b\u5a9b\u5a9b\u5a9b\u5a9b\u5a9b\u5a9b\u5a9b\u5b50'>@\u5927\u5a9b\u5a9b\u5a9b\u5a9b\u5a9b\u5a9b\u5a9b\u5a9b\u5b50</a>:\u55ef\uff0c\u73b0\u5728\u7684\u75c5\u6bd2\u547d\u540d\u6807\u51c6\u662f\u4e0d\u51c6\u6709\u5730\u540d\u542b\u4e49\u7684\u3002", "like_counts": 0, "liked": false}, {"id": 4469389946541389, "created_at": "2020-02-07", "source": "", "user": {"id": 7358891683, "screen_name": "\u9999\u5c71\u5f2f\u6708", "profile_image_url": "https://tvax2.sinaimg.cn/crop.0.0.512.512.180/008219Tlly8ga7i6ivya5j30e80e8t9n.jpg?KID=imgbed,tva&Expires=1619210676&ssig=vrzlG9zFto", "verified": false, "verified_type": -1, "followers_count": 7, "mbtype": 0, "profile_url": "https://m.weibo.cn/u/7358891683?uid=7358891683", "remark": "", "following": false, "follow_me": false}, "text": "\u5bbf\u4e3b\u7a7f\u5c71\u7532\uff0c\u5e94\u8be5\u662f\u771f\u5b9e\u5ba2\u89c2\u7684\u5427\u3002", "like_counts": 0, "liked": false}, {"id": 4469389691016335, "created_at": "2020-02-07", "source": "", "user": {"id": 6964860407, "screen_name": "\u79cb\u98ce\u7684\u82a6\u7b1b", "profile_image_url": "https://tvax3.sinaimg.cn/crop.0.0.740.740.180/007BlQmbly8gdiv1n76b9j30kk0kk75n.jpg?KID=imgbed,tva&Expires=1619210679&ssig=F2x4OGqa3q", "verified": false, "verified_type": -1, "followers_count": 48, "mbtype": 0, "profile_url": "https://m.weibo.cn/u/6964860407?uid=6964860407", "remark": "", "following": false, "follow_me": false}, "text": "\u56de\u590d<a href='https://m.weibo.cn/n/\u5927\u5a9b\u5a9b\u5a9b\u5a9b\u5a9b\u5a9b\u5a9b\u5a9b\u5b50'>@\u5927\u5a9b\u5a9b\u5a9b\u5a9b\u5a9b\u5a9b\u5a9b\u5a9b\u5b50</a>:\u55ef\uff0c\u73b0\u5728\u7684\u75c5\u6bd2\u547d\u540d\u6807\u51c6\u662f\u4e0d\u51c6\u6709\u5730\u540d\u542b\u4e49\u7684\u3002", "reply_id": 4469388986006351, "reply_text": "\u56de\u590d<a href='https://m.weibo.cn/n/\u79cb\u98ce\u7684\u82a6\u7b1b'>@\u79cb\u98ce\u7684\u82a6\u7b1b</a>:\u60f3\u5feb\u70b9\u6b63\u5f0f\u547d\u540d\uff0c\u4e0d\u60f3\u770b\u5230\u4ec0\u4e48\u201c\u6b66\u6c49\u80ba\u708e'\u7684\u53eb\u6cd5\u3002", "like_counts": 0, "liked": false}, {"id": 4469389049141112, "created_at": "2020-02-07", "source": "", "user": {"id": 6716271932, "screen_name": "Duobao1996", "profile_image_url": "https://tvax1.sinaimg.cn/crop.0.0.512.512.180/007kwN8Ely8gk095k9rlrj30e80e8aef.jpg?KID=imgbed,tva&Expires=1619210679&ssig=NUgXxO2IQ7", "verified": false, "verified_type": -1, "followers_count": 3880, "mbtype": 2, "profile_url": "https://m.weibo.cn/u/6716271932?uid=6716271932", "remark": "", "following": false, "follow_me": false}, "text": "\u6211\u4eec\u81ea\u8eab\u90fd\u5e26\u6709\u514d\u75ab\u7cfb\u7edf", "reply_id": 4469378362088951, "reply_text": "\u6cbb\u6108\u7684\u662f\u600e\u4e48\u56de\u4e8b", "like_counts": 0, "liked": false}, {"id": 4469388986006351, "created_at": "2020-02-07", "source": "", "user": {"id": 3180131451, "screen_name": "\u5927\u5a9b\u5a9b\u5a9b\u5a9b\u5a9b\u5a9b\u5a9b\u5a9b\u5b50", "profile_image_url": "https://tvax4.sinaimg.cn/crop.0.0.996.996.180/bd8cf47bly8gkj8qy6dm7j20ro0rogmw.jpg?KID=imgbed,tva&Expires=1619210679&ssig=yOgYgteKnt", "verified": false, "verified_type": -1, "followers_count": 143, "mbtype": 0, "profile_url": "https://m.weibo.cn/u/3180131451?uid=3180131451", "remark": "", "following": false, "follow_me": false}, "text": "\u56de\u590d<a href='https://m.weibo.cn/n/\u79cb\u98ce\u7684\u82a6\u7b1b'>@\u79cb\u98ce\u7684\u82a6\u7b1b</a>:\u60f3\u5feb\u70b9\u6b63\u5f0f\u547d\u540d\uff0c\u4e0d\u60f3\u770b\u5230\u4ec0\u4e48\u201c\u6b66\u6c49\u80ba\u708e'\u7684\u53eb\u6cd5\u3002", "reply_id": 4469383453658862, "reply_text": "\u56de\u590d<a href='https://m.weibo.cn/n/\u5927\u5a9b\u5a9b\u5a9b\u5a9b\u5a9b\u5a9b\u5a9b\u5a9b\u5b50'>@\u5927\u5a9b\u5a9b\u5a9b\u5a9b\u5a9b\u5a9b\u5a9b\u5a9b\u5b50</a>:\u201c2019\u65b0\u578b\u51a0\u72b6\u75c5\u6bd2\u201d\u53ea\u662f\u6682\u7528\u540d\u3002", "like_counts": 0, "liked": false}, {"id": 4469384469185447, "created_at": "2020-02-07", "source": "", "user": {"id": 6964860407, "screen_name": "\u79cb\u98ce\u7684\u82a6\u7b1b", "profile_image_url": "https://tvax3.sinaimg.cn/crop.0.0.740.740.180/007BlQmbly8gdiv1n76b9j30kk0kk75n.jpg?KID=imgbed,tva&Expires=1619210679&ssig=F2x4OGqa3q", "verified": false, "verified_type": -1, "followers_count": 48, "mbtype": 0, "profile_url": "https://m.weibo.cn/u/6964860407?uid=6964860407", "remark": "", "following": false, "follow_me": false}, "text": "\u56de\u590d<a href='https://m.weibo.cn/n/\u6e05\u534e\u68cb\u5723'>@\u6e05\u534e\u68cb\u5723</a>:\u8c22\u8c22\u5927\u5bb6\u7684\u9f13\u52b1\u548c\u652f\u6301\uff01<span class=\"url-icon\"><img alt=[\u5fc3] src=\"https://h5.sinaimg.cn/m/emoticon/icon/others/l_xin-43af9086c0.png\" style=\"width:1em; height:1em;\" /></span>", "reply_id": 4469360355708999, "reply_text": "\u6b66\u6c49\u4eba\u6c11\u592a\u96be\u4e86\uff0c\u6e56\u5317\u4e5f\u5f88\u96be[\u52a0\u6cb9]", "like_counts": 0, "liked": false}, {"id": 4469384397198145, "created_at": "2020-02-07", "source": "", "user": {"id": 1088982025, "screen_name": "\u91d1\u51ef\u7684\u5fae\u535a", "profile_image_url": "https://tvax2.sinaimg.cn/crop.0.0.512.512.180/40e88c09ly8fuboprkm6lj20e80e8jrr.jpg?KID=imgbed,tva&Expires=1619210679&ssig=bZ%2FWbeGzrQ", "verified": false, "verified_type": -1, "followers_count": 70, "mbtype": 12, "profile_url": "https://m.weibo.cn/u/1088982025?uid=1088982025", "remark": "", "following": false, "follow_me": false}, "text": "<span class=\"url-icon\"><img alt=[\u7ed9\u529b] src=\"https://h5.sinaimg.cn/m/emoticon/icon/others/f_geili-78be8d9152.png\" style=\"width:1em; height:1em;\" /></span>", "like_counts": 0, "liked": false}, {"id": 4469383776947409, "created_at": "2020-02-07", "source": "", "user": {"id": 6964860407, "screen_name": "\u79cb\u98ce\u7684\u82a6\u7b1b", "profile_image_url": "https://tvax3.sinaimg.cn/crop.0.0.740.740.180/007BlQmbly8gdiv1n76b9j30kk0kk75n.jpg?KID=imgbed,tva&Expires=1619210679&ssig=F2x4OGqa3q", "verified": false, "verified_type": -1, "followers_count": 48, "mbtype": 0, "profile_url": "https://m.weibo.cn/u/6964860407?uid=6964860407", "remark": "", "following": false, "follow_me": false}, "text": "\u56de\u590d<a href='https://m.weibo.cn/n/\u9633\u5149\u7684supercat'>@\u9633\u5149\u7684supercat</a>:\u8c22\u8c22\u4f60\uff0c\u8fd9\u662f\u6211\u4eec\u6b66\u6c49\u4eba\u5e94\u8be5\u505a\u7684\u3002\u795d\u5916\u7701\u7684\u670b\u53cb\u4eec\u5e73\u5b89\uff01", "reply_id": 4469374113185900, "reply_text": "\u611f\u8c22\u6b66\u6c49\u548c\u6e56\u5317\u4eba\u6c11\u7684\u727a\u7272\uff0c\u6362\u6765\u4e86\u75ab\u60c5\u6709\u6548\u63a7\u5236", "like_counts": 0, "liked": false}, {"id": 4469383453658862, "created_at": "2020-02-07", "source": "", "user": {"id": 6964860407, "screen_name": "\u79cb\u98ce\u7684\u82a6\u7b1b", "profile_image_url": "https://tvax3.sinaimg.cn/crop.0.0.740.740.180/007BlQmbly8gdiv1n76b9j30kk0kk75n.jpg?KID=imgbed,tva&Expires=1619210679&ssig=F2x4OGqa3q", "verified": false, "verified_type": -1, "followers_count": 48, "mbtype": 0, "profile_url": "https://m.weibo.cn/u/6964860407?uid=6964860407", "remark": "", "following": false, "follow_me": false}, "text": "\u56de\u590d<a href='https://m.weibo.cn/n/\u5927\u5a9b\u5a9b\u5a9b\u5a9b\u5a9b\u5a9b\u5a9b\u5a9b\u5b50'>@\u5927\u5a9b\u5a9b\u5a9b\u5a9b\u5a9b\u5a9b\u5a9b\u5a9b\u5b50</a>:\u201c2019\u65b0\u578b\u51a0\u72b6\u75c5\u6bd2\u201d\u53ea\u662f\u6682\u7528\u540d\u3002", "reply_id": 4469373370231682, "reply_text": "\u8fd8\u6ca1\u6709\u7ed9\u75c5\u6bd2\u547d\u540d\u5417\uff1f", "like_counts": 0, "liked": false}, {"id": 4469382190848858, "created_at": "2020-02-07", "source": "", "user": {"id": 6132532437, "screen_name": "Viserion-X", "profile_image_url": "https://tvax4.sinaimg.cn/crop.0.0.512.512.180/006H1tPvly8gbutyo6buhj30e80e8gpk.jpg?KID=imgbed,tva&Expires=1619210679&ssig=Vw35k06nzQ", "verified": false, "verified_type": -1, "followers_count": 49, "mbtype": 2, "profile_url": "https://m.weibo.cn/u/6132532437?uid=6132532437", "remark": "", "following": false, "follow_me": false}, "text": "\u6709\u6ca1\u542c\u8fc7\u514d\u75ab\u7cfb\u7edf", "reply_id": 4469378362088951, "reply_text": "\u6cbb\u6108\u7684\u662f\u600e\u4e48\u56de\u4e8b", "like_counts": 0, "liked": false}, {"id": 4469381667388881, "created_at": "2020-02-07", "source": "", "user": {"id": 3827943340, "screen_name": "victorzbf", "profile_image_url": "https://tvax4.sinaimg.cn/crop.0.0.400.400.180/e429c7acly8gd2f2xgxkwj20b40b40ve.jpg?KID=imgbed,tva&Expires=1619210679&ssig=f3AiYDYHBi", "verified": false, "verified_type": -1, "followers_count": 38, "mbtype": 0, "profile_url": "https://m.weibo.cn/u/3827943340?uid=3827943340", "remark": "", "following": false, "follow_me": false}, "text": "\u8fd9\u4e0d\u662f\u5e9f\u8bdd\uff0c\u8fd8\u6709\u4eba\u5728\u5404\u79cd\u8d28\u7591\uff0c\u4ece\u53d1\u73b0\u5230\u73b0\u5728\u4e24\u4e2a\u6708\uff0c\u91cd\u89c6\u5230\u73b0\u5728\u4e00\u4e2a\u6708\u4e0d\u5230\uff0c\u75ab\u82d7\u7684\u57f9\u80b2\u4e5f\u662f\u8981\u65f6\u95f4\u7684\uff0c\u8fd9\u4e48\u5feb\u54ea\u6765\u7684\u75ab\u82d7\uff0c\u8fd9\u8bdd\u662f\u7ed9\u56fd\u5916\u4eba\u542c\u7684\uff0c\u778e\u63ba\u548c\u5565", "like_counts": 0, "liked": false}, {"id": 4469378362088951, "created_at": "2020-02-07", "source": "", "user": {"id": 5504281717, "screen_name": "i\u5218\u5c11\u534e", "profile_image_url": "https://tvax4.sinaimg.cn/crop.0.0.996.996.180/0060vp7nly8g7lk2jwfggj30ro0ro0un.jpg?KID=imgbed,tva&Expires=1619210679&ssig=6TIEKOz9EO", "verified": false, "verified_type": -1, "followers_count": 33, "mbtype": 2, "profile_url": "https://m.weibo.cn/u/5504281717?uid=5504281717", "remark": "", "following": false, "follow_me": false}, "text": "\u6cbb\u6108\u7684\u662f\u600e\u4e48\u56de\u4e8b", "like_counts": 0, "liked": false}, {"id": 4469376818035255, "created_at": "2020-02-07", "source": "", "user": {"id": 2567910991, "screen_name": "\u522b\u62e6\u7740\u6211\u88c5\u903c", "profile_image_url": "https://tvax2.sinaimg.cn/crop.0.0.996.996.180/990f364fly8ggnam9im9hj20ro0roq7n.jpg?KID=imgbed,tva&Expires=1619210681&ssig=EWzYJQbM5R", "verified": false, "verified_type": -1, "followers_count": 15, "mbtype": 0, "profile_url": "https://m.weibo.cn/u/2567910991?uid=2567910991", "remark": "", "following": false, "follow_me": false}, "text": "\u603b\u5e72\u4e8b\u8bf4\u5b8c\u88ab\u5e26\u53bb\u5c40\u5b50\u8bad\u8bdd<span class=\"url-icon\"><img alt=[\u5141\u60b2] src=\"https://h5.sinaimg.cn/m/emoticon/icon/default/d_yunbei-a14a649db8.png\" style=\"width:1em; height:1em;\" /></span>", "like_counts": 1, "liked": false}, {"id": 4469375303742957, "created_at": "2020-02-07", "source": "", "user": {"id": 1915060467, "screen_name": "\u5468\u5e2d\u57ce", "profile_image_url": "https://tvax3.sinaimg.cn/crop.0.0.750.750.180/722580f3ly8g78l9iqbw0j20ku0kumy5.jpg?KID=imgbed,tva&Expires=1619210681&ssig=zfE0f8gYeo", "verified": false, "verified_type": -1, "followers_count": 1402, "mbtype": 2, "profile_url": "https://m.weibo.cn/u/1915060467?uid=1915060467", "remark": "", "following": false, "follow_me": false}, "text": "\u4e3a\u4ec0\u4e48\u8981\u5230\u4e0b\u5468", "like_counts": 0, "liked": false}, {"id": 4469374113185900, "created_at": "2020-02-07", "source": "", "user": {"id": 1803023323, "screen_name": "\u9633\u5149\u98ce\u5165\u677e", "profile_image_url": "https://tvax3.sinaimg.cn/crop.0.0.828.828.180/6b77f3dbly8goyuukma1pj20n00n0tda.jpg?KID=imgbed,tva&Expires=1619210681&ssig=QdOPK6CbQe", "verified": false, "verified_type": -1, "followers_count": 171, "mbtype": 0, "profile_url": "https://m.weibo.cn/u/1803023323?uid=1803023323", "remark": "", "following": false, "follow_me": false}, "text": "\u611f\u8c22\u6b66\u6c49\u548c\u6e56\u5317\u4eba\u6c11\u7684\u727a\u7272\uff0c\u6362\u6765\u4e86\u75ab\u60c5\u6709\u6548\u63a7\u5236", "like_counts": 0, "liked": false}, {"id": 4469373370231682, "created_at": "2020-02-07", "source": "", "user": {"id": 3180131451, "screen_name": "\u5927\u5a9b\u5a9b\u5a9b\u5a9b\u5a9b\u5a9b\u5a9b\u5a9b\u5b50", "profile_image_url": "https://tvax4.sinaimg.cn/crop.0.0.996.996.180/bd8cf47bly8gkj8qy6dm7j20ro0rogmw.jpg?KID=imgbed,tva&Expires=1619210681&ssig=w%2Fb2pH2AdS", "verified": false, "verified_type": -1, "followers_count": 143, "mbtype": 0, "profile_url": "https://m.weibo.cn/u/3180131451?uid=3180131451", "remark": "", "following": false, "follow_me": false}, "text": "\u8fd8\u6ca1\u6709\u7ed9\u75c5\u6bd2\u547d\u540d\u5417\uff1f", "like_counts": 0, "liked": false}, {"id": 4469373295404634, "created_at": "2020-02-07", "source": "", "user": {"id": 1062863733, "screen_name": "AWC_Belinda", "profile_image_url": "https://tvax2.sinaimg.cn/crop.0.0.1008.1008.180/3f5a0375ly8fz26vw62wvj20s00s0gn1.jpg?KID=imgbed,tva&Expires=1619210681&ssig=8Tl%2BZ7vq78", "verified": false, "verified_type": -1, "followers_count": 1185, "mbtype": 0, "profile_url": "https://m.weibo.cn/u/1062863733?uid=1062863733", "remark": "", "following": false, "follow_me": false}, "text": "\u603b\u5e72\u4e8b\u8fd8\u5bf9\u6b66\u6c49\u548c\u6e56\u5317\u4eba\u6c11\u7684\u5408\u4f5c\u8868\u793a\u611f\u8c22\uff0c\u4ed6\u4eec\u4e3a\u4eba\u7c7b\u6240\u4ed8\u51fa\u7684\u65e0\u6cd5\u7528\u8bed\u8a00\u8868\u8fbe\uff01\u8c22\u8c22", "like_counts": 0, "liked": false}, {"id": 4469370284069222, "created_at": "2020-02-07", "source": "", "user": {"id": 3477761065, "screen_name": "\u5c71\u6c34\u5bc4\u4f59\u751fv", "profile_image_url": "https://tvax3.sinaimg.cn/crop.0.0.1328.1328.180/cf4a6c29ly8fuvb3i0kayj210w10wacg.jpg?KID=imgbed,tva&Expires=1619210681&ssig=m8fA67BsAm", "verified": true, "verified_type": 0, "followers_count": 421, "verified_type_ext": 0, "mbtype": 0, "profile_url": "https://m.weibo.cn/u/3477761065?uid=3477761065", "remark": "", "following": false, "follow_me": false}, "text": "\u603b\u5e72\u4e8b\u90fd\u6025\u54ed\u4e86\u3002<span class=\"url-icon\"><img alt=[\u60b2\u4f24] src=\"https://h5.sinaimg.cn/m/emoticon/icon/default/d_beishang-c95268c034.png\" style=\"width:1em; height:1em;\" /></span><span class=\"url-icon\"><img alt=[\u60b2\u4f24] src=\"https://h5.sinaimg.cn/m/emoticon/icon/default/d_beishang-c95268c034.png\" style=\"width:1em; height:1em;\" /></span><span class=\"url-icon\"><img alt=[\u60b2\u4f24] src=\"https://h5.sinaimg.cn/m/emoticon/icon/default/d_beishang-c95268c034.png\" style=\"width:1em; height:1em;\" /></span>", "like_counts": 2, "liked": false}, {"id": 4469370246058872, "created_at": "2020-02-07", "source": "", "user": {"id": 1830062133, "screen_name": "_\u53cc\u6d77\u4e9a\u7f8e_", "profile_image_url": "https://tvax3.sinaimg.cn/crop.0.0.996.996.180/6d148835ly8gg132a9poyj20ro0rowi1.jpg?KID=imgbed,tva&Expires=1619210681&ssig=CeZhxKuaWf", "verified": false, "verified_type": -1, "followers_count": 580, "mbtype": 0, "profile_url": "https://m.weibo.cn/u/1830062133?uid=1830062133", "remark": "", "following": false, "follow_me": false}, "text": "\u56de\u590d<a href='https://m.weibo.cn/n/\u4e00\u53ea\u5999\u8106\u89d2\u5440'>@\u4e00\u53ea\u5999\u8106\u89d2\u5440</a>:\u4e4b\u524d\u770b\u62a5\u9053\uff0c\u4ed6\u7236\u4eb2\u90fd\u4eceicu\u51fa\u6765\u4e86\u8f6c\u8f7b\u4e86\uff0c\u4e2a\u4f53\u5dee\u5f02\u8fd8\u662f\u5f88\u5927", "reply_id": 4469360355706413, "reply_text": "\u6211\u5c31\u4e0d\u660e\u767d\u4e86\uff0c\u5408\u7406\u3001\u79ef\u6781\u6cbb\u7597\u662f\u53ef\u4ee5\u51fa\u9662\u7684\uff0c\u96be\u9053\u674e\u533b\u751f\u662f\u4f53\u5f31\u591a\u75c5\uff0c\u4e0d\u79ef\u6781\u6cbb\u7597\u5417\uff1f", "like_counts": 0, "liked": false}, {"id": 4469369138931977, "created_at": "2020-02-07", "source": "", "user": {"id": 2341925933, "screen_name": "\u4e0d\u5199\u5c0f\u8bf4\u7684\u9ec4\u6620", "profile_image_url": "https://tvax2.sinaimg.cn/crop.0.0.1002.1002.180/8b96f42dly8gmnmfwpexmj20ru0rugn7.jpg?KID=imgbed,tva&Expires=1619210681&ssig=YwOKmuWZDE", "verified": false, "verified_type": -1, "followers_count": 402, "mbtype": 2, "profile_url": "https://m.weibo.cn/u/2341925933?uid=2341925933", "remark": "", "following": false, "follow_me": false}, "text": "\u5c11\u5f00\u4f1a\uff0c\u591a\u5e72\u6d3b", "like_counts": 1, "liked": false}, {"id": 4469367590806407, "created_at": "2020-02-07", "source": "", "user": {"id": 1657324141, "screen_name": "\u674e\u5e05-\u81ea\u884c\u9a91\u58eb", "profile_image_url": "https://tvax4.sinaimg.cn/crop.0.0.996.996.180/62c8c26dly8gld8am50w9j20ro0roq9l.jpg?KID=imgbed,tva&Expires=1619210681&ssig=9JoSPXetCs", "verified": false, "verified_type": -1, "followers_count": 25050, "mbtype": 2, "profile_url": "https://m.weibo.cn/u/1657324141?uid=1657324141", "remark": "", "following": false, "follow_me": false}, "text": "\u8f6c\u53d1\u5fae\u535a", "like_counts": 0, "liked": false}, {"id": 4469365489815786, "created_at": "2020-02-07", "source": "", "user": {"id": 6594939689, "screen_name": "\u81ea\u7531\u4e4b\u7ffcV", "profile_image_url": "https://tvax3.sinaimg.cn/crop.0.0.132.132.180/007cjH4Zly8ft2o5hwmslj303o03oa9u.jpg?KID=imgbed,tva&Expires=1619210681&ssig=shfNMTRizn", "verified": false, "verified_type": -1, "followers_count": 3, "mbtype": 0, "profile_url": "https://m.weibo.cn/u/6594939689?uid=6594939689", "remark": "", "following": false, "follow_me": false}, "text": "\u56de\u590d<a href='https://m.weibo.cn/n/\u7b49\u7687\u540e\u957f\u5927'>@\u7b49\u7687\u540e\u957f\u5927</a>:<span class=\"url-icon\"><img alt=[\u4e8c\u54c8] src=\"https://h5.sinaimg.cn/m/emoticon/icon/others/d_erha-139d0e07bd.png\" style=\"width:1em; height:1em;\" /></span><span class=\"url-icon\"><img alt=[\u4e8c\u54c8] src=\"https://h5.sinaimg.cn/m/emoticon/icon/others/d_erha-139d0e07bd.png\" style=\"width:1em; height:1em;\" /></span>\u53c8\u8822\u53c8\u6076\u7684\u4eba\u5984\u56fe\u86ca\u60d1\u6211\u4eec\u6284\u4f5c\u4e1a\uff1f\uff1f\uff1f <span class=\"url-icon\"><img alt=[\u55b5\u55b5] src=\"https://h5.sinaimg.cn/m/emoticon/icon/others/d_miao-c1b3d563bd.png\" style=\"width:1em; height:1em;\" /></span><span class=\"url-icon\"><img alt=[\u55b5\u55b5] src=\"https://h5.sinaimg.cn/m/emoticon/icon/others/d_miao-c1b3d563bd.png\" style=\"width:1em; height:1em;\" /></span>\u6cfc\u786b\u9178\u3001\u5f53\u4f17\u6492\u5c3f\u3001\u6dcb\u6cb9\u70e7\u4eba\u3001\u6253\u7838\u516c\u5171\u8bbe\u5907\u3001\u8e29\u8e0f\u56fd\u65d7\u2026\u592a\u591a\u6253\u5b57\u592a\u7d2f\u7701\u7565\u2026  <span class=\"url-icon\"><img alt=[\u55b5\u55b5] src=\"https://h5.sinaimg.cn/m/emoticon/icon/others/d_miao-c1b3d563bd.png\" style=\"width:1em; height:1em;\" /></span><span class=\"url-icon\"><img alt=[\u55b5\u55b5] src=\"https://h5.sinaimg.cn/m/emoticon/icon/others/d_miao-c1b3d563bd.png\" style=\"width:1em; height:1em;\" /></span>\u8fd8\u7ecf\u5e38\u8ddf\u8b66\u5bdf\u4e0a\u6f14\u4f60\u6765\u6293\u6211\u5440\uff5e\u4f60\u6765\u6293\u6211\u5440\uff5e\u88ab\u6293\uff5e\u545c\u545c\u545c\uff5e\u5440\u7f8e \u7239\u6551\u6211\uff5e\u4e00\u7fa4\u61a8\u5a03\u5b50\uff5e", "reply_id": 4469360577747269, "reply_text": "\u603b\u5e72\u4e8b\u771f\u5e72\u4e8b\u554a\uff01\uff01\uff01\uff01\uff01\u4e0d\u50cf\u6709\u4e9b\u4eba", "like_counts": 9, "liked": false}, {"id": 4469365174790561, "created_at": "2020-02-07", "source": "", "user": {"id": 3627611301, "screen_name": "\u6211\u662f\u4f60mom\u83ab\u6328\u6211", "profile_image_url": "https://tvax4.sinaimg.cn/crop.0.0.996.996.180/d838f4a5ly8gm7intoebxj20ro0roacd.jpg?KID=imgbed,tva&Expires=1619210683&ssig=9qImIjC1EX", "verified": false, "verified_type": -1, "followers_count": 49, "mbtype": 2, "profile_url": "https://m.weibo.cn/u/3627611301?uid=3627611301", "remark": "", "following": false, "follow_me": false}, "text": "\u52a0\u6cb9", "like_counts": 0, "liked": false}, {"id": 4469364918990597, "created_at": "2020-02-07", "source": "", "user": {"id": 3627611301, "screen_name": "\u6211\u662f\u4f60mom\u83ab\u6328\u6211", "profile_image_url": "https://tvax4.sinaimg.cn/crop.0.0.996.996.180/d838f4a5ly8gm7intoebxj20ro0roacd.jpg?KID=imgbed,tva&Expires=1619210683&ssig=9qImIjC1EX", "verified": false, "verified_type": -1, "followers_count": 49, "mbtype": 2, "profile_url": "https://m.weibo.cn/u/3627611301?uid=3627611301", "remark": "", "following": false, "follow_me": false}, "text": "\u56de\u590d<a href='https://m.weibo.cn/n/\u8463\u667a\u68ee\u53f0\u7063'>@\u8463\u667a\u68ee\u53f0\u7063</a>:\u8279\uff1f", "reply_id": 4469361060246982, "reply_text": "\u56de\u590d<a href='https://m.weibo.cn/n/\u7b49\u7687\u540e\u957f\u5927'>@\u7b49\u7687\u540e\u957f\u5927</a>:\u9019\u500b\u7e3d\u5e79\u4e8b\u662f\u4f60\u5011\u4e2d\u570b\u4eba\u82b1\u9322\u990a\u7684\u82df\uff0c\u6eff\u5634\u8b0a\u8a00\u7a31\u8b9a\u4f60\u5011\u4e2d\u570b", "like_counts": 0, "liked": false}, {"id": 4469364881140947, "created_at": "2020-02-07", "source": "", "user": {"id": 2160994202, "screen_name": "\u5c0f\u732bComfort", "profile_image_url": "https://tva2.sinaimg.cn/crop.0.0.180.180.180/80ce279ajw1e8qgp5bmzyj2050050aa8.jpg?KID=imgbed,tva&Expires=1619210683&ssig=hrJm%2BNa2I%2F", "verified": false, "verified_type": -1, "followers_count": 240, "mbtype": 0, "profile_url": "https://m.weibo.cn/u/2160994202?uid=2160994202", "remark": "", "following": false, "follow_me": false}, "text": "\u56de\u590d<a href='https://m.weibo.cn/n/\u8463\u667a\u68ee\u53f0\u7063'>@\u8463\u667a\u68ee\u53f0\u7063</a>:\u62ff\u4f60\u8981\u62ff\u51fa\u8bc1\u636e\u6765\u8bf4\u554a\uff0c\u628a\u524d\u56e0\u540e\u679c\u8bf4\u6e05\u695a\uff0c\u6211\u4eec\u624d\u4f1a\u76f8\u4fe1", "reply_id": 4469361060246982, "reply_text": "\u56de\u590d<a href='https://m.weibo.cn/n/\u7b49\u7687\u540e\u957f\u5927'>@\u7b49\u7687\u540e\u957f\u5927</a>:\u9019\u500b\u7e3d\u5e79\u4e8b\u662f\u4f60\u5011\u4e2d\u570b\u4eba\u82b1\u9322\u990a\u7684\u82df\uff0c\u6eff\u5634\u8b0a\u8a00\u7a31\u8b9a\u4f60\u5011\u4e2d\u570b", "like_counts": 0, "liked": false}, {"id": 4469363673638519, "created_at": "2020-02-07", "source": "", "user": {"id": 6094507866, "screen_name": "\u4e09\u65a4\u516b\u4e24\u7684\u5317\u6781\u718a", "profile_image_url": "https://tvax2.sinaimg.cn/crop.0.0.996.996.180/006ErVTYly8gaxh677qxdj30ro0ro0up.jpg?KID=imgbed,tva&Expires=1619210683&ssig=XkKuucVzyM", "verified": false, "verified_type": -1, "followers_count": 323, "mbtype": 2, "profile_url": "https://m.weibo.cn/u/6094507866?uid=6094507866", "remark": "", "following": false, "follow_me": false}, "text": "\u6211\u4eec\u4e3a\u4eba\u7c7b\u6240\u505a\u7684\u4e8b\uff0c\u65e0\u6cd5\u7528\u8a00\u8bed\u6765\u8868\u8fbe\uff0c\u6211\u4eec\u727a\u7272\u4e86\u591a\u5c11\u540c\u80de\u624d\u628a\u75ab\u60c5\u63a7\u5236\u5728\u56fd\u95e8\u4e4b\u4e0b\u3002", "like_counts": 0, "liked": false}, {"id": 4469362746947893, "created_at": "2020-02-07", "source": "", "user": {"id": 3858449896, "screen_name": "\u51ac\u6674\u5b50\u534e", "profile_image_url": "https://tvax2.sinaimg.cn/crop.0.0.720.720.180/e5fb45e8ly8gbjfaw3s8lj20k00k0q46.jpg?KID=imgbed,tva&Expires=1619210683&ssig=Wx3CaDIzAL", "verified": false, "verified_type": -1, "followers_count": 353, "mbtype": 0, "profile_url": "https://m.weibo.cn/u/3858449896?uid=3858449896", "remark": "", "following": false, "follow_me": false}, "text": "\u8f6c\u53d1\u5fae\u535a", "like_counts": 0, "liked": false}, {"id": 4469362134578664, "created_at": "2020-02-07", "source": "", "user": {"id": 6554353536, "screen_name": "\u82cf\u676djoy", "profile_image_url": "https://tvax4.sinaimg.cn/crop.0.0.1080.1080.180/0079zoLCly8gpcgp2p56dj30u00u0tb0.jpg?KID=imgbed,tva&Expires=1619210683&ssig=CGLx%2FjzM6a", "verified": false, "verified_type": -1, "followers_count": 248, "mbtype": 11, "profile_url": "https://m.weibo.cn/u/6554353536?uid=6554353536", "remark": "", "following": false, "follow_me": false}, "text": "\u5df2\u7ecf\u6f14\u53d8\u6210\u5168\u7403\u5927\u4e8b\u4e86<span class=\"url-icon\"><img alt=[good] src=\"https://h5.sinaimg.cn/m/emoticon/icon/others/h_good-0c51afc69c.png\" style=\"width:1em; height:1em;\" /></span><span class=\"url-icon\"><img alt=[good] src=\"https://h5.sinaimg.cn/m/emoticon/icon/others/h_good-0c51afc69c.png\" style=\"width:1em; height:1em;\" /></span>\u79d1\u5b66\u5bb6\u518d\u5feb\u4e00\u70b9", "like_counts": 2, "liked": false}, {"id": 4469362033840644, "created_at": "2020-02-07", "source": "", "user": {"id": 2732403434, "screen_name": "2015zhuceyixia", "profile_image_url": "https://tvax2.sinaimg.cn/crop.0.0.1080.1080.180/a2dd2aealy8ggdxw3ctnvj20u00u0434.jpg?KID=imgbed,tva&Expires=1619210683&ssig=w15nMIqe16", "verified": false, "verified_type": -1, "followers_count": 20, "mbtype": 0, "profile_url": "https://m.weibo.cn/u/2732403434?uid=2732403434", "remark": "", "following": false, "follow_me": false}, "text": "\u56de\u590d<a href='https://m.weibo.cn/n/\u8463\u667a\u68ee\u53f0\u7063'>@\u8463\u667a\u68ee\u53f0\u7063</a>:\u6211\u4eec\u6ca1\u517b\u4f60\uff0c\u4f60\u4e0d\u4e5f\u7528\u4e2d\u56fd\u6c49\u5b57\u5728\u8fd9\u513f\u4e71\u5420\u4e48\uff1f", "reply_id": 4469361060246982, "reply_text": "\u56de\u590d<a href='https://m.weibo.cn/n/\u7b49\u7687\u540e\u957f\u5927'>@\u7b49\u7687\u540e\u957f\u5927</a>:\u9019\u500b\u7e3d\u5e79\u4e8b\u662f\u4f60\u5011\u4e2d\u570b\u4eba\u82b1\u9322\u990a\u7684\u82df\uff0c\u6eff\u5634\u8b0a\u8a00\u7a31\u8b9a\u4f60\u5011\u4e2d\u570b", "like_counts": 4, "liked": false}, {"id": 4469362012076281, "created_at": "2020-02-07", "source": "", "user": {"id": 7217607226, "screen_name": "\u771f\u771f\u7684\u84c1\u84c1", "profile_image_url": "https://tvax3.sinaimg.cn/crop.0.0.664.664.180/007SsllMly8gj900fazzbj30ig0igmz0.jpg?KID=imgbed,tva&Expires=1619210683&ssig=obNl8rDwjh", "verified": false, "verified_type": -1, "followers_count": 52, "mbtype": 2, "profile_url": "https://m.weibo.cn/u/7217607226?uid=7217607226", "remark": "", "following": false, "follow_me": false}, "text": "\u52a0\u6cb9\u52a0\u6cb9\u52a0\u6cb9\uff01<span class=\"url-icon\"><img alt=[\u8d5e] src=\"https://h5.sinaimg.cn/m/emoticon/icon/others/h_zan-44ddc70637.png\" style=\"width:1em; height:1em;\" /></span>\u671f\u5f85\u4f60\u4eec\u7684\u6210\u679c<span class=\"url-icon\"><img alt=[\u5fc3] src=\"https://h5.sinaimg.cn/m/emoticon/icon/others/l_xin-43af9086c0.png\" style=\"width:1em; height:1em;\" /></span>", "like_counts": 4, "liked": false}, {"id": 4469361882358059, "created_at": "2020-02-07", "source": "", "user": {"id": 7217607226, "screen_name": "\u771f\u771f\u7684\u84c1\u84c1", "profile_image_url": "https://tvax3.sinaimg.cn/crop.0.0.664.664.180/007SsllMly8gj900fazzbj30ig0igmz0.jpg?KID=imgbed,tva&Expires=1619210683&ssig=obNl8rDwjh", "verified": false, "verified_type": -1, "followers_count": 52, "mbtype": 2, "profile_url": "https://m.weibo.cn/u/7217607226?uid=7217607226", "remark": "", "following": false, "follow_me": false}, "text": "\u56de\u590d<a href='https://m.weibo.cn/n/\u8463\u667a\u68ee\u53f0\u7063'>@\u8463\u667a\u68ee\u53f0\u7063</a>:\uff1f\u7f51\u4e0a\u7528\u6237\u591a\u4e86\u4ec0\u4e48\u725b\u9b3c\u86c7\u795e\u90fd\u5192\u51fa\u6765\u4e86\uff1f\u4e0d\u597d\u610f\u601d\u4e3e\u62a5\u4e86\u3002\u810f\u6211\u773c\u775b\u3002<span class=\"url-icon\"><img alt=[\u5fae\u7b11] src=\"https://h5.sinaimg.cn/m/emoticon/icon/default/d_hehe-0be7e6251f.png\" style=\"width:1em; height:1em;\" /></span>", "reply_id": 4469361060246982, "reply_text": "\u56de\u590d<a href='https://m.weibo.cn/n/\u7b49\u7687\u540e\u957f\u5927'>@\u7b49\u7687\u540e\u957f\u5927</a>:\u9019\u500b\u7e3d\u5e79\u4e8b\u662f\u4f60\u5011\u4e2d\u570b\u4eba\u82b1\u9322\u990a\u7684\u82df\uff0c\u6eff\u5634\u8b0a\u8a00\u7a31\u8b9a\u4f60\u5011\u4e2d\u570b", "like_counts": 4, "liked": false}, {"id": 4469361735239583, "created_at": "2020-02-07", "source": "", "user": {"id": 2094187373, "screen_name": "\u6587\u6e0a\u9601\u5c0f\u5c45\u58eb", "profile_image_url": "https://tvax4.sinaimg.cn/crop.24.84.603.603.180/7cd2c36dly8fjatzrybn8j20k00u7ab4.jpg?KID=imgbed,tva&Expires=1619210685&ssig=4f%2FkIO%2FIkX", "verified": false, "verified_type": -1, "followers_count": 371, "mbtype": 0, "profile_url": "https://m.weibo.cn/u/2094187373?uid=2094187373", "remark": "", "following": false, "follow_me": false}, "text": "\u5bf9\u4e8e\u75c5\u6bd2\u4fb5\u88ad\u6765\u8bf4\uff0c\u4eba\u7c7b\u90fd\u662f\u5e73\u7b49\u7684\uff0c\u8981\u7684\u4e0d\u662f\u9694\u79bb\u9694\u9602\uff0c\u800c\u662f\u643a\u624b\u8d77\u6765\u5171\u540c\u51fb\u8d25\u75c5\u6bd2\u624d\u662f\u552f\u4e00\u51fa\u8def\uff01\u7ed9\u4e16\u536b\u7ec4\u7ec7\u7684\u9ad8\u6548\u5de5\u4f5c\u548c\u505a\u51fa\u7684\u52aa\u529b\u6253\u6ee1\u5206~~<span class=\"url-icon\"><img alt=[\u4e2d\u56fd\u8d5e] src=\"https://h5.sinaimg.cn/m/emoticon/icon/others/d_chnlike-8fc550a807.png\" style=\"width:1em; height:1em;\" /></span>", "like_counts": 0, "liked": false}, {"id": 4469361693166677, "created_at": "2020-02-07", "source": "", "user": {"id": 5591364951, "screen_name": "\u6500\u4e0a\u56f4\u5899\u7b49\u7ea2\u674f", "profile_image_url": "https://tvax4.sinaimg.cn/crop.0.0.664.664.180/0066oNrFly8g933wnf3k7j30ig0igmxp.jpg?KID=imgbed,tva&Expires=1619210685&ssig=ToqJidXIig", "verified": false, "verified_type": -1, "followers_count": 42, "mbtype": 0, "profile_url": "https://m.weibo.cn/u/5591364951?uid=5591364951", "remark": "", "following": false, "follow_me": false}, "text": "\u56de\u590d<a href='https://m.weibo.cn/n/\u8463\u667a\u68ee\u53f0\u7063'>@\u8463\u667a\u68ee\u53f0\u7063</a>:\u4f60\u8fd9\u53f0\u86d9\u667a\u5546\u4e5f\u5fd2\u4f4e\u4e86\u5427\uff0c\u4e00\u4e0b\u5b50\u66b4\u9732\u5f97\u8fd9\u4e48\u5f7b\u5e95", "reply_id": 4469361060246982, "reply_text": "\u56de\u590d<a href='https://m.weibo.cn/n/\u7b49\u7687\u540e\u957f\u5927'>@\u7b49\u7687\u540e\u957f\u5927</a>:\u9019\u500b\u7e3d\u5e79\u4e8b\u662f\u4f60\u5011\u4e2d\u570b\u4eba\u82b1\u9322\u990a\u7684\u82df\uff0c\u6eff\u5634\u8b0a\u8a00\u7a31\u8b9a\u4f60\u5011\u4e2d\u570b", "like_counts": 5, "liked": false}, {"id": 4469361689852895, "created_at": "2020-02-07", "source": "", "user": {"id": 1846508444, "screen_name": "\u97e9\u5c0f\u5377\u5b50", "profile_image_url": "https://tvax2.sinaimg.cn/crop.0.0.512.512.180/6e0f7b9cly8forz654vt4j20e80e8q3r.jpg?KID=imgbed,tva&Expires=1619210685&ssig=YAkNlB36O8", "verified": false, "verified_type": -1, "followers_count": 182, "mbtype": 0, "profile_url": "https://m.weibo.cn/u/1846508444?uid=1846508444", "remark": "", "following": false, "follow_me": false}, "text": "\u867d\u7136\u77e5\u9053\u7814\u7a76\u8fd9\u4e9b\u4e0d\u662f\u4e00\u5929\u4e24\u5929\u5c31\u80fd\u51fa\u7ed3\u679c\u7684 \u4f46\u662f\u770b\u7740\u540c\u80de\u53d7\u96be  \u770b\u7740\u6bcf\u5929\u6b7b\u4ea1\u4eba\u6570 \u786e\u8bca\u4eba\u6570 \u771f\u7684\u6709\u4e00\u79cd\u65e0\u529b\u611f  \u4e00\u79cd\u65e0\u4ee5\u8a00\u8868\u7684\u611f\u89c9", "like_counts": 0, "liked": false}, {"id": 4469361660389769, "created_at": "2020-02-07", "source": "", "user": {"id": 5672367219, "screen_name": "\u9ec4\u65b0\u5149qw", "profile_image_url": "https://tvax1.sinaimg.cn/crop.0.0.664.664.180/006bSFPRly8gbi30c6o83j30ig0igabg.jpg?KID=imgbed,tva&Expires=1619210685&ssig=vCbnE0Xg0H", "verified": false, "verified_type": -1, "followers_count": 3, "mbtype": 0, "profile_url": "https://m.weibo.cn/u/5672367219?uid=5672367219", "remark": "", "following": false, "follow_me": false}, "text": "\u52a0\u6cb9\u6b66\u6c49\uff0c\u6b66\u6c49\u52a0\u6cb9\uff0c\u6b66\u6c49\u6709\u5fc3\u91cc\u5584\u826f\u6211\u60f3\u5584\u826f\u6211\u60f3\u627e\u6b66\u6c49\u7684\u5973\u751f\u505a\u5973\u670b\u53cb\u80fd\u627e\u5230\u5417\uff1f", "like_counts": 0, "liked": false}, {"id": 4469361311919491, "created_at": "2020-02-07", "source": "", "user": {"id": 2744949604, "screen_name": "LOL\u4eba\u673a\u8d85\u795e", "profile_image_url": "https://tva2.sinaimg.cn/crop.0.0.180.180.180/a39c9b64jw1e8qgp5bmzyj2050050aa8.jpg?KID=imgbed,tva&Expires=1619210685&ssig=ECmtZQ%2FgIs", "verified": false, "verified_type": -1, "followers_count": 20, "mbtype": 0, "profile_url": "https://m.weibo.cn/u/2744949604?uid=2744949604", "remark": "", "following": false, "follow_me": false}, "text": "\u4eba\u7c7b\u547d\u8fd0\u5171\u540c\u4f53\u554a\uff0c\u8fd9\u4e8b\u4ef6\u5b8c\u7f8e\u63d0\u73b0\uff0c\u4e0d\u5f97\u4e0d\u4f69\u670d\u9ad8\u5c42\u7684\u8fdc\u89c1\uff0c\u597d\u4e1c\u897f\u7ed9\u4e00\u4e9b\u4eba\u7528\u6210\u574f\u4e1c\u897f\uff0c\u8fd9\u4e9b\u4eba\u4e5f\u662f\u5389\u5bb3", "like_counts": 0, "liked": false}, {"id": 4469361093626234, "created_at": "2020-02-07", "source": "", "user": {"id": 5253754795, "screen_name": "Mr-\u9756\u8f69", "profile_image_url": "https://tvax1.sinaimg.cn/crop.0.0.664.664.180/005JydCzly8fl86f50qf8j30ig0igaap.jpg?KID=imgbed,tva&Expires=1619210688&ssig=VHgc8Wg7WD", "verified": true, "verified_type": 0, "followers_count": 165, "verified_type_ext": 0, "mbtype": 2, "profile_url": "https://m.weibo.cn/u/5253754795?uid=5253754795", "remark": "", "following": false, "follow_me": false}, "text": "<span class=\"url-icon\"><img alt=[doge] src=\"https://h5.sinaimg.cn/m/emoticon/icon/others/d_doge-be7f768d78.png\" style=\"width:1em; height:1em;\" /></span>\u770b\u6765\u56fd\u9645\u77e5\u9053\u7684\u8fd8\u4e0d\u662f\u5f88\u591a\u554a", "like_counts": 4, "liked": false}, {"id": 4469361048054183, "created_at": "2020-02-07", "source": "", "user": {"id": 6511541439, "screen_name": "\u91d1\u4e3b\u54e5", "profile_image_url": "https://tvax2.sinaimg.cn/crop.0.0.512.512.180/0076FLnVly8fpx0mtg1mmj30e80e8wex.jpg?KID=imgbed,tva&Expires=1619210688&ssig=cgeh8SY01g", "verified": true, "verified_type": 0, "followers_count": 1751933, "verified_type_ext": 1, "mbtype": 12, "profile_url": "https://m.weibo.cn/u/6511541439?uid=6511541439", "remark": "", "following": false, "follow_me": false}, "text": "\u5168\u7403\u5171\u540c\u6218\u75ab\uff0c\u4e00\u5b9a\u4f1a\u5f88\u5feb\u597d\u8d77\u6765\u7684", "like_counts": 22, "liked": false}, {"id": 4469360976359431, "created_at": "2020-02-07", "source": "", "user": {"id": 2807912142, "screen_name": "\u4ff1\u4e50\u90e8\u5728\u884c\u52a8", "profile_image_url": "https://tvax2.sinaimg.cn/crop.0.0.664.664.180/a75d56cely8g5qbo35wrrj20ig0igdi4.jpg?KID=imgbed,tva&Expires=1619210688&ssig=avYKiplelx", "verified": false, "verified_type": -1, "followers_count": 370, "mbtype": 0, "profile_url": "https://m.weibo.cn/u/2807912142?uid=2807912142", "remark": "", "following": false, "follow_me": false}, "text": "\u8fd9\u4f4d\u5e72\u4e8b\u8fd8\u86ee\u539a\u9053<span class=\"url-icon\"><img alt=[\u8d5e] src=\"https://h5.sinaimg.cn/m/emoticon/icon/others/h_zan-44ddc70637.png\" style=\"width:1em; height:1em;\" /></span><span class=\"url-icon\"><img alt=[doge] src=\"https://h5.sinaimg.cn/m/emoticon/icon/others/d_doge-be7f768d78.png\" style=\"width:1em; height:1em;\" /></span>", "like_counts": 1, "liked": false}, {"id": 4469360896888899, "created_at": "2020-02-07", "source": "", "user": {"id": 2653989912, "screen_name": "\u5929\u79e4Janet", "profile_image_url": "https://tvax2.sinaimg.cn/crop.0.0.1080.1080.180/9e30ac18ly8gbl7g02iu9j20u00u0q5q.jpg?KID=imgbed,tva&Expires=1619210688&ssig=5Cn4gnWlPW", "verified": false, "verified_type": -1, "followers_count": 279, "mbtype": 0, "profile_url": "https://m.weibo.cn/u/2653989912?uid=2653989912", "remark": "", "following": false, "follow_me": false}, "text": "\u70b9\u8d5e\ud83d\udc4d \u975e\u5e38\u559c\u6b22\u4ed6\u7684\u82f1\u8bed\uff0c\u8bb2\u7684\u7b80\u5355\u6613\u61c2", "like_counts": 1, "liked": false}, {"id": 4469360577747269, "created_at": "2020-02-07", "source": "", "user": {"id": 1933487877, "screen_name": "\u7b49\u7687\u540e\u957f\u5927", "profile_image_url": "https://tvax2.sinaimg.cn/crop.0.0.1080.1080.180/733eaf05ly8gnyhuzz5bzj20u00u00x7.jpg?KID=imgbed,tva&Expires=1619210688&ssig=WhscCwO%2FBX", "verified": false, "verified_type": -1, "followers_count": 3595, "mbtype": 11, "profile_url": "https://m.weibo.cn/u/1933487877?uid=1933487877", "remark": "", "following": false, "follow_me": false}, "text": "\u603b\u5e72\u4e8b\u771f\u5e72\u4e8b\u554a\uff01\uff01\uff01\uff01\uff01\u4e0d\u50cf\u6709\u4e9b\u4eba", "like_counts": 111, "liked": false}, {"id": 4469360557387138, "created_at": "2020-02-07", "source": "", "user": {"id": 5828805936, "screen_name": "\u7eff\u57ce76\u4eba", "profile_image_url": "https://tva4.sinaimg.cn/crop.0.0.664.664.180/006mt4GYjw8ezwkc4un54j30ig0ign0b.jpg?KID=imgbed,tva&Expires=1619210688&ssig=uSLnzWNIuf", "verified": false, "verified_type": -1, "followers_count": 318, "mbtype": 0, "profile_url": "https://m.weibo.cn/u/5828805936?uid=5828805936", "remark": "", "following": false, "follow_me": false}, "text": "\u5168\u7403\u5171\u540c\u6218\u75ab<span class=\"url-icon\"><img alt=[\u62f3\u5934] src=\"https://h5.sinaimg.cn/m/emoticon/icon/others/h_quantou-81f684d5ed.png\" style=\"width:1em; height:1em;\" /></span>", "like_counts": 8, "liked": false}, {"id": 4469360552929887, "created_at": "2020-02-07", "source": "", "user": {"id": 2315574465, "screen_name": "\u4e49\u4e4c\u6c5f\u4e1c\u625b\u628a\u5b50", "profile_image_url": "https://tvax2.sinaimg.cn/crop.0.0.1080.1080.180/8a04dcc1ly8gdjgkmmw30j20u00u0775.jpg?KID=imgbed,tva&Expires=1619210688&ssig=2e6dJNkmAj", "verified": false, "verified_type": -1, "followers_count": 1244, "mbtype": 11, "profile_url": "https://m.weibo.cn/u/2315574465?uid=2315574465", "remark": "", "following": false, "follow_me": false}, "text": "\u8bba\u575b\uff0c\u96c6\u4f1a\uff0c\u6ce8\u610f\u5b89\u5168\u5594<span class=\"url-icon\"><img alt=[good] src=\"https://h5.sinaimg.cn/m/emoticon/icon/others/h_good-0c51afc69c.png\" style=\"width:1em; height:1em;\" /></span>", "like_counts": 0, "liked": false}, {"id": 4469360452070858, "created_at": "2020-02-07", "source": "", "user": {"id": 7358239636, "screen_name": "\u674e\u6df3\u98ce\u00b7", "profile_image_url": "https://tvax3.sinaimg.cn/crop.0.0.664.664.180/0081Yqgsly8glf48wzo3bj30ig0igwf6.jpg?KID=imgbed,tva&Expires=1619210688&ssig=9bIsHiM6Td", "verified": false, "verified_type": -1, "followers_count": 11688, "mbtype": 11, "profile_url": "https://m.weibo.cn/u/7358239636?uid=7358239636", "remark": "", "following": false, "follow_me": false}, "text": "\u8fd9\u4e0d\u4ec5\u4ec5\u662f\u4e2d\u56fd\u7684\u4e8b\uff0c\u73b0\u5728\u662f\u5168\u4e16\u754c\u7684\u4e8b\u4e86", "like_counts": 48, "liked": false}, {"id": 4469360368335989, "created_at": "2020-02-07", "source": "", "user": {"id": 3546109011, "screen_name": "\u5f90\u7131\u68ee181", "profile_image_url": "https://tvax1.sinaimg.cn/crop.0.0.750.750.180/d35d5453ly8gkr59iewxsj20ku0kujsv.jpg?KID=imgbed,tva&Expires=1619210688&ssig=NXQtZVWwpB", "verified": false, "verified_type": -1, "followers_count": 122, "mbtype": 0, "profile_url": "https://m.weibo.cn/u/3546109011?uid=3546109011", "remark": "", "following": false, "follow_me": false}, "text": "\u4e3a\u5565\u4e0d\u80fd\u660e\u540e\u4e24\u5929\u5462\uff1f", "like_counts": 4, "liked": false}, {"id": 4469360355706413, "created_at": "2020-02-07", "source": "", "user": {"id": 2126129360, "screen_name": "\u4e88\u51cc_", "profile_image_url": "https://tvax3.sinaimg.cn/crop.0.0.1080.1080.180/7eba28d0ly8ga59woeeqxj20u00u00vc.jpg?KID=imgbed,tva&Expires=1619210690&ssig=okCS3jGw8F", "verified": true, "verified_type": 0, "followers_count": 180, "verified_type_ext": 0, "mbtype": 2, "profile_url": "https://m.weibo.cn/u/2126129360?uid=2126129360", "remark": "", "following": false, "follow_me": false}, "text": "\u6211\u5c31\u4e0d\u660e\u767d\u4e86\uff0c\u5408\u7406\u3001\u79ef\u6781\u6cbb\u7597\u662f\u53ef\u4ee5\u51fa\u9662\u7684\uff0c\u96be\u9053\u674e\u533b\u751f\u662f\u4f53\u5f31\u591a\u75c5\uff0c\u4e0d\u79ef\u6781\u6cbb\u7597\u5417\uff1f", "like_counts": 3, "liked": false}, {"id": 4469360343579641, "created_at": "2020-02-07", "source": "", "user": {"id": 6164431998, "screen_name": "\u4f59\u4e09\u5c11", "profile_image_url": "https://tvax2.sinaimg.cn/crop.0.0.1002.1002.180/006Jbkmyly8g606anb1fjj30ru0rumyp.jpg?KID=imgbed,tva&Expires=1619210690&ssig=91nRzL8ve1", "verified": true, "verified_type": 0, "followers_count": 4799, "verified_type_ext": 0, "mbtype": 2, "profile_url": "https://m.weibo.cn/u/6164431998?uid=6164431998", "remark": "", "following": false, "follow_me": false}, "text": "\u518d\u5feb\u4e00\u70b9\uff0c\u518d\u5feb\u4e00\u70b9", "like_counts": 42, "liked": false}, {"id": 4469360280089634, "created_at": "2020-02-07", "source": "", "user": {"id": 5967485745, "screen_name": "\u4e1c\u6797\u62c6", "profile_image_url": "https://tvax1.sinaimg.cn/crop.0.0.960.960.180/006vQXE5ly8fhmxwt6xpij30qo0qoab7.jpg?KID=imgbed,tva&Expires=1619210690&ssig=gEOCmRlyoG", "verified": false, "verified_type": -1, "followers_count": 76, "mbtype": 2, "profile_url": "https://m.weibo.cn/u/5967485745?uid=5967485745", "remark": "", "following": false, "follow_me": false}, "text": "<span class=\"url-icon\"><img alt=[\u8d39\u89e3] src=\"https://h5.sinaimg.cn/m/emoticon/icon/default/d_feijie-c1df37ef03.png\" style=\"width:1em; height:1em;\" /></span>", "like_counts": 0, "liked": false}, {"id": 4469360233663557, "created_at": "2020-02-07", "source": "", "user": {"id": 7361366526, "screen_name": "\u4e0d\u5f00\u5fc3\u5c0f\u7530", "profile_image_url": "https://tvax3.sinaimg.cn/crop.0.0.1002.1002.180/0082bxIaly8gipk754tqej30ru0ruta4.jpg?KID=imgbed,tva&Expires=1619210690&ssig=ymTHa1Kcan", "verified": false, "verified_type": -1, "followers_count": 296, "mbtype": 2, "profile_url": "https://m.weibo.cn/u/7361366526?uid=7361366526", "remark": "", "following": false, "follow_me": false}, "text": "\u8c22\u8c22\uff01<span class=\"url-icon\"><img alt=[\u6cea] src=\"https://h5.sinaimg.cn/m/emoticon/icon/default/d_lei-4cdf6ee412.png\" style=\"width:1em; height:1em;\" /></span><span class=\"url-icon\"><img alt=[\u6cea] src=\"https://h5.sinaimg.cn/m/emoticon/icon/default/d_lei-4cdf6ee412.png\" style=\"width:1em; height:1em;\" /></span><span class=\"url-icon\"><img alt=[\u6cea] src=\"https://h5.sinaimg.cn/m/emoticon/icon/default/d_lei-4cdf6ee412.png\" style=\"width:1em; height:1em;\" /></span><span class=\"url-icon\"><img alt=[\u6cea] src=\"https://h5.sinaimg.cn/m/emoticon/icon/default/d_lei-4cdf6ee412.png\" style=\"width:1em; height:1em;\" /></span>\u6dfb\u9ebb\u70e6\u4e86", "like_counts": 1, "liked": false}]