[{"id": 4496294322231098, "created_at": "2020-04-21", "source": "", "user": {"id": 6352639456, "screen_name": "qqjzbeiakebsi", "profile_image_url": "https://tvax4.sinaimg.cn/crop.0.0.750.750.180/006VV1IIly8gcj6gzfs7qj30ku0kujsg.jpg?KID=imgbed,tva&Expires=1619216578&ssig=rIbcvffvCo", "verified": false, "verified_type": -1, "followers_count": 5, "mbtype": 0, "profile_url": "https://m.weibo.cn/u/6352639456?uid=6352639456", "remark": "", "following": false, "follow_me": false}, "text": "\u4e3a\u4ec0\u4e48\u5c38\u4f53\u4f1a\u6ca1\u6709\u4f20\u67d3\u6027\u5462\uff1f\u56e0\u4e3a\u6b7b\u8005\u4e0d\u4f1a\u547c\u5438\u5417\uff1f", "like_counts": 0, "liked": false}, {"id": 4496110167456831, "created_at": "2020-04-21", "source": "", "user": {"id": 7325022616, "screen_name": "MT\u7279\u7ea6\u7ecf\u9500\u5546", "profile_image_url": "https://tvax1.sinaimg.cn/crop.2.80.697.697.180/007ZJ304ly8gdbd0osjpxj30jz0qoq68.jpg?KID=imgbed,tva&Expires=1619216578&ssig=yynTGg1RVR", "verified": false, "verified_type": -1, "followers_count": 201, "mbtype": 2, "profile_url": "https://m.weibo.cn/u/7325022616?uid=7325022616", "remark": "", "following": false, "follow_me": false}, "text": "\u76f4\u63a5\u70e7\u4e86\u5f97\u4e86<span class=\"url-icon\"><img alt=[\u5403\u74dc] src=\"https://h5.sinaimg.cn/m/emoticon/icon/default/d_chigua-7a95e6efc4.png\" style=\"width:1em; height:1em;\" /></span><span class=\"url-icon\"><img alt=[\u5403\u74dc] src=\"https://h5.sinaimg.cn/m/emoticon/icon/default/d_chigua-7a95e6efc4.png\" style=\"width:1em; height:1em;\" /></span>", "like_counts": 0, "liked": false}]