{"visible": {"type": 0, "list_id": 0}, "created_at": "Fri Feb 14 19:43:55 +0800 2020", "id": "4471955065376913", "mid": "4471955065376913", "can_edit": false, "show_additional_indication": 0, "text": "\u9662\u58eb\u56e2\u961f\u7684\u58f0\u97f3\u62c5\u5f53\uff0c\u58f0\u97f3\u575a\u5b9a\u800c\u6743\u5a01\u3002<span class=\"url-icon\"><img alt=[\u8d5e] src=\"https://h5.sinaimg.cn/m/emoticon/icon/others/h_zan-44ddc70637.png\" style=\"width:1em; height:1em;\" /></span><a  href=\"https://m.weibo.cn/search?containerid=231522type%3D1%26t%3D10%26q%3D%23%E9%92%9F%E5%8D%97%E5%B1%B1%E5%9B%A2%E9%98%9F%E5%9C%A8%E6%82%A3%E8%80%85%E7%B2%AA%E4%BE%BF%E6%A3%80%E5%87%BA%E6%96%B0%E5%86%A0%E6%B4%BB%E7%97%85%E6%AF%92%23&extparam=%23%E9%92%9F%E5%8D%97%E5%B1%B1%E5%9B%A2%E9%98%9F%E5%9C%A8%E6%82%A3%E8%80%85%E7%B2%AA%E4%BE%BF%E6%A3%80%E5%87%BA%E6%96%B0%E5%86%A0%E6%B4%BB%E7%97%85%E6%AF%92%23&luicode=20000061&lfid=4471955065376913\" data-hide=\"\"><span class=\"surl-text\">#\u949f\u5357\u5c71\u56e2\u961f\u5728\u60a3\u8005\u7caa\u4fbf\u68c0\u51fa\u65b0\u51a0\u6d3b\u75c5\u6bd2#</span></a> ", "textLength": 76, "source": "iPhone\u5ba2\u6237\u7aef", "favorited": false, "pic_ids": ["77a12b5cgy1gbw5yqu38cj21vo0v9qfo", "77a12b5cgy1gbw5yr9pevj21vo0v947d", "77a12b5cgy1gbw5yq98vcj23402c0x6q", "77a12b5cgy1gbw5ze2dx2j23402c0182", "77a12b5cgy1gbw5yt3wm9j23402c0kbd", "77a12b5cgy1gbw5yucjycj23402c01de"], "pic_types": "0,0,0,0,0,0", "thumbnail_pic": "https://wx1.sinaimg.cn/thumbnail/77a12b5cgy1gbw5yqu38cj21vo0v9qfo.jpg", "bmiddle_pic": "http://wx1.sinaimg.cn/bmiddle/77a12b5cgy1gbw5yqu38cj21vo0v9qfo.jpg", "original_pic": "https://wx1.sinaimg.cn/large/77a12b5cgy1gbw5yqu38cj21vo0v9qfo.jpg", "is_paid": false, "mblog_vip_type": 0, "user": {"id": 2007051100, "screen_name": "\u9648\u65ed\u5a77VivianC", "profile_image_url": "https://tvax3.sinaimg.cn/crop.0.0.512.512.180/77a12b5cly8gld04ol02jj20e80e8wem.jpg?KID=imgbed,tva&Expires=1619695272&ssig=NSKt2vn8Zf", "profile_url": "https://m.weibo.cn/u/2007051100?uid=2007051100&luicode=20000061&lfid=4471955065376913", "statuses_count": 70, "verified": true, "verified_type": 0, "verified_type_ext": 0, "verified_reason": "\u5a92\u4f53\u4eba", "close_blue_v": false, "description": "", "gender": "f", "mbtype": 12, "urank": 10, "mbrank": 4, "follow_me": false, "following": false, "followers_count": 12274, "follow_count": 150, "cover_image_phone": "https://tva1.sinaimg.cn/crop.0.0.640.640.640/549d0121tw1egm1kjly3jj20hs0hsq4f.jpg", "avatar_hd": "https://wx3.sinaimg.cn/orj480/77a12b5cly8gld04ol02jj20e80e8wem.jpg", "like": false, "like_me": false, "badge": {"unread_pool": 1, "unread_pool_ext": 1, "user_name_certificate": 1, "wenda_v2": 1, "china_2019": 1, "macao_2019": 1, "china_2019_2": 1, "hongbao_2020": 2}}, "pic_video": "3:001UyvOPjx07AX2tH5Es0f0f0100h79S0k01,4:001dSQTSjx07AX2tzcxq0f0f0100n9Yr0k01,5:001cKcCKjx07AX2tXvGf0f0f0100ppID0k01", "picStatus": "0:1,1:1,2:1", "reposts_count": 1, "comments_count": 10, "attitudes_count": 27, "pending_approval_count": 0, "isLongText": false, "reward_exhibition_type": 2, "reward_scheme": "sinaweibo://reward?bid=1000293251&enter_id=1000293251&enter_type=1&oid=4471955065376913&seller=2007051100&share=18cb5613ebf3d8aadd9975c1036ab1f47&sign=430378268c863d924fe8fac4cd4b0830", "hide_flag": 0, "mlevel": 0, "darwin_tags": [], "mblogtype": 0, "more_info_type": 0, "cardid": "star_11247_common", "number_display_strategy": {"apply_scenario_flag": 3, "display_text_min_number": 1000000, "display_text": "100\u4e07+"}, "content_auth": 0, "pic_num": 6, "alchemy_params": {"ug_red_envelope": false}, "page_info": {"type": "search_topic", "object_type": 0, "page_pic": {"url": "https://wx3.sinaimg.cn/large/005vnhZYly1gbustrqudvj30dc0dc76d.jpg"}, "page_url": "https://m.weibo.cn/search?containerid=231522type%3D1%26t%3D10%26q%3D%23%E9%92%9F%E5%8D%97%E5%B1%B1%E5%9B%A2%E9%98%9F%E5%9C%A8%E6%82%A3%E8%80%85%E7%B2%AA%E4%BE%BF%E6%A3%80%E5%87%BA%E6%96%B0%E5%86%A0%E6%B4%BB%E7%97%85%E6%AF%92%23&extparam=%23%E9%92%9F%E5%8D%97%E5%B1%B1%E5%9B%A2%E9%98%9F%E5%9C%A8%E6%82%A3%E8%80%85%E7%B2%AA%E4%BE%BF%E6%A3%80%E5%87%BA%E6%96%B0%E5%86%A0%E6%B4%BB%E7%97%85%E6%AF%92%23&luicode=20000061&lfid=4471955065376913", "page_title": "#\u949f\u5357\u5c71\u56e2\u961f\u5728\u60a3\u8005\u7caa\u4fbf\u68c0\u51fa\u65b0\u51a0\u6d3b\u75c5\u6bd2#", "content1": "0\u8ba8\u8bba 0\u9605\u8bfb "}, "pics": [{"pid": "77a12b5cgy1gbw5yqu38cj21vo0v9qfo", "url": "https://wx1.sinaimg.cn/orj360/77a12b5cgy1gbw5yqu38cj21vo0v9qfo.jpg", "size": "orj360", "geo": {"width": 585, "height": 270, "croped": false}, "large": {"size": "large", "url": "https://wx1.sinaimg.cn/large/77a12b5cgy1gbw5yqu38cj21vo0v9qfo.jpg", "geo": {"width": 2048, "height": 945, "croped": false}}}, {"pid": "77a12b5cgy1gbw5yr9pevj21vo0v947d", "url": "https://wx1.sinaimg.cn/orj360/77a12b5cgy1gbw5yr9pevj21vo0v947d.jpg", "size": "orj360", "geo": {"width": 585, "height": 270, "croped": false}, "large": {"size": "large", "url": "https://wx1.sinaimg.cn/large/77a12b5cgy1gbw5yr9pevj21vo0v947d.jpg", "geo": {"width": 2048, "height": 945, "croped": false}}}, {"pid": "77a12b5cgy1gbw5yq98vcj23402c0x6q", "url": "https://wx1.sinaimg.cn/orj360/77a12b5cgy1gbw5yq98vcj23402c0x6q.jpg", "size": "orj360", "geo": {"width": 360, "height": 270, "croped": false}, "large": {"size": "large", "url": "https://wx1.sinaimg.cn/large/77a12b5cgy1gbw5yq98vcj23402c0x6q.jpg", "geo": {"width": 2048, "height": 1536, "croped": false}}}, {"pid": "77a12b5cgy1gbw5ze2dx2j23402c0182", "url": "https://wx4.sinaimg.cn/orj360/77a12b5cgy1gbw5ze2dx2j23402c0182.jpg", "size": "orj360", "geo": {"width": 360, "height": 270, "croped": false}, "large": {"size": "large", "url": "https://wx4.sinaimg.cn/large/77a12b5cgy1gbw5ze2dx2j23402c0182.jpg", "geo": {"width": 2048, "height": 1536, "croped": false}}}, {"pid": "77a12b5cgy1gbw5yt3wm9j23402c0kbd", "url": "https://wx2.sinaimg.cn/orj360/77a12b5cgy1gbw5yt3wm9j23402c0kbd.jpg", "size": "orj360", "geo": {"width": 360, "height": 270, "croped": false}, "large": {"size": "large", "url": "https://wx2.sinaimg.cn/large/77a12b5cgy1gbw5yt3wm9j23402c0kbd.jpg", "geo": {"width": 2048, "height": 1536, "croped": false}}}, {"pid": "77a12b5cgy1gbw5yucjycj23402c01de", "url": "https://wx3.sinaimg.cn/orj360/77a12b5cgy1gbw5yucjycj23402c01de.jpg", "size": "orj360", "geo": {"width": 360, "height": 270, "croped": false}, "large": {"size": "large", "url": "https://wx3.sinaimg.cn/large/77a12b5cgy1gbw5yucjycj23402c01de.jpg", "geo": {"width": 2048, "height": 1536, "croped": false}}}], "live_photo": ["https://video.weibo.com/media/play?livephoto=https%3A%2F%2Flivephoto.us.sinaimg.cn%2F001UyvOPjx07AX2tH5Es0f0f0100h79S0k01.mov", "https://video.weibo.com/media/play?livephoto=https%3A%2F%2Flivephoto.us.sinaimg.cn%2F001dSQTSjx07AX2tzcxq0f0f0100n9Yr0k01.mov", "https://video.weibo.com/media/play?livephoto=https%3A%2F%2Flivephoto.us.sinaimg.cn%2F001cKcCKjx07AX2tXvGf0f0f0100ppID0k01.mov"], "bid": "IubSymyMp", "buttons": [{"type": "follow", "name": "\u5173\u6ce8", "sub_type": 0, "params": {"uid": 2007051100}}], "status_title": "\u949f\u5357\u5c71\u56e2\u961f\u5728\u60a3\u8005\u7caa\u4fbf\u68c0\u51fa\u65b0\u51a0\u6d3b\u75c5\u6bd2", "ok": 1, "scheme": "https://weibo.cn/appurl?scheme=sinaweibo%3A%2F%2Fdetail%3Fmblogid%3D4471955065376913%26luicode%3D20000061%26lfid%3D4471955065376913&luicode=20000061&lfid=4471955065376913", "tipScheme": "https://weibo.cn/appurl?scheme=sinaweibo%3A%2F%2Fdetail%3Fmblogid%3D4471955065376913%26luicode%3D20000061%26lfid%3D4471955065376913&luicode=20000061&lfid=4471955065376913"}