[{"visible": {"type": 0, "list_id": 0}, "created_at": "Sat Feb 15 12:18:08 +0800 2020", "id": "4472205268541738", "mid": "4472205268541738", "can_edit": false, "show_additional_indication": 0, "text": "\u652f\u6301\u5a77\u59d0\uff0c\u7fa1\u715e\u65c1\u4eba\u5d07\u9ad8\u7684\u804c\u4e1a", "source": "HUAWEI nova \u9752\u6625\u7248", "favorited": false, "pic_ids": [], "pic_types": "", "is_paid": false, "mblog_vip_type": 0, "user": {"id": 5483062006, "screen_name": "\u5218\u68a6\u521aL", "profile_image_url": "https://tvax2.sinaimg.cn/crop.0.0.996.996.180/005Z4mTYly8goqv9wzaigj30ro0ro75i.jpg?KID=imgbed,tva&Expires=1619047728&ssig=lJBmAa3CBs", "profile_url": "https://m.weibo.cn/u/5483062006?uid=5483062006", "statuses_count": 206, "verified": false, "verified_type": -1, "close_blue_v": false, "description": "\u6000\u4e00\u9897\u611f\u6069\u7684\u5fc3\u2764 \u2764 \u2764", "gender": "m", "mbtype": 0, "urank": 9, "mbrank": 0, "follow_me": false, "following": false, "followers_count": 66, "follow_count": 142, "cover_image_phone": "https://tva3.sinaimg.cn/crop.0.0.640.640.640/638f41a8jw1f2pdevvifhj20hs0hs40y.jpg", "avatar_hd": "https://wx2.sinaimg.cn/orj480/005Z4mTYly8goqv9wzaigj30ro0ro75i.jpg", "like": false, "like_me": false, "badge": {"bind_taobao": 1, "unread_pool": 1, "unread_pool_ext": 1, "user_name_certificate": 1}}, "reposts_count": 0, "comments_count": 0, "attitudes_count": 0, "pending_approval_count": 0, "isLongText": false, "reward_exhibition_type": 0, "hide_flag": 0, "mlevel": 0, "darwin_tags": [], "mblogtype": 0, "more_info_type": 0, "number_display_strategy": {"apply_scenario_flag": 3, "display_text_min_number": 1000000, "display_text": "100\u4e07+"}, "content_auth": 0, "repost_type": 1, "pic_num": 0, "alchemy_params": {"ug_red_envelope": false}, "raw_text": "\u652f\u6301\u5a77\u59d0\uff0c\u7fa1\u715e\u65c1\u4eba\u5d07\u9ad8\u7684\u804c\u4e1a", "bid": "Iuio6zQ5Y"}]