[{"visible": {"type": 0, "list_id": 0}, "created_at": "Tue Apr 07 14:19:48 +0800 2020", "id": "4491080055274031", "mid": "4491080055274031", "can_edit": false, "show_additional_indication": 0, "text": "\u8f6c\u53d1\u5fae\u535a", "source": "\u5fae\u535a weibo.com", "favorited": false, "pic_ids": [], "pic_types": "", "is_paid": false, "mblog_vip_type": 0, "user": {"id": 1433713465, "screen_name": "\u6eaa\u6c34\u7f20\u7985", "profile_image_url": "https://tva3.sinaimg.cn/crop.0.0.180.180.180/5574bb39jw1e8qgp5bmzyj2050050aa8.jpg?KID=imgbed,tva&Expires=1619050514&ssig=NoeJcg0GPC", "profile_url": "https://m.weibo.cn/u/1433713465?uid=1433713465", "statuses_count": 1394, "verified": false, "verified_type": -1, "close_blue_v": false, "description": "\u4eba\u95f4\u6b63\u9053\u6597\u98ce\u971c\uff0c\u82b1\u81ea\u7efd\u653e\u6c34\u81ea\u6d41\u3002", "gender": "m", "mbtype": 0, "urank": 32, "mbrank": 0, "follow_me": false, "following": false, "followers_count": 460, "follow_count": 76, "cover_image_phone": "https://tva1.sinaimg.cn/crop.0.0.640.640.640/549d0121tw1egm1kjly3jj20hs0hsq4f.jpg", "avatar_hd": "https://ww3.sinaimg.cn/orj480/5574bb39jw1e8qgp5bmzyj2050050aa8.jpg", "like": false, "like_me": false, "badge": {"bind_taobao": 1, "unread_pool": 1, "unread_pool_ext": 1, "user_name_certificate": 1, "hongrenjie_2019": 1, "china_2019": 1, "dzwbqlx_2019": 1, "rrgyj_2019": 1, "ant_2019": 1, "hongbao_2020": 3, "pc_new": 6, "dailv_2020": 1, "school_2020": 1, "hongrenjie_2020": 1}}, "reposts_count": 0, "comments_count": 0, "attitudes_count": 0, "pending_approval_count": 0, "isLongText": false, "reward_exhibition_type": 0, "hide_flag": 0, "mlevel": 0, "darwin_tags": [], "mblogtype": 0, "more_info_type": 0, "cardid": "star_11247_common", "number_display_strategy": {"apply_scenario_flag": 3, "display_text_min_number": 1000000, "display_text": "100\u4e07+"}, "content_auth": 0, "repost_type": 1, "pic_num": 0, "alchemy_params": {"ug_red_envelope": false}, "raw_text": "\u8f6c\u53d1\u5fae\u535a", "bid": "ICdpjm811"}, {"visible": {"type": 0, "list_id": 0}, "created_at": "Tue Apr 07 14:11:47 +0800 2020", "id": "4491078041877260", "mid": "4491078041877260", "can_edit": false, "show_additional_indication": 0, "text": "\u8f6c\u53d1\u5fae\u535a", "source": "HUAWEI Mate 20", "favorited": false, "pic_ids": [], "pic_types": "", "is_paid": false, "mblog_vip_type": 0, "user": {"id": 2312182247, "screen_name": "7\u6267\u7b14\u753b\u537f\u989c7", "profile_image_url": "https://tvax4.sinaimg.cn/crop.0.0.996.996.180/89d119e7ly8gf79qry6a4j20ro0ro3zj.jpg?KID=imgbed,tva&Expires=1619050514&ssig=hedrhpvKfE", "profile_url": "https://m.weibo.cn/u/2312182247?uid=2312182247", "statuses_count": 4124, "verified": false, "verified_type": -1, "close_blue_v": false, "description": "\u4eba\u751f\u5982\u9006\u65c5\uff0c\u6211\u4ea6\u662f\u8def\u4eba\uff01", "gender": "m", "mbtype": 0, "urank": 30, "mbrank": 0, "follow_me": false, "following": false, "followers_count": 240, "follow_count": 94, "cover_image_phone": "https://tva1.sinaimg.cn/crop.0.0.640.640.640/6cf8d7ebjw1ehfr4xa8psj20hs0hsgpg.jpg", "avatar_hd": "https://wx4.sinaimg.cn/orj480/89d119e7ly8gf79qry6a4j20ro0ro3zj.jpg", "like": false, "like_me": false, "badge": {"bind_taobao": 1, "unread_pool": 1, "uefa_euro_2016": 1, "unread_pool_ext": 1, "user_name_certificate": 1, "hongbao_2020": 2, "hongbaofeijika_2021": 1}}, "reposts_count": 0, "comments_count": 0, "attitudes_count": 0, "pending_approval_count": 0, "isLongText": false, "reward_exhibition_type": 0, "hide_flag": 0, "mlevel": 0, "darwin_tags": [], "mblogtype": 0, "more_info_type": 0, "number_display_strategy": {"apply_scenario_flag": 3, "display_text_min_number": 1000000, "display_text": "100\u4e07+"}, "content_auth": 0, "repost_type": 1, "pic_num": 0, "alchemy_params": {"ug_red_envelope": false}, "raw_text": "\u8f6c\u53d1\u5fae\u535a", "bid": "ICdm47Smo"}, {"visible": {"type": 0, "list_id": 0}, "created_at": "Mon Apr 06 23:01:19 +0800 2020", "id": "4490848915580002", "mid": "4490848915580002", "can_edit": false, "show_additional_indication": 0, "text": "\u672b\u4ee3\u603b\u7edf\u5ddd\u666e\u8868\u793a:\uff1a\u6ca1\u6709\u4eba\u6bd4\u6211\u66f4\u4e86\u89e3\u6d41\u611f\u4e86\u3002", "source": "HUAWEI G9 \u9752\u6625\u7248", "favorited": false, "pic_ids": [], "pic_types": "", "is_paid": false, "mblog_vip_type": 0, "user": {"id": 3100378922, "screen_name": "\u7ea2\u80a5\u7eff\u7626\u4e4b\u7092\u80a1\u517b\u5bb6", "profile_image_url": "https://tvax3.sinaimg.cn/crop.0.0.996.996.180/b8cc072aly8gpq8pbiuefj20ro0roter.jpg?KID=imgbed,tva&Expires=1619050514&ssig=JZfroZd0Tw", "profile_url": "https://m.weibo.cn/u/3100378922?uid=3100378922", "statuses_count": 603, "verified": false, "verified_type": -1, "close_blue_v": false, "description": "\u80a1\u5e02\u64cd\u4f5c\u5b9e\u6218\u8bb0\u5f55\uff01", "gender": "m", "mbtype": 2, "urank": 9, "mbrank": 1, "follow_me": false, "following": false, "followers_count": 351, "follow_count": 825, "cover_image_phone": "https://tva1.sinaimg.cn/crop.0.0.640.640.640/549d0121tw1egm1kjly3jj20hs0hsq4f.jpg", "avatar_hd": "https://wx3.sinaimg.cn/orj480/b8cc072aly8gpq8pbiuefj20ro0roter.jpg", "like": false, "like_me": false, "badge": {"unread_pool": 1, "unread_pool_ext": 1, "user_name_certificate": 1, "hongrenjie_2019": 1, "china_2019": 1, "hongkong_2019": 1, "hongbao_2020": 2, "dailv_2020": 1}}, "reposts_count": 0, "comments_count": 0, "attitudes_count": 0, "pending_approval_count": 0, "isLongText": false, "reward_exhibition_type": 0, "hide_flag": 0, "mlevel": 0, "darwin_tags": [], "mblogtype": 0, "more_info_type": 0, "number_display_strategy": {"apply_scenario_flag": 3, "display_text_min_number": 1000000, "display_text": "100\u4e07+"}, "content_auth": 0, "repost_type": 4, "pic_num": 0, "alchemy_params": {"ug_red_envelope": false}, "raw_text": "\u672b\u4ee3\u603b\u7edf\u5ddd\u666e\u8868\u793a:\uff1a\u6ca1\u6709\u4eba\u6bd4\u6211\u66f4\u4e86\u89e3\u6d41\u611f\u4e86\u3002", "bid": "IC7ovnpC2"}, {"visible": {"type": 0, "list_id": 0}, "created_at": "Mon Apr 06 20:37:00 +0800 2020", "id": "4490812593697805", "mid": "4490812593697805", "can_edit": false, "show_additional_indication": 0, "text": "\u8f6c\u53d1\u5fae\u535a", "source": "iPhone\u5ba2\u6237\u7aef", "favorited": false, "pic_ids": [], "pic_types": "", "is_paid": false, "mblog_vip_type": 0, "user": {"id": 6468172123, "screen_name": "\u4f5b\u6027\u5c0f\u6563", "profile_image_url": "https://tvax2.sinaimg.cn/crop.0.0.132.132.180/0073JN2Ply8fnon6rwcqej303o03oq2s.jpg?KID=imgbed,tva&Expires=1619050514&ssig=rLu00jM%2Fi%2F", "profile_url": "https://m.weibo.cn/u/6468172123?uid=6468172123", "statuses_count": 1793, "verified": false, "verified_type": -1, "close_blue_v": false, "description": "", "gender": "m", "mbtype": 0, "urank": 0, "mbrank": 0, "follow_me": false, "following": false, "followers_count": 74, "follow_count": 18, "cover_image_phone": "https://tva1.sinaimg.cn/crop.0.0.640.640.640/549d0121tw1egm1kjly3jj20hs0hsq4f.jpg", "avatar_hd": "https://wx2.sinaimg.cn/orj480/0073JN2Ply8fnon6rwcqej303o03oq2s.jpg", "like": false, "like_me": false, "badge": {"user_name_certificate": 1, "hongbao_2020": 2, "feiyan_2020": 1}}, "reposts_count": 0, "comments_count": 0, "attitudes_count": 0, "pending_approval_count": 0, "isLongText": false, "reward_exhibition_type": 0, "hide_flag": 0, "mlevel": 0, "darwin_tags": [], "mblogtype": 0, "more_info_type": 0, "number_display_strategy": {"apply_scenario_flag": 3, "display_text_min_number": 1000000, "display_text": "100\u4e07+"}, "content_auth": 0, "repost_type": 1, "pic_num": 0, "alchemy_params": {"ug_red_envelope": false}, "raw_text": "\u8f6c\u53d1\u5fae\u535a", "bid": "IC6rVfvY1"}, {"visible": {"type": 0, "list_id": 0}, "created_at": "Mon Apr 06 20:30:45 +0800 2020", "id": "4490811024485565", "mid": "4490811024485565", "can_edit": false, "show_additional_indication": 0, "text": "\u8499\u795e\u53d1\u5a01666", "source": "\u8363\u80007X \u5168\u9762\u5c4f\u624b\u673a", "favorited": false, "pic_ids": [], "pic_types": "", "is_paid": false, "mblog_vip_type": 0, "user": {"id": 5130541235, "screen_name": "\u5185\u6025\u7684\u8717\u725b", "profile_image_url": "https://tvax4.sinaimg.cn/crop.0.0.664.664.180/005Bde95ly8gfnh4ob04gj30ig0igq5n.jpg?KID=imgbed,tva&Expires=1619050514&ssig=aeOO0%2B%2Bak6", "profile_url": "https://m.weibo.cn/u/5130541235?uid=5130541235", "statuses_count": 2291, "verified": false, "verified_type": -1, "close_blue_v": false, "description": "", "gender": "m", "mbtype": 0, "urank": 9, "mbrank": 0, "follow_me": false, "following": false, "followers_count": 189, "follow_count": 126, "cover_image_phone": "https://tva1.sinaimg.cn/crop.0.0.640.640.640/549d0121tw1egm1kjly3jj20hs0hsq4f.jpg", "avatar_hd": "https://wx4.sinaimg.cn/orj480/005Bde95ly8gfnh4ob04gj30ig0igq5n.jpg", "like": false, "like_me": false, "badge": {"bind_taobao": 1, "unread_pool": 1, "user_name_certificate": 1, "hongrenjie_2019": 1, "rrgyj_2019": 1, "hongbao_2020": 2, "weibozhiye_2020": 1, "hongbaofeifuniu_2021": 1, "hongbaofeijika_2021": 1}}, "reposts_count": 0, "comments_count": 0, "attitudes_count": 0, "pending_approval_count": 0, "isLongText": false, "reward_exhibition_type": 0, "hide_flag": 0, "mlevel": 0, "darwin_tags": [], "mblogtype": 0, "more_info_type": 0, "number_display_strategy": {"apply_scenario_flag": 3, "display_text_min_number": 1000000, "display_text": "100\u4e07+"}, "content_auth": 0, "repost_type": 4, "pic_num": 0, "alchemy_params": {"ug_red_envelope": false}, "raw_text": "\u8499\u795e\u53d1\u5a01666", "bid": "IC6poiOTP"}, {"visible": {"type": 0, "list_id": 0}, "created_at": "Mon Apr 06 20:29:18 +0800 2020", "id": "4490810654984251", "mid": "4490810654984251", "can_edit": false, "show_additional_indication": 0, "text": "\u8f49\u767c\u5fae\u535a", "source": "Android", "favorited": false, "pic_ids": [], "pic_types": "", "is_paid": false, "mblog_vip_type": 0, "user": {"id": 6243398535, "screen_name": "Alex_0613", "profile_image_url": "https://tvax2.sinaimg.cn/crop.0.0.1008.1008.180/006OwFanly8gfv6og6ff1j30s00s0gqe.jpg?KID=imgbed,tva&Expires=1619050514&ssig=nT%2BbtTAdDk", "profile_url": "https://m.weibo.cn/u/6243398535?uid=6243398535", "statuses_count": 4119, "verified": false, "verified_type": -1, "close_blue_v": false, "description": "\u4ed6\u5f37\u7531\u4ed6\u5f37\uff0c\u6e05\u98a8\u62c2\u5c71\u5d17\uff1b\u4ed6\u6a6b\u7531\u4ed6\u6a6b\uff0c\u660e\u6708\u7167\u5927\u6c5f\u3002", "gender": "m", "mbtype": 2, "urank": 9, "mbrank": 4, "follow_me": false, "following": false, "followers_count": 239, "follow_count": 108, "cover_image_phone": "https://tva1.sinaimg.cn/crop.0.0.640.640.640/9d44112bjw1f1xl1c10tuj20hs0hs0tw.jpg", "avatar_hd": "https://wx2.sinaimg.cn/orj480/006OwFanly8gfv6og6ff1j30s00s0gqe.jpg", "like": false, "like_me": false, "badge": {"bind_taobao": 1, "super_star_2017": 1, "panda": 1, "user_name_certificate": 1, "worldcup_2018": 34, "asiad_2018": 1, "qixi_2018": 1, "hongrenjie_2019": 1, "dailv_2019": 1, "china_2019": 1, "hongkong_2019": 1, "rrgyj_2019": 1, "wbzy_2019": 1, "hongbao_2020": 2, "feiyan_2020": 1, "daka_2020": 1, "vpick_2020": 1, "hongbaofeifuniu_2021": 2, "hongbaofeijika_2021": 1}}, "reposts_count": 0, "comments_count": 0, "attitudes_count": 0, "pending_approval_count": 0, "isLongText": false, "reward_exhibition_type": 0, "hide_flag": 0, "mlevel": 0, "darwin_tags": [], "mblogtype": 0, "more_info_type": 0, "cardid": "star_112471825267", "number_display_strategy": {"apply_scenario_flag": 3, "display_text_min_number": 1000000, "display_text": "100\u4e07+"}, "content_auth": 0, "repost_type": 1, "pic_num": 0, "alchemy_params": {"ug_red_envelope": false}, "raw_text": "\u8f49\u767c\u5fae\u535a", "bid": "IC6oNkUD9"}, {"visible": {"type": 0, "list_id": 0}, "created_at": "Mon Apr 06 20:29:15 +0800 2020", "id": "4490810647257524", "mid": "4490810647257524", "can_edit": false, "show_additional_indication": 0, "text": "<span class=\"url-icon\"><img alt=[good] src=\"https://h5.sinaimg.cn/m/emoticon/icon/others/h_good-0c51afc69c.png\" style=\"width:1em; height:1em;\" /></span>", "source": "Android", "favorited": false, "pic_ids": [], "pic_types": "", "is_paid": false, "mblog_vip_type": 0, "user": {"id": 6243398535, "screen_name": "Alex_0613", "profile_image_url": "https://tvax2.sinaimg.cn/crop.0.0.1008.1008.180/006OwFanly8gfv6og6ff1j30s00s0gqe.jpg?KID=imgbed,tva&Expires=1619050516&ssig=QNrEupPtmf", "profile_url": "https://m.weibo.cn/u/6243398535?uid=6243398535", "statuses_count": 4119, "verified": false, "verified_type": -1, "close_blue_v": false, "description": "\u4ed6\u5f37\u7531\u4ed6\u5f37\uff0c\u6e05\u98a8\u62c2\u5c71\u5d17\uff1b\u4ed6\u6a6b\u7531\u4ed6\u6a6b\uff0c\u660e\u6708\u7167\u5927\u6c5f\u3002", "gender": "m", "mbtype": 2, "urank": 9, "mbrank": 4, "follow_me": false, "following": false, "followers_count": 239, "follow_count": 108, "cover_image_phone": "https://tva1.sinaimg.cn/crop.0.0.640.640.640/9d44112bjw1f1xl1c10tuj20hs0hs0tw.jpg", "avatar_hd": "https://wx2.sinaimg.cn/orj480/006OwFanly8gfv6og6ff1j30s00s0gqe.jpg", "like": false, "like_me": false, "badge": {"bind_taobao": 1, "super_star_2017": 1, "panda": 1, "user_name_certificate": 1, "worldcup_2018": 34, "asiad_2018": 1, "qixi_2018": 1, "hongrenjie_2019": 1, "dailv_2019": 1, "china_2019": 1, "hongkong_2019": 1, "rrgyj_2019": 1, "wbzy_2019": 1, "hongbao_2020": 2, "feiyan_2020": 1, "daka_2020": 1, "vpick_2020": 1, "hongbaofeifuniu_2021": 2, "hongbaofeijika_2021": 1}}, "reposts_count": 0, "comments_count": 0, "attitudes_count": 0, "pending_approval_count": 0, "isLongText": false, "reward_exhibition_type": 0, "hide_flag": 0, "mlevel": 0, "darwin_tags": [], "mblogtype": 0, "more_info_type": 0, "cardid": "star_112471825267", "number_display_strategy": {"apply_scenario_flag": 3, "display_text_min_number": 1000000, "display_text": "100\u4e07+"}, "content_auth": 0, "repost_type": 4, "pic_num": 0, "alchemy_params": {"ug_red_envelope": false}, "raw_text": "[good]", "bid": "IC6oMus0Q"}, {"visible": {"type": 0, "list_id": 0}, "created_at": "Mon Apr 06 18:14:52 +0800 2020", "id": "4490776828688032", "mid": "4490776828688032", "can_edit": false, "show_additional_indication": 0, "text": "\u8f6c\u53d1\u5fae\u535a", "source": "nova4\u81ea\u62cd\u6781\u70b9\u5168\u9762\u5c4f", "favorited": false, "pic_ids": [], "pic_types": "", "is_paid": false, "mblog_vip_type": 0, "user": {"id": 6501939893, "screen_name": "\u9ec4\u91d1\u9992\u9992", "profile_image_url": "https://tvax1.sinaimg.cn/crop.0.0.996.996.180/00761tAhly8g97og05mv9j30ro0ron3d.jpg?KID=imgbed,tva&Expires=1619050516&ssig=3ku0UNIYpZ", "profile_url": "https://m.weibo.cn/u/6501939893?uid=6501939893", "statuses_count": 440, "verified": false, "verified_type": -1, "close_blue_v": false, "description": "\u559c\u6b22\u5206\u4eab\u6709\u8da3\u7684\u81ea\u5df1\uff0c\u751f\u6d3b\u548c\u6709\u8da3\u7684\u7075\u9b42", "gender": "f", "mbtype": 0, "urank": 4, "mbrank": 0, "follow_me": false, "following": false, "followers_count": 83, "follow_count": 400, "cover_image_phone": "https://tva1.sinaimg.cn/crop.0.0.640.640.640/549d0121tw1egm1kjly3jj20hs0hsq4f.jpg", "avatar_hd": "https://wx1.sinaimg.cn/orj480/00761tAhly8g97og05mv9j30ro0ron3d.jpg", "like": false, "like_me": false, "badge": {"dzwbqlx_2019": 1, "hongbao_2020": 2, "feiyan_2020": 1, "hongbaofeifuniu_2021": 1}}, "reposts_count": 0, "comments_count": 0, "attitudes_count": 0, "pending_approval_count": 0, "isLongText": false, "reward_exhibition_type": 0, "hide_flag": 0, "mlevel": 0, "darwin_tags": [], "mblogtype": 0, "more_info_type": 0, "cardid": "star_1218", "number_display_strategy": {"apply_scenario_flag": 3, "display_text_min_number": 1000000, "display_text": "100\u4e07+"}, "content_auth": 0, "repost_type": 1, "pic_num": 0, "alchemy_params": {"ug_red_envelope": false}, "raw_text": "\u8f6c\u53d1\u5fae\u535a", "bid": "IC5weAs9y"}, {"visible": {"type": 0, "list_id": 0}, "created_at": "Mon Apr 06 18:11:56 +0800 2020", "id": "4490776085944560", "mid": "4490776085944560", "can_edit": false, "show_additional_indication": 0, "text": "Repost", "source": "Samsung Galaxy S8+", "favorited": false, "pic_ids": [], "pic_types": "", "is_paid": false, "mblog_vip_type": 0, "user": {"id": 2978043530, "screen_name": "Jamin-T", "profile_image_url": "https://tva2.sinaimg.cn/crop.0.102.612.612.180/b181568ajw8ed1xuzefofj20h00moab1.jpg?KID=imgbed,tva&Expires=1619050516&ssig=1cyoZiQBQc", "profile_url": "https://m.weibo.cn/u/2978043530?uid=2978043530", "statuses_count": 541, "verified": false, "verified_type": -1, "close_blue_v": false, "description": "\u597d\u60f3\u6253\u7f51\u7403\u2026", "gender": "m", "mbtype": 0, "urank": 14, "mbrank": 0, "follow_me": false, "following": false, "followers_count": 246, "follow_count": 1169, "cover_image_phone": "https://tva1.sinaimg.cn/crop.0.0.640.640.640/549d0121tw1egm1kjly3jj20hs0hsq4f.jpg", "avatar_hd": "https://ww2.sinaimg.cn/orj480/b181568ajw8ed1xuzefofj20h00moab1.jpg", "like": false, "like_me": false, "badge": {"user_name_certificate": 1, "super_star_2018": 1, "worldcup_2018": 34, "lol_s8": 1, "hongbaofei_2019": 1, "hongrenjie_2019": 1, "china_2019": 1, "hongkong_2019": 1, "hongbao_2020": 2, "feiyan_2020": 1, "graduation_2020": 1, "dailv_2020": 1, "school_2020": 1}}, "reposts_count": 0, "comments_count": 0, "attitudes_count": 0, "pending_approval_count": 0, "isLongText": false, "reward_exhibition_type": 0, "hide_flag": 0, "mlevel": 0, "darwin_tags": [], "mblogtype": 0, "more_info_type": 0, "number_display_strategy": {"apply_scenario_flag": 3, "display_text_min_number": 1000000, "display_text": "100\u4e07+"}, "content_auth": 0, "repost_type": 1, "pic_num": 0, "alchemy_params": {"ug_red_envelope": false}, "raw_text": "Repost", "bid": "IC5v2oWs0"}, {"visible": {"type": 0, "list_id": 0}, "created_at": "Mon Apr 06 17:44:46 +0800 2020", "id": "4490769253247188", "mid": "4490769253247188", "can_edit": false, "show_additional_indication": 0, "text": "\u8f6c\u53d1\u5fae\u535a", "source": "iPhone\u5ba2\u6237\u7aef", "favorited": false, "pic_ids": [], "pic_types": "", "is_paid": false, "mblog_vip_type": 0, "user": {"id": 6527957211, "screen_name": "Z\u9485\u9502", "profile_image_url": "https://tvax3.sinaimg.cn/crop.0.0.512.512.180/0077MDSrly8fzenhzr5hfj30e80e8dg7.jpg?KID=imgbed,tva&Expires=1619050516&ssig=38pe%2F6vMAr", "profile_url": "https://m.weibo.cn/u/6527957211?uid=6527957211", "statuses_count": 263, "verified": false, "verified_type": -1, "close_blue_v": false, "description": "\u5403\u74dc\u7fa4\u4f17", "gender": "m", "mbtype": 2, "urank": 9, "mbrank": 1, "follow_me": false, "following": false, "followers_count": 36, "follow_count": 142, "cover_image_phone": "https://tva1.sinaimg.cn/crop.0.0.640.640.640/549d0121tw1egm1kjly3jj20hs0hsq4f.jpg", "avatar_hd": "https://wx3.sinaimg.cn/orj480/0077MDSrly8fzenhzr5hfj30e80e8dg7.jpg", "like": false, "like_me": false, "badge": {"bind_taobao": 1, "panda": 1, "user_name_certificate": 1, "wbzy_2018": 1, "hongbaofei_2019": 1, "hongbao_2020": 2}}, "reposts_count": 0, "comments_count": 0, "attitudes_count": 0, "pending_approval_count": 0, "isLongText": false, "reward_exhibition_type": 0, "hide_flag": 0, "mlevel": 0, "darwin_tags": [], "mblogtype": 0, "more_info_type": 0, "number_display_strategy": {"apply_scenario_flag": 3, "display_text_min_number": 1000000, "display_text": "100\u4e07+"}, "content_auth": 0, "repost_type": 1, "pic_num": 0, "alchemy_params": {"ug_red_envelope": false}, "raw_text": "\u8f6c\u53d1\u5fae\u535a", "bid": "IC5k1dCK0"}, {"visible": {"type": 0, "list_id": 0}, "created_at": "Mon Apr 06 17:40:08 +0800 2020", "id": "4490768087305423", "mid": "4490768087305423", "can_edit": false, "show_additional_indication": 0, "text": "\ud83d\ude4f\ud83d\ude4f\ud83d\ude4f", "source": "iPhone\u5ba2\u6237\u7aef", "favorited": false, "pic_ids": [], "pic_types": "", "is_paid": false, "mblog_vip_type": 0, "user": {"id": 5426716066, "screen_name": "\u53e4\u591a\u591a-G", "profile_image_url": "https://tvax4.sinaimg.cn/crop.0.0.1125.1125.180/005VfWKuly8fx451fvunvj30v90v940c.jpg?KID=imgbed,tva&Expires=1619050516&ssig=sn6rlUT2AD", "profile_url": "https://m.weibo.cn/u/5426716066?uid=5426716066", "statuses_count": 1150, "verified": false, "verified_type": -1, "close_blue_v": false, "description": "", "gender": "m", "mbtype": 0, "urank": 9, "mbrank": 0, "follow_me": false, "following": false, "followers_count": 235, "follow_count": 235, "cover_image_phone": "https://tva1.sinaimg.cn/crop.0.0.640.640.640/549d0121tw1egm1kjly3jj20hs0hsq4f.jpg", "avatar_hd": "https://wx4.sinaimg.cn/orj480/005VfWKuly8fx451fvunvj30v90v940c.jpg", "like": false, "like_me": false, "badge": {"bind_taobao": 1, "unread_pool": 1, "unread_pool_ext": 1, "user_name_certificate": 1, "worldcup_2018": 34, "hongrenjie_2019": 1, "hongbao_2020": 2, "feiyan_2020": 1, "hongbaofeijika_2021": 1}}, "reposts_count": 0, "comments_count": 0, "attitudes_count": 0, "pending_approval_count": 0, "isLongText": false, "reward_exhibition_type": 0, "hide_flag": 0, "mlevel": 0, "darwin_tags": [], "mblogtype": 0, "more_info_type": 0, "number_display_strategy": {"apply_scenario_flag": 3, "display_text_min_number": 1000000, "display_text": "100\u4e07+"}, "content_auth": 0, "repost_type": 4, "pic_num": 0, "alchemy_params": {"ug_red_envelope": false}, "raw_text": "\ud83d\ude4f\ud83d\ude4f\ud83d\ude4f", "bid": "IC5i8uEtp"}, {"visible": {"type": 0, "list_id": 0}, "created_at": "Mon Apr 06 17:14:33 +0800 2020", "id": "4490761644799872", "mid": "4490761644799872", "can_edit": false, "show_additional_indication": 0, "text": "\u8f6c\u53d1\u5fae\u535a", "source": "\u52aa\u6bd4\u4e9aX \u62a4\u773c\u53cc\u5c4f", "favorited": false, "pic_ids": [], "pic_types": "", "is_paid": false, "mblog_vip_type": 0, "user": {"id": 6220706875, "screen_name": "\u9171\u6ce5\u541blll", "profile_image_url": "https://tvax2.sinaimg.cn/crop.0.0.996.996.180/006MZs1Rly8gk8pc9way9j30ro0rogmf.jpg?KID=imgbed,tva&Expires=1619050516&ssig=MVQwEBXkat", "profile_url": "https://m.weibo.cn/u/6220706875?uid=6220706875", "statuses_count": 162, "verified": false, "verified_type": -1, "close_blue_v": false, "description": "", "gender": "f", "mbtype": 0, "urank": 4, "mbrank": 0, "follow_me": false, "following": false, "followers_count": 9, "follow_count": 198, "cover_image_phone": "https://tva1.sinaimg.cn/crop.0.0.640.640.640/549d0121tw1egm1kjly3jj20hs0hsq4f.jpg", "avatar_hd": "https://wx2.sinaimg.cn/orj480/006MZs1Rly8gk8pc9way9j30ro0rogmf.jpg", "like": false, "like_me": false, "badge": {"user_name_certificate": 1, "suishoupai_2019": 5, "china_2019": 1, "hongbao_2020": 2, "dailv_2020": 1, "hongbaofeijika_2021": 1}}, "reposts_count": 0, "comments_count": 0, "attitudes_count": 0, "pending_approval_count": 0, "isLongText": false, "reward_exhibition_type": 0, "hide_flag": 0, "mlevel": 0, "darwin_tags": [], "mblogtype": 0, "more_info_type": 0, "number_display_strategy": {"apply_scenario_flag": 3, "display_text_min_number": 1000000, "display_text": "100\u4e07+"}, "content_auth": 0, "repost_type": 1, "pic_num": 0, "alchemy_params": {"ug_red_envelope": false}, "raw_text": "\u8f6c\u53d1\u5fae\u535a", "bid": "IC57Kk8Fi"}, {"visible": {"type": 0, "list_id": 0}, "created_at": "Mon Apr 06 17:09:17 +0800 2020", "id": "4490760319606787", "mid": "4490760319606787", "can_edit": false, "show_additional_indication": 0, "text": "\u8f6c\u53d1\u5fae\u535a", "source": "\u5c0f\u7c738\u5468\u5e74\u65d7\u8230\u624b\u673a", "favorited": false, "pic_ids": [], "pic_types": "", "is_paid": false, "mblog_vip_type": 0, "user": {"id": 5648621815, "screen_name": "\u6211\u5c31\u662f\u674f\u5b50", "profile_image_url": "https://tvax2.sinaimg.cn/crop.0.0.1002.1002.180/006ah2ztly8flske865pxj30ru0ru411.jpg?KID=imgbed,tva&Expires=1619050516&ssig=B4ejXOA6FU", "profile_url": "https://m.weibo.cn/u/5648621815?uid=5648621815", "statuses_count": 5530, "verified": false, "verified_type": -1, "close_blue_v": false, "description": "\u8f7b\u5c0f\u8bf4\u4f5c\u5bb6\uff0c\u5355\u8eab\u72d7\uff0c\u5c0f\u7c89\u7ea2\u3002\u8f7b\u5c0f\u8bf4\u300a\u5929\u624d\u90fd\u662f\u7f8e\u5c11\u5973\u300b\u8fde\u8f7d\u4e2d", "gender": "m", "mbtype": 0, "urank": 4, "mbrank": 0, "follow_me": false, "following": false, "followers_count": 85, "follow_count": 51, "cover_image_phone": "https://tva1.sinaimg.cn/crop.0.0.640.640.640/549d0121tw1egm1kjly3jj20hs0hsq4f.jpg", "avatar_hd": "https://wx2.sinaimg.cn/orj480/006ah2ztly8flske865pxj30ru0ru411.jpg", "like": false, "like_me": false, "badge": {"unread_pool": 1, "unread_pool_ext": 1, "super_star_2017": 1, "user_name_certificate": 1, "hongbao_2020": 2, "feiyan_2020": 1, "kangyi_2020": 1, "hongbaofeifuniu_2021": 1, "hongbaofeijika_2021": 1}}, "reposts_count": 0, "comments_count": 0, "attitudes_count": 0, "pending_approval_count": 0, "isLongText": false, "reward_exhibition_type": 0, "hide_flag": 0, "mlevel": 0, "darwin_tags": [], "mblogtype": 0, "more_info_type": 0, "number_display_strategy": {"apply_scenario_flag": 3, "display_text_min_number": 1000000, "display_text": "100\u4e07+"}, "content_auth": 0, "repost_type": 1, "pic_num": 0, "alchemy_params": {"ug_red_envelope": false}, "raw_text": "\u8f6c\u53d1\u5fae\u535a", "bid": "IC55BEjab"}, {"visible": {"type": 0, "list_id": 0}, "created_at": "Mon Apr 06 16:58:06 +0800 2020", "id": "4490757505625162", "mid": "4490757505625162", "can_edit": false, "show_additional_indication": 0, "text": "\u8f6c\u53d1\u5fae\u535a", "source": "iPhone\u5ba2\u6237\u7aef", "favorited": false, "pic_ids": [], "pic_types": "", "is_paid": false, "mblog_vip_type": 0, "user": {"id": 6442434427, "screen_name": "\u4e0d\u53d8\u662f\u7737\u604b\u7684\u7737\u604b", "profile_image_url": "https://tvax1.sinaimg.cn/crop.0.0.996.996.180/0071ZNuHly8frht9irc4dj30ro0rodl2.jpg?KID=imgbed,tva&Expires=1619050516&ssig=zFRDqIygO0", "profile_url": "https://m.weibo.cn/u/6442434427?uid=6442434427", "statuses_count": 3291, "verified": false, "verified_type": -1, "close_blue_v": false, "description": "\ud83c\udf38 \u6625\u3001\u7f8e\u3057\u3044\u685c \u3002\u79cb\u3001\u6df1\u60c5\u306e\u8449\u3002\ud83c\udf41", "gender": "m", "mbtype": 0, "urank": 9, "mbrank": 0, "follow_me": false, "following": false, "followers_count": 197, "follow_count": 416, "cover_image_phone": "https://tva2.sinaimg.cn/crop.0.0.640.640.640/a1d3feabjw1ecatccqmkbj20hs0hsmzb.jpg", "avatar_hd": "https://wx1.sinaimg.cn/orj480/0071ZNuHly8frht9irc4dj30ro0rodl2.jpg", "like": false, "like_me": false, "badge": {"panda": 1, "user_name_certificate": 1, "wenda_v2": 1, "china_2019": 1, "hongkong_2019": 1, "hongbao_2020": 2}}, "reposts_count": 0, "comments_count": 0, "attitudes_count": 0, "pending_approval_count": 0, "isLongText": false, "reward_exhibition_type": 0, "hide_flag": 0, "mlevel": 0, "darwin_tags": [], "mblogtype": 0, "more_info_type": 0, "cardid": "star_229", "number_display_strategy": {"apply_scenario_flag": 3, "display_text_min_number": 1000000, "display_text": "100\u4e07+"}, "content_auth": 0, "repost_type": 1, "pic_num": 0, "alchemy_params": {"ug_red_envelope": false}, "raw_text": "\u8f6c\u53d1\u5fae\u535a", "bid": "IC514nBmq"}, {"visible": {"type": 0, "list_id": 0}, "created_at": "Mon Apr 06 16:49:55 +0800 2020", "id": "4490755445965555", "mid": "4490755445965555", "can_edit": false, "show_additional_indication": 0, "text": "\u8f6c\u53d1\u5fae\u535a", "source": "vivo X27 4800\u4e07\u4e09\u6444", "favorited": false, "pic_ids": [], "pic_types": "", "is_paid": false, "mblog_vip_type": 0, "user": {"id": 1927623567, "screen_name": "\u5e03\u8c371230", "profile_image_url": "https://tvax4.sinaimg.cn/crop.0.0.996.996.180/72e5338fly8g6s46f1p2yj20ro0romzh.jpg?KID=imgbed,tva&Expires=1619050516&ssig=UNKJwz%2B3Nn", "profile_url": "https://m.weibo.cn/u/1927623567?uid=1927623567", "statuses_count": 26705, "verified": false, "verified_type": 220, "close_blue_v": false, "description": "Choose your life or someone else will\uff01", "gender": "f", "mbtype": 0, "urank": 37, "mbrank": 0, "follow_me": false, "following": false, "followers_count": 1174, "follow_count": 3479, "cover_image_phone": "https://tva4.sinaimg.cn/crop.0.0.640.640/68f96449jw1ergqu7ie1sj20hs0hsaek.jpg", "avatar_hd": "https://wx4.sinaimg.cn/orj480/72e5338fly8g6s46f1p2yj20ro0romzh.jpg", "like": false, "like_me": false, "badge": {"bind_taobao": 1, "unread_pool": 1, "unread_pool_ext": 1, "super_star_2017": 1, "travel_2017": 1, "panda": 1, "user_name_certificate": 1, "wenchuan_10th": 1, "super_star_2018": 1, "worldcup_2018": 34, "dailv_2018": 2, "qixi_2018": 1, "double11_2018": 1, "wbzy_2018": 1, "hongbaofei_2019": 1, "hongrenjie_2019": 1, "china_2019": 1, "hongkong_2019": 1, "family_2019": 1, "shuang11_2019": 1, "starlight_2019": 1, "hongbao_2020": 3, "feiyan_2020": 1, "kangyi_2020": 1, "dailv_2020": 1, "school_2020": 1, "hongrenjie_2020": 1, "china_2020": 1, "zaolang_2020": 1, "hongbaofeifuniu_2021": 1, "hongbaofeijika_2021": 1, "weibozhiyexianxia_2021": 1}}, "reposts_count": 0, "comments_count": 0, "attitudes_count": 0, "pending_approval_count": 0, "isLongText": false, "reward_exhibition_type": 0, "hide_flag": 0, "mlevel": 0, "darwin_tags": [], "mblogtype": 0, "more_info_type": 0, "cardid": "star_11247_common", "number_display_strategy": {"apply_scenario_flag": 3, "display_text_min_number": 1000000, "display_text": "100\u4e07+"}, "content_auth": 0, "repost_type": 1, "pic_num": 0, "alchemy_params": {"ug_red_envelope": false}, "raw_text": "\u8f6c\u53d1\u5fae\u535a", "bid": "IC4XKp1UD"}, {"visible": {"type": 0, "list_id": 0}, "created_at": "Mon Apr 06 16:24:19 +0800 2020", "id": "4490749003889461", "mid": "4490749003889461", "can_edit": false, "show_additional_indication": 0, "text": "\u8f6c\u53d1\u5fae\u535a", "source": "\u5c0f\u7c73MIX 3 \u6ed1\u76d6\u5168\u9762\u5c4f", "favorited": false, "pic_ids": [], "pic_types": "", "is_paid": false, "mblog_vip_type": 0, "user": {"id": 3203674755, "screen_name": "steven\u4e0d\u53ca\u68a6", "profile_image_url": "https://tva2.sinaimg.cn/crop.0.0.750.750.180/bef43283jw8ew6xxsjtrwj20ku0ku758.jpg?KID=imgbed,tva&Expires=1619050518&ssig=%2F3dCrJdvbE", "profile_url": "https://m.weibo.cn/u/3203674755?uid=3203674755", "statuses_count": 14495, "verified": false, "verified_type": -1, "close_blue_v": false, "description": "", "gender": "m", "mbtype": 2, "urank": 14, "mbrank": 1, "follow_me": false, "following": false, "followers_count": 305, "follow_count": 2077, "cover_image_phone": "https://tva1.sinaimg.cn/crop.0.0.640.640.640/549d0121tw1egm1kjly3jj20hs0hsq4f.jpg", "avatar_hd": "https://ww2.sinaimg.cn/orj480/bef43283jw8ew6xxsjtrwj20ku0ku758.jpg", "like": false, "like_me": false, "badge": {"unread_pool": 1, "unread_pool_ext": 1, "dzwbqlx_2016": 1, "super_star_2017": 1, "user_name_certificate": 1, "memorial_2018": 1, "suishoupai_2019": 1, "wusi_2019": 1, "china_2019": 1, "hongkong_2019": 1, "shuang11_2019": 1, "macao_2019": 1, "china_2019_2": 1, "hongbao_2020": 2, "feiyan_2020": 1, "kangyi_2020": 1, "school_2020": 1, "hongbaofeijika_2021": 1}}, "reposts_count": 0, "comments_count": 0, "attitudes_count": 0, "pending_approval_count": 0, "isLongText": false, "reward_exhibition_type": 0, "hide_flag": 0, "mlevel": 0, "darwin_tags": [], "mblogtype": 0, "more_info_type": 0, "number_display_strategy": {"apply_scenario_flag": 3, "display_text_min_number": 1000000, "display_text": "100\u4e07+"}, "content_auth": 0, "repost_type": 1, "pic_num": 0, "alchemy_params": {"ug_red_envelope": false}, "raw_text": "\u8f6c\u53d1\u5fae\u535a", "bid": "IC4NmgjPf"}, {"visible": {"type": 0, "list_id": 0}, "created_at": "Mon Apr 06 16:04:15 +0800 2020", "id": "4490743957714464", "mid": "4490743957714464", "can_edit": false, "show_additional_indication": 0, "text": "\u8f6c\u53d1\u5fae\u535a", "source": "\u5c0f\u7c738\u5468\u5e74\u65d7\u8230\u624b\u673a", "favorited": false, "pic_ids": [], "pic_types": "", "is_paid": false, "mblog_vip_type": 0, "user": {"id": 6089782630, "screen_name": "\u5c0f\u5c0f\u5c0f\u5c0f\u5c0f\u4eba\u726998", "profile_image_url": "https://tva2.sinaimg.cn/crop.0.0.996.996.180/006E86Eujw8fbv2woxpg6j30ro0rpab6.jpg?KID=imgbed,tva&Expires=1619050518&ssig=IYSeHv%2Bhvz", "profile_url": "https://m.weibo.cn/u/6089782630?uid=6089782630", "statuses_count": 516, "verified": false, "verified_type": -1, "close_blue_v": false, "description": "to be a better man", "gender": "m", "mbtype": 0, "urank": 9, "mbrank": 0, "follow_me": false, "following": false, "followers_count": 216, "follow_count": 294, "cover_image_phone": "https://tva1.sinaimg.cn/crop.0.0.640.640.640/549d0121tw1egm1kjly3jj20hs0hsq4f.jpg", "avatar_hd": "https://ww2.sinaimg.cn/orj480/006E86Eujw8fbv2woxpg6j30ro0rpab6.jpg", "like": false, "like_me": false, "badge": {"bind_taobao": 1, "user_name_certificate": 1, "super_star_2018": 1, "worldcup_2018": 34, "kpl_2018": 1, "hongrenjie_2019": 1, "china_2019": 1, "hongkong_2019": 1, "hongbao_2020": 2, "feiyan_2020": 1}}, "reposts_count": 0, "comments_count": 0, "attitudes_count": 0, "pending_approval_count": 0, "isLongText": false, "reward_exhibition_type": 0, "hide_flag": 0, "mlevel": 0, "darwin_tags": [], "mblogtype": 0, "more_info_type": 0, "number_display_strategy": {"apply_scenario_flag": 3, "display_text_min_number": 1000000, "display_text": "100\u4e07+"}, "content_auth": 0, "repost_type": 1, "pic_num": 0, "alchemy_params": {"ug_red_envelope": false}, "raw_text": "\u8f6c\u53d1\u5fae\u535a", "bid": "IC4FdwmSQ"}, {"visible": {"type": 0, "list_id": 0}, "created_at": "Mon Apr 06 15:54:41 +0800 2020", "id": "4490741550110746", "mid": "4490741550110746", "can_edit": false, "show_additional_indication": 0, "text": "\u8f6c\u53d1\u5fae\u535a", "source": "vivo X27 4800\u4e07\u4e09\u6444", "favorited": false, "pic_ids": [], "pic_types": "", "is_paid": false, "mblog_vip_type": 0, "user": {"id": 6190912918, "screen_name": "uhhijhh", "profile_image_url": "https://tvax1.sinaimg.cn/crop.0.0.664.664.180/006KYrgaly8g6aoc9lkbkj30ig0ig3zd.jpg?KID=imgbed,tva&Expires=1619050518&ssig=Pc3x0xJdCh", "profile_url": "https://m.weibo.cn/u/6190912918?uid=6190912918", "statuses_count": 2, "verified": false, "verified_type": -1, "close_blue_v": false, "description": "", "gender": "m", "mbtype": 2, "urank": 4, "mbrank": 1, "follow_me": false, "following": false, "followers_count": 15, "follow_count": 23, "cover_image_phone": "https://tva1.sinaimg.cn/crop.0.0.640.640.640/549d0121tw1egm1kjly3jj20hs0hsq4f.jpg", "avatar_hd": "https://wx1.sinaimg.cn/orj480/006KYrgaly8g6aoc9lkbkj30ig0ig3zd.jpg", "like": false, "like_me": false, "badge": {"user_name_certificate": 1, "gongjiri_2019": 1, "hongbao_2020": 2}}, "reposts_count": 0, "comments_count": 0, "attitudes_count": 0, "pending_approval_count": 0, "isLongText": false, "reward_exhibition_type": 0, "hide_flag": 0, "mlevel": 0, "darwin_tags": [], "mblogtype": 0, "more_info_type": 0, "number_display_strategy": {"apply_scenario_flag": 3, "display_text_min_number": 1000000, "display_text": "100\u4e07+"}, "content_auth": 0, "repost_type": 1, "pic_num": 0, "alchemy_params": {"ug_red_envelope": false}, "raw_text": "\u8f6c\u53d1\u5fae\u535a", "bid": "IC4Bl0sOe"}, {"visible": {"type": 0, "list_id": 0}, "created_at": "Mon Apr 06 15:42:37 +0800 2020", "id": "4490738508767116", "mid": "4490738508767116", "can_edit": false, "show_additional_indication": 0, "text": "\u8f6c\u53d1\u5fae\u535a", "source": "iPhone\u5ba2\u6237\u7aef", "favorited": false, "pic_ids": [], "pic_types": "", "is_paid": false, "mblog_vip_type": 0, "user": {"id": 2305632051, "screen_name": "\u6c34\u8fb9\u7f182012", "profile_image_url": "https://tvax3.sinaimg.cn/crop.0.0.1242.1242.180/896d2733ly8fx1v5hgwwsj20yi0yiju8.jpg?KID=imgbed,tva&Expires=1619050518&ssig=ziT%2F2JgzSj", "profile_url": "https://m.weibo.cn/u/2305632051?uid=2305632051", "statuses_count": 7379, "verified": false, "verified_type": -1, "close_blue_v": false, "description": "", "gender": "f", "mbtype": 0, "urank": 9, "mbrank": 0, "follow_me": false, "following": false, "followers_count": 83, "follow_count": 618, "cover_image_phone": "https://tva1.sinaimg.cn/crop.0.0.640.640.640/549d0121tw1egm1kjly3jj20hs0hsq4f.jpg", "avatar_hd": "https://wx3.sinaimg.cn/orj480/896d2733ly8fx1v5hgwwsj20yi0yiju8.jpg", "like": false, "like_me": false, "badge": {"bind_taobao": 1, "unread_pool": 1, "vip_activity2": 1, "unread_pool_ext": 1, "super_star_2017": 1, "user_name_certificate": 1, "dailv_2018": 4, "double11_2018": 1, "hongrenjie_2019": 1, "dzwbqlx_2019": 1, "hongbao_2020": 2, "feiyan_2020": 1}}, "reposts_count": 0, "comments_count": 0, "attitudes_count": 0, "pending_approval_count": 0, "isLongText": false, "reward_exhibition_type": 0, "hide_flag": 0, "mlevel": 0, "darwin_tags": [], "mblogtype": 0, "more_info_type": 0, "number_display_strategy": {"apply_scenario_flag": 3, "display_text_min_number": 1000000, "display_text": "100\u4e07+"}, "content_auth": 0, "repost_type": 1, "pic_num": 0, "alchemy_params": {"ug_red_envelope": false}, "raw_text": "\u8f6c\u53d1\u5fae\u535a", "bid": "IC4wqAMJ6"}, {"visible": {"type": 0, "list_id": 0}, "created_at": "Mon Apr 06 15:42:21 +0800 2020", "id": "4490738441902712", "mid": "4490738441902712", "can_edit": false, "show_additional_indication": 0, "text": "\u8f6c\u53d1\u5fae\u535a", "source": "\u8363\u80007 \u4e16\u754c\u6709\u70b9\u4e0d\u540c", "favorited": false, "pic_ids": [], "pic_types": "", "is_paid": false, "mblog_vip_type": 0, "user": {"id": 7314073883, "screen_name": "\u5e7f\u6210\u5b501372", "profile_image_url": "https://tvax1.sinaimg.cn/default/images/default_avatar_male_180.gif?KID=imgbed,tva&Expires=1619050518&ssig=UiAfVs%2FH5O", "profile_url": "https://m.weibo.cn/u/7314073883?uid=7314073883", "statuses_count": 585, "verified": false, "verified_type": -1, "close_blue_v": false, "description": "", "gender": "m", "mbtype": 0, "urank": 0, "mbrank": 0, "follow_me": false, "following": false, "followers_count": 126, "follow_count": 24, "cover_image_phone": "https://tva1.sinaimg.cn/crop.0.0.640.640.640/549d0121tw1egm1kjly3jj20hs0hsq4f.jpg", "avatar_hd": "https://ss1.sinaimg.cn/orj480/default_avatar_male_180&690", "like": false, "like_me": false, "badge": {"bind_taobao": 1, "user_name_certificate": 1, "wenda_v2": 1, "hongbao_2020": 2, "daka_2020": 1}}, "reposts_count": 0, "comments_count": 0, "attitudes_count": 0, "pending_approval_count": 0, "isLongText": false, "reward_exhibition_type": 0, "hide_flag": 0, "mlevel": 0, "darwin_tags": [], "mblogtype": 0, "more_info_type": 0, "number_display_strategy": {"apply_scenario_flag": 3, "display_text_min_number": 1000000, "display_text": "100\u4e07+"}, "content_auth": 0, "repost_type": 1, "pic_num": 0, "alchemy_params": {"ug_red_envelope": false}, "raw_text": "\u8f6c\u53d1\u5fae\u535a", "bid": "IC4wk7YYU"}, {"visible": {"type": 0, "list_id": 0}, "created_at": "Mon Apr 06 15:34:43 +0800 2020", "id": "4490736525445924", "mid": "4490736525445924", "can_edit": false, "show_additional_indication": 0, "text": "\u8f6c\u53d1\u5fae\u535a", "source": "Android\u5ba2\u6237\u7aef", "favorited": false, "pic_ids": [], "pic_types": "", "is_paid": false, "mblog_vip_type": 0, "user": {"id": 1573978642, "screen_name": "\u6167\u50e72010", "profile_image_url": "https://tvax3.sinaimg.cn/crop.0.0.664.664.180/5dd10212ly8fo8p2phxizj20ig0igglj.jpg?KID=imgbed,tva&Expires=1619050518&ssig=goZh9uUCUE", "profile_url": "https://m.weibo.cn/u/1573978642?uid=1573978642", "statuses_count": 5628, "verified": false, "verified_type": -1, "close_blue_v": false, "description": "\u5e73\u51e1\u7684\u611f\u52a8", "gender": "m", "mbtype": 0, "urank": 15, "mbrank": 0, "follow_me": false, "following": false, "followers_count": 965, "follow_count": 55, "cover_image_phone": "https://tva1.sinaimg.cn/crop.0.0.640.640.640/549d0121tw1egm1kjly3jj20hs0hsq4f.jpg", "avatar_hd": "https://wx3.sinaimg.cn/orj480/5dd10212ly8fo8p2phxizj20ig0igglj.jpg", "like": false, "like_me": false, "badge": {"anniversary": 1, "unread_pool": 1, "unread_pool_ext": 1, "panda": 1, "user_name_certificate": 1, "hongrenjie_2019": 1, "rrgyj_2019": 1, "hongbao_2020": 2, "hongrenjie_2020": 1, "weibozhiye_2020": 1, "hongbaofeijika_2021": 1}}, "reposts_count": 0, "comments_count": 0, "attitudes_count": 0, "pending_approval_count": 0, "isLongText": false, "reward_exhibition_type": 0, "hide_flag": 0, "mlevel": 0, "darwin_tags": [], "mblogtype": 0, "more_info_type": 0, "number_display_strategy": {"apply_scenario_flag": 3, "display_text_min_number": 1000000, "display_text": "100\u4e07+"}, "content_auth": 0, "repost_type": 1, "pic_num": 0, "alchemy_params": {"ug_red_envelope": false}, "raw_text": "\u8f6c\u53d1\u5fae\u535a", "bid": "IC4temQJu"}, {"visible": {"type": 0, "list_id": 0}, "created_at": "Mon Apr 06 15:33:34 +0800 2020", "id": "4490736231395735", "mid": "4490736231395735", "can_edit": false, "show_additional_indication": 0, "text": "\u8f6c\u53d1\u5fae\u535a", "source": "iPhone\u5ba2\u6237\u7aef", "favorited": false, "pic_ids": [], "pic_types": "", "is_paid": false, "mblog_vip_type": 0, "user": {"id": 3222308712, "screen_name": "\u9f99\u5b9dYGY", "profile_image_url": "https://tva2.sinaimg.cn/crop.0.0.512.512.180/c0108768jw8f4zt8dmtg5j20e80e8jrv.jpg?KID=imgbed,tva&Expires=1619050518&ssig=nemELK9lM1", "profile_url": "https://m.weibo.cn/u/3222308712?uid=3222308712", "statuses_count": 2374, "verified": false, "verified_type": -1, "close_blue_v": false, "description": "\u5065\u5eb7\uff0c\u5feb\u4e50\uff0c\u5e73\u5b89\uff01", "gender": "f", "mbtype": 0, "urank": 32, "mbrank": 0, "follow_me": false, "following": false, "followers_count": 158, "follow_count": 759, "cover_image_phone": "https://tva1.sinaimg.cn/crop.0.0.640.640.640/549d0121tw1egm1kjly3jj20hs0hsq4f.jpg", "avatar_hd": "https://ww2.sinaimg.cn/orj480/c0108768jw8f4zt8dmtg5j20e80e8jrv.jpg", "like": false, "like_me": false, "badge": {"bind_taobao": 1, "unread_pool": 1, "vip_activity2": 1, "unread_pool_ext": 1, "dzwbqlx_2016": 1, "user_name_certificate": 1, "hongbaofei_2019": 1, "hongrenjie_2019": 1, "china_2019": 1, "hongkong_2019": 1, "hongbao_2020": 2}}, "reposts_count": 0, "comments_count": 0, "attitudes_count": 0, "pending_approval_count": 0, "isLongText": false, "reward_exhibition_type": 0, "hide_flag": 0, "mlevel": 0, "darwin_tags": [], "mblogtype": 0, "more_info_type": 0, "number_display_strategy": {"apply_scenario_flag": 3, "display_text_min_number": 1000000, "display_text": "100\u4e07+"}, "content_auth": 0, "repost_type": 1, "pic_num": 0, "alchemy_params": {"ug_red_envelope": false}, "raw_text": "\u8f6c\u53d1\u5fae\u535a", "bid": "IC4sL5R5R"}, {"visible": {"type": 0, "list_id": 0}, "created_at": "Mon Apr 06 15:15:31 +0800 2020", "id": "4490731689804659", "mid": "4490731689804659", "can_edit": false, "show_additional_indication": 0, "text": "\u8f6c\u53d1\u5fae\u535a", "source": "HUAWEI P20", "favorited": false, "pic_ids": [], "pic_types": "", "is_paid": false, "mblog_vip_type": 0, "user": {"id": 2799636810, "screen_name": "\u6f2b\u7121\u908a\u969b\u9cf3\u821e\u4e5d\u5929", "profile_image_url": "https://tva2.sinaimg.cn/crop.0.0.180.180.180/a6df114ajw8fcedc4ioonj20500503yh.jpg?KID=imgbed,tva&Expires=1619050521&ssig=uz44VkjA0e", "profile_url": "https://m.weibo.cn/u/2799636810?uid=2799636810", "statuses_count": 8919, "verified": false, "verified_type": -1, "close_blue_v": false, "description": "\u6c34\u53ef\u8f09\u821f\u4ea6\u53ef\u8986\u821f\u653f\u4e4b\u6240\u8208\u3001\u5728\u6085\u6c11\u5fc3\uff0c\u653f\u6cbb\u6240\u5ee2\u3001\u5728\u9006\u6c11\u5fc3\u767e\u59d3\u8207\u4e4b\u5247\u8208\uff0c\u767e\u59d3\u975e\u4e4b\u5247\u5371\uff0c\u767e\u59d3\u6096\u4e4b\u5247\u4ea1! \u200b\u200b\u200b\u200b", "gender": "m", "mbtype": 0, "urank": 9, "mbrank": 0, "follow_me": false, "following": false, "followers_count": 145, "follow_count": 321, "cover_image_phone": "https://tva1.sinaimg.cn/crop.0.0.640.640.640/549d0121tw1egm1kjly3jj20hs0hsq4f.jpg", "avatar_hd": "https://ww2.sinaimg.cn/orj480/a6df114ajw8fcedc4ioonj20500503yh.jpg", "like": false, "like_me": false, "badge": {"user_name_certificate": 1, "china_2019": 1, "gongjiri_2019": 1, "macao_2019": 1, "china_2019_2": 1, "hongbao_2020": 2, "feiyan_2020": 1, "china_2020": 1, "lvzhilingyang_2021": 1}}, "reposts_count": 0, "comments_count": 0, "attitudes_count": 0, "pending_approval_count": 0, "isLongText": false, "reward_exhibition_type": 0, "hide_flag": 0, "mlevel": 0, "darwin_tags": [], "mblogtype": 0, "more_info_type": 0, "number_display_strategy": {"apply_scenario_flag": 3, "display_text_min_number": 1000000, "display_text": "100\u4e07+"}, "content_auth": 0, "repost_type": 1, "pic_num": 0, "alchemy_params": {"ug_red_envelope": false}, "raw_text": "\u8f6c\u53d1\u5fae\u535a", "bid": "IC4lqF8DF"}, {"visible": {"type": 0, "list_id": 0}, "created_at": "Mon Apr 06 15:05:31 +0800 2020", "id": "4490729177006464", "mid": "4490729177006464", "can_edit": false, "show_additional_indication": 0, "text": "\u8f6c\u53d1\u5fae\u535a", "source": "iPhone\u5ba2\u6237\u7aef", "favorited": false, "pic_ids": [], "pic_types": "", "is_paid": false, "mblog_vip_type": 0, "user": {"id": 6070496352, "screen_name": "\u6743\u5bb6\u5c0f\u5c41\u5b69\u513f\u5462", "profile_image_url": "https://tvax3.sinaimg.cn/crop.0.0.1080.1080.180/006CPbpuly8glz4euwfc5j30u00u0769.jpg?KID=imgbed,tva&Expires=1619050521&ssig=SnkffuA5%2Ff", "profile_url": "https://m.weibo.cn/u/6070496352?uid=6070496352", "statuses_count": 6264, "verified": false, "verified_type": -1, "close_blue_v": false, "description": "", "gender": "f", "mbtype": 0, "urank": 4, "mbrank": 0, "follow_me": false, "following": false, "followers_count": 111, "follow_count": 691, "cover_image_phone": "https://tva1.sinaimg.cn/crop.0.0.640.640.640/549d0121tw1egm1kjly3jj20hs0hsq4f.jpg", "avatar_hd": "https://wx3.sinaimg.cn/orj480/006CPbpuly8glz4euwfc5j30u00u0769.jpg", "like": false, "like_me": false, "badge": {"unread_pool": 1, "unread_pool_ext": 1, "user_name_certificate": 1, "super_star_2018": 1, "dailv_2018": 7, "national_day_2018": 1, "hongrenjie_2019": 1, "china_2019": 1, "hongkong_2019": 1, "dzwbqlx_2019": 1, "macao_2019": 1, "china_2019_2": 1, "hongbao_2020": 2, "feiyan_2020": 1, "china_2020": 1, "zjszgf_2020": 1, "hongbaofeifuniu_2021": 1, "weibozhiyexianxia_2021": 1}}, "reposts_count": 0, "comments_count": 0, "attitudes_count": 0, "pending_approval_count": 0, "isLongText": false, "reward_exhibition_type": 0, "hide_flag": 0, "mlevel": 0, "darwin_tags": [], "mblogtype": 0, "more_info_type": 0, "number_display_strategy": {"apply_scenario_flag": 3, "display_text_min_number": 1000000, "display_text": "100\u4e07+"}, "content_auth": 0, "repost_type": 1, "pic_num": 0, "alchemy_params": {"ug_red_envelope": false}, "raw_text": "\u8f6c\u53d1\u5fae\u535a", "bid": "IC4hntoHu"}, {"visible": {"type": 0, "list_id": 0}, "created_at": "Mon Apr 06 14:59:40 +0800 2020", "id": "4490727704791516", "mid": "4490727704791516", "can_edit": false, "show_additional_indication": 0, "text": "\u8f6c\u53d1\u5fae\u535a", "source": "iPhone\u5ba2\u6237\u7aef", "favorited": false, "pic_ids": [], "pic_types": "", "is_paid": false, "mblog_vip_type": 0, "user": {"id": 2305632051, "screen_name": "\u6c34\u8fb9\u7f182012", "profile_image_url": "https://tvax3.sinaimg.cn/crop.0.0.1242.1242.180/896d2733ly8fx1v5hgwwsj20yi0yiju8.jpg?KID=imgbed,tva&Expires=1619050521&ssig=KFTgUC8e6k", "profile_url": "https://m.weibo.cn/u/2305632051?uid=2305632051", "statuses_count": 7379, "verified": false, "verified_type": -1, "close_blue_v": false, "description": "", "gender": "f", "mbtype": 0, "urank": 9, "mbrank": 0, "follow_me": false, "following": false, "followers_count": 83, "follow_count": 618, "cover_image_phone": "https://tva1.sinaimg.cn/crop.0.0.640.640.640/549d0121tw1egm1kjly3jj20hs0hsq4f.jpg", "avatar_hd": "https://wx3.sinaimg.cn/orj480/896d2733ly8fx1v5hgwwsj20yi0yiju8.jpg", "like": false, "like_me": false, "badge": {"bind_taobao": 1, "unread_pool": 1, "vip_activity2": 1, "unread_pool_ext": 1, "super_star_2017": 1, "user_name_certificate": 1, "dailv_2018": 4, "double11_2018": 1, "hongrenjie_2019": 1, "dzwbqlx_2019": 1, "hongbao_2020": 2, "feiyan_2020": 1}}, "reposts_count": 0, "comments_count": 0, "attitudes_count": 0, "pending_approval_count": 0, "isLongText": false, "reward_exhibition_type": 0, "hide_flag": 0, "mlevel": 0, "darwin_tags": [], "mblogtype": 0, "more_info_type": 0, "number_display_strategy": {"apply_scenario_flag": 3, "display_text_min_number": 1000000, "display_text": "100\u4e07+"}, "content_auth": 0, "repost_type": 1, "pic_num": 0, "alchemy_params": {"ug_red_envelope": false}, "raw_text": "\u8f6c\u53d1\u5fae\u535a", "bid": "IC4f0k6uw"}, {"visible": {"type": 0, "list_id": 0}, "created_at": "Mon Apr 06 14:57:17 +0800 2020", "id": "4490727105081498", "mid": "4490727105081498", "can_edit": false, "show_additional_indication": 0, "text": "\u8f6c\u53d1\u5fae\u535a", "source": "iPhone\u5ba2\u6237\u7aef", "favorited": false, "pic_ids": [], "pic_types": "", "is_paid": false, "mblog_vip_type": 0, "user": {"id": 5537646213, "screen_name": "\u6bd4\u7ffc\u8fde\u7406\u53cc\u98de\u7ffc", "profile_image_url": "https://tva1.sinaimg.cn/crop.0.0.1242.1242.180/0062LoKpjw8f6vzcw34ffj30yi0yiwj9.jpg?KID=imgbed,tva&Expires=1619050521&ssig=I0%2Boqz9VfD", "profile_url": "https://m.weibo.cn/u/5537646213?uid=5537646213", "statuses_count": 3086, "verified": false, "verified_type": -1, "close_blue_v": false, "description": "", "gender": "m", "mbtype": 0, "urank": 4, "mbrank": 0, "follow_me": false, "following": false, "followers_count": 347, "follow_count": 77, "cover_image_phone": "https://tva1.sinaimg.cn/crop.0.0.640.640.640/549d0121tw1egm1kjly3jj20hs0hsq4f.jpg", "avatar_hd": "https://ww1.sinaimg.cn/orj480/0062LoKpjw8f6vzcw34ffj30yi0yiwj9.jpg", "like": false, "like_me": false, "badge": {"bind_taobao": 1, "unread_pool": 1, "unread_pool_ext": 1, "user_name_certificate": 1, "hongrenjie_2019": 1, "china_2019": 1, "hongkong_2019": 1, "hongbao_2020": 2, "feiyan_2020": 1}}, "reposts_count": 0, "comments_count": 0, "attitudes_count": 0, "pending_approval_count": 0, "isLongText": false, "reward_exhibition_type": 0, "hide_flag": 0, "mlevel": 0, "darwin_tags": [], "mblogtype": 0, "more_info_type": 0, "number_display_strategy": {"apply_scenario_flag": 3, "display_text_min_number": 1000000, "display_text": "100\u4e07+"}, "content_auth": 0, "repost_type": 1, "pic_num": 0, "alchemy_params": {"ug_red_envelope": false}, "raw_text": "\u8f6c\u53d1\u5fae\u535a", "bid": "IC4e2ljVE"}, {"visible": {"type": 0, "list_id": 0}, "created_at": "Mon Apr 06 14:42:14 +0800 2020", "id": "4490723317338714", "mid": "4490723317338714", "can_edit": false, "show_additional_indication": 0, "text": "\u8f6c\u53d1\u5fae\u535a", "source": "\u534e\u4e3a\u7545\u4eab10 Plus", "favorited": false, "pic_ids": [], "pic_types": "", "is_paid": false, "mblog_vip_type": 0, "user": {"id": 6606405699, "screen_name": "\u53fd\u91cc\u5471\u5566\u6211\u662f\u5440\u5440", "profile_image_url": "https://tvax4.sinaimg.cn/crop.0.0.996.996.180/007d5NUDly8gdec4oglsoj30ro0rojtm.jpg?KID=imgbed,tva&Expires=1619050521&ssig=dCM9VJeFNh", "profile_url": "https://m.weibo.cn/u/6606405699?uid=6606405699", "statuses_count": 16, "verified": false, "verified_type": -1, "close_blue_v": false, "description": "", "gender": "m", "mbtype": 0, "urank": 4, "mbrank": 0, "follow_me": false, "following": false, "followers_count": 1, "follow_count": 2, "cover_image_phone": "https://tva1.sinaimg.cn/crop.0.0.640.640.640/549d0121tw1egm1kjly3jj20hs0hsq4f.jpg", "avatar_hd": "https://wx4.sinaimg.cn/orj480/007d5NUDly8gdec4oglsoj30ro0rojtm.jpg", "like": false, "like_me": false}, "reposts_count": 0, "comments_count": 0, "attitudes_count": 0, "pending_approval_count": 0, "isLongText": false, "reward_exhibition_type": 0, "hide_flag": 0, "mlevel": 0, "darwin_tags": [], "mblogtype": 0, "more_info_type": 0, "number_display_strategy": {"apply_scenario_flag": 3, "display_text_min_number": 1000000, "display_text": "100\u4e07+"}, "content_auth": 0, "repost_type": 1, "pic_num": 0, "alchemy_params": {"ug_red_envelope": false}, "raw_text": "\u8f6c\u53d1\u5fae\u535a", "bid": "IC47VuN8m"}, {"visible": {"type": 0, "list_id": 0}, "created_at": "Mon Apr 06 14:36:26 +0800 2020", "id": "4490721853691888", "mid": "4490721853691888", "can_edit": false, "show_additional_indication": 0, "text": "\u8f6c\u53d1\u5fae\u535a", "source": "\u75be\u901f\u53cc\u6444 \u9b45\u84dd Note6", "favorited": false, "pic_ids": [], "pic_types": "", "is_paid": false, "mblog_vip_type": 0, "user": {"id": 6329820015, "screen_name": "\u4e00\u7bad\u98de\u6765", "profile_image_url": "https://tvax4.sinaimg.cn/crop.0.0.996.996.180/006Unhldly8g2808km7c8j30ro0ro76g.jpg?KID=imgbed,tva&Expires=1619050521&ssig=kPsU%2Fubka%2F", "profile_url": "https://m.weibo.cn/u/6329820015?uid=6329820015", "statuses_count": 891, "verified": false, "verified_type": -1, "close_blue_v": false, "description": "\u80a1\u5e02\u6709\u98ce\u9669\uff0c\u6295\u8d44\u9700\u8c28\u614e", "gender": "m", "mbtype": 0, "urank": 4, "mbrank": 0, "follow_me": false, "following": false, "followers_count": 311, "follow_count": 25, "cover_image_phone": "https://tva1.sinaimg.cn/crop.0.0.640.640.640/549d0121tw1egm1kjly3jj20hs0hsq4f.jpg", "avatar_hd": "https://wx4.sinaimg.cn/orj480/006Unhldly8g2808km7c8j30ro0ro76g.jpg", "like": false, "like_me": false, "badge": {"user_name_certificate": 1, "hongrenjie_2019": 1, "rrgyj_2019": 1, "hongbao_2020": 2, "feiyan_2020": 1}}, "reposts_count": 0, "comments_count": 0, "attitudes_count": 0, "pending_approval_count": 0, "isLongText": false, "reward_exhibition_type": 0, "hide_flag": 0, "mlevel": 0, "darwin_tags": [], "mblogtype": 0, "more_info_type": 0, "number_display_strategy": {"apply_scenario_flag": 3, "display_text_min_number": 1000000, "display_text": "100\u4e07+"}, "content_auth": 0, "repost_type": 1, "pic_num": 0, "alchemy_params": {"ug_red_envelope": false}, "raw_text": "\u8f6c\u53d1\u5fae\u535a", "bid": "IC45zfuqA"}, {"visible": {"type": 0, "list_id": 0}, "created_at": "Mon Apr 06 14:25:39 +0800 2020", "id": "4490719140069996", "mid": "4490719140069996", "can_edit": false, "show_additional_indication": 0, "text": "\u8f6c\u53d1\u5fae\u535a", "source": "\u7f8e\u56feT9\u6211\u7684\u667a\u80fd\u6444\u5f71\u5e08", "favorited": false, "pic_ids": [], "pic_types": "", "is_paid": false, "mblog_vip_type": 0, "user": {"id": 3169642350, "screen_name": "\u73cd\u5976\u4e0d\u52a0\u7cd6\u7cd6", "profile_image_url": "https://tvax2.sinaimg.cn/crop.0.0.996.996.180/bcece76ely8gjdlywqydwj20ro0rpmyq.jpg?KID=imgbed,tva&Expires=1619050521&ssig=Bb3KOyUf0r", "profile_url": "https://m.weibo.cn/u/3169642350?uid=3169642350", "statuses_count": 43504, "verified": false, "verified_type": -1, "close_blue_v": false, "description": "\u201c\u613f\u7231\u4f60\u7684\u4eba \u5982\u65e5\u5934\u51fa\u73b0 \u5149\u8f89\u70c8\u70c8\u201d \u200b", "gender": "f", "mbtype": 0, "urank": 9, "mbrank": 0, "follow_me": false, "following": false, "followers_count": 230, "follow_count": 882, "cover_image_phone": "https://tva1.sinaimg.cn/crop.0.0.640.640.640/549d0121tw1egm1kjly3jj20hs0hsq4f.jpg", "avatar_hd": "https://wx2.sinaimg.cn/orj480/bcece76ely8gjdlywqydwj20ro0rpmyq.jpg", "like": false, "like_me": false, "badge": {"zongyiji": 1, "unread_pool": 1, "unread_pool_ext": 1, "user_name_certificate": 1, "wenchuan_10th": 1, "super_star_2018": 1, "worldcup_2018": 34, "dailv_2018": 1, "qixi_2018": 1, "lol_s8": 1, "memorial_2018": 1, "hongbaofei_2019": 1, "denglong_2019": 1, "suishoupai_2019": 1, "wusi_2019": 1, "hongrenjie_2019": 1, "china_2019": 1, "hongkong_2019": 1, "wbzy_2019": 1, "starlight_2019": 1, "gongjiri_2019": 1, "macao_2019": 1, "china_2019_2": 1, "hongbao_2020": 2, "feiyan_2020": 1, "kangyi_2020": 1, "graduation_2020": 1, "dailv_2020": 1, "school_2020": 1, "china_2020": 1, "weibozhiyexianxia_2021": 1}}, "reposts_count": 0, "comments_count": 0, "attitudes_count": 0, "pending_approval_count": 0, "isLongText": false, "reward_exhibition_type": 0, "hide_flag": 0, "mlevel": 0, "darwin_tags": [], "mblogtype": 0, "more_info_type": 0, "number_display_strategy": {"apply_scenario_flag": 3, "display_text_min_number": 1000000, "display_text": "100\u4e07+"}, "content_auth": 0, "repost_type": 1, "pic_num": 0, "alchemy_params": {"ug_red_envelope": false}, "raw_text": "\u8f6c\u53d1\u5fae\u535a", "bid": "IC41c0icY"}, {"visible": {"type": 0, "list_id": 0}, "created_at": "Mon Apr 06 14:13:42 +0800 2020", "id": "4490716132540091", "mid": "4490716132540091", "can_edit": false, "show_additional_indication": 0, "text": "\u8f6c\u53d1\u5fae\u535a", "source": "iPhone\u5ba2\u6237\u7aef", "favorited": false, "pic_ids": [], "pic_types": "", "is_paid": false, "mblog_vip_type": 0, "user": {"id": 3926497593, "screen_name": "\u4eb2\u65a4\u7405", "profile_image_url": "https://tvax1.sinaimg.cn/crop.42.0.234.234.180/ea099939ly8fxulomcocgj208c08at8q.jpg?KID=imgbed,tva&Expires=1619050521&ssig=Bso43ARVZk", "profile_url": "https://m.weibo.cn/u/3926497593?uid=3926497593", "statuses_count": 3719, "verified": false, "verified_type": -1, "close_blue_v": false, "description": "123456", "gender": "m", "mbtype": 0, "urank": 14, "mbrank": 0, "follow_me": false, "following": false, "followers_count": 282, "follow_count": 159, "cover_image_phone": "https://tva4.sinaimg.cn/crop.0.0.0.640.640/6ce2240djw1e9uwue857ij20hs0hsjuk.jpg", "avatar_hd": "https://wx1.sinaimg.cn/orj480/ea099939ly8fxulomcocgj208c08at8q.jpg", "like": false, "like_me": false, "badge": {"bind_taobao": 1, "unread_pool": 1, "unread_pool_ext": 1, "dzwbqlx_2016": 1, "user_name_certificate": 1, "super_star_2018": 1, "worldcup_2018": 34, "lol_s8": 1, "wbzy_2018": 1, "hongbaofei_2019": 1, "hongrenjie_2019": 1, "dzwbqlx_2019": 6, "hongbao_2020": 2, "hongbaofeifuniu_2021": 1}}, "reposts_count": 0, "comments_count": 0, "attitudes_count": 0, "pending_approval_count": 0, "isLongText": false, "reward_exhibition_type": 0, "hide_flag": 0, "mlevel": 0, "darwin_tags": [], "mblogtype": 0, "more_info_type": 0, "number_display_strategy": {"apply_scenario_flag": 3, "display_text_min_number": 1000000, "display_text": "100\u4e07+"}, "content_auth": 0, "repost_type": 1, "pic_num": 0, "alchemy_params": {"ug_red_envelope": false}, "raw_text": "\u8f6c\u53d1\u5fae\u535a", "bid": "IC3WlaENd"}, {"visible": {"type": 0, "list_id": 0}, "created_at": "Mon Apr 06 14:05:02 +0800 2020", "id": "4490713951351604", "mid": "4490713951351604", "can_edit": false, "show_additional_indication": 0, "text": "Repost", "source": "iPhone", "favorited": false, "pic_ids": [], "pic_types": "", "is_paid": false, "mblog_vip_type": 0, "user": {"id": 1791680884, "screen_name": "\u963f\u6893\u6893\u6893__", "profile_image_url": "https://tva4.sinaimg.cn/crop.0.0.750.750.180/6acae174jw8eplm2nmldbj20ku0ku752.jpg?KID=imgbed,tva&Expires=1619050523&ssig=HOePQV%2B079", "profile_url": "https://m.weibo.cn/u/1791680884?uid=1791680884", "statuses_count": 19844, "verified": false, "verified_type": -1, "close_blue_v": false, "description": "\u4e0d\u5403.", "gender": "f", "mbtype": 2, "urank": 41, "mbrank": 1, "follow_me": false, "following": false, "followers_count": 1917, "follow_count": 700, "cover_image_phone": "https://tva4.sinaimg.cn/crop.0.0.640.640/68f96449jw1ergqu7ie1sj20hs0hsaek.jpg", "avatar_hd": "https://ww4.sinaimg.cn/orj480/6acae174jw8eplm2nmldbj20ku0ku752.jpg", "like": false, "like_me": false, "badge": {"bind_taobao": 1, "unread_pool": 1, "unread_pool_ext": 1, "dzwbqlx_2016": 1, "super_star_2017": 1, "user_name_certificate": 1, "suishoupai_2018": 8, "super_star_2018": 1, "worldcup_2018": 34, "dailv_2018": 7, "qixi_2018": 1, "hongbaofei_2019": 1, "fu_2019": 1, "suishoupai_2019": 2, "hongrenjie_2019": 1, "china_2019": 1, "hongkong_2019": 1, "taohuayuan_2019": 1, "dzwbqlx_2019": 6, "rrgyj_2019": 1, "weishi_2019": 1, "wbzy_2019": 1, "gongjiri_2019": 1, "hongbao_2020": 2, "feiyan_2020": 1, "hope_2020": 1, "graduation_2020": 1, "dailv_2020": 7, "movie_2020": 1, "school_2020": 1, "china_2020": 1, "weibozhiye_2020": 1}}, "reposts_count": 0, "comments_count": 0, "attitudes_count": 0, "pending_approval_count": 0, "isLongText": false, "reward_exhibition_type": 0, "hide_flag": 0, "mlevel": 0, "darwin_tags": [], "mblogtype": 0, "more_info_type": 0, "number_display_strategy": {"apply_scenario_flag": 3, "display_text_min_number": 1000000, "display_text": "100\u4e07+"}, "content_auth": 0, "repost_type": 1, "pic_num": 0, "alchemy_params": {"ug_red_envelope": false}, "raw_text": "Repost", "bid": "IC3SP5FC4"}, {"visible": {"type": 0, "list_id": 0}, "created_at": "Mon Apr 06 14:03:33 +0800 2020", "id": "4490713582183211", "mid": "4490713582183211", "can_edit": false, "show_additional_indication": 0, "text": "\u8f6c\u53d1\u5fae\u535a", "source": "\u4e09\u661fA8s\u9ed1\u77b3\u5168\u89c6\u5c4f", "favorited": false, "pic_ids": [], "pic_types": "", "is_paid": false, "mblog_vip_type": 0, "user": {"id": 1668864025, "screen_name": "\u76f8\u76df", "profile_image_url": "https://tva1.sinaimg.cn/crop.0.0.1242.1242.180/6378d819jw8fb6uqxx57sj20yi0yi781.jpg?KID=imgbed,tva&Expires=1619050523&ssig=gYgAp95fpj", "profile_url": "https://m.weibo.cn/u/1668864025?uid=1668864025", "statuses_count": 28982, "verified": true, "verified_type": 0, "verified_type_ext": 0, "verified_reason": "\u6cb3\u5317\u7701\u519c\u4ea7\u54c1\u7535\u5b50\u5546\u52a1\u6709\u9650\u516c\u53f8\u519c\u4ea7\u54c1\u5e73\u53f0\u4e1a\u52a1\u603b\u88c1\u76f8\u731b", "close_blue_v": false, "description": "\u6cb3\u5317\u7701\u4f9b\u9500\u793e", "gender": "m", "mbtype": 2, "urank": 44, "mbrank": 6, "follow_me": false, "following": false, "followers_count": 1806, "follow_count": 2361, "cover_image_phone": "https://tva1.sinaimg.cn/crop.0.0.640.640.640/549d0121tw1egm1kjly3jj20hs0hsq4f.jpg", "avatar_hd": "https://ww1.sinaimg.cn/orj480/6378d819jw8fb6uqxx57sj20yi0yi781.jpg", "like": false, "like_me": false, "badge": {"bind_taobao": 1, "unread_pool": 1, "unread_pool_ext": 1, "dzwbqlx_2016": 1, "panda": 1, "user_name_certificate": 1, "worldcup_2018": 34, "wenda_v2": 1, "dailv_2018": 1, "wbzy_2018": 1, "memorial_2018": 1, "hongbaofei_2019": 1, "suishoupai_2019": 1, "hongrenjie_2019": 1, "china_2019": 1, "hongkong_2019": 1, "dzwbqlx_2019": 1, "hongbao_2020": 2, "feiyan_2020": 1, "kangyi_2020": 1, "pc_new": 6, "dailv_2020": 1, "hongbaofeifuniu_2021": 1, "hongbaofeijika_2021": 1}}, "reposts_count": 0, "comments_count": 0, "attitudes_count": 0, "pending_approval_count": 0, "isLongText": false, "reward_exhibition_type": 0, "hide_flag": 0, "mlevel": 0, "darwin_tags": [], "mblogtype": 0, "more_info_type": 0, "number_display_strategy": {"apply_scenario_flag": 3, "display_text_min_number": 1000000, "display_text": "100\u4e07+"}, "content_auth": 0, "repost_type": 1, "pic_num": 0, "alchemy_params": {"ug_red_envelope": false}, "raw_text": "\u8f6c\u53d1\u5fae\u535a", "bid": "IC3Se99X5"}, {"visible": {"type": 0, "list_id": 0}, "created_at": "Mon Apr 06 13:49:22 +0800 2020", "id": "4490710012727365", "mid": "4490710012727365", "can_edit": false, "show_additional_indication": 0, "text": "\u8f6c\u53d1\u5fae\u535a", "source": "\u5fae\u535a\u56fd\u9645\u7248", "favorited": false, "pic_ids": [], "pic_types": "", "is_paid": false, "mblog_vip_type": 0, "user": {"id": 6091734334, "screen_name": "Tree\u662f\u6811\u5440", "profile_image_url": "https://tvax4.sinaimg.cn/crop.0.0.512.512.180/006EginAly8gcnnhpg1omj30e80e8jxa.jpg?KID=imgbed,tva&Expires=1619050523&ssig=cSWOln0693", "profile_url": "https://m.weibo.cn/u/6091734334?uid=6091734334", "statuses_count": 207, "verified": false, "verified_type": -1, "close_blue_v": false, "description": "Love &amp; Peace", "gender": "f", "mbtype": 0, "urank": 0, "mbrank": 0, "follow_me": false, "following": false, "followers_count": 4, "follow_count": 169, "cover_image_phone": "https://tva1.sinaimg.cn/crop.0.0.640.640.640/549d0121tw1egm1kjly3jj20hs0hsq4f.jpg", "avatar_hd": "https://wx4.sinaimg.cn/orj480/006EginAly8gcnnhpg1omj30e80e8jxa.jpg", "like": false, "like_me": false, "badge": {"user_name_certificate": 1}}, "reposts_count": 0, "comments_count": 0, "attitudes_count": 0, "pending_approval_count": 0, "isLongText": false, "reward_exhibition_type": 0, "hide_flag": 0, "mlevel": 0, "darwin_tags": [], "mblogtype": 0, "more_info_type": 0, "number_display_strategy": {"apply_scenario_flag": 3, "display_text_min_number": 1000000, "display_text": "100\u4e07+"}, "content_auth": 0, "repost_type": 1, "pic_num": 0, "alchemy_params": {"ug_red_envelope": false}, "raw_text": "\u8f6c\u53d1\u5fae\u535a", "bid": "IC3MtbrvL"}, {"visible": {"type": 0, "list_id": 0}, "created_at": "Mon Apr 06 13:43:22 +0800 2020", "id": "4490708498828724", "mid": "4490708498828724", "can_edit": false, "show_additional_indication": 0, "text": "\u8fd9\u662f\u767e\u5e74\u672a\u6709\u4e4b\u5927\u53d8\u5c40\uff0c\u662f\u673a\u4f1a\uff0c\u6211\u4eec\u8981\u51c6\u5907\u597d<span class=\"url-icon\"><img alt=[\u4f5c\u63d6] src=\"https://h5.sinaimg.cn/m/emoticon/icon/others/h_zuoyi-519f80d31c.png\" style=\"width:1em; height:1em;\" /></span><span class=\"url-icon\"><img alt=[\u4f5c\u63d6] src=\"https://h5.sinaimg.cn/m/emoticon/icon/others/h_zuoyi-519f80d31c.png\" style=\"width:1em; height:1em;\" /></span><span class=\"url-icon\"><img alt=[\u4f5c\u63d6] src=\"https://h5.sinaimg.cn/m/emoticon/icon/others/h_zuoyi-519f80d31c.png\" style=\"width:1em; height:1em;\" /></span><span class=\"url-icon\"><img alt=[\u4f5c\u63d6] src=\"https://h5.sinaimg.cn/m/emoticon/icon/others/h_zuoyi-519f80d31c.png\" style=\"width:1em; height:1em;\" /></span><span class=\"url-icon\"><img alt=[\u4f5c\u63d6] src=\"https://h5.sinaimg.cn/m/emoticon/icon/others/h_zuoyi-519f80d31c.png\" style=\"width:1em; height:1em;\" /></span><span class=\"url-icon\"><img alt=[\u4f5c\u63d6] src=\"https://h5.sinaimg.cn/m/emoticon/icon/others/h_zuoyi-519f80d31c.png\" style=\"width:1em; height:1em;\" /></span><span class=\"url-icon\"><img alt=[\u4f5c\u63d6] src=\"https://h5.sinaimg.cn/m/emoticon/icon/others/h_zuoyi-519f80d31c.png\" style=\"width:1em; height:1em;\" /></span><span class=\"url-icon\"><img alt=[\u4f5c\u63d6] src=\"https://h5.sinaimg.cn/m/emoticon/icon/others/h_zuoyi-519f80d31c.png\" style=\"width:1em; height:1em;\" /></span><span class=\"url-icon\"><img alt=[\u4f5c\u63d6] src=\"https://h5.sinaimg.cn/m/emoticon/icon/others/h_zuoyi-519f80d31c.png\" style=\"width:1em; height:1em;\" /></span><span class=\"url-icon\"><img alt=[\u4f5c\u63d6] src=\"https://h5.sinaimg.cn/m/emoticon/icon/others/h_zuoyi-519f80d31c.png\" style=\"width:1em; height:1em;\" /></span><span class=\"url-icon\"><img alt=[\u4f5c\u63d6] src=\"https://h5.sinaimg.cn/m/emoticon/icon/others/h_zuoyi-519f80d31c.png\" style=\"width:1em; height:1em;\" /></span>", "source": "nova4\u81ea\u62cd\u6781\u70b9\u5168\u9762\u5c4f", "favorited": false, "pic_ids": [], "pic_types": "", "is_paid": false, "mblog_vip_type": 0, "user": {"id": 6707445496, "screen_name": "CN\u82b1\u9a91\u58eb", "profile_image_url": "https://tvax3.sinaimg.cn/crop.0.0.996.996.180/007jVKYMly8gi5k5lpdwoj30ro0ro41c.jpg?KID=imgbed,tva&Expires=1619050523&ssig=r0ujbmkqlJ", "profile_url": "https://m.weibo.cn/u/6707445496?uid=6707445496", "statuses_count": 2496, "verified": false, "verified_type": -1, "close_blue_v": false, "description": "\u53ea\u4e89\u671d\u5915\uff0c\u4e0d\u8d1f\u97f6\u534e", "gender": "m", "mbtype": 0, "urank": 0, "mbrank": 0, "follow_me": false, "following": false, "followers_count": 36, "follow_count": 57, "cover_image_phone": "https://tva1.sinaimg.cn/crop.0.0.640.640.640/549d0121tw1egm1kjly3jj20hs0hsq4f.jpg", "avatar_hd": "https://wx3.sinaimg.cn/orj480/007jVKYMly8gi5k5lpdwoj30ro0ro41c.jpg", "like": false, "like_me": false, "badge": {"user_name_certificate": 1, "double11_2018": 1, "hongbao_2020": 2, "china_2020": 1, "weibozhiye_2020": 1}}, "reposts_count": 0, "comments_count": 0, "attitudes_count": 0, "pending_approval_count": 0, "isLongText": false, "reward_exhibition_type": 0, "hide_flag": 0, "mlevel": 0, "darwin_tags": [], "mblogtype": 0, "more_info_type": 0, "number_display_strategy": {"apply_scenario_flag": 3, "display_text_min_number": 1000000, "display_text": "100\u4e07+"}, "content_auth": 0, "repost_type": 4, "pic_num": 0, "alchemy_params": {"ug_red_envelope": false}, "raw_text": "\u8fd9\u662f\u767e\u5e74\u672a\u6709\u4e4b\u5927\u53d8\u5c40\uff0c\u662f\u673a\u4f1a\uff0c\u6211\u4eec\u8981\u51c6\u5907\u597d[\u4f5c\u63d6][\u4f5c\u63d6][\u4f5c\u63d6][\u4f5c\u63d6][\u4f5c\u63d6][\u4f5c\u63d6][\u4f5c\u63d6][\u4f5c\u63d6][\u4f5c\u63d6][\u4f5c\u63d6][\u4f5c\u63d6]", "bid": "IC3K1B2KM"}, {"visible": {"type": 0, "list_id": 0}, "created_at": "Mon Apr 06 13:42:58 +0800 2020", "id": "4490708398663110", "mid": "4490708398663110", "can_edit": false, "show_additional_indication": 0, "text": "\u8f6c\u53d1\u5fae\u535a", "source": "\u8363\u8000NOTE8  2K\u5927\u5c4f", "favorited": false, "pic_ids": [], "pic_types": "", "is_paid": false, "mblog_vip_type": 0, "user": {"id": 5672465974, "screen_name": "-overbreath-", "profile_image_url": "https://tvax2.sinaimg.cn/crop.0.0.1342.1342.180/006bT5wGly8fs7o2dmbpbj311a11ataj.jpg?KID=imgbed,tva&Expires=1619050523&ssig=QYaW%2BNBqgo", "profile_url": "https://m.weibo.cn/u/5672465974?uid=5672465974", "statuses_count": 4193, "verified": false, "verified_type": -1, "close_blue_v": false, "description": "\u98ce\u8f7b\u8f7b \u4f60\u542c\u89c1\u6211\u58f0\u97f3", "gender": "f", "mbtype": 0, "urank": 9, "mbrank": 0, "follow_me": false, "following": false, "followers_count": 233, "follow_count": 3818, "cover_image_phone": "https://tva1.sinaimg.cn/crop.0.0.640.640.640/9d44112bjw1f1xl1c10tuj20hs0hs0tw.jpg", "avatar_hd": "https://wx2.sinaimg.cn/orj480/006bT5wGly8fs7o2dmbpbj311a11ataj.jpg", "like": false, "like_me": false, "badge": {"unread_pool": 1, "unread_pool_ext": 1, "dzwbqlx_2016": 1, "travel_2017": 1, "cz_wed_2017": 1, "panda": 1, "user_name_certificate": 1, "suishoupai_2018": 5, "dailv_2018": 1, "qixi_2018": 1, "double11_2018": 1, "hongbaofei_2019": 1, "denglong_2019": 1, "family_2019": 1, "hongbao_2020": 2, "dailv_2020": 1}}, "reposts_count": 0, "comments_count": 0, "attitudes_count": 0, "pending_approval_count": 0, "isLongText": false, "reward_exhibition_type": 0, "hide_flag": 0, "mlevel": 0, "darwin_tags": [], "mblogtype": 0, "more_info_type": 0, "number_display_strategy": {"apply_scenario_flag": 3, "display_text_min_number": 1000000, "display_text": "100\u4e07+"}, "content_auth": 0, "repost_type": 1, "pic_num": 0, "alchemy_params": {"ug_red_envelope": false}, "raw_text": "\u8f6c\u53d1\u5fae\u535a", "bid": "IC3JRAlFA"}, {"visible": {"type": 0, "list_id": 0}, "created_at": "Mon Apr 06 13:41:22 +0800 2020", "id": "4490707995240536", "mid": "4490707995240536", "can_edit": false, "show_additional_indication": 0, "text": "\u8f6c\u53d1\u5fae\u535a", "source": "\u8363\u800010 AI\u53d8\u8272\u66f4\u6f6e\u7f8e", "favorited": false, "pic_ids": [], "pic_types": "", "is_paid": false, "mblog_vip_type": 0, "user": {"id": 1651478285, "screen_name": "\u8fdc\u65b9\u7684\u5bb6_550", "profile_image_url": "https://tvax1.sinaimg.cn/default/images/default_avatar_male_180.gif?KID=imgbed,tva&Expires=1619050523&ssig=wIGI2aOsi5", "profile_url": "https://m.weibo.cn/u/1651478285?uid=1651478285", "statuses_count": 2517, "verified": false, "verified_type": -1, "close_blue_v": false, "description": "\u4e2d\u4e13\u5b66\u5386,\u73b0\u4ece\u4e8b\u4f01\u4e1a\u7ba1\u7406\u5de5\u4f5c", "gender": "m", "mbtype": 2, "urank": 9, "mbrank": 5, "follow_me": false, "following": false, "followers_count": 316, "follow_count": 1052, "cover_image_phone": "https://tva1.sinaimg.cn/crop.0.0.640.640.640/549d0121tw1egm1kjly3jj20hs0hsq4f.jpg", "avatar_hd": "https://ss1.sinaimg.cn/orj480/default_avatar_male_180&690", "like": false, "like_me": false, "badge": {"bind_taobao": 1, "unread_pool": 1, "unread_pool_ext": 1, "panda": 1, "user_name_certificate": 1, "dailv_2018": 1, "hongrenjie_2019": 1, "china_2019": 1, "hongkong_2019": 1, "shuang11_2019": 1, "hongbao_2020": 3, "feiyan_2020": 1, "daka_2020": 1, "graduation_2020": 1, "dailv_2020": 1, "weibozhiye_2020": 1, "hongbaofeifuniu_2021": 2, "hongbaofeijika_2021": 1, "lvzhilingyang_2021": 1}}, "reposts_count": 0, "comments_count": 0, "attitudes_count": 0, "pending_approval_count": 0, "isLongText": false, "reward_exhibition_type": 0, "hide_flag": 0, "mlevel": 0, "darwin_tags": [], "mblogtype": 0, "more_info_type": 0, "cardid": "star_11247_common", "number_display_strategy": {"apply_scenario_flag": 3, "display_text_min_number": 1000000, "display_text": "100\u4e07+"}, "content_auth": 0, "repost_type": 1, "pic_num": 0, "alchemy_params": {"ug_red_envelope": false}, "raw_text": "\u8f6c\u53d1\u5fae\u535a", "bid": "IC3JdlZiM"}, {"visible": {"type": 0, "list_id": 0}, "created_at": "Mon Apr 06 13:34:31 +0800 2020", "id": "4490706276067671", "mid": "4490706276067671", "can_edit": false, "show_additional_indication": 0, "text": "\u8ba9\u4f60\u4eec\u89c1\u8bc6\u4e00\u4e0b\uff0c\u4ec0\u4e48\u53eb\u505a\u65f6\u653f\u535a\u4e3b\u8f6c\u8d22\u7ecf\u535a\u4e3b\u7684\u5b9e\u529b<span class=\"url-icon\"><img alt=[\u54c8\u54c8] src=\"https://h5.sinaimg.cn/m/emoticon/icon/default/d_haha-0ec05e6dad.png\" style=\"width:1em; height:1em;\" /></span><span class=\"url-icon\"><img alt=[\u54c8\u54c8] src=\"https://h5.sinaimg.cn/m/emoticon/icon/default/d_haha-0ec05e6dad.png\" style=\"width:1em; height:1em;\" /></span><span class=\"url-icon\"><img alt=[\u54c8\u54c8] src=\"https://h5.sinaimg.cn/m/emoticon/icon/default/d_haha-0ec05e6dad.png\" style=\"width:1em; height:1em;\" /></span>", "source": "HUAWEI Mate 20", "favorited": false, "pic_ids": [], "pic_types": "", "is_paid": false, "mblog_vip_type": 0, "user": {"id": 2312182247, "screen_name": "7\u6267\u7b14\u753b\u537f\u989c7", "profile_image_url": "https://tvax4.sinaimg.cn/crop.0.0.996.996.180/89d119e7ly8gf79qry6a4j20ro0ro3zj.jpg?KID=imgbed,tva&Expires=1619050523&ssig=UcgQO%2BTeBS", "profile_url": "https://m.weibo.cn/u/2312182247?uid=2312182247", "statuses_count": 4124, "verified": false, "verified_type": -1, "close_blue_v": false, "description": "\u4eba\u751f\u5982\u9006\u65c5\uff0c\u6211\u4ea6\u662f\u8def\u4eba\uff01", "gender": "m", "mbtype": 0, "urank": 30, "mbrank": 0, "follow_me": false, "following": false, "followers_count": 240, "follow_count": 94, "cover_image_phone": "https://tva1.sinaimg.cn/crop.0.0.640.640.640/6cf8d7ebjw1ehfr4xa8psj20hs0hsgpg.jpg", "avatar_hd": "https://wx4.sinaimg.cn/orj480/89d119e7ly8gf79qry6a4j20ro0ro3zj.jpg", "like": false, "like_me": false, "badge": {"bind_taobao": 1, "unread_pool": 1, "uefa_euro_2016": 1, "unread_pool_ext": 1, "user_name_certificate": 1, "hongbao_2020": 2, "hongbaofeijika_2021": 1}}, "reposts_count": 0, "comments_count": 0, "attitudes_count": 0, "pending_approval_count": 0, "isLongText": false, "reward_exhibition_type": 0, "hide_flag": 0, "mlevel": 0, "darwin_tags": [], "mblogtype": 0, "more_info_type": 0, "number_display_strategy": {"apply_scenario_flag": 3, "display_text_min_number": 1000000, "display_text": "100\u4e07+"}, "content_auth": 0, "repost_type": 3, "pic_num": 0, "alchemy_params": {"ug_red_envelope": false}, "raw_text": "\u8ba9\u4f60\u4eec\u89c1\u8bc6\u4e00\u4e0b\uff0c\u4ec0\u4e48\u53eb\u505a\u65f6\u653f\u535a\u4e3b\u8f6c\u8d22\u7ecf\u535a\u4e3b\u7684\u5b9e\u529b[\u54c8\u54c8][\u54c8\u54c8][\u54c8\u54c8]", "bid": "IC3GrpstF"}, {"visible": {"type": 0, "list_id": 0}, "created_at": "Mon Apr 06 13:21:09 +0800 2020", "id": "4490702907787955", "mid": "4490702907787955", "can_edit": false, "show_additional_indication": 0, "text": "\u8f6c\u53d1\u5fae\u535a", "source": "nova4\u81ea\u62cd\u6781\u70b9\u5168\u9762\u5c4f", "favorited": false, "pic_ids": [], "pic_types": "", "is_paid": false, "mblog_vip_type": 0, "user": {"id": 5970269835, "screen_name": "\u5c0f\u6eaa\u6c49\u5a1c", "profile_image_url": "https://tvax1.sinaimg.cn/crop.0.0.996.996.180/006w2DULly8g6i270a7t5j30ro0ro74d.jpg?KID=imgbed,tva&Expires=1619050523&ssig=aSPVrxuVIk", "profile_url": "https://m.weibo.cn/u/5970269835?uid=5970269835", "statuses_count": 3388, "verified": false, "verified_type": -1, "close_blue_v": false, "description": "", "gender": "f", "mbtype": 2, "urank": 4, "mbrank": 1, "follow_me": false, "following": false, "followers_count": 9, "follow_count": 187, "cover_image_phone": "https://tva1.sinaimg.cn/crop.0.0.640.640.640/549d0121tw1egm1kjly3jj20hs0hsq4f.jpg", "avatar_hd": "https://wx1.sinaimg.cn/orj480/006w2DULly8g6i270a7t5j30ro0ro74d.jpg", "like": false, "like_me": false, "badge": {"user_name_certificate": 1, "rrgyj_2019": 1, "wbzy_2019": 1, "hongbao_2020": 2, "feiyan_2020": 1, "weibozhiye_2020": 1, "weibozhiyexianxia_2021": 1, "nihaoshenghuojie_2021": 1}}, "reposts_count": 0, "comments_count": 0, "attitudes_count": 0, "pending_approval_count": 0, "isLongText": false, "reward_exhibition_type": 0, "hide_flag": 0, "mlevel": 0, "darwin_tags": [], "mblogtype": 0, "more_info_type": 0, "number_display_strategy": {"apply_scenario_flag": 3, "display_text_min_number": 1000000, "display_text": "100\u4e07+"}, "content_auth": 0, "repost_type": 1, "pic_num": 0, "alchemy_params": {"ug_red_envelope": false}, "raw_text": "\u8f6c\u53d1\u5fae\u535a", "bid": "IC3B0wG0b"}]