[{"visible": {"type": 0, "list_id": 0}, "created_at": "Fri Apr 03 15:35:21 +0800 2020", "id": "4489649516796689", "mid": "4489649516796689", "can_edit": false, "show_additional_indication": 0, "text": "\u65e0\u95f4\u98ce\u4e91//<a href='/n/\u534e\u5c71\u602a\u4fa002'>@\u534e\u5c71\u602a\u4fa002</a>:\u8001\u9634\u9633\u5e08\u78b0\u5230\u4e86\u5c0f\u9634\u9633\u5e08\uff1f//<a href='/n/\u4e00\u5c31\u8fd9\u4e48\u6d3b\u7740\u4e00'>@\u4e00\u5c31\u8fd9\u4e48\u6d3b\u7740\u4e00</a>:\u8fd9\u4e2a\u8bc4\u8bba\u50cf\u662f\u53cd\u8bbd//<a href='/n/\u5730\u74dc\u718a\u8001\u516d'>@\u5730\u74dc\u718a\u8001\u516d</a>:\u8d22\u65b0\u7f51\u7cbe\u9009\u8bc4\u8bba<span class=\"url-icon\"><img alt=[\u5141\u60b2] src=\"https://h5.sinaimg.cn/m/emoticon/icon/default/d_yunbei-a14a649db8.png\" style=\"width:1em; height:1em;\" /></span>//<a href='/n/\u5434\u601d\u970fF'>@\u5434\u601d\u970fF</a>:\u4e0b\u9762\u7684\u7cbe\u9009\u8bc4\u8bba\u7b2c\u4e00\u4e2a\u662f\uff1a\u4f1f\u5927\u7684\u5de5\u7a0b\u3002<span class=\"url-icon\"><img alt=[\u4e8c\u54c8] src=\"https://h5.sinaimg.cn/m/emoticon/icon/others/d_erha-139d0e07bd.png\" style=\"width:1em; height:1em;\" /></span><span class=\"url-icon\"><img alt=[\u4e8c\u54c8] src=\"https://h5.sinaimg.cn/m/emoticon/icon/others/d_erha-139d0e07bd.png\" style=\"width:1em; height:1em;\" /></span><span class=\"url-icon\"><img alt=[\u4e8c\u54c8] src=\"https://h5.sinaimg.cn/m/emoticon/icon/others/d_erha-139d0e07bd.png\" style=\"width:1em; height:1em;\" /></span>", "source": "HUAWEI nova 3", "favorited": false, "pic_ids": [], "pic_types": "", "is_paid": false, "mblog_vip_type": 0, "user": {"id": 3777104225, "screen_name": "\u4e00\u5c31\u8fd9\u4e48\u6d3b\u7740\u4e00", "profile_image_url": "https://tvax1.sinaimg.cn/crop.0.0.996.996.180/e1220961ly8gcap0gtnblj20ro0rowfv.jpg?KID=imgbed,tva&Expires=1619050433&ssig=p5mEWPTITQ", "profile_url": "https://m.weibo.cn/u/3777104225?uid=3777104225", "statuses_count": 8446, "verified": false, "verified_type": -1, "close_blue_v": false, "description": "\u4f60\u6709\u4ec0\u4e48\u4f1f\u4e1a\uff1f\u4f60\u4ee5\u4e3a\u4f60\u662f\u8c01\uff1f\u4f60\u770b\u6211\u6015\u4e0d\u6015\u4f60\u4eec\uff1f\u6211\u8bb0\u5f55\u5728\u6848\uff0c\u7b49\u5f85\u4f60\u4eec\u9053\u6b49\u3002", "gender": "m", "mbtype": 0, "urank": 14, "mbrank": 0, "follow_me": false, "following": false, "followers_count": 541, "follow_count": 2059, "cover_image_phone": "https://tva1.sinaimg.cn/crop.0.0.640.640.640/549d0121tw1egm1kjly3jj20hs0hsq4f.jpg", "avatar_hd": "https://wx1.sinaimg.cn/orj480/e1220961ly8gcap0gtnblj20ro0rowfv.jpg", "like": false, "like_me": false, "badge": {"bind_taobao": 1, "unread_pool": 1, "unread_pool_ext": 1, "user_name_certificate": 1, "wenda_v2": 1, "national_day_2018": 1, "china_2019": 1, "hongkong_2019": 1, "macao_2019": 1, "china_2019_2": 1, "hongbao_2020": 2, "feiyan_2020": 1, "dailv_2020": 7, "hongrenjie_2020": 1, "china_2020": 1}}, "pid": 4489439386228180, "pidstr": "4489439386228180", "reposts_count": 0, "comments_count": 0, "attitudes_count": 1, "pending_approval_count": 0, "isLongText": false, "reward_exhibition_type": 0, "hide_flag": 0, "mlevel": 0, "darwin_tags": [], "mblogtype": 0, "more_info_type": 0, "number_display_strategy": {"apply_scenario_flag": 3, "display_text_min_number": 1000000, "display_text": "100\u4e07+"}, "content_auth": 0, "repost_type": 4, "pic_num": 0, "alchemy_params": {"ug_red_envelope": false}, "raw_text": "\u65e0\u95f4\u98ce\u4e91//@\u534e\u5c71\u602a\u4fa002:\u8001\u9634\u9633\u5e08\u78b0\u5230\u4e86\u5c0f\u9634\u9633\u5e08\uff1f//@\u4e00\u5c31\u8fd9\u4e48\u6d3b\u7740\u4e00:\u8fd9\u4e2a\u8bc4\u8bba\u50cf\u662f\u53cd\u8bbd//@\u5730\u74dc\u718a\u8001\u516d:\u8d22\u65b0\u7f51\u7cbe\u9009\u8bc4\u8bba[\u5141\u60b2]//@\u5434\u601d\u970fF:\u4e0b\u9762\u7684\u7cbe\u9009\u8bc4\u8bba\u7b2c\u4e00\u4e2a\u662f\uff1a\u4f1f\u5927\u7684\u5de5\u7a0b\u3002[\u4e8c\u54c8][\u4e8c\u54c8][\u4e8c\u54c8]", "bid": "IBCbZsw81"}, {"visible": {"type": 0, "list_id": 0}, "created_at": "Thu Apr 02 22:33:11 +0800 2020", "id": "4489392284559123", "mid": "4489392284559123", "can_edit": false, "show_additional_indication": 0, "text": "//<a href='/n/\u5730\u74dc\u718a\u8001\u516d'>@\u5730\u74dc\u718a\u8001\u516d</a>:\u8d22\u65b0\u7f51\u7cbe\u9009\u8bc4\u8bba<span class=\"url-icon\"><img alt=[\u5141\u60b2] src=\"https://h5.sinaimg.cn/m/emoticon/icon/default/d_yunbei-a14a649db8.png\" style=\"width:1em; height:1em;\" /></span>//<a href='/n/\u5434\u601d\u970fF'>@\u5434\u601d\u970fF</a>:\u4e0b\u9762\u7684\u7cbe\u9009\u8bc4\u8bba\u7b2c\u4e00\u4e2a\u662f\uff1a\u4f1f\u5927\u7684\u5de5\u7a0b\u3002<span class=\"url-icon\"><img alt=[\u4e8c\u54c8] src=\"https://h5.sinaimg.cn/m/emoticon/icon/others/d_erha-139d0e07bd.png\" style=\"width:1em; height:1em;\" /></span><span class=\"url-icon\"><img alt=[\u4e8c\u54c8] src=\"https://h5.sinaimg.cn/m/emoticon/icon/others/d_erha-139d0e07bd.png\" style=\"width:1em; height:1em;\" /></span><span class=\"url-icon\"><img alt=[\u4e8c\u54c8] src=\"https://h5.sinaimg.cn/m/emoticon/icon/others/d_erha-139d0e07bd.png\" style=\"width:1em; height:1em;\" /></span>", "source": "\u5c0f\u7c738\u5468\u5e74\u65d7\u8230\u624b\u673a", "favorited": false, "pic_ids": [], "pic_types": "", "is_paid": false, "mblog_vip_type": 0, "user": {"id": 1484444881, "screen_name": "cdxj519", "profile_image_url": "https://tvax4.sinaimg.cn/crop.0.0.1002.1002.180/587ad4d1ly8gdj9lt6x3zj20ru0rudjk.jpg?KID=imgbed,tva&Expires=1619050433&ssig=zsdqBP5tes", "profile_url": "https://m.weibo.cn/u/1484444881?uid=1484444881", "statuses_count": 74212, "verified": false, "verified_type": -1, "close_blue_v": false, "description": "", "gender": "f", "mbtype": 0, "urank": 4, "mbrank": 0, "follow_me": false, "following": false, "followers_count": 248, "follow_count": 149, "cover_image_phone": "https://tva1.sinaimg.cn/crop.0.0.640.640.640/549d0121tw1egm1kjly3jj20hs0hsq4f.jpg", "avatar_hd": "https://wx4.sinaimg.cn/orj480/587ad4d1ly8gdj9lt6x3zj20ru0rudjk.jpg", "like": false, "like_me": false, "badge": {"unread_pool": 1, "unread_pool_ext": 1, "dzwbqlx_2016": 1, "league_badge": 1, "travel_2017": 1, "user_name_certificate": 1, "wenchuan_10th": 1, "super_star_2018": 1, "asiad_2018": 1, "qixi_2018": 1, "national_day_2018": 1, "wbzy_2018": 1, "memorial_2018": 1, "hongbaofei_2019": 1, "womensday_2018": 1, "suishoupai_2019": 1, "wusi_2019": 1, "earth_2019": 1, "hongrenjie_2019": 1, "china_2019": 1, "hongkong_2019": 1, "dzwbqlx_2019": 1, "rrgyj_2019": 1, "cishan_2019": 1, "weishi_2019": 1, "shuang11_2019": 1, "wbzy_2019": 1, "starlight_2019": 1, "gongjiri_2019": 1, "macao_2019": 1, "china_2019_2": 1, "hongbao_2020": 1, "feiyan_2020": 1, "hope_2020": 1, "kangyi_2020": 1, "graduation_2020": 1, "dailv_2020": 1, "school_2020": 1, "hongrenjie_2020": 1, "china_2020": 1, "weibozhiye_2020": 1, "hongbaofeifuniu_2021": 2, "hongbaofeijika_2021": 1, "weibozhiyexianxia_2021": 1, "lvzhilingyang_2021": 1}}, "pid": 4489270481680233, "pidstr": "4489270481680233", "reposts_count": 0, "comments_count": 0, "attitudes_count": 0, "pending_approval_count": 0, "isLongText": false, "reward_exhibition_type": 0, "hide_flag": 0, "mlevel": 0, "darwin_tags": [], "mblogtype": 0, "more_info_type": 0, "cardid": "star_11247_common", "number_display_strategy": {"apply_scenario_flag": 3, "display_text_min_number": 1000000, "display_text": "100\u4e07+"}, "content_auth": 0, "repost_type": 1, "pic_num": 0, "alchemy_params": {"ug_red_envelope": false}, "raw_text": "//@\u5730\u74dc\u718a\u8001\u516d:\u8d22\u65b0\u7f51\u7cbe\u9009\u8bc4\u8bba[\u5141\u60b2]//@\u5434\u601d\u970fF:\u4e0b\u9762\u7684\u7cbe\u9009\u8bc4\u8bba\u7b2c\u4e00\u4e2a\u662f\uff1a\u4f1f\u5927\u7684\u5de5\u7a0b\u3002[\u4e8c\u54c8][\u4e8c\u54c8][\u4e8c\u54c8]", "bid": "IBvv6j82f"}, {"visible": {"type": 0, "list_id": 0}, "created_at": "Thu Apr 02 22:12:02 +0800 2020", "id": "4489386962187092", "mid": "4489386962187092", "can_edit": false, "show_additional_indication": 0, "text": "//<a href='/n/\u5730\u74dc\u718a\u8001\u516d'>@\u5730\u74dc\u718a\u8001\u516d</a>: \u4f4f\u7684\u90fd\u662f\u5927\u6b3e\uff0c\u5bcc\u8c6a\u6392\u884c\u699c\u8fdb\u4e0d\u4e86\u524d100\u540d\uff0c\u90fd\u6ca1\u8d44\u683c\u4f4f\u91ce\u6218\u533b\u9662<span class=\"url-icon\"><img alt=[\u5141\u60b2] src=\"https://h5.sinaimg.cn/m/emoticon/icon/default/d_yunbei-a14a649db8.png\" style=\"width:1em; height:1em;\" /></span>//<a href='/n/QS\u8840\u9a91\u58eb---\u7fe1\u7fe02jgG'>@QS\u8840\u9a91\u58eb---\u7fe1\u7fe02jgG</a>:\u8bf7\u6ce8\u610f\uff0c\u4e2d\u592e\u516c\u56ed\u5468\u56f4\u4f4f\u4e86\u4ec0\u4e48\u4eba\uff0c\u4e3a\u5565\u5728\u8fd9\u513f\u5efa\u7b2c\u4e00\u4e2a\u91ce\u6218\u533b\u9662\uff1f\u91ce\u6218\u533b\u9662\u4e3a\u5565\u5efa\u5728\u5e02\u4e2d\u5fc3\uff1f", "source": "\u5fae\u535a weibo.com", "favorited": false, "pic_ids": [], "pic_types": "", "is_paid": false, "mblog_vip_type": 0, "user": {"id": 2946547450, "screen_name": "72mama", "profile_image_url": "https://tvax2.sinaimg.cn/crop.0.0.996.996.180/afa0befaly8gj5eejpy4cj20ro0rojti.jpg?KID=imgbed,tva&Expires=1619050433&ssig=EOVF3KP5sa", "profile_url": "https://m.weibo.cn/u/2946547450?uid=2946547450", "statuses_count": 41050, "verified": false, "verified_type": -1, "close_blue_v": false, "description": "", "gender": "m", "mbtype": 2, "urank": 25, "mbrank": 1, "follow_me": false, "following": false, "followers_count": 273, "follow_count": 102, "cover_image_phone": "https://tva1.sinaimg.cn/crop.0.0.640.640.640/549d0121tw1egm1kjly3jj20hs0hsq4f.jpg", "avatar_hd": "https://wx2.sinaimg.cn/orj480/afa0befaly8gj5eejpy4cj20ro0rojti.jpg", "like": false, "like_me": false, "badge": {"bind_taobao": 1, "unread_pool": 1, "unread_pool_ext": 1, "dzwbqlx_2016": 1, "super_star_2017": 1, "travel_2017": 1, "panda": 1, "user_name_certificate": 1, "suishoupai_2018": 8, "wenchuan_10th": 1, "wenda_v2": 1, "yiqijuan_2018": 1, "hongbaofei_2019": 1, "fu_2019": 1, "china_2019": 1, "hongkong_2019": 1, "taohuayuan_2019": 1, "rrgyj_2019": 1, "cishan_2019": 1, "family_2019": 1, "weishi_2019": 1, "shuang11_2019": 1, "wbzy_2019": 1, "starlight_2019": 1, "hongbao_2020": 1, "feiyan_2020": 1, "kangyi_2020": 1, "dailv_2020": 1, "hongrenjie_2020": 1, "china_2020": 1, "weibozhiye_2020": 1, "hongbaofeifuniu_2021": 2, "hongbaofeijika_2021": 1, "weibozhiyexianxia_2021": 1, "lvzhilingyang_2021": 1}}, "pid": 4489270197196403, "pidstr": "4489270197196403", "reposts_count": 0, "comments_count": 0, "attitudes_count": 0, "pending_approval_count": 0, "isLongText": false, "reward_exhibition_type": 0, "hide_flag": 0, "mlevel": 0, "darwin_tags": [], "mblogtype": 0, "more_info_type": 0, "number_display_strategy": {"apply_scenario_flag": 3, "display_text_min_number": 1000000, "display_text": "100\u4e07+"}, "content_auth": 0, "repost_type": 3, "pic_num": 0, "alchemy_params": {"ug_red_envelope": false}, "raw_text": "//@\u5730\u74dc\u718a\u8001\u516d: \u4f4f\u7684\u90fd\u662f\u5927\u6b3e\uff0c\u5bcc\u8c6a\u6392\u884c\u699c\u8fdb\u4e0d\u4e86\u524d100\u540d\uff0c\u90fd\u6ca1\u8d44\u683c\u4f4f\u91ce\u6218\u533b\u9662[\u5141\u60b2]//@QS\u8840\u9a91\u58eb---\u7fe1\u7fe02jgG:\u8bf7\u6ce8\u610f\uff0c\u4e2d\u592e\u516c\u56ed\u5468\u56f4\u4f4f\u4e86\u4ec0\u4e48\u4eba\uff0c\u4e3a\u5565\u5728\u8fd9\u513f\u5efa\u7b2c\u4e00\u4e2a\u91ce\u6218\u533b\u9662\uff1f\u91ce\u6218\u533b\u9662\u4e3a\u5565\u5efa\u5728\u5e02\u4e2d\u5fc3\uff1f", "bid": "IBvmw9aXG"}, {"visible": {"type": 0, "list_id": 0}, "created_at": "Thu Apr 02 22:05:42 +0800 2020", "id": "4489385367787598", "mid": "4489385367787598", "can_edit": false, "show_additional_indication": 0, "text": "\u8d22\u65b0\u771f\u5c31\u6ca1\u4eba\u7ba1\u5f97\u4e86\u5417\uff1f\uff01//<a href='/n/\u5730\u74dc\u718a\u8001\u516d'>@\u5730\u74dc\u718a\u8001\u516d</a>:\u8d22\u65b0\u7f51\u7cbe\u9009\u8bc4\u8bba<span class=\"url-icon\"><img alt=[\u5141\u60b2] src=\"https://h5.sinaimg.cn/m/emoticon/icon/default/d_yunbei-a14a649db8.png\" style=\"width:1em; height:1em;\" /></span>//<a href='/n/\u5434\u601d\u970fF'>@\u5434\u601d\u970fF</a>:\u4e0b\u9762\u7684\u7cbe\u9009\u8bc4\u8bba\u7b2c\u4e00\u4e2a\u662f\uff1a\u4f1f\u5927\u7684\u5de5\u7a0b\u3002<span class=\"url-icon\"><img alt=[\u4e8c\u54c8] src=\"https://h5.sinaimg.cn/m/emoticon/icon/others/d_erha-139d0e07bd.png\" style=\"width:1em; height:1em;\" /></span><span class=\"url-icon\"><img alt=[\u4e8c\u54c8] src=\"https://h5.sinaimg.cn/m/emoticon/icon/others/d_erha-139d0e07bd.png\" style=\"width:1em; height:1em;\" /></span><span class=\"url-icon\"><img alt=[\u4e8c\u54c8] src=\"https://h5.sinaimg.cn/m/emoticon/icon/others/d_erha-139d0e07bd.png\" style=\"width:1em; height:1em;\" /></span>", "source": "iPhone\u5ba2\u6237\u7aef", "favorited": false, "pic_ids": [], "pic_types": "", "is_paid": false, "mblog_vip_type": 0, "user": {"id": 6784202980, "screen_name": "\u5341\u56db\u4e4b\u753b\u751f", "profile_image_url": "https://tvax3.sinaimg.cn/crop.0.0.1080.1080.180/007p7P6Ily8g1s7n7bww0j30u00u0afa.jpg?KID=imgbed,tva&Expires=1619050433&ssig=7OnW2x%2FOts", "profile_url": "https://m.weibo.cn/u/6784202980?uid=6784202980", "statuses_count": 240, "verified": false, "verified_type": -1, "close_blue_v": false, "description": "\u603b\u8981\u8bf4\u70b9\u4ec0\u4e48\u505a\u70b9\u4ec0\u4e48", "gender": "f", "mbtype": 2, "urank": 4, "mbrank": 2, "follow_me": false, "following": false, "followers_count": 18, "follow_count": 225, "cover_image_phone": "https://wx4.sinaimg.cn/crop.0.0.640.640.640/a1d3feably1fl9nr80k11j20hs0hsmze.jpg", "avatar_hd": "https://wx3.sinaimg.cn/orj480/007p7P6Ily8g1s7n7bww0j30u00u0afa.jpg", "like": false, "like_me": false, "badge": {"user_name_certificate": 1}}, "pid": 4489270481680233, "pidstr": "4489270481680233", "reposts_count": 0, "comments_count": 0, "attitudes_count": 0, "pending_approval_count": 0, "isLongText": false, "reward_exhibition_type": 0, "hide_flag": 0, "mlevel": 0, "darwin_tags": [], "mblogtype": 0, "more_info_type": 0, "number_display_strategy": {"apply_scenario_flag": 3, "display_text_min_number": 1000000, "display_text": "100\u4e07+"}, "content_auth": 0, "repost_type": 3, "pic_num": 0, "alchemy_params": {"ug_red_envelope": false}, "raw_text": "\u8d22\u65b0\u771f\u5c31\u6ca1\u4eba\u7ba1\u5f97\u4e86\u5417\uff1f\uff01//@\u5730\u74dc\u718a\u8001\u516d:\u8d22\u65b0\u7f51\u7cbe\u9009\u8bc4\u8bba[\u5141\u60b2]//@\u5434\u601d\u970fF:\u4e0b\u9762\u7684\u7cbe\u9009\u8bc4\u8bba\u7b2c\u4e00\u4e2a\u662f\uff1a\u4f1f\u5927\u7684\u5de5\u7a0b\u3002[\u4e8c\u54c8][\u4e8c\u54c8][\u4e8c\u54c8]", "bid": "IBvjWwFUq"}, {"visible": {"type": 0, "list_id": 0}, "created_at": "Thu Apr 02 20:24:26 +0800 2020", "id": "4489359883862298", "mid": "4489359883862298", "can_edit": false, "show_additional_indication": 0, "text": "\u8f6c\u53d1\u5fae\u535a", "source": "\u5c0f\u7c738\u5468\u5e74\u65d7\u8230\u624b\u673a", "favorited": false, "pic_ids": [], "pic_types": "", "is_paid": false, "mblog_vip_type": 0, "user": {"id": 1484444881, "screen_name": "cdxj519", "profile_image_url": "https://tvax4.sinaimg.cn/crop.0.0.1002.1002.180/587ad4d1ly8gdj9lt6x3zj20ru0rudjk.jpg?KID=imgbed,tva&Expires=1619050433&ssig=zsdqBP5tes", "profile_url": "https://m.weibo.cn/u/1484444881?uid=1484444881", "statuses_count": 74212, "verified": false, "verified_type": -1, "close_blue_v": false, "description": "", "gender": "f", "mbtype": 0, "urank": 4, "mbrank": 0, "follow_me": false, "following": false, "followers_count": 248, "follow_count": 149, "cover_image_phone": "https://tva1.sinaimg.cn/crop.0.0.640.640.640/549d0121tw1egm1kjly3jj20hs0hsq4f.jpg", "avatar_hd": "https://wx4.sinaimg.cn/orj480/587ad4d1ly8gdj9lt6x3zj20ru0rudjk.jpg", "like": false, "like_me": false, "badge": {"unread_pool": 1, "unread_pool_ext": 1, "dzwbqlx_2016": 1, "league_badge": 1, "travel_2017": 1, "user_name_certificate": 1, "wenchuan_10th": 1, "super_star_2018": 1, "asiad_2018": 1, "qixi_2018": 1, "national_day_2018": 1, "wbzy_2018": 1, "memorial_2018": 1, "hongbaofei_2019": 1, "womensday_2018": 1, "suishoupai_2019": 1, "wusi_2019": 1, "earth_2019": 1, "hongrenjie_2019": 1, "china_2019": 1, "hongkong_2019": 1, "dzwbqlx_2019": 1, "rrgyj_2019": 1, "cishan_2019": 1, "weishi_2019": 1, "shuang11_2019": 1, "wbzy_2019": 1, "starlight_2019": 1, "gongjiri_2019": 1, "macao_2019": 1, "china_2019_2": 1, "hongbao_2020": 1, "feiyan_2020": 1, "hope_2020": 1, "kangyi_2020": 1, "graduation_2020": 1, "dailv_2020": 1, "school_2020": 1, "hongrenjie_2020": 1, "china_2020": 1, "weibozhiye_2020": 1, "hongbaofeifuniu_2021": 2, "hongbaofeijika_2021": 1, "weibozhiyexianxia_2021": 1, "lvzhilingyang_2021": 1}}, "reposts_count": 0, "comments_count": 0, "attitudes_count": 0, "pending_approval_count": 0, "isLongText": false, "reward_exhibition_type": 0, "hide_flag": 0, "mlevel": 0, "darwin_tags": [], "mblogtype": 0, "more_info_type": 0, "cardid": "star_11247_common", "number_display_strategy": {"apply_scenario_flag": 3, "display_text_min_number": 1000000, "display_text": "100\u4e07+"}, "content_auth": 0, "repost_type": 1, "pic_num": 0, "alchemy_params": {"ug_red_envelope": false}, "raw_text": "\u8f6c\u53d1\u5fae\u535a", "bid": "IBuEQgcL8"}, {"visible": {"type": 0, "list_id": 0}, "created_at": "Thu Apr 02 17:56:42 +0800 2020", "id": "4489322700608051", "mid": "4489322700608051", "can_edit": false, "show_additional_indication": 0, "text": "//<a href='/n/\u5730\u74dc\u718a\u8001\u516d'>@\u5730\u74dc\u718a\u8001\u516d</a>:\u4f4f\u7684\u90fd\u662f\u5927\u6b3e\uff0c\u5bcc\u8c6a\u6392\u884c\u699c\u8fdb\u4e0d\u4e86\u524d100\u540d\uff0c\u90fd\u6ca1\u8d44\u683c\u4f4f\u91ce\u6218\u533b\u9662<span class=\"url-icon\"><img alt=[\u5141\u60b2] src=\"https://h5.sinaimg.cn/m/emoticon/icon/default/d_yunbei-a14a649db8.png\" style=\"width:1em; height:1em;\" /></span>//<a href='/n/QS\u8840\u9a91\u58eb---\u7fe1\u7fe02jgG'>@QS\u8840\u9a91\u58eb---\u7fe1\u7fe02jgG</a>:\u8bf7\u6ce8\u610f\uff0c\u4e2d\u592e\u516c\u56ed\u5468\u56f4\u4f4f\u4e86\u4ec0\u4e48\u4eba\uff0c\u4e3a\u5565\u5728\u8fd9\u513f\u5efa\u7b2c\u4e00\u4e2a\u91ce\u6218\u533b\u9662\uff1f\u91ce\u6218\u533b\u9662\u4e3a\u5565\u5efa\u5728\u5e02\u4e2d\u5fc3\uff1f", "source": "\u52aa\u6bd4\u4e9a\u7ea2\u9b54\u7535\u7ade\u624b\u673a", "favorited": false, "pic_ids": [], "pic_types": "", "is_paid": false, "mblog_vip_type": 0, "user": {"id": 5849202772, "screen_name": "shinyzero0729", "profile_image_url": "https://tvax1.sinaimg.cn/default/images/default_avatar_male_180.gif?KID=imgbed,tva&Expires=1619050433&ssig=Xov%2F50ndJr", "profile_url": "https://m.weibo.cn/u/5849202772?uid=5849202772", "statuses_count": 3831, "verified": false, "verified_type": -1, "close_blue_v": false, "description": "", "gender": "m", "mbtype": 12, "urank": 4, "mbrank": 6, "follow_me": false, "following": false, "followers_count": 94, "follow_count": 767, "cover_image_phone": "https://tva1.sinaimg.cn/crop.0.0.640.640.640/549d0121tw1egm1kjly3jj20hs0hsq4f.jpg", "avatar_hd": "https://ss1.sinaimg.cn/orj480/default_avatar_male_180&690", "like": false, "like_me": false, "badge": {"bind_taobao": 1, "unread_pool": 1, "unread_pool_ext": 1, "user_name_certificate": 1, "wenda_v2": 1, "hongbaofei_2019": 1, "china_2019": 1, "hongbao_2020": 2, "china_2020": 1, "hongbaofeifuniu_2021": 1, "hongbaofeijika_2021": 1}}, "pid": 4489270197196403, "pidstr": "4489270197196403", "reposts_count": 0, "comments_count": 0, "attitudes_count": 0, "pending_approval_count": 0, "isLongText": false, "reward_exhibition_type": 0, "hide_flag": 0, "mlevel": 0, "darwin_tags": [], "mblogtype": 0, "more_info_type": 0, "cardid": "star_112471262692", "number_display_strategy": {"apply_scenario_flag": 3, "display_text_min_number": 1000000, "display_text": "100\u4e07+"}, "content_auth": 0, "repost_type": 1, "pic_num": 0, "alchemy_params": {"ug_red_envelope": false}, "raw_text": "//@\u5730\u74dc\u718a\u8001\u516d:\u4f4f\u7684\u90fd\u662f\u5927\u6b3e\uff0c\u5bcc\u8c6a\u6392\u884c\u699c\u8fdb\u4e0d\u4e86\u524d100\u540d\uff0c\u90fd\u6ca1\u8d44\u683c\u4f4f\u91ce\u6218\u533b\u9662[\u5141\u60b2]//@QS\u8840\u9a91\u58eb---\u7fe1\u7fe02jgG:\u8bf7\u6ce8\u610f\uff0c\u4e2d\u592e\u516c\u56ed\u5468\u56f4\u4f4f\u4e86\u4ec0\u4e48\u4eba\uff0c\u4e3a\u5565\u5728\u8fd9\u513f\u5efa\u7b2c\u4e00\u4e2a\u91ce\u6218\u533b\u9662\uff1f\u91ce\u6218\u533b\u9662\u4e3a\u5565\u5efa\u5728\u5e02\u4e2d\u5fc3\uff1f", "bid": "IBtGS2ybh"}, {"visible": {"type": 0, "list_id": 0}, "created_at": "Thu Apr 02 17:03:06 +0800 2020", "id": "4489309216150767", "mid": "4489309216150767", "can_edit": false, "show_additional_indication": 0, "text": "\u8fd9\u4e2a\u8bc4\u8bba\u50cf\u662f\u53cd\u8bbd//<a href='/n/\u5730\u74dc\u718a\u8001\u516d'>@\u5730\u74dc\u718a\u8001\u516d</a>:\u8d22\u65b0\u7f51\u7cbe\u9009\u8bc4\u8bba<span class=\"url-icon\"><img alt=[\u5141\u60b2] src=\"https://h5.sinaimg.cn/m/emoticon/icon/default/d_yunbei-a14a649db8.png\" style=\"width:1em; height:1em;\" /></span>//<a href='/n/\u5434\u601d\u970fF'>@\u5434\u601d\u970fF</a>:\u4e0b\u9762\u7684\u7cbe\u9009\u8bc4\u8bba\u7b2c\u4e00\u4e2a\u662f\uff1a\u4f1f\u5927\u7684\u5de5\u7a0b\u3002<span class=\"url-icon\"><img alt=[\u4e8c\u54c8] src=\"https://h5.sinaimg.cn/m/emoticon/icon/others/d_erha-139d0e07bd.png\" style=\"width:1em; height:1em;\" /></span><span class=\"url-icon\"><img alt=[\u4e8c\u54c8] src=\"https://h5.sinaimg.cn/m/emoticon/icon/others/d_erha-139d0e07bd.png\" style=\"width:1em; height:1em;\" /></span><span class=\"url-icon\"><img alt=[\u4e8c\u54c8] src=\"https://h5.sinaimg.cn/m/emoticon/icon/others/d_erha-139d0e07bd.png\" style=\"width:1em; height:1em;\" /></span>", "source": "HUAWEI nova 3", "favorited": false, "pic_ids": [], "pic_types": "", "is_paid": false, "mblog_vip_type": 0, "user": {"id": 3777104225, "screen_name": "\u4e00\u5c31\u8fd9\u4e48\u6d3b\u7740\u4e00", "profile_image_url": "https://tvax1.sinaimg.cn/crop.0.0.996.996.180/e1220961ly8gcap0gtnblj20ro0rowfv.jpg?KID=imgbed,tva&Expires=1619050433&ssig=p5mEWPTITQ", "profile_url": "https://m.weibo.cn/u/3777104225?uid=3777104225", "statuses_count": 8446, "verified": false, "verified_type": -1, "close_blue_v": false, "description": "\u4f60\u6709\u4ec0\u4e48\u4f1f\u4e1a\uff1f\u4f60\u4ee5\u4e3a\u4f60\u662f\u8c01\uff1f\u4f60\u770b\u6211\u6015\u4e0d\u6015\u4f60\u4eec\uff1f\u6211\u8bb0\u5f55\u5728\u6848\uff0c\u7b49\u5f85\u4f60\u4eec\u9053\u6b49\u3002", "gender": "m", "mbtype": 0, "urank": 14, "mbrank": 0, "follow_me": false, "following": false, "followers_count": 541, "follow_count": 2059, "cover_image_phone": "https://tva1.sinaimg.cn/crop.0.0.640.640.640/549d0121tw1egm1kjly3jj20hs0hsq4f.jpg", "avatar_hd": "https://wx1.sinaimg.cn/orj480/e1220961ly8gcap0gtnblj20ro0rowfv.jpg", "like": false, "like_me": false, "badge": {"bind_taobao": 1, "unread_pool": 1, "unread_pool_ext": 1, "user_name_certificate": 1, "wenda_v2": 1, "national_day_2018": 1, "china_2019": 1, "hongkong_2019": 1, "macao_2019": 1, "china_2019_2": 1, "hongbao_2020": 2, "feiyan_2020": 1, "dailv_2020": 7, "hongrenjie_2020": 1, "china_2020": 1}}, "pid": 4489270481680233, "pidstr": "4489270481680233", "reposts_count": 2, "comments_count": 0, "attitudes_count": 0, "pending_approval_count": 0, "isLongText": false, "reward_exhibition_type": 0, "hide_flag": 0, "mlevel": 0, "darwin_tags": [], "mblogtype": 0, "more_info_type": 0, "number_display_strategy": {"apply_scenario_flag": 3, "display_text_min_number": 1000000, "display_text": "100\u4e07+"}, "content_auth": 0, "repost_type": 4, "pic_num": 0, "alchemy_params": {"ug_red_envelope": false}, "raw_text": "\u8fd9\u4e2a\u8bc4\u8bba\u50cf\u662f\u53cd\u8bbd//@\u5730\u74dc\u718a\u8001\u516d:\u8d22\u65b0\u7f51\u7cbe\u9009\u8bc4\u8bba[\u5141\u60b2]//@\u5434\u601d\u970fF:\u4e0b\u9762\u7684\u7cbe\u9009\u8bc4\u8bba\u7b2c\u4e00\u4e2a\u662f\uff1a\u4f1f\u5927\u7684\u5de5\u7a0b\u3002[\u4e8c\u54c8][\u4e8c\u54c8][\u4e8c\u54c8]", "bid": "IBtl7pO5V"}, {"visible": {"type": 0, "list_id": 0}, "created_at": "Thu Apr 02 16:41:21 +0800 2020", "id": "4489303743265560", "mid": "4489303743265560", "can_edit": false, "show_additional_indication": 0, "text": "//<a href='/n/\u5730\u74dc\u718a\u8001\u516d'>@\u5730\u74dc\u718a\u8001\u516d</a>:\u8d22\u65b0\u7f51\u7cbe\u9009\u8bc4\u8bba<span class=\"url-icon\"><img alt=[\u5141\u60b2] src=\"https://h5.sinaimg.cn/m/emoticon/icon/default/d_yunbei-a14a649db8.png\" style=\"width:1em; height:1em;\" /></span>//<a href='/n/\u5434\u601d\u970fF'>@\u5434\u601d\u970fF</a>:\u4e0b\u9762\u7684\u7cbe\u9009\u8bc4\u8bba\u7b2c\u4e00\u4e2a\u662f\uff1a\u4f1f\u5927\u7684\u5de5\u7a0b\u3002<span class=\"url-icon\"><img alt=[\u4e8c\u54c8] src=\"https://h5.sinaimg.cn/m/emoticon/icon/others/d_erha-139d0e07bd.png\" style=\"width:1em; height:1em;\" /></span><span class=\"url-icon\"><img alt=[\u4e8c\u54c8] src=\"https://h5.sinaimg.cn/m/emoticon/icon/others/d_erha-139d0e07bd.png\" style=\"width:1em; height:1em;\" /></span><span class=\"url-icon\"><img alt=[\u4e8c\u54c8] src=\"https://h5.sinaimg.cn/m/emoticon/icon/others/d_erha-139d0e07bd.png\" style=\"width:1em; height:1em;\" /></span>", "source": "\u8363\u800020 PRO", "favorited": false, "pic_ids": [], "pic_types": "", "is_paid": false, "mblog_vip_type": 0, "user": {"id": 1728901657, "screen_name": "\u5f90\u6d69\u4e1cTARDIS", "profile_image_url": "https://tvax3.sinaimg.cn/crop.0.0.1002.1002.180/670cf219ly8g6kkyntfjdj20ru0rujty.jpg?KID=imgbed,tva&Expires=1619050433&ssig=ZMpJ%2FZaqgF", "profile_url": "https://m.weibo.cn/u/1728901657?uid=1728901657", "statuses_count": 13132, "verified": false, "verified_type": 220, "close_blue_v": false, "description": "\u6444\u5f71\u5e08 \u6025\u4e8b\u7535\u8bdd \u4e0d\u6025\u5c31\u79c1\u4fe1", "gender": "m", "mbtype": 0, "urank": 27, "mbrank": 0, "follow_me": false, "following": false, "followers_count": 413, "follow_count": 241, "cover_image_phone": "https://tva1.sinaimg.cn/crop.0.0.640.640.640/549d0121tw1egm1kjly3jj20hs0hsq4f.jpg", "avatar_hd": "https://wx3.sinaimg.cn/orj480/670cf219ly8g6kkyntfjdj20ru0rujty.jpg", "like": false, "like_me": false, "badge": {"anniversary": 1, "bind_taobao": 1, "unread_pool": 1, "unread_pool_ext": 1, "dzwbqlx_2016": 1, "user_name_certificate": 1, "china_2019": 1, "hongkong_2019": 1, "dzwbqlx_2019": 1, "rrgyj_2019": 1, "gongjiri_2019": 1, "hongbao_2020": 2, "feiyan_2020": 1, "kangyi_2020": 1, "pc_new": 7, "china_2020": 1}}, "pid": 4489270481680233, "pidstr": "4489270481680233", "reposts_count": 0, "comments_count": 0, "attitudes_count": 0, "pending_approval_count": 0, "isLongText": false, "reward_exhibition_type": 0, "hide_flag": 0, "mlevel": 0, "darwin_tags": [], "mblogtype": 0, "more_info_type": 0, "cardid": "star_11247_common", "number_display_strategy": {"apply_scenario_flag": 3, "display_text_min_number": 1000000, "display_text": "100\u4e07+"}, "content_auth": 0, "repost_type": 1, "pic_num": 0, "alchemy_params": {"ug_red_envelope": false}, "raw_text": "//@\u5730\u74dc\u718a\u8001\u516d:\u8d22\u65b0\u7f51\u7cbe\u9009\u8bc4\u8bba[\u5141\u60b2]//@\u5434\u601d\u970fF:\u4e0b\u9762\u7684\u7cbe\u9009\u8bc4\u8bba\u7b2c\u4e00\u4e2a\u662f\uff1a\u4f1f\u5927\u7684\u5de5\u7a0b\u3002[\u4e8c\u54c8][\u4e8c\u54c8][\u4e8c\u54c8]", "bid": "IBtcidHwk"}, {"visible": {"type": 0, "list_id": 0}, "created_at": "Thu Apr 02 16:17:49 +0800 2020", "id": "4489297816647000", "mid": "4489297816647000", "can_edit": false, "show_additional_indication": 0, "text": "\u201c\u6211\u4eec\u91ce\u6218\u533b\u9662\u5efa\u597d\u4e86\uff0c\u4e00\u4e2a\u5c0f\u65f6\uff01\u6253\u7834\u4e2d\u56fd\u7684\u8bb0\u5f55\uff01\u201d\u201c\u53ef\u662f\u5b83\u4e3a\u4ec0\u4e48\u53ea\u6709\u4e00\u4e2a\u5e8a\u4f4d\uff1f\u4f60\u786e\u5b9a\u4e0d\u662f\u5728\u516c\u56ed\u642d\u4e2a\u5e10\u7bf7\u770b\u98ce\u666f\u5417\uff1f\u8fd8\u662f\u5355\u4eba\u7684\u3002\u201d\u201c\u6211\u4e0d\u7ba1\u6211\u4e0d\u7ba1\uff0c\u53cd\u6b63\u8fd9\u4e5f\u7b97\u4e00\u5ea7\u533b\u9662\uff0c\u6211\u5c31\u662f\u5efa\u6210\u4e86\uff0c\u5feb\u5938\u6211\uff01\u201d\u201c\u5367\u69fd\u597d\u4e0d\u8981\u8138\u201d", "source": "nova6 \u81ea\u62cd\u5927\u4e0d\u4e00\u6837", "favorited": false, "pic_ids": [], "pic_types": "", "is_paid": false, "mblog_vip_type": 0, "user": {"id": 5140368473, "screen_name": "\u827e\u4e3d\u4e1d\u7684\u4ed9\u955c", "profile_image_url": "https://tvax4.sinaimg.cn/crop.0.0.996.996.180/005BSsEVly8fisvwjyt8lj30ro0ro0tz.jpg?KID=imgbed,tva&Expires=1619050435&ssig=RyYd2un0kA", "profile_url": "https://m.weibo.cn/u/5140368473?uid=5140368473", "statuses_count": 45124, "verified": false, "verified_type": -1, "close_blue_v": false, "description": "\u72ec\u6765\u72ec\u5f80\uff0c\u4efb\u6027\u51b2\u6d6a\uff0c\u4e0d\u52a0\u7fa4\uff0c\u4e92\u5173\u968f\u7f18\u3002", "gender": "f", "mbtype": 12, "urank": 46, "mbrank": 7, "follow_me": false, "following": false, "followers_count": 1611, "follow_count": 540, "cover_image_phone": "https://wx1.sinaimg.cn/crop.0.0.640.640.640/005BSsEVgy1g1x8t4k3nfj30u00u0dod.jpg", "avatar_hd": "https://wx4.sinaimg.cn/orj480/005BSsEVly8fisvwjyt8lj30ro0ro0tz.jpg", "like": false, "like_me": false, "badge": {"bind_taobao": 1, "unread_pool": 1, "unread_pool_ext": 1, "dzwbqlx_2016": 1, "super_star_2017": 1, "panda": 1, "user_name_certificate": 1, "wenchuan_10th": 1, "super_star_2018": 1, "worldcup_2018": 34, "wenda_v2": 1, "dailv_2018": 1, "qixi_2018": 1, "wbzy_2018": 1, "suishoupai_2019": 1, "wusi_2019": 1, "hongrenjie_2019": 1, "china_2019": 1, "hongkong_2019": 1, "taohuayuan_2019": 1, "rrgyj_2019": 1, "wbzy_2019": 1, "gongjiri_2019": 1, "hongbao_2020": 3, "feiyan_2020": 1, "kangyi_2020": 1, "daka_2020": 1, "graduation_2020": 1, "dailv_2020": 1, "china_2020": 1, "hongbaofeifuniu_2021": 1, "hongbaofeijika_2021": 1}}, "reposts_count": 0, "comments_count": 0, "attitudes_count": 0, "pending_approval_count": 0, "isLongText": false, "reward_exhibition_type": 0, "hide_flag": 0, "mlevel": 0, "darwin_tags": [], "mblogtype": 0, "more_info_type": 0, "cardid": "star_1217", "number_display_strategy": {"apply_scenario_flag": 3, "display_text_min_number": 1000000, "display_text": "100\u4e07+"}, "content_auth": 0, "repost_type": 4, "pic_num": 0, "alchemy_params": {"ug_red_envelope": false}, "raw_text": "\u201c\u6211\u4eec\u91ce\u6218\u533b\u9662\u5efa\u597d\u4e86\uff0c\u4e00\u4e2a\u5c0f\u65f6\uff01\u6253\u7834\u4e2d\u56fd\u7684\u8bb0\u5f55\uff01\u201d\u201c\u53ef\u662f\u5b83\u4e3a\u4ec0\u4e48\u53ea\u6709\u4e00\u4e2a\u5e8a\u4f4d\uff1f\u4f60\u786e\u5b9a\u4e0d\u662f\u5728\u516c\u56ed\u642d\u4e2a\u5e10\u7bf7\u770b\u98ce\u666f\u5417\uff1f\u8fd8\u662f\u5355\u4eba\u7684\u3002\u201d\u201c\u6211\u4e0d\u7ba1\u6211\u4e0d\u7ba1\uff0c\u53cd\u6b63\u8fd9\u4e5f\u7b97\u4e00\u5ea7\u533b\u9662\uff0c\u6211\u5c31\u662f\u5efa\u6210\u4e86\uff0c\u5feb\u5938\u6211\uff01\u201d\u201c\u5367\u69fd\u597d\u4e0d\u8981\u8138\u201d", "bid": "IBt2JrTbG"}, {"visible": {"type": 0, "list_id": 0}, "created_at": "Thu Apr 02 15:12:13 +0800 2020", "id": "4489281307342553", "mid": "4489281307342553", "can_edit": false, "show_additional_indication": 0, "text": "//<a href='/n/\u5730\u74dc\u718a\u8001\u516d'>@\u5730\u74dc\u718a\u8001\u516d</a>:\u4f4f\u7684\u90fd\u662f\u5927\u6b3e\uff0c\u5bcc\u8c6a\u6392\u884c\u699c\u8fdb\u4e0d\u4e86\u524d100\u540d\uff0c\u90fd\u6ca1\u8d44\u683c\u4f4f\u91ce\u6218\u533b\u9662<span class=\"url-icon\"><img alt=[\u5141\u60b2] src=\"https://h5.sinaimg.cn/m/emoticon/icon/default/d_yunbei-a14a649db8.png\" style=\"width:1em; height:1em;\" /></span>//<a href='/n/QS\u8840\u9a91\u58eb---\u7fe1\u7fe02jgG'>@QS\u8840\u9a91\u58eb---\u7fe1\u7fe02jgG</a>:\u8bf7\u6ce8\u610f\uff0c\u4e2d\u592e\u516c\u56ed\u5468\u56f4\u4f4f\u4e86\u4ec0\u4e48\u4eba\uff0c\u4e3a\u5565\u5728\u8fd9\u513f\u5efa\u7b2c\u4e00\u4e2a\u91ce\u6218\u533b\u9662\uff1f\u91ce\u6218\u533b\u9662\u4e3a\u5565\u5efa\u5728\u5e02\u4e2d\u5fc3\uff1f", "source": "\u8363\u800020 PRO", "favorited": false, "pic_ids": [], "pic_types": "", "is_paid": false, "mblog_vip_type": 0, "user": {"id": 3199100421, "screen_name": "\u86ee\u4e0d\u9519\u7684\u561b", "profile_image_url": "https://tvax2.sinaimg.cn/crop.0.0.996.996.180/beae6605ly8glhymku5lrj20ro0roq45.jpg?KID=imgbed,tva&Expires=1619050435&ssig=JydMoHaeIO", "profile_url": "https://m.weibo.cn/u/3199100421?uid=3199100421", "statuses_count": 29724, "verified": false, "verified_type": -1, "close_blue_v": false, "description": "", "gender": "m", "mbtype": 0, "urank": 9, "mbrank": 0, "follow_me": false, "following": false, "followers_count": 152, "follow_count": 753, "cover_image_phone": "https://tva1.sinaimg.cn/crop.0.0.640.640.640/549d0121tw1egm1kjly3jj20hs0hsq4f.jpg", "avatar_hd": "https://wx2.sinaimg.cn/orj480/beae6605ly8glhymku5lrj20ro0roq45.jpg", "like": false, "like_me": false, "badge": {"unread_pool": 1, "unread_pool_ext": 1, "dzwbqlx_2016": 1, "user_name_certificate": 1, "wenda_v2": 1, "asiad_2018": 1, "national_day_2018": 1, "memorial_2018": 1, "hongbaofei_2019": 1, "womensday_2018": 1, "hongrenjie_2019": 1, "dailv_2019": 1, "china_2019": 1, "hongkong_2019": 1, "dzwbqlx_2019": 1, "rrgyj_2019": 1, "gongjiri_2019": 1, "hongbao_2020": 2, "feiyan_2020": 1, "hope_2020": 1, "kangyi_2020": 1, "dailv_2020": 1, "school_2020": 1, "hongrenjie_2020": 1, "china_2020": 1, "weibozhiye_2020": 1, "hongbaofeifuniu_2021": 1}}, "pid": 4489270197196403, "pidstr": "4489270197196403", "reposts_count": 0, "comments_count": 0, "attitudes_count": 0, "pending_approval_count": 0, "isLongText": false, "reward_exhibition_type": 0, "hide_flag": 0, "mlevel": 0, "darwin_tags": [], "mblogtype": 0, "more_info_type": 0, "cardid": "star_11247_common", "number_display_strategy": {"apply_scenario_flag": 3, "display_text_min_number": 1000000, "display_text": "100\u4e07+"}, "content_auth": 0, "repost_type": 1, "pic_num": 0, "alchemy_params": {"ug_red_envelope": false}, "raw_text": "//@\u5730\u74dc\u718a\u8001\u516d:\u4f4f\u7684\u90fd\u662f\u5927\u6b3e\uff0c\u5bcc\u8c6a\u6392\u884c\u699c\u8fdb\u4e0d\u4e86\u524d100\u540d\uff0c\u90fd\u6ca1\u8d44\u683c\u4f4f\u91ce\u6218\u533b\u9662[\u5141\u60b2]//@QS\u8840\u9a91\u58eb---\u7fe1\u7fe02jgG:\u8bf7\u6ce8\u610f\uff0c\u4e2d\u592e\u516c\u56ed\u5468\u56f4\u4f4f\u4e86\u4ec0\u4e48\u4eba\uff0c\u4e3a\u5565\u5728\u8fd9\u513f\u5efa\u7b2c\u4e00\u4e2a\u91ce\u6218\u533b\u9662\uff1f\u91ce\u6218\u533b\u9662\u4e3a\u5565\u5efa\u5728\u5e02\u4e2d\u5fc3\uff1f", "bid": "IBsC6uO8h"}, {"visible": {"type": 0, "list_id": 0}, "created_at": "Thu Apr 02 15:00:10 +0800 2020", "id": "4489278274969259", "mid": "4489278274969259", "can_edit": false, "show_additional_indication": 0, "text": "//<a href='/n/\u5730\u74dc\u718a\u8001\u516d'>@\u5730\u74dc\u718a\u8001\u516d</a>:\u4f4f\u7684\u90fd\u662f\u5927\u6b3e\uff0c\u5bcc\u8c6a\u6392\u884c\u699c\u8fdb\u4e0d\u4e86\u524d100\u540d\uff0c\u90fd\u6ca1\u8d44\u683c\u4f4f\u91ce\u6218\u533b\u9662<span class=\"url-icon\"><img alt=[\u5141\u60b2] src=\"https://h5.sinaimg.cn/m/emoticon/icon/default/d_yunbei-a14a649db8.png\" style=\"width:1em; height:1em;\" /></span>//<a href='/n/QS\u8840\u9a91\u58eb---\u7fe1\u7fe02jgG'>@QS\u8840\u9a91\u58eb---\u7fe1\u7fe02jgG</a>:\u8bf7\u6ce8\u610f\uff0c\u4e2d\u592e\u516c\u56ed\u5468\u56f4\u4f4f\u4e86\u4ec0\u4e48\u4eba\uff0c\u4e3a\u5565\u5728\u8fd9\u513f\u5efa\u7b2c\u4e00\u4e2a\u91ce\u6218\u533b\u9662\uff1f\u91ce\u6218\u533b\u9662\u4e3a\u5565\u5efa\u5728\u5e02\u4e2d\u5fc3\uff1f", "source": "Android", "favorited": false, "pic_ids": [], "pic_types": "", "is_paid": false, "mblog_vip_type": 0, "user": {"id": 6155672774, "screen_name": "loop11032018", "profile_image_url": "https://tvax2.sinaimg.cn/crop.0.0.1002.1002.180/006IAzGKly8fwcxxzevtfj30ru0rudh5.jpg?KID=imgbed,tva&Expires=1619050435&ssig=a4DnKJC29Y", "profile_url": "https://m.weibo.cn/u/6155672774?uid=6155672774", "statuses_count": 6572, "verified": false, "verified_type": -1, "close_blue_v": false, "description": "\u8981\u4e48\u5eb8\u4fd7\uff0c\u8981\u4e48\u5b64\u72ec\u3002", "gender": "m", "mbtype": 0, "urank": 9, "mbrank": 0, "follow_me": false, "following": false, "followers_count": 47, "follow_count": 850, "cover_image_phone": "https://tva1.sinaimg.cn/crop.0.0.640.640.640/549d0121tw1egm1kjly3jj20hs0hsq4f.jpg", "avatar_hd": "https://wx2.sinaimg.cn/orj480/006IAzGKly8fwcxxzevtfj30ru0rudh5.jpg", "like": false, "like_me": false, "badge": {"bind_taobao": 1, "user_name_certificate": 1, "hongrenjie_2019": 1, "china_2019": 1, "hongkong_2019": 1, "dzwbqlx_2019": 1, "hongbao_2020": 2, "feiyan_2020": 1, "pc_new": 7, "dailv_2020": 1, "vpick_2020": 1, "hongrenjie_2020": 1}}, "pid": 4489270197196403, "pidstr": "4489270197196403", "reposts_count": 0, "comments_count": 0, "attitudes_count": 0, "pending_approval_count": 0, "isLongText": false, "reward_exhibition_type": 0, "hide_flag": 0, "mlevel": 0, "darwin_tags": [], "mblogtype": 0, "more_info_type": 0, "cardid": "star_11247_common", "number_display_strategy": {"apply_scenario_flag": 3, "display_text_min_number": 1000000, "display_text": "100\u4e07+"}, "content_auth": 0, "repost_type": 1, "pic_num": 0, "alchemy_params": {"ug_red_envelope": false}, "raw_text": "//@\u5730\u74dc\u718a\u8001\u516d:\u4f4f\u7684\u90fd\u662f\u5927\u6b3e\uff0c\u5bcc\u8c6a\u6392\u884c\u699c\u8fdb\u4e0d\u4e86\u524d100\u540d\uff0c\u90fd\u6ca1\u8d44\u683c\u4f4f\u91ce\u6218\u533b\u9662[\u5141\u60b2]//@QS\u8840\u9a91\u58eb---\u7fe1\u7fe02jgG:\u8bf7\u6ce8\u610f\uff0c\u4e2d\u592e\u516c\u56ed\u5468\u56f4\u4f4f\u4e86\u4ec0\u4e48\u4eba\uff0c\u4e3a\u5565\u5728\u8fd9\u513f\u5efa\u7b2c\u4e00\u4e2a\u91ce\u6218\u533b\u9662\uff1f\u91ce\u6218\u533b\u9662\u4e3a\u5565\u5efa\u5728\u5e02\u4e2d\u5fc3\uff1f", "bid": "IBsxdkQJl"}, {"visible": {"type": 0, "list_id": 0}, "created_at": "Thu Apr 02 14:55:22 +0800 2020", "id": "4489277071284397", "mid": "4489277071284397", "can_edit": false, "show_additional_indication": 0, "text": "\u6bd5\u7adf\u53ea\u670968\u4e2a\u5e8a\u4f4d<span class=\"url-icon\"><img alt=[\u4e8c\u54c8] src=\"https://h5.sinaimg.cn/m/emoticon/icon/others/d_erha-139d0e07bd.png\" style=\"width:1em; height:1em;\" /></span>//<a href='/n/\u5730\u74dc\u718a\u8001\u516d'>@\u5730\u74dc\u718a\u8001\u516d</a>:\u4f4f\u7684\u90fd\u662f\u5927\u6b3e\uff0c\u5bcc\u8c6a\u6392\u884c\u699c\u8fdb\u4e0d\u4e86\u524d100\u540d\uff0c\u90fd\u6ca1\u8d44\u683c\u4f4f\u91ce\u6218\u533b\u9662<span class=\"url-icon\"><img alt=[\u5141\u60b2] src=\"https://h5.sinaimg.cn/m/emoticon/icon/default/d_yunbei-a14a649db8.png\" style=\"width:1em; height:1em;\" /></span>//<a href='/n/QS\u8840\u9a91\u58eb---\u7fe1\u7fe02jgG'>@QS\u8840\u9a91\u58eb---\u7fe1\u7fe02jgG</a>:\u8bf7\u6ce8\u610f\uff0c\u4e2d\u592e\u516c\u56ed\u5468\u56f4\u4f4f\u4e86\u4ec0\u4e48\u4eba\uff0c\u4e3a\u5565\u5728\u8fd9\u513f\u5efa\u7b2c\u4e00\u4e2a\u91ce\u6218\u533b\u9662\uff1f\u91ce\u6218\u533b\u9662\u4e3a\u5565\u5efa\u5728\u5e02\u4e2d\u5fc3\uff1f", "source": "iPhone\u5ba2\u6237\u7aef", "favorited": false, "pic_ids": [], "pic_types": "", "is_paid": false, "mblog_vip_type": 0, "user": {"id": 5400423880, "screen_name": "\u6211\u5c31\u60f3\u6d88\u5931\u5728\u832b\u832b\u5927\u6d77\u4e2d", "profile_image_url": "https://tvax1.sinaimg.cn/crop.0.0.512.512.180/005TtCWYly8gomin1ubyij30e80e8t96.jpg?KID=imgbed,tva&Expires=1619050437&ssig=Kehfs5FgIK", "profile_url": "https://m.weibo.cn/u/5400423880?uid=5400423880", "statuses_count": 6193, "verified": false, "verified_type": -1, "close_blue_v": false, "description": "\u8fd9\u5c31\u662f\u8ffd\u661f\u5410\u69fd\u5c0f\u53f7\uff0c\u4e0d\u662f\u6211\u5173\u6ce8\u7684\u4eba\u8bf7\u4e0d\u8981\u5173\u6ce8\u6211\uff0c\u8c22\u8c22\u5408\u4f5c", "gender": "m", "mbtype": 0, "urank": 14, "mbrank": 0, "follow_me": false, "following": false, "followers_count": 205, "follow_count": 548, "cover_image_phone": "https://tva1.sinaimg.cn/crop.0.0.640.640.640/549d0121tw1egm1kjly3jj20hs0hsq4f.jpg", "avatar_hd": "https://wx1.sinaimg.cn/orj480/005TtCWYly8gomin1ubyij30e80e8t96.jpg", "like": false, "like_me": false, "badge": {"bind_taobao": 1, "unread_pool": 1, "unread_pool_ext": 1, "dzwbqlx_2016": 1, "user_name_certificate": 1, "qixi_2018": 1, "double11_2018": 1, "hongbaofei_2019": 1, "denglong_2019": 1, "china_2019": 1, "hongkong_2019": 1, "taohuayuan_2019": 1, "dzwbqlx_2019": 2, "hongbao_2020": 2, "feiyan_2020": 1, "china_2020": 1, "weibozhiye_2020": 1, "hongbaofeijika_2021": 1}}, "pid": 4489270197196403, "pidstr": "4489270197196403", "reposts_count": 0, "comments_count": 0, "attitudes_count": 0, "pending_approval_count": 0, "isLongText": false, "reward_exhibition_type": 0, "hide_flag": 0, "mlevel": 0, "darwin_tags": [], "mblogtype": 0, "more_info_type": 0, "number_display_strategy": {"apply_scenario_flag": 3, "display_text_min_number": 1000000, "display_text": "100\u4e07+"}, "content_auth": 0, "repost_type": 4, "pic_num": 0, "alchemy_params": {"ug_red_envelope": false}, "raw_text": "\u6bd5\u7adf\u53ea\u670968\u4e2a\u5e8a\u4f4d[\u4e8c\u54c8]//@\u5730\u74dc\u718a\u8001\u516d:\u4f4f\u7684\u90fd\u662f\u5927\u6b3e\uff0c\u5bcc\u8c6a\u6392\u884c\u699c\u8fdb\u4e0d\u4e86\u524d100\u540d\uff0c\u90fd\u6ca1\u8d44\u683c\u4f4f\u91ce\u6218\u533b\u9662[\u5141\u60b2]//@QS\u8840\u9a91\u58eb---\u7fe1\u7fe02jgG:\u8bf7\u6ce8\u610f\uff0c\u4e2d\u592e\u516c\u56ed\u5468\u56f4\u4f4f\u4e86\u4ec0\u4e48\u4eba\uff0c\u4e3a\u5565\u5728\u8fd9\u513f\u5efa\u7b2c\u4e00\u4e2a\u91ce\u6218\u533b\u9662\uff1f\u91ce\u6218\u533b\u9662\u4e3a\u5565\u5efa\u5728\u5e02\u4e2d\u5fc3\uff1f", "bid": "IBsvh5o85"}, {"visible": {"type": 0, "list_id": 0}, "created_at": "Thu Apr 02 14:53:15 +0800 2020", "id": "4489276533955570", "mid": "4489276533955570", "can_edit": false, "show_additional_indication": 0, "text": "//<a href='/n/\u5730\u74dc\u718a\u8001\u516d'>@\u5730\u74dc\u718a\u8001\u516d</a>:\u4f4f\u7684\u90fd\u662f\u5927\u6b3e\uff0c\u5bcc\u8c6a\u6392\u884c\u699c\u8fdb\u4e0d\u4e86\u524d100\u540d\uff0c\u90fd\u6ca1\u8d44\u683c\u4f4f\u91ce\u6218\u533b\u9662<span class=\"url-icon\"><img alt=[\u5141\u60b2] src=\"https://h5.sinaimg.cn/m/emoticon/icon/default/d_yunbei-a14a649db8.png\" style=\"width:1em; height:1em;\" /></span>//<a href='/n/QS\u8840\u9a91\u58eb---\u7fe1\u7fe02jgG'>@QS\u8840\u9a91\u58eb---\u7fe1\u7fe02jgG</a>:\u8bf7\u6ce8\u610f\uff0c\u4e2d\u592e\u516c\u56ed\u5468\u56f4\u4f4f\u4e86\u4ec0\u4e48\u4eba\uff0c\u4e3a\u5565\u5728\u8fd9\u513f\u5efa\u7b2c\u4e00\u4e2a\u91ce\u6218\u533b\u9662\uff1f\u91ce\u6218\u533b\u9662\u4e3a\u5565\u5efa\u5728\u5e02\u4e2d\u5fc3\uff1f", "source": "MEIZU 15 \u00b7 \u96d5\u523b\u65f6\u5149", "favorited": false, "pic_ids": [], "pic_types": "", "is_paid": false, "mblog_vip_type": 0, "user": {"id": 1982030263, "screen_name": "fire12345", "profile_image_url": "https://tva4.sinaimg.cn/crop.0.0.180.180.180/762361b7jw1e8qgp5bmzyj2050050aa8.jpg?KID=imgbed,tva&Expires=1619050437&ssig=thf1BVoi36", "profile_url": "https://m.weibo.cn/u/1982030263?uid=1982030263", "statuses_count": 4716, "verified": false, "verified_type": -1, "close_blue_v": false, "description": "", "gender": "m", "mbtype": 0, "urank": 14, "mbrank": 0, "follow_me": false, "following": false, "followers_count": 441, "follow_count": 4317, "cover_image_phone": "https://tva1.sinaimg.cn/crop.0.0.640.640.640/549d0121tw1egm1kjly3jj20hs0hsq4f.jpg", "avatar_hd": "https://ww4.sinaimg.cn/orj480/762361b7jw1e8qgp5bmzyj2050050aa8.jpg", "like": false, "like_me": false, "badge": {"bind_taobao": 1, "unread_pool": 1, "vip_activity2": 1, "unread_pool_ext": 1, "user_name_certificate": 1, "hongbaofei_2019": 1, "hongrenjie_2019": 1, "hongbao_2020": 2, "dailv_2020": 1, "hongbaofeifuniu_2021": 1, "hongbaofeijika_2021": 1}}, "pid": 4489270197196403, "pidstr": "4489270197196403", "reposts_count": 0, "comments_count": 0, "attitudes_count": 0, "pending_approval_count": 0, "isLongText": false, "reward_exhibition_type": 0, "hide_flag": 0, "mlevel": 0, "darwin_tags": [], "mblogtype": 0, "more_info_type": 0, "number_display_strategy": {"apply_scenario_flag": 3, "display_text_min_number": 1000000, "display_text": "100\u4e07+"}, "content_auth": 0, "repost_type": 1, "pic_num": 0, "alchemy_params": {"ug_red_envelope": false}, "raw_text": "//@\u5730\u74dc\u718a\u8001\u516d:\u4f4f\u7684\u90fd\u662f\u5927\u6b3e\uff0c\u5bcc\u8c6a\u6392\u884c\u699c\u8fdb\u4e0d\u4e86\u524d100\u540d\uff0c\u90fd\u6ca1\u8d44\u683c\u4f4f\u91ce\u6218\u533b\u9662[\u5141\u60b2]//@QS\u8840\u9a91\u58eb---\u7fe1\u7fe02jgG:\u8bf7\u6ce8\u610f\uff0c\u4e2d\u592e\u516c\u56ed\u5468\u56f4\u4f4f\u4e86\u4ec0\u4e48\u4eba\uff0c\u4e3a\u5565\u5728\u8fd9\u513f\u5efa\u7b2c\u4e00\u4e2a\u91ce\u6218\u533b\u9662\uff1f\u91ce\u6218\u533b\u9662\u4e3a\u5565\u5efa\u5728\u5e02\u4e2d\u5fc3\uff1f", "bid": "IBsupgB1w"}, {"visible": {"type": 0, "list_id": 0}, "created_at": "Thu Apr 02 14:53:09 +0800 2020", "id": "4489276513549649", "mid": "4489276513549649", "can_edit": false, "show_additional_indication": 0, "text": "//<a href='/n/\u80a5\u732b\u54aa-\u54aa'>@\u80a5\u732b\u54aa-\u54aa</a>:\u8d22\u65b0\uff0c\u4e09\u8054\uff0c\u6f8e\u6e43\u8fd9\u4e24\u5929\u548b\u4e0d\u8df3\u51fa\u6765\u4e86<span class=\"url-icon\"><img alt=[\u9634\u9669] src=\"https://h5.sinaimg.cn/m/emoticon/icon/default/d_yinxian-e47eb7711d.png\" style=\"width:1em; height:1em;\" /></span>", "source": "Android", "favorited": false, "pic_ids": [], "pic_types": "", "is_paid": false, "mblog_vip_type": 0, "user": {"id": 2150786223, "screen_name": "\u671b\u5904_\u96e8\u6536\u4e91\u65ad", "profile_image_url": "https://tvax1.sinaimg.cn/crop.0.0.664.664.180/803264afly8gnx7wyvndnj20ig0ig0tr.jpg?KID=imgbed,tva&Expires=1619050437&ssig=jEUJ%2BDyFwa", "profile_url": "https://m.weibo.cn/u/2150786223?uid=2150786223", "statuses_count": 4111, "verified": false, "verified_type": -1, "close_blue_v": false, "description": "", "gender": "m", "mbtype": 0, "urank": 26, "mbrank": 0, "follow_me": false, "following": false, "followers_count": 181, "follow_count": 307, "cover_image_phone": "https://tva1.sinaimg.cn/crop.0.0.640.640.640/549d0121tw1egm1kjly3jj20hs0hsq4f.jpg", "avatar_hd": "https://wx1.sinaimg.cn/orj480/803264afly8gnx7wyvndnj20ig0ig0tr.jpg", "like": false, "like_me": false, "badge": {"bind_taobao": 1, "unread_pool": 1, "unread_pool_ext": 1, "user_name_certificate": 1, "wenda_v2": 1, "double11_2018": 1, "hongrenjie_2019": 1, "china_2019": 1, "starlight_2019": 1, "gongjiri_2019": 1, "hongbao_2020": 2, "feiyan_2020": 1, "kangyi_2020": 1, "dailv_2020": 1, "vpick_2020": 1, "weibozhiye_2020": 1, "hongbaofeifuniu_2021": 1, "hongbaofeijika_2021": 1, "nihaoshenghuojie_2021": 1}}, "pid": 4489270481680233, "pidstr": "4489270481680233", "reposts_count": 0, "comments_count": 0, "attitudes_count": 0, "pending_approval_count": 0, "isLongText": false, "reward_exhibition_type": 0, "hide_flag": 0, "mlevel": 0, "darwin_tags": [], "mblogtype": 0, "more_info_type": 0, "cardid": "star_11247_common", "number_display_strategy": {"apply_scenario_flag": 3, "display_text_min_number": 1000000, "display_text": "100\u4e07+"}, "content_auth": 0, "repost_type": 5, "pic_num": 0, "alchemy_params": {"ug_red_envelope": false}, "raw_text": "//@\u80a5\u732b\u54aa-\u54aa:\u8d22\u65b0\uff0c\u4e09\u8054\uff0c\u6f8e\u6e43\u8fd9\u4e24\u5929\u548b\u4e0d\u8df3\u51fa\u6765\u4e86[\u9634\u9669]", "bid": "IBsuneTqp"}, {"visible": {"type": 0, "list_id": 0}, "created_at": "Thu Apr 02 14:47:38 +0800 2020", "id": "4489275120293206", "mid": "4489275120293206", "can_edit": false, "show_additional_indication": 0, "text": "\uff01//<a href='/n/\u7231\u82cfIrene\u55b5'>@\u7231\u82cfIrene\u55b5</a> ://<a href='/n/\u5730\u74dc\u718a\u8001\u516d'>@\u5730\u74dc\u718a\u8001\u516d</a> :\u4f4f\u7684\u90fd\u662f\u5927\u6b3e\uff0c\u5bcc\u8c6a\u6392\u884c\u699c\u8fdb\u4e0d\u4e86\u524d100\u540d\uff0c\u90fd\u6ca1\u8d44\u683c\u4f4f\u91ce\u6218\u533b\u9662<span class=\"url-icon\"><img alt=[\u5141\u60b2] src=\"https://h5.sinaimg.cn/m/emoticon/icon/default/d_yunbei-a14a649db8.png\" style=\"width:1em; height:1em;\" /></span>//<a href='/n/QS\u8840\u9a91\u58eb---\u7fe1\u7fe02jgG'>@QS\u8840\u9a91\u58eb---\u7fe1\u7fe02jgG</a> :\u8bf7\u6ce8\u610f\uff0c\u4e2d\u592e\u516c\u56ed\u5468\u56f4\u4f4f\u4e86\u4ec0\u4e48\u4eba\uff0c\u4e3a\u5565\u5728\u8fd9\u513f\u5efa\u7b2c\u4e00\u4e2a\u91ce\u6218\u533b\u9662\uff1f\u91ce\u6218\u533b\u9662\u4e3a\u5565\u5efa\u5728\u5e02\u4e2d\u5fc3\uff1f", "source": "\u5fae\u535a\u56fd\u9645\u7248", "favorited": false, "pic_ids": [], "pic_types": "", "is_paid": false, "mblog_vip_type": 0, "user": {"id": 1844296474, "screen_name": "\u718a\u732b\u963fB0", "profile_image_url": "https://tvax1.sinaimg.cn/crop.0.0.375.375.180/6dedbb1aly8gieshh8un1j20af0af0uy.jpg?KID=imgbed,tva&Expires=1619050437&ssig=hpf7aG%2BO32", "profile_url": "https://m.weibo.cn/u/1844296474?uid=1844296474", "statuses_count": 113401, "verified": false, "verified_type": -1, "close_blue_v": false, "description": "\u51c6\u5907\u6362\u5c0f\u53f7\u4e86\u8bf7\u52ff\u5173\u6ce8\u6b64\u8d26\u53f7 | RA | \u6536\u5230\u7684\u8bc4\u8bba\u5927\u591a\u4f1a\u88ab\u5939\uff0c\u53ea\u56de\u6ca1\u88ab\u5939\u7684\u8bc4\u8bba\u3002\u6709\u4e8b\u6700\u597d\u8fd8\u662f\u8f6c\u53d1\u8bc4\u8bba\u79c1\u4fe1\u4e09\u8def\u4e00\u8d77\u8bf4", "gender": "m", "mbtype": 0, "urank": 47, "mbrank": 0, "follow_me": false, "following": false, "followers_count": 3635, "follow_count": 1647, "cover_image_phone": "https://tva1.sinaimg.cn/crop.0.0.640.640.640/549d0121tw1egm1kjly3jj20hs0hsq4f.jpg", "avatar_hd": "https://wx1.sinaimg.cn/orj480/6dedbb1aly8gieshh8un1j20af0af0uy.jpg", "like": false, "like_me": false, "badge": {"anniversary": 1, "gongyi": 1, "unread_pool": 1, "unread_pool_ext": 1, "dzwbqlx_2016": 1, "follow_whitelist_video": 1, "user_name_certificate": 1, "wenchuan_10th": 1, "dailv_2018": 4, "qixi_2018": 1, "hongbaofei_2019": 1, "wusi_2019": 1, "china_2019": 1, "gongjiri_2019": 1, "macao_2019": 1, "china_2019_2": 1, "hongbao_2020": 2, "feiyan_2020": 1, "dailv_2020": 1, "school_2020": 1, "hongrenjie_2020": 1, "weibozhiyexianxia_2021": 1}}, "pid": 4489274978118579, "pidstr": "4489274978118579", "reposts_count": 0, "comments_count": 0, "attitudes_count": 0, "pending_approval_count": 0, "isLongText": false, "reward_exhibition_type": 0, "hide_flag": 0, "mlevel": 0, "darwin_tags": [], "mblogtype": 0, "more_info_type": 0, "number_display_strategy": {"apply_scenario_flag": 3, "display_text_min_number": 1000000, "display_text": "100\u4e07+"}, "content_auth": 0, "safe_tags": 64, "repost_type": 1, "pic_num": 0, "alchemy_params": {"ug_red_envelope": false}, "raw_text": "\uff01//@\u7231\u82cfIrene\u55b5 ://@\u5730\u74dc\u718a\u8001\u516d :\u4f4f\u7684\u90fd\u662f\u5927\u6b3e\uff0c\u5bcc\u8c6a\u6392\u884c\u699c\u8fdb\u4e0d\u4e86\u524d100\u540d\uff0c\u90fd\u6ca1\u8d44\u683c\u4f4f\u91ce\u6218\u533b\u9662[\u5141\u60b2]//@QS\u8840\u9a91\u58eb---\u7fe1\u7fe02jgG :\u8bf7\u6ce8\u610f\uff0c\u4e2d\u592e\u516c\u56ed\u5468\u56f4\u4f4f\u4e86\u4ec0\u4e48\u4eba\uff0c\u4e3a\u5565\u5728\u8fd9\u513f\u5efa\u7b2c\u4e00\u4e2a\u91ce\u6218\u533b\u9662\uff1f\u91ce\u6218\u533b\u9662\u4e3a\u5565\u5efa\u5728\u5e02\u4e2d\u5fc3\uff1f", "bid": "IBss81eh8"}, {"visible": {"type": 0, "list_id": 0}, "created_at": "Thu Apr 02 14:43:41 +0800 2020", "id": "4489274130702873", "mid": "4489274130702873", "can_edit": false, "show_additional_indication": 0, "text": "//<a href='/n/\u5730\u74dc\u718a\u8001\u516d'>@\u5730\u74dc\u718a\u8001\u516d</a>:\u8d22\u65b0\u7f51\u7cbe\u9009\u8bc4\u8bba<span class=\"url-icon\"><img alt=[\u5141\u60b2] src=\"https://h5.sinaimg.cn/m/emoticon/icon/default/d_yunbei-a14a649db8.png\" style=\"width:1em; height:1em;\" /></span>//<a href='/n/\u5434\u601d\u970fF'>@\u5434\u601d\u970fF</a>:\u4e0b\u9762\u7684\u7cbe\u9009\u8bc4\u8bba\u7b2c\u4e00\u4e2a\u662f\uff1a\u4f1f\u5927\u7684\u5de5\u7a0b\u3002<span class=\"url-icon\"><img alt=[\u4e8c\u54c8] src=\"https://h5.sinaimg.cn/m/emoticon/icon/others/d_erha-139d0e07bd.png\" style=\"width:1em; height:1em;\" /></span><span class=\"url-icon\"><img alt=[\u4e8c\u54c8] src=\"https://h5.sinaimg.cn/m/emoticon/icon/others/d_erha-139d0e07bd.png\" style=\"width:1em; height:1em;\" /></span><span class=\"url-icon\"><img alt=[\u4e8c\u54c8] src=\"https://h5.sinaimg.cn/m/emoticon/icon/others/d_erha-139d0e07bd.png\" style=\"width:1em; height:1em;\" /></span>", "source": "\u5c0f\u7c73Note 3 \u62cd\u4eba\u66f4\u7f8e", "favorited": false, "pic_ids": [], "pic_types": "", "is_paid": false, "mblog_vip_type": 0, "user": {"id": 1909316141, "screen_name": "\u4e16\u754c\u6bcf\u5929\u8d70\u5411\u524d", "profile_image_url": "https://tvax2.sinaimg.cn/crop.0.0.1002.1002.180/71cdda2dly8gdi798a64sj20ru0rujtq.jpg?KID=imgbed,tva&Expires=1619050437&ssig=F73Gym4SrX", "profile_url": "https://m.weibo.cn/u/1909316141?uid=1909316141", "statuses_count": 2672, "verified": false, "verified_type": -1, "close_blue_v": false, "description": "\u4e00\u591c\u5431\u79cb", "gender": "m", "mbtype": 2, "urank": 14, "mbrank": 1, "follow_me": false, "following": false, "followers_count": 141, "follow_count": 879, "cover_image_phone": "https://tva1.sinaimg.cn/crop.0.0.640.640.640/549d0121tw1egm1kjly3jj20hs0hsq4f.jpg", "avatar_hd": "https://wx2.sinaimg.cn/orj480/71cdda2dly8gdi798a64sj20ru0rujtq.jpg", "like": false, "like_me": false, "badge": {"bind_taobao": 1, "unread_pool": 1, "vip_activity2": 1, "unread_pool_ext": 1, "dzwbqlx_2016": 1, "travel_2017": 1, "panda": 1, "user_name_certificate": 1, "qixi_2018": 1, "double11_2018": 1, "wbzy_2018": 1, "hongbaofei_2019": 1, "fu_2019": 1, "suishoupai_2019": 2, "dailv_2019": 1, "china_2019": 1, "hongkong_2019": 1, "shuang11_2019": 1, "gongjiri_2019": 1, "macao_2019": 1, "china_2019_2": 1, "hongbao_2020": 3, "school_2020": 1, "china_2020": 1, "weibozhiye_2020": 1, "hongbaofeifuniu_2021": 2, "hongbaofeijika_2021": 1}}, "pid": 4489270481680233, "pidstr": "4489270481680233", "reposts_count": 0, "comments_count": 0, "attitudes_count": 0, "pending_approval_count": 0, "isLongText": false, "reward_exhibition_type": 0, "hide_flag": 0, "mlevel": 0, "darwin_tags": [], "mblogtype": 0, "more_info_type": 0, "cardid": "star_11247_common", "number_display_strategy": {"apply_scenario_flag": 3, "display_text_min_number": 1000000, "display_text": "100\u4e07+"}, "content_auth": 0, "repost_type": 1, "pic_num": 0, "alchemy_params": {"ug_red_envelope": false}, "raw_text": "//@\u5730\u74dc\u718a\u8001\u516d:\u8d22\u65b0\u7f51\u7cbe\u9009\u8bc4\u8bba[\u5141\u60b2]//@\u5434\u601d\u970fF:\u4e0b\u9762\u7684\u7cbe\u9009\u8bc4\u8bba\u7b2c\u4e00\u4e2a\u662f\uff1a\u4f1f\u5927\u7684\u5de5\u7a0b\u3002[\u4e8c\u54c8][\u4e8c\u54c8][\u4e8c\u54c8]", "bid": "IBsqx2WQF"}, {"visible": {"type": 0, "list_id": 0}, "created_at": "Thu Apr 02 14:43:32 +0800 2020", "id": "4489274093551606", "mid": "4489274093551606", "can_edit": false, "show_additional_indication": 0, "text": "\u591a\u65742\u5f20\u51d1\u4e2a70\u518d\u5439\u4f1f\u5927//<a href='/n/bygx14'>@bygx14</a>://<a href='/n/\u5730\u74dc\u718a\u8001\u516d'>@\u5730\u74dc\u718a\u8001\u516d</a>:\u8d22\u65b0\u7f51\u7cbe\u9009\u8bc4\u8bba<span class=\"url-icon\"><img alt=[\u5141\u60b2] src=\"https://h5.sinaimg.cn/m/emoticon/icon/default/d_yunbei-a14a649db8.png\" style=\"width:1em; height:1em;\" /></span>//<a href='/n/\u5434\u601d\u970fF'>@\u5434\u601d\u970fF</a>:\u4e0b\u9762\u7684\u7cbe\u9009\u8bc4\u8bba\u7b2c\u4e00\u4e2a\u662f\uff1a\u4f1f\u5927\u7684\u5de5\u7a0b\u3002<span class=\"url-icon\"><img alt=[\u4e8c\u54c8] src=\"https://h5.sinaimg.cn/m/emoticon/icon/others/d_erha-139d0e07bd.png\" style=\"width:1em; height:1em;\" /></span><span class=\"url-icon\"><img alt=[\u4e8c\u54c8] src=\"https://h5.sinaimg.cn/m/emoticon/icon/others/d_erha-139d0e07bd.png\" style=\"width:1em; height:1em;\" /></span><span class=\"url-icon\"><img alt=[\u4e8c\u54c8] src=\"https://h5.sinaimg.cn/m/emoticon/icon/others/d_erha-139d0e07bd.png\" style=\"width:1em; height:1em;\" /></span>", "source": "iPhone\u5ba2\u6237\u7aef", "favorited": false, "pic_ids": [], "pic_types": "", "is_paid": false, "mblog_vip_type": 0, "user": {"id": 1463417661, "screen_name": "\u75f4\u80a5\u5c0f\u897f\u74dc", "profile_image_url": "https://tva4.sinaimg.cn/crop.25.7.298.298.180/5739fb3djw1e6wurbl5ycj20910aaq3c.jpg?KID=imgbed,tva&Expires=1619050437&ssig=%2BS2TOi845j", "profile_url": "https://m.weibo.cn/u/1463417661?uid=1463417661", "statuses_count": 6735, "verified": false, "verified_type": -1, "close_blue_v": false, "description": "\u65b0\u751f\u4ee3\u56f4\u8116\u5927\u5e08", "gender": "f", "mbtype": 0, "urank": 40, "mbrank": 0, "follow_me": false, "following": false, "followers_count": 258, "follow_count": 1044, "cover_image_phone": "https://tva1.sinaimg.cn/crop.0.0.640.640.640/549d0121tw1egm1kjly3jj20hs0hsq4f.jpg", "avatar_hd": "https://ww4.sinaimg.cn/orj480/5739fb3djw1e6wurbl5ycj20910aaq3c.jpg", "like": false, "like_me": false, "badge": {"bind_taobao": 1, "zongyiji": 1, "unread_pool": 1, "unread_pool_ext": 1, "dzwbqlx_2016": 1, "user_name_certificate": 1, "wenchuan_10th": 1, "qixi_2018": 1, "lol_s8": 1, "double11_2018": 1, "hongbaofei_2019": 1, "hongrenjie_2019": 1, "hongbao_2020": 2, "feiyan_2020": 1, "kangyi_2020": 1}}, "pid": 4489271270047576, "pidstr": "4489271270047576", "reposts_count": 0, "comments_count": 0, "attitudes_count": 0, "pending_approval_count": 0, "isLongText": false, "reward_exhibition_type": 0, "hide_flag": 0, "mlevel": 0, "darwin_tags": [], "mblogtype": 0, "more_info_type": 0, "number_display_strategy": {"apply_scenario_flag": 3, "display_text_min_number": 1000000, "display_text": "100\u4e07+"}, "content_auth": 0, "repost_type": 1, "pic_num": 0, "alchemy_params": {"ug_red_envelope": false}, "raw_text": "\u591a\u65742\u5f20\u51d1\u4e2a70\u518d\u5439\u4f1f\u5927//@bygx14://@\u5730\u74dc\u718a\u8001\u516d:\u8d22\u65b0\u7f51\u7cbe\u9009\u8bc4\u8bba[\u5141\u60b2]//@\u5434\u601d\u970fF:\u4e0b\u9762\u7684\u7cbe\u9009\u8bc4\u8bba\u7b2c\u4e00\u4e2a\u662f\uff1a\u4f1f\u5927\u7684\u5de5\u7a0b\u3002[\u4e8c\u54c8][\u4e8c\u54c8][\u4e8c\u54c8]", "bid": "IBsqteTVY"}, {"visible": {"type": 0, "list_id": 0}, "created_at": "Thu Apr 02 14:42:36 +0800 2020", "id": "4489273857834883", "mid": "4489273857834883", "can_edit": false, "show_additional_indication": 0, "text": "//<a href='/n/\u5730\u74dc\u718a\u8001\u516d'>@\u5730\u74dc\u718a\u8001\u516d</a>:\u4f4f\u7684\u90fd\u662f\u5927\u6b3e\uff0c\u5bcc\u8c6a\u6392\u884c\u699c\u8fdb\u4e0d\u4e86\u524d100\u540d\uff0c\u90fd\u6ca1\u8d44\u683c\u4f4f\u91ce\u6218\u533b\u9662<span class=\"url-icon\"><img alt=[\u5141\u60b2] src=\"https://h5.sinaimg.cn/m/emoticon/icon/default/d_yunbei-a14a649db8.png\" style=\"width:1em; height:1em;\" /></span>//<a href='/n/QS\u8840\u9a91\u58eb---\u7fe1\u7fe02jgG'>@QS\u8840\u9a91\u58eb---\u7fe1\u7fe02jgG</a>:\u8bf7\u6ce8\u610f\uff0c\u4e2d\u592e\u516c\u56ed\u5468\u56f4\u4f4f\u4e86\u4ec0\u4e48\u4eba\uff0c\u4e3a\u5565\u5728\u8fd9\u513f\u5efa\u7b2c\u4e00\u4e2a\u91ce\u6218\u533b\u9662\uff1f\u91ce\u6218\u533b\u9662\u4e3a\u5565\u5efa\u5728\u5e02\u4e2d\u5fc3\uff1f", "source": "Android", "favorited": false, "pic_ids": [], "pic_types": "", "is_paid": false, "mblog_vip_type": 0, "user": {"id": 2024627822, "screen_name": "\u6c5f\u6d77\u5bd2", "profile_image_url": "https://tva1.sinaimg.cn/crop.0.0.180.180.180/78ad5e6ejw1e8qgp5bmzyj2050050aa8.jpg?KID=imgbed,tva&Expires=1619050437&ssig=zib8zu%2B341", "profile_url": "https://m.weibo.cn/u/2024627822?uid=2024627822", "statuses_count": 59493, "verified": false, "verified_type": -1, "close_blue_v": false, "description": "\u80dc\u4e0d\u5984\u559c,\u8d25\u4e0d\u60f6\u9981,\u80f8\u6709\u6fc0\u96f7\u800c\u5fc3\u5982\u5e73\u6e56\u8005,\u53ef\u62dc\u4e3a\u4e0a\u5c06\u519b\uff01\u3010Loyalit\u00e4t ist mir eine Ehre \u3011", "gender": "m", "mbtype": 12, "urank": 46, "mbrank": 6, "follow_me": false, "following": false, "followers_count": 1260, "follow_count": 907, "cover_image_phone": "https://tva1.sinaimg.cn/crop.0.0.640.640.640/549d0121tw1egm1kjly3jj20hs0hsq4f.jpg", "avatar_hd": "https://ww1.sinaimg.cn/orj480/78ad5e6ejw1e8qgp5bmzyj2050050aa8.jpg", "like": false, "like_me": false, "badge": {"unread_pool": 1, "unread_pool_ext": 1, "dzwbqlx_2016": 1, "user_name_certificate": 1, "wenchuan_10th": 1, "worldcup_2018": 34, "wenda_v2": 1, "national_day_2018": 1, "memorial_2018": 1, "suishoupai_2019": 1, "hongrenjie_2019": 1, "china_2019": 1, "hongkong_2019": 1, "dzwbqlx_2019": 1, "gongjiri_2019": 1, "macao_2019": 1, "china_2019_2": 1, "hongbao_2020": 2, "feiyan_2020": 1, "kangyi_2020": 1}}, "pid": 4489270197196403, "pidstr": "4489270197196403", "reposts_count": 0, "comments_count": 0, "attitudes_count": 0, "pending_approval_count": 0, "isLongText": false, "reward_exhibition_type": 0, "hide_flag": 0, "mlevel": 0, "darwin_tags": [], "mblogtype": 0, "more_info_type": 0, "cardid": "vip_012", "number_display_strategy": {"apply_scenario_flag": 3, "display_text_min_number": 1000000, "display_text": "100\u4e07+"}, "content_auth": 0, "repost_type": 1, "pic_num": 0, "alchemy_params": {"ug_red_envelope": false}, "raw_text": "//@\u5730\u74dc\u718a\u8001\u516d:\u4f4f\u7684\u90fd\u662f\u5927\u6b3e\uff0c\u5bcc\u8c6a\u6392\u884c\u699c\u8fdb\u4e0d\u4e86\u524d100\u540d\uff0c\u90fd\u6ca1\u8d44\u683c\u4f4f\u91ce\u6218\u533b\u9662[\u5141\u60b2]//@QS\u8840\u9a91\u58eb---\u7fe1\u7fe02jgG:\u8bf7\u6ce8\u610f\uff0c\u4e2d\u592e\u516c\u56ed\u5468\u56f4\u4f4f\u4e86\u4ec0\u4e48\u4eba\uff0c\u4e3a\u5565\u5728\u8fd9\u513f\u5efa\u7b2c\u4e00\u4e2a\u91ce\u6218\u533b\u9662\uff1f\u91ce\u6218\u533b\u9662\u4e3a\u5565\u5efa\u5728\u5e02\u4e2d\u5fc3\uff1f", "bid": "IBsq5wSd5"}, {"visible": {"type": 0, "list_id": 0}, "created_at": "Thu Apr 02 14:37:12 +0800 2020", "id": "4489272494713413", "mid": "4489272494713413", "can_edit": false, "show_additional_indication": 0, "text": "\u8f6c\u53d1\u5fae\u535a", "source": "\u7ea2\u7c73Redmi", "favorited": false, "pic_ids": [], "pic_types": "", "is_paid": false, "mblog_vip_type": 0, "user": {"id": 6657577286, "screen_name": "\u4e1c\u65b9\u5251888", "profile_image_url": "https://tvax4.sinaimg.cn/crop.0.0.1002.1002.180/007gyvYOly8ggjlinq8iuj30ru0rudh3.jpg?KID=imgbed,tva&Expires=1619050440&ssig=QcBHnyg%2FQY", "profile_url": "https://m.weibo.cn/u/6657577286?uid=6657577286", "statuses_count": 28522, "verified": false, "verified_type": -1, "close_blue_v": false, "description": "", "gender": "m", "mbtype": 0, "urank": 4, "mbrank": 0, "follow_me": false, "following": false, "followers_count": 429, "follow_count": 676, "cover_image_phone": "https://tva1.sinaimg.cn/crop.0.0.640.640.640/549d0121tw1egm1kjly3jj20hs0hsq4f.jpg", "avatar_hd": "https://wx4.sinaimg.cn/orj480/007gyvYOly8ggjlinq8iuj30ru0rudh3.jpg", "like": false, "like_me": false, "badge": {"user_name_certificate": 1, "gongjiri_2019": 1, "macao_2019": 1, "china_2019_2": 1, "hongbao_2020": 1, "feiyan_2020": 1, "hope_2020": 1, "kangyi_2020": 1, "dailv_2020": 1, "school_2020": 1, "hongrenjie_2020": 1, "china_2020": 1}}, "reposts_count": 0, "comments_count": 0, "attitudes_count": 0, "pending_approval_count": 0, "isLongText": false, "reward_exhibition_type": 0, "hide_flag": 0, "mlevel": 0, "darwin_tags": [], "mblogtype": 0, "more_info_type": 0, "number_display_strategy": {"apply_scenario_flag": 3, "display_text_min_number": 1000000, "display_text": "100\u4e07+"}, "content_auth": 0, "repost_type": 1, "pic_num": 0, "alchemy_params": {"ug_red_envelope": false}, "raw_text": "\u8f6c\u53d1\u5fae\u535a", "bid": "IBsnTjMaN"}, {"visible": {"type": 0, "list_id": 0}, "created_at": "Thu Apr 02 14:32:19 +0800 2020", "id": "4489271270047576", "mid": "4489271270047576", "can_edit": false, "show_additional_indication": 0, "text": "//<a href='/n/\u5730\u74dc\u718a\u8001\u516d'>@\u5730\u74dc\u718a\u8001\u516d</a>:\u8d22\u65b0\u7f51\u7cbe\u9009\u8bc4\u8bba<span class=\"url-icon\"><img alt=[\u5141\u60b2] src=\"https://h5.sinaimg.cn/m/emoticon/icon/default/d_yunbei-a14a649db8.png\" style=\"width:1em; height:1em;\" /></span>//<a href='/n/\u5434\u601d\u970fF'>@\u5434\u601d\u970fF</a>:\u4e0b\u9762\u7684\u7cbe\u9009\u8bc4\u8bba\u7b2c\u4e00\u4e2a\u662f\uff1a\u4f1f\u5927\u7684\u5de5\u7a0b\u3002<span class=\"url-icon\"><img alt=[\u4e8c\u54c8] src=\"https://h5.sinaimg.cn/m/emoticon/icon/others/d_erha-139d0e07bd.png\" style=\"width:1em; height:1em;\" /></span><span class=\"url-icon\"><img alt=[\u4e8c\u54c8] src=\"https://h5.sinaimg.cn/m/emoticon/icon/others/d_erha-139d0e07bd.png\" style=\"width:1em; height:1em;\" /></span><span class=\"url-icon\"><img alt=[\u4e8c\u54c8] src=\"https://h5.sinaimg.cn/m/emoticon/icon/others/d_erha-139d0e07bd.png\" style=\"width:1em; height:1em;\" /></span>", "source": "Redmi Note 7 Pro", "favorited": false, "pic_ids": [], "pic_types": "", "is_paid": false, "mblog_vip_type": 0, "user": {"id": 1612364122, "screen_name": "bygx14", "profile_image_url": "https://tvax1.sinaimg.cn/crop.0.0.1002.1002.180/601ab95aly8gd1w33hjvdj20ru0ru40v.jpg?KID=imgbed,tva&Expires=1619050440&ssig=h2Xex2AyjF", "profile_url": "https://m.weibo.cn/u/1612364122?uid=1612364122", "statuses_count": 9712, "verified": false, "verified_type": -1, "close_blue_v": false, "description": "", "gender": "m", "mbtype": 0, "urank": 14, "mbrank": 0, "follow_me": false, "following": false, "followers_count": 145, "follow_count": 434, "cover_image_phone": "https://tva2.sinaimg.cn/crop.0.0.640.640.640/a1d3feabjw1ecat8op0e1j20hs0hswgu.jpg", "avatar_hd": "https://wx1.sinaimg.cn/orj480/601ab95aly8gd1w33hjvdj20ru0ru40v.jpg", "like": false, "like_me": false, "badge": {"bind_taobao": 1, "unread_pool": 1, "unread_pool_ext": 1, "super_star_2017": 1, "user_name_certificate": 1, "super_star_2018": 1, "wenda_v2": 1, "qixi_2018": 1, "wbzy_2018": 1, "hongrenjie_2019": 1, "china_2019": 1, "hongbao_2020": 2, "feiyan_2020": 1, "china_2020": 1, "hongbaofeifuniu_2021": 1, "hongbaofeijika_2021": 1}}, "pid": 4489270481680233, "pidstr": "4489270481680233", "reposts_count": 1, "comments_count": 0, "attitudes_count": 0, "pending_approval_count": 0, "isLongText": false, "reward_exhibition_type": 0, "hide_flag": 0, "mlevel": 0, "darwin_tags": [], "mblogtype": 0, "more_info_type": 0, "cardid": "star_11247_common", "number_display_strategy": {"apply_scenario_flag": 3, "display_text_min_number": 1000000, "display_text": "100\u4e07+"}, "content_auth": 0, "repost_type": 1, "pic_num": 0, "alchemy_params": {"ug_red_envelope": false}, "raw_text": "//@\u5730\u74dc\u718a\u8001\u516d:\u8d22\u65b0\u7f51\u7cbe\u9009\u8bc4\u8bba[\u5141\u60b2]//@\u5434\u601d\u970fF:\u4e0b\u9762\u7684\u7cbe\u9009\u8bc4\u8bba\u7b2c\u4e00\u4e2a\u662f\uff1a\u4f1f\u5927\u7684\u5de5\u7a0b\u3002[\u4e8c\u54c8][\u4e8c\u54c8][\u4e8c\u54c8]", "bid": "IBslV0cnm"}, {"visible": {"type": 0, "list_id": 0}, "created_at": "Thu Apr 02 14:30:25 +0800 2020", "id": "4489270792625527", "mid": "4489270792625527", "can_edit": false, "show_additional_indication": 0, "text": "//<a href='/n/\u5730\u74dc\u718a\u8001\u516d'>@\u5730\u74dc\u718a\u8001\u516d</a>: \u8d22\u65b0\u7f51\u7cbe\u9009\u8bc4\u8bba<span class=\"url-icon\"><img alt=[\u5141\u60b2] src=\"https://h5.sinaimg.cn/m/emoticon/icon/default/d_yunbei-a14a649db8.png\" style=\"width:1em; height:1em;\" /></span>//<a href='/n/\u5434\u601d\u970fF'>@\u5434\u601d\u970fF</a>:\u4e0b\u9762\u7684\u7cbe\u9009\u8bc4\u8bba\u7b2c\u4e00\u4e2a\u662f\uff1a\u4f1f\u5927\u7684\u5de5\u7a0b\u3002<span class=\"url-icon\"><img alt=[\u4e8c\u54c8] src=\"https://h5.sinaimg.cn/m/emoticon/icon/others/d_erha-139d0e07bd.png\" style=\"width:1em; height:1em;\" /></span><span class=\"url-icon\"><img alt=[\u4e8c\u54c8] src=\"https://h5.sinaimg.cn/m/emoticon/icon/others/d_erha-139d0e07bd.png\" style=\"width:1em; height:1em;\" /></span><span class=\"url-icon\"><img alt=[\u4e8c\u54c8] src=\"https://h5.sinaimg.cn/m/emoticon/icon/others/d_erha-139d0e07bd.png\" style=\"width:1em; height:1em;\" /></span>", "source": "\u5fae\u535a weibo.com", "favorited": false, "pic_ids": [], "pic_types": "", "is_paid": false, "mblog_vip_type": 0, "user": {"id": 5816908134, "screen_name": "\u95f2\u7684\u7684\u65e0\u804a", "profile_image_url": "https://tva2.sinaimg.cn/crop.137.137.344.344.180/006lF9wWjw8f30nn3pzlkj30h80h8wes.jpg?KID=imgbed,tva&Expires=1619050440&ssig=MlZYXke4ID", "profile_url": "https://m.weibo.cn/u/5816908134?uid=5816908134", "statuses_count": 56238, "verified": false, "verified_type": -1, "close_blue_v": false, "description": "", "gender": "m", "mbtype": 0, "urank": 26, "mbrank": 0, "follow_me": false, "following": false, "followers_count": 1826, "follow_count": 1056, "cover_image_phone": "https://tva1.sinaimg.cn/crop.0.0.640.640.640/549d0121tw1egm1kjly3jj20hs0hsq4f.jpg", "avatar_hd": "https://ww2.sinaimg.cn/orj480/006lF9wWjw8f30nn3pzlkj30h80h8wes.jpg", "like": false, "like_me": false, "badge": {"unread_pool": 1, "unread_pool_ext": 1, "user_name_certificate": 1, "suishoupai_2018": 1, "wenchuan_10th": 1, "super_star_2018": 1, "dailv_2018": 1, "asiad_2018": 1, "qixi_2018": 1, "national_day_2018": 1, "memorial_2018": 1, "hongbaofei_2019": 1, "fu_2019": 1, "womensday_2018": 1, "suishoupai_2019": 1, "wusi_2019": 1, "hongrenjie_2019": 1, "china_2019": 1, "hongkong_2019": 1, "dzwbqlx_2019": 1, "rrgyj_2019": 1, "gongjiri_2019": 1, "macao_2019": 1, "china_2019_2": 1, "hongbao_2020": 1, "feiyan_2020": 1, "kangyi_2020": 1, "pc_new": 6, "dailv_2020": 1, "school_2020": 1, "hongrenjie_2020": 1, "china_2020": 1, "zjszgf_2020": 1, "weibozhiye_2020": 1, "lvzhilingyang_2021": 1}}, "pid": 4489270481680233, "pidstr": "4489270481680233", "reposts_count": 0, "comments_count": 0, "attitudes_count": 1, "pending_approval_count": 0, "isLongText": false, "reward_exhibition_type": 0, "hide_flag": 0, "mlevel": 0, "darwin_tags": [], "mblogtype": 0, "more_info_type": 0, "number_display_strategy": {"apply_scenario_flag": 3, "display_text_min_number": 1000000, "display_text": "100\u4e07+"}, "content_auth": 0, "repost_type": 3, "pic_num": 0, "alchemy_params": {"ug_red_envelope": false}, "raw_text": "//@\u5730\u74dc\u718a\u8001\u516d: \u8d22\u65b0\u7f51\u7cbe\u9009\u8bc4\u8bba[\u5141\u60b2]//@\u5434\u601d\u970fF:\u4e0b\u9762\u7684\u7cbe\u9009\u8bc4\u8bba\u7b2c\u4e00\u4e2a\u662f\uff1a\u4f1f\u5927\u7684\u5de5\u7a0b\u3002[\u4e8c\u54c8][\u4e8c\u54c8][\u4e8c\u54c8]", "bid": "IBsl9b11d"}, {"visible": {"type": 0, "list_id": 0}, "created_at": "Thu Apr 02 14:29:12 +0800 2020", "id": "4489270481680233", "mid": "4489270481680233", "can_edit": false, "show_additional_indication": 0, "text": "\u8d22\u65b0\u7f51\u7cbe\u9009\u8bc4\u8bba<span class=\"url-icon\"><img alt=[\u5141\u60b2] src=\"https://h5.sinaimg.cn/m/emoticon/icon/default/d_yunbei-a14a649db8.png\" style=\"width:1em; height:1em;\" /></span>//<a href='/n/\u5434\u601d\u970fF'>@\u5434\u601d\u970fF</a>:\u4e0b\u9762\u7684\u7cbe\u9009\u8bc4\u8bba\u7b2c\u4e00\u4e2a\u662f\uff1a\u4f1f\u5927\u7684\u5de5\u7a0b\u3002<span class=\"url-icon\"><img alt=[\u4e8c\u54c8] src=\"https://h5.sinaimg.cn/m/emoticon/icon/others/d_erha-139d0e07bd.png\" style=\"width:1em; height:1em;\" /></span><span class=\"url-icon\"><img alt=[\u4e8c\u54c8] src=\"https://h5.sinaimg.cn/m/emoticon/icon/others/d_erha-139d0e07bd.png\" style=\"width:1em; height:1em;\" /></span><span class=\"url-icon\"><img alt=[\u4e8c\u54c8] src=\"https://h5.sinaimg.cn/m/emoticon/icon/others/d_erha-139d0e07bd.png\" style=\"width:1em; height:1em;\" /></span>", "source": "vivo X30 Pro\u4e13\u4e1a\u5f71\u50cf", "favorited": false, "pic_ids": [], "pic_types": "", "is_paid": false, "mblog_vip_type": 0, "user": {"id": 3939426052, "screen_name": "\u5730\u74dc\u718a\u8001\u516d", "profile_image_url": "https://tvax2.sinaimg.cn/crop.0.40.649.649.180/eacedf04ly8geb0ltyihbj20j60j60tm.jpg?KID=imgbed,tva&Expires=1619050440&ssig=Y3J0vB92Hu", "profile_url": "https://m.weibo.cn/u/3939426052?uid=3939426052", "statuses_count": 94999, "verified": true, "verified_type": 0, "verified_type_ext": 1, "verified_reason": "\u6f2b\u753b\u5bb6\uff0c\u4ee3\u8868\u4f5c\u300a\u718a\u4e86\uff0c\u8001\u516d\u300b \u5fae\u535a\u539f\u521b\u89c6\u9891\u535a\u4e3b", "close_blue_v": false, "description": "\u7231\u56fd\u5c0f\u5206\u961f\u961f\u957f", "gender": "m", "mbtype": 12, "urank": 48, "mbrank": 7, "follow_me": false, "following": false, "followers_count": 6478506, "follow_count": 3669, "cover_image_phone": "https://wx1.sinaimg.cn/crop.0.0.640.640.640/004iBqFSly1gnh0t3gbgij60u00u07m302.jpg", "avatar_hd": "https://wx2.sinaimg.cn/orj480/eacedf04ly8geb0ltyihbj20j60j60tm.jpg", "like": false, "like_me": false, "badge": {"bind_taobao": 1, "vip_activity2": 1, "self_media": 1, "dzwbqlx_2016": 1, "follow_whitelist_video": 1, "league_badge": 1, "user_name_certificate": 1, "wenchuan_10th": 1, "super_star_2018": 1, "wenda_v2": 1, "league_badge_2018": 1, "qixi_2018": 1, "memorial_2018": 1, "hongbaofei_2019": 1, "womensday_2018": 1, "suishoupai_2019": 1, "wusi_2019": 1, "hongrenjie_2019": 1, "china_2019": 1, "hongkong_2019": 1, "dzwbqlx_2019": 1, "rrgyj_2019": 1, "weishi_2019": 1, "wbzy_2019": 1, "starlight_2019": 1, "gongjiri_2019": 1, "hongbao_2020": 1, "feiyan_2020": 1, "kangyi_2020": 1, "daka_2020": 1, "graduation_2020": 1, "pc_new": 1, "hongrenjie_2020": 1, "china_2020": 1, "weibozhiye_2020": 1, "lvzhilingyang_2021": 1}}, "reposts_count": 15, "comments_count": 38, "attitudes_count": 249, "pending_approval_count": 0, "isLongText": false, "reward_exhibition_type": 0, "hide_flag": 0, "mlevel": 0, "darwin_tags": [], "mblogtype": 0, "more_info_type": 0, "number_display_strategy": {"apply_scenario_flag": 3, "display_text_min_number": 1000000, "display_text": "100\u4e07+"}, "content_auth": 0, "repost_type": 5, "pic_num": 0, "alchemy_params": {"ug_red_envelope": false}, "raw_text": "\u8d22\u65b0\u7f51\u7cbe\u9009\u8bc4\u8bba[\u5141\u60b2]//@\u5434\u601d\u970fF:\u4e0b\u9762\u7684\u7cbe\u9009\u8bc4\u8bba\u7b2c\u4e00\u4e2a\u662f\uff1a\u4f1f\u5927\u7684\u5de5\u7a0b\u3002[\u4e8c\u54c8][\u4e8c\u54c8][\u4e8c\u54c8]", "bid": "IBskE736x"}, {"visible": {"type": 0, "list_id": 0}, "created_at": "Thu Apr 02 14:28:04 +0800 2020", "id": "4489270197196403", "mid": "4489270197196403", "can_edit": false, "show_additional_indication": 0, "text": "\u4f4f\u7684\u90fd\u662f\u5927\u6b3e\uff0c\u5bcc\u8c6a\u6392\u884c\u699c\u8fdb\u4e0d\u4e86\u524d100\u540d\uff0c\u90fd\u6ca1\u8d44\u683c\u4f4f\u91ce\u6218\u533b\u9662<span class=\"url-icon\"><img alt=[\u5141\u60b2] src=\"https://h5.sinaimg.cn/m/emoticon/icon/default/d_yunbei-a14a649db8.png\" style=\"width:1em; height:1em;\" /></span>//<a href='/n/QS\u8840\u9a91\u58eb---\u7fe1\u7fe02jgG'>@QS\u8840\u9a91\u58eb---\u7fe1\u7fe02jgG</a>:\u8bf7\u6ce8\u610f\uff0c\u4e2d\u592e\u516c\u56ed\u5468\u56f4\u4f4f\u4e86\u4ec0\u4e48\u4eba\uff0c\u4e3a\u5565\u5728\u8fd9\u513f\u5efa\u7b2c\u4e00\u4e2a\u91ce\u6218\u533b\u9662\uff1f\u91ce\u6218\u533b\u9662\u4e3a\u5565\u5efa\u5728\u5e02\u4e2d\u5fc3\uff1f", "source": "vivo X30 Pro\u4e13\u4e1a\u5f71\u50cf", "favorited": false, "pic_ids": [], "pic_types": "", "is_paid": false, "mblog_vip_type": 0, "user": {"id": 3939426052, "screen_name": "\u5730\u74dc\u718a\u8001\u516d", "profile_image_url": "https://tvax2.sinaimg.cn/crop.0.40.649.649.180/eacedf04ly8geb0ltyihbj20j60j60tm.jpg?KID=imgbed,tva&Expires=1619050440&ssig=Y3J0vB92Hu", "profile_url": "https://m.weibo.cn/u/3939426052?uid=3939426052", "statuses_count": 94999, "verified": true, "verified_type": 0, "verified_type_ext": 1, "verified_reason": "\u6f2b\u753b\u5bb6\uff0c\u4ee3\u8868\u4f5c\u300a\u718a\u4e86\uff0c\u8001\u516d\u300b \u5fae\u535a\u539f\u521b\u89c6\u9891\u535a\u4e3b", "close_blue_v": false, "description": "\u7231\u56fd\u5c0f\u5206\u961f\u961f\u957f", "gender": "m", "mbtype": 12, "urank": 48, "mbrank": 7, "follow_me": false, "following": false, "followers_count": 6478506, "follow_count": 3669, "cover_image_phone": "https://wx1.sinaimg.cn/crop.0.0.640.640.640/004iBqFSly1gnh0t3gbgij60u00u07m302.jpg", "avatar_hd": "https://wx2.sinaimg.cn/orj480/eacedf04ly8geb0ltyihbj20j60j60tm.jpg", "like": false, "like_me": false, "badge": {"bind_taobao": 1, "vip_activity2": 1, "self_media": 1, "dzwbqlx_2016": 1, "follow_whitelist_video": 1, "league_badge": 1, "user_name_certificate": 1, "wenchuan_10th": 1, "super_star_2018": 1, "wenda_v2": 1, "league_badge_2018": 1, "qixi_2018": 1, "memorial_2018": 1, "hongbaofei_2019": 1, "womensday_2018": 1, "suishoupai_2019": 1, "wusi_2019": 1, "hongrenjie_2019": 1, "china_2019": 1, "hongkong_2019": 1, "dzwbqlx_2019": 1, "rrgyj_2019": 1, "weishi_2019": 1, "wbzy_2019": 1, "starlight_2019": 1, "gongjiri_2019": 1, "hongbao_2020": 1, "feiyan_2020": 1, "kangyi_2020": 1, "daka_2020": 1, "graduation_2020": 1, "pc_new": 1, "hongrenjie_2020": 1, "china_2020": 1, "weibozhiye_2020": 1, "lvzhilingyang_2021": 1}}, "reposts_count": 13, "comments_count": 28, "attitudes_count": 216, "pending_approval_count": 0, "isLongText": false, "reward_exhibition_type": 0, "hide_flag": 0, "mlevel": 0, "darwin_tags": [], "mblogtype": 0, "more_info_type": 0, "number_display_strategy": {"apply_scenario_flag": 3, "display_text_min_number": 1000000, "display_text": "100\u4e07+"}, "content_auth": 0, "repost_type": 5, "pic_num": 0, "alchemy_params": {"ug_red_envelope": false}, "raw_text": "\u4f4f\u7684\u90fd\u662f\u5927\u6b3e\uff0c\u5bcc\u8c6a\u6392\u884c\u699c\u8fdb\u4e0d\u4e86\u524d100\u540d\uff0c\u90fd\u6ca1\u8d44\u683c\u4f4f\u91ce\u6218\u533b\u9662[\u5141\u60b2]//@QS\u8840\u9a91\u58eb---\u7fe1\u7fe02jgG:\u8bf7\u6ce8\u610f\uff0c\u4e2d\u592e\u516c\u56ed\u5468\u56f4\u4f4f\u4e86\u4ec0\u4e48\u4eba\uff0c\u4e3a\u5565\u5728\u8fd9\u513f\u5efa\u7b2c\u4e00\u4e2a\u91ce\u6218\u533b\u9662\uff1f\u91ce\u6218\u533b\u9662\u4e3a\u5565\u5efa\u5728\u5e02\u4e2d\u5fc3\uff1f", "bid": "IBskbuc71"}, {"visible": {"type": 0, "list_id": 0}, "created_at": "Thu Apr 02 14:23:53 +0800 2020", "id": "4489269148610355", "mid": "4489269148610355", "can_edit": false, "show_additional_indication": 0, "text": "\u8f6c\u53d1\u5fae\u535a", "source": "\u534e\u4e3a\u624b\u673a", "favorited": false, "pic_ids": [], "pic_types": "", "is_paid": false, "mblog_vip_type": 0, "user": {"id": 3275481613, "screen_name": "\u51e1\u5b9d\u79fb\u5c71", "profile_image_url": "https://tva4.sinaimg.cn/crop.0.0.180.180.180/c33be20djw1e8qgp5bmzyj2050050aa8.jpg?KID=imgbed,tva&Expires=1619050440&ssig=9hnXuBUtg6", "profile_url": "https://m.weibo.cn/u/3275481613?uid=3275481613", "statuses_count": 179751, "verified": false, "verified_type": -1, "close_blue_v": false, "description": "", "gender": "m", "mbtype": 0, "urank": 46, "mbrank": 0, "follow_me": false, "following": false, "followers_count": 4636, "follow_count": 3623, "cover_image_phone": "https://tva1.sinaimg.cn/crop.0.0.640.640.640/549d0121tw1egm1kjly3jj20hs0hsq4f.jpg", "avatar_hd": "https://ww4.sinaimg.cn/orj480/c33be20djw1e8qgp5bmzyj2050050aa8.jpg", "like": false, "like_me": false, "badge": {"dailv": 1, "zongyiji": 1, "dzwbqlx_2016": 1, "follow_whitelist_video": 1, "league_badge": 1, "super_star_2017": 1, "user_name_certificate": 1, "suishoupai_2018": 1, "wenchuan_10th": 1, "worldcup_2018": 34, "dailv_2018": 1, "qixi_2018": 1, "national_day_2018": 1, "memorial_2018": 1, "hongbaofei_2019": 1, "denglong_2019": 1, "suishoupai_2019": 1, "wusi_2019": 1, "earth_2019": 1, "hongrenjie_2019": 1, "china_2019": 1, "hongkong_2019": 1, "dzwbqlx_2019": 1, "rrgyj_2019": 1, "gongjiri_2019": 1, "macao_2019": 1, "china_2019_2": 1, "hongbao_2020": 2, "feiyan_2020": 1, "kangyi_2020": 1, "graduation_2020": 1, "dailv_2020": 1, "vpick_2020": 1, "school_2020": 1, "hongrenjie_2020": 1, "china_2020": 1, "weibozhiye_2020": 1, "hongbaofeifuniu_2021": 1, "hongbaofeijika_2021": 1}}, "reposts_count": 0, "comments_count": 0, "attitudes_count": 0, "pending_approval_count": 0, "isLongText": false, "reward_exhibition_type": 0, "hide_flag": 0, "mlevel": 0, "darwin_tags": [], "mblogtype": 0, "more_info_type": 0, "number_display_strategy": {"apply_scenario_flag": 3, "display_text_min_number": 1000000, "display_text": "100\u4e07+"}, "content_auth": 0, "repost_type": 1, "pic_num": 0, "alchemy_params": {"ug_red_envelope": false}, "raw_text": "\u8f6c\u53d1\u5fae\u535a", "bid": "IBsiuA7WH"}, {"visible": {"type": 0, "list_id": 0}, "created_at": "Thu Apr 02 14:21:04 +0800 2020", "id": "4489268434861142", "mid": "4489268434861142", "can_edit": false, "show_additional_indication": 0, "text": "\u8f6c\u53d1\u5fae\u535a", "source": "nova5Pro\u4eba\u50cf\u8d85\u7ea7\u591c\u666f", "favorited": false, "pic_ids": [], "pic_types": "", "is_paid": false, "mblog_vip_type": 0, "user": {"id": 5384917488, "screen_name": "\u9752\u5c9b\u5927\u9a86\u9a7c", "profile_image_url": "https://tvax4.sinaimg.cn/crop.0.0.996.996.180/005Sqz1Sly8gdizn0ak22j30ro0ro0uw.jpg?KID=imgbed,tva&Expires=1619050442&ssig=%2BH%2BnZ26H6x", "profile_url": "https://m.weibo.cn/u/5384917488?uid=5384917488", "statuses_count": 25955, "verified": false, "verified_type": -1, "close_blue_v": false, "description": "40\u4e0d\u60d1", "gender": "m", "mbtype": 0, "urank": 9, "mbrank": 0, "follow_me": false, "following": false, "followers_count": 725, "follow_count": 554, "cover_image_phone": "https://tva1.sinaimg.cn/crop.0.0.640.640.640/549d0121tw1egm1kjly3jj20hs0hsq4f.jpg", "avatar_hd": "https://wx4.sinaimg.cn/orj480/005Sqz1Sly8gdizn0ak22j30ro0ro0uw.jpg", "like": false, "like_me": false, "badge": {"bind_taobao": 1, "unread_pool": 1, "unread_pool_ext": 1, "dzwbqlx_2016": 1, "user_name_certificate": 1, "super_star_2018": 1, "dailv_2018": 1, "hongbaofei_2019": 1, "womensday_2018": 1, "suishoupai_2019": 2, "hongrenjie_2019": 1, "dailv_2019": 1, "china_2019": 1, "hongkong_2019": 1, "dzwbqlx_2019": 1, "gongjiri_2019": 1, "hongbao_2020": 2, "feiyan_2020": 1, "school_2020": 1, "hongrenjie_2020": 1, "china_2020": 1, "weibozhiye_2020": 1}}, "reposts_count": 0, "comments_count": 0, "attitudes_count": 0, "pending_approval_count": 0, "isLongText": false, "reward_exhibition_type": 0, "hide_flag": 0, "mlevel": 0, "darwin_tags": [], "mblogtype": 0, "more_info_type": 0, "number_display_strategy": {"apply_scenario_flag": 3, "display_text_min_number": 1000000, "display_text": "100\u4e07+"}, "content_auth": 0, "repost_type": 1, "pic_num": 0, "alchemy_params": {"ug_red_envelope": false}, "raw_text": "\u8f6c\u53d1\u5fae\u535a", "bid": "IBshlkoBw"}, {"visible": {"type": 0, "list_id": 0}, "created_at": "Thu Apr 02 14:16:30 +0800 2020", "id": "4489267285576371", "mid": "4489267285576371", "can_edit": false, "show_additional_indication": 0, "text": "68<span class=\"url-icon\"><img alt=[\u8d39\u89e3] src=\"https://h5.sinaimg.cn/m/emoticon/icon/default/d_feijie-c1df37ef03.png\" style=\"width:1em; height:1em;\" /></span>", "source": "iPhone\u5ba2\u6237\u7aef", "favorited": false, "pic_ids": [], "pic_types": "", "is_paid": false, "mblog_vip_type": 0, "user": {"id": 1427915621, "screen_name": "\u7231\u7f8e\u4eba\u7684\u662d", "profile_image_url": "https://tvax1.sinaimg.cn/crop.0.0.736.736.180/551c4365ly8g23a4gprs1j20kg0kg3zk.jpg?KID=imgbed,tva&Expires=1619050442&ssig=Z9SW3lGgDm", "profile_url": "https://m.weibo.cn/u/1427915621?uid=1427915621", "statuses_count": 64728, "verified": false, "verified_type": 220, "close_blue_v": false, "description": "\u4e00\u5207\u91cd\u65b0\u5f00\u59cb\u2026", "gender": "f", "mbtype": 2, "urank": 48, "mbrank": 4, "follow_me": false, "following": false, "followers_count": 3923, "follow_count": 348, "cover_image_phone": "https://tva1.sinaimg.cn/crop.0.0.640.640.640/549d0121tw1egm1kjly3jj20hs0hsq4f.jpg", "avatar_hd": "https://wx1.sinaimg.cn/orj480/551c4365ly8g23a4gprs1j20kg0kg3zk.jpg", "like": false, "like_me": false, "badge": {"bind_taobao": 1, "zongyiji": 1, "dzwbqlx_2016": 1, "follow_whitelist_video": 1, "travel_2017": 1, "user_name_certificate": 1, "double11_2018": 1, "hongbaofei_2019": 1, "hongrenjie_2019": 1, "china_2019": 1, "hongkong_2019": 1, "taohuayuan_2019": 1, "hongbao_2020": 2, "feiyan_2020": 1, "weibozhiye_2020": 1}}, "reposts_count": 0, "comments_count": 0, "attitudes_count": 0, "pending_approval_count": 0, "isLongText": false, "reward_exhibition_type": 0, "hide_flag": 0, "mlevel": 0, "darwin_tags": [], "mblogtype": 0, "more_info_type": 0, "number_display_strategy": {"apply_scenario_flag": 3, "display_text_min_number": 1000000, "display_text": "100\u4e07+"}, "content_auth": 0, "repost_type": 1, "pic_num": 0, "alchemy_params": {"ug_red_envelope": false}, "raw_text": "68[\u8d39\u89e3]", "bid": "IBsfunoFt"}, {"visible": {"type": 0, "list_id": 0}, "created_at": "Thu Apr 02 14:15:35 +0800 2020", "id": "4489267059412634", "mid": "4489267059412634", "can_edit": false, "show_additional_indication": 0, "text": "\u676f\u6c34\u8f66\u85aa\uff0c\u7528\u7684\u597d\uff01<span class=\"url-icon\"><img alt=[\u7b11\u800c\u4e0d\u8bed] src=\"https://h5.sinaimg.cn/m/emoticon/icon/default/d_heiheihei-5170f2f55c.png\" style=\"width:1em; height:1em;\" /></span>", "source": "\u8363\u800010 AI\u53d8\u8272\u66f4\u6f6e\u7f8e", "favorited": false, "pic_ids": [], "pic_types": "", "is_paid": false, "mblog_vip_type": 0, "user": {"id": 2891569610, "screen_name": "\u8840\u8272\u519b\u5200999", "profile_image_url": "https://tva2.sinaimg.cn/crop.408.43.1228.1228.180/ac59d9cajw1e75y1fedxgj21kw10qtx5.jpg?KID=imgbed,tva&Expires=1619050442&ssig=q5lktkVyWQ", "profile_url": "https://m.weibo.cn/u/2891569610?uid=2891569610", "statuses_count": 144381, "verified": false, "verified_type": -1, "close_blue_v": false, "description": "\u5ba0\u8fb1\u4e0d\u60ca,\u770b\u82b1\u5f00\u82b1\u843d\uff1b\u53bb\u7559\u968f\u610f\uff0c\u671b\u4e91\u5377\u4e91\u8212\uff0e", "gender": "m", "mbtype": 0, "urank": 45, "mbrank": 0, "follow_me": false, "following": false, "followers_count": 25706, "follow_count": 3438, "cover_image_phone": "https://tva1.sinaimg.cn/crop.0.0.640.640.640/549d0121tw1egm1kjly3jj20hs0hsq4f.jpg", "avatar_hd": "https://ww2.sinaimg.cn/orj480/ac59d9cajw1e75y1fedxgj21kw10qtx5.jpg", "like": false, "like_me": false, "badge": {"bind_taobao": 1, "dzwbqlx_2016": 1, "follow_whitelist_video": 1, "league_badge": 1, "super_star_2017": 1, "travel_2017": 1, "user_name_certificate": 1, "wenchuan_10th": 1, "super_star_2018": 1, "worldcup_2018": 34, "wenda_v2": 1, "dailv_2018": 1, "asiad_2018": 1, "qixi_2018": 1, "national_day_2018": 1, "memorial_2018": 1, "hongbaofei_2019": 1, "denglong_2019": 1, "fu_2019": 1, "womensday_2018": 1, "suishoupai_2019": 1, "earth_2019": 1, "hongrenjie_2019": 1, "dailv_2019": 1, "china_2019": 1, "hongkong_2019": 1, "dzwbqlx_2019": 1, "rrgyj_2019": 1, "cishan_2019": 1, "gongjiri_2019": 1, "macao_2019": 1, "china_2019_2": 1, "hongbao_2020": 2, "feiyan_2020": 1, "daka_2020": 1, "graduation_2020": 1, "dailv_2020": 1, "hongrenjie_2020": 1, "china_2020": 1, "weibozhiye_2020": 1, "hongbaofeifuniu_2021": 1, "hongbaofeijika_2021": 1}}, "reposts_count": 0, "comments_count": 0, "attitudes_count": 0, "pending_approval_count": 0, "isLongText": false, "reward_exhibition_type": 0, "hide_flag": 0, "mlevel": 0, "darwin_tags": [], "mblogtype": 0, "more_info_type": 0, "number_display_strategy": {"apply_scenario_flag": 3, "display_text_min_number": 1000000, "display_text": "100\u4e07+"}, "content_auth": 0, "repost_type": 1, "pic_num": 0, "alchemy_params": {"ug_red_envelope": false}, "raw_text": "\u676f\u6c34\u8f66\u85aa\uff0c\u7528\u7684\u597d\uff01[\u7b11\u800c\u4e0d\u8bed]", "bid": "IBsf7DuEG"}, {"visible": {"type": 0, "list_id": 0}, "created_at": "Thu Apr 02 14:14:41 +0800 2020", "id": "4489266832999475", "mid": "4489266832999475", "can_edit": false, "show_additional_indication": 0, "text": "\u8f6c\u53d1\u5fae\u535a", "source": "HUAWEI P30", "favorited": false, "pic_ids": [], "pic_types": "", "is_paid": false, "mblog_vip_type": 0, "user": {"id": 5485643413, "screen_name": "\u4e00\u822c\u793e\u5458\u674e\u00b7Spielberg", "profile_image_url": "https://tva3.sinaimg.cn/crop.0.0.720.720.180/005Zfcrzjw8evreu5h2p4j30k00k0gn9.jpg?KID=imgbed,tva&Expires=1619050442&ssig=zxRmtn66%2Bf", "profile_url": "https://m.weibo.cn/u/5485643413?uid=5485643413", "statuses_count": 142085, "verified": false, "verified_type": -1, "close_blue_v": false, "description": "\u591a\u5e72\u6d3b\uff0c\u5c11\u5e9f\u8bdd\uff0c\u591a\u503e\u542c\uff0c\u5fc3\u6001\u653e\u5e73\uff0c\u8c01\u90fd\u4e00\u4e2a\u6837\uff0c\u54ea\u91cc\u5206\u5f97\u51fa\u9ad8\u4e0b\u3002\u6211\u662f\u4e00\u4e2a\u4e0d\u80fd\u79f0\u5f97\u4e0a\u662f\u5b85\u7537\u7684\u52a8\u6f2b\u7231\u597d\u8005\u0e5b\u0e01(\uff70\u0300\u03c9\uff70\u0301\u0e01)", "gender": "m", "mbtype": 12, "urank": 37, "mbrank": 5, "follow_me": false, "following": false, "followers_count": 2210, "follow_count": 9350, "cover_image_phone": "https://tva1.sinaimg.cn/crop.0.0.640.640.640/549d0121tw1egm1kjly3jj20hs0hsq4f.jpg", "avatar_hd": "https://ww3.sinaimg.cn/orj480/005Zfcrzjw8evreu5h2p4j30k00k0gn9.jpg", "like": false, "like_me": false, "badge": {"bind_taobao": 1, "unread_pool": 1, "unread_pool_ext": 1, "dzwbqlx_2016": 1, "super_star_2017": 1, "travel_2017": 1, "user_name_certificate": 1, "super_star_2018": 1, "worldcup_2018": 34, "qixi_2018": 1, "lol_s8": 1, "national_day_2018": 1, "double11_2018": 1, "memorial_2018": 1, "hongbaofei_2019": 1, "denglong_2019": 1, "suishoupai_2019": 1, "wusi_2019": 1, "hongrenjie_2019": 1, "dailv_2019": 1, "china_2019": 1, "hongkong_2019": 1, "taohuayuan_2019": 1, "dzwbqlx_2019": 1, "rrgyj_2019": 1, "family_2019": 1, "shouhuan_2019": 1, "starlight_2019": 1, "gongjiri_2019": 1, "macao_2019": 1, "china_2019_2": 1, "hongbao_2020": 2, "feiyan_2020": 1, "hope_2020": 1, "kangyi_2020": 1, "graduation_2020": 1, "dailv_2020": 6, "school_2020": 1, "hongrenjie_2020": 1, "china_2020": 1, "zjszgf_2020": 1, "hongbaofeijika_2021": 1}}, "reposts_count": 0, "comments_count": 0, "attitudes_count": 0, "pending_approval_count": 0, "isLongText": false, "reward_exhibition_type": 0, "hide_flag": 0, "mlevel": 0, "darwin_tags": [], "mblogtype": 0, "more_info_type": 0, "cardid": "star_112475013306", "number_display_strategy": {"apply_scenario_flag": 3, "display_text_min_number": 1000000, "display_text": "100\u4e07+"}, "content_auth": 0, "repost_type": 1, "pic_num": 0, "alchemy_params": {"ug_red_envelope": false}, "raw_text": "\u8f6c\u53d1\u5fae\u535a", "bid": "IBseLcAiD"}, {"visible": {"type": 0, "list_id": 0}, "created_at": "Thu Apr 02 14:10:08 +0800 2020", "id": "4489265687650568", "mid": "4489265687650568", "can_edit": false, "show_additional_indication": 0, "text": "\u8ddf\u4e94\u82b1\u8089\u7684\u516c\u76ca\u4e00\u6837\uff0c\u4e3b\u8981\u4f5c\u7528\u662f\u88c5\u903c", "source": "Share\u5fae\u535a\u5ba2\u6237\u7aef", "favorited": false, "pic_ids": [], "pic_types": "", "is_paid": false, "mblog_vip_type": 0, "user": {"id": 7391399030, "screen_name": "\u5927\u9752\u679c\u6d3b\u8be5\u836f\u4e383", "profile_image_url": "https://tvax4.sinaimg.cn/crop.0.0.540.540.180/0084dyxoly8gmd2h2rqbij30f00f0wir.jpg?KID=imgbed,tva&Expires=1619050442&ssig=vyNlhRuPUx", "profile_url": "https://m.weibo.cn/u/7391399030?uid=7391399030", "statuses_count": 3547, "verified": false, "verified_type": -1, "close_blue_v": false, "description": "\u516c\u77e5\u7c89\u7f8e\u72d7\u6b7b\u7239\u3001\u7c89\u7ea2\u6d17\u5730\u72d7\u6b7b\u5988\uff0c\u5927\u68cb\u515a\u3001\u7406\u4e2d\u5ba2\u6b7b\u5168\u5bb6", "gender": "m", "mbtype": 0, "urank": 0, "mbrank": 0, "follow_me": false, "following": false, "followers_count": 53, "follow_count": 32, "cover_image_phone": "https://tva1.sinaimg.cn/crop.0.0.640.640.640/549d0121tw1egm1kjly3jj20hs0hsq4f.jpg", "avatar_hd": "https://wx4.sinaimg.cn/orj480/0084dyxoly8gmd2h2rqbij30f00f0wir.jpg", "like": false, "like_me": false, "badge": {"user_name_certificate": 1, "dailv_2020": 1, "lvzhilingyang_2021": 1}}, "reposts_count": 1, "comments_count": 0, "attitudes_count": 0, "pending_approval_count": 0, "isLongText": false, "reward_exhibition_type": 0, "hide_flag": 0, "mlevel": 0, "darwin_tags": [], "mblogtype": 0, "more_info_type": 0, "number_display_strategy": {"apply_scenario_flag": 3, "display_text_min_number": 1000000, "display_text": "100\u4e07+"}, "content_auth": 0, "repost_type": 3, "pic_num": 0, "alchemy_params": {"ug_red_envelope": false}, "raw_text": "\u8ddf\u4e94\u82b1\u8089\u7684\u516c\u76ca\u4e00\u6837\uff0c\u4e3b\u8981\u4f5c\u7528\u662f\u88c5\u903c", "bid": "IBscUw6gg"}]