[{"visible": {"type": 0, "list_id": 0}, "created_at": "Wed Jul 01 12:40:52 +0800 2020", "id": "4521858127740306", "mid": "4521858127740306", "can_edit": false, "show_additional_indication": 0, "text": "<a  href=\"https://m.weibo.cn/search?containerid=231522type%3D1%26t%3D10%26q%3D%23%E6%98%A5%E5%AD%A3%E5%81%A5%E5%BA%B7%E5%A4%A7%E4%BD%9C%E6%88%98%23&extparam=%23%E6%98%A5%E5%AD%A3%E5%81%A5%E5%BA%B7%E5%A4%A7%E4%BD%9C%E6%88%98%23\" data-hide=\"\"><span class=\"surl-text\">#\u6625\u5b63\u5065\u5eb7\u5927\u4f5c\u6218#</span></a>\u5f53\u65b0\u51a0\u80ba\u708e\u5728\u5168\u7403\u8086\u8650\uff0c\u79d1\u5b66\u5bb6\u4eec\u6b63\u5728\u79ef\u6781\u7814\u53d1\u65b0\u51a0\u836f\u7269\u548c\u75ab\u82d7\u65f6\uff0c\u975e\u6d32\u52a0\u7eb3\u7684\u65e0\u826f\u5eb8\u533b\u53f7\u79f0\u7814\u53d1\u51fa\u4e00\u79cd\u5ba3\u79f030\u5206\u949f\u6839\u9664\u65b0\u51a0\u75c5\u6bd2\u7684\u5047\u836f\uff0c\u5176\u552e\u4ef7\u9ad8\u8fbe15\u4e07\u52a0\u7eb3\u5e01\uff08\u7ea6\u540825974\u7f8e\u5143\uff09<a  href=\"https://m.weibo.cn/search?containerid=231522type%3D1%26t%3D10%26q%3D%23%E5%81%A5%E5%BA%B7%E4%B8%AD%E5%9B%BD2030%23\" data-hide=\"\"><span class=\"surl-text\">#\u5065\u5eb7\u4e2d\u56fd2030#</span></a> \u524d\u4e24\u5929\u975e\u6d32\u65b0\u51a0\u786e\u8bca\u603b\u4eba\u6570\u5df2\u8d8535\u4e07\uff0c\u7f8e\u56fd\u5355\u65e5\u65b0\u589e\u786e\u8bca\u4eba\u6570\u8d855\u4e079\u5343\u4eba<a  href=\"https://m.weibo.cn/search?containerid=231522type%3D1%26t%3D10%26q%3D%23%E9%9D%9E%E6%B4%B2%E6%96%B0%E5%86%A0%E5%81%87%E8%8D%AF%23&extparam=%23%E9%9D%9E%E6%B4%B2%E6%96%B0%E5%86%A0%E5%81%87%E8%8D%AF%23\" data-hide=\"\"><span class=\"surl-text\">#\u975e\u6d32\u65b0\u51a0\u5047\u836f#</span></a>\u65b0\u51a0\u75ab\u60c5\u4e0d\u80fd ...<a href=\"/status/4521858127740306\">\u5168\u6587</a>", "textLength": 311, "source": "\u5fae\u535a\u89c6\u9891\u53f7", "favorited": false, "pic_ids": [], "pic_types": "", "is_paid": false, "mblog_vip_type": 0, "user": {"id": 5847908081, "screen_name": "\u683c\u5f0f\u531652756", "profile_image_url": "https://tva1.sinaimg.cn/crop.0.0.664.664.180/006nLe25jw8f5h67jwhjyj30ig0iggmd.jpg?KID=imgbed,tva&Expires=1619179018&ssig=CfIu%2FKhcXk", "profile_url": "https://m.weibo.cn/u/5847908081?uid=5847908081", "statuses_count": 268667, "verified": true, "verified_type": 0, "verified_type_ext": 0, "verified_reason": "\u5065\u5eb7\u535a\u4e3b", "close_blue_v": false, "description": "\u6bcf\u5929\u4e00\u4e2a\u597d\u5fc3\u60c5 \u266c \u266c \u266c", "gender": "f", "mbtype": 12, "urank": 39, "mbrank": 6, "follow_me": false, "following": false, "followers_count": 19571, "follow_count": 4157, "cover_image_phone": "https://tva1.sinaimg.cn/crop.0.0.640.640.640/9d44112bjw1f1xl1c10tuj20hs0hs0tw.jpg", "avatar_hd": "https://ww1.sinaimg.cn/orj480/006nLe25jw8f5h67jwhjyj30ig0iggmd.jpg", "like": false, "like_me": false, "badge": {"bind_taobao": 1, "unread_pool": 1, "unread_pool_ext": 1, "dzwbqlx_2016": 1, "league_badge": 1, "super_star_2017": 1, "travel_2017": 1, "panda": 1, "user_name_certificate": 1, "suishoupai_2018": 1, "wenchuan_10th": 1, "super_star_2018": 1, "worldcup_2018": 34, "wenda_v2": 1, "dailv_2018": 1, "qixi_2018": 1, "yiqijuan_2018": 1, "double11_2018": 1, "wbzy_2018": 1, "memorial_2018": 1, "hongbaofei_2019": 1, "denglong_2019": 1, "fu_2019": 1, "suishoupai_2019": 1, "wusi_2019": 1, "hongrenjie_2019": 1, "dailv_2019": 1, "china_2019": 1, "hongkong_2019": 1, "dzwbqlx_2019": 1, "rrgyj_2019": 1, "shouhuan_2019": 1, "weishi_2019": 1, "wbzy_2019": 1, "starlight_2019": 1, "hongbao_2020": 1, "feiyan_2020": 1, "dailv_2020": 6, "vpick_2020": 1, "school_2020": 1, "gongyi_2020": 2, "hongrenjie_2020": 1, "china_2020": 1, "zjszgf_2020": 1, "weibozhiye_2020": 1, "hongbaofeifuniu_2021": 2, "hongbaofeijika_2021": 1, "nihaoshenghuojie_2021": 1}}, "reposts_count": 1, "comments_count": 5, "attitudes_count": 10, "pending_approval_count": 0, "isLongText": true, "reward_exhibition_type": 0, "hide_flag": 0, "mlevel": 0, "darwin_tags": [], "mblogtype": 0, "more_info_type": 0, "cardid": "star_112473863978", "number_display_strategy": {"apply_scenario_flag": 3, "display_text_min_number": 1000000, "display_text": "100\u4e07+"}, "content_auth": 0, "pic_num": 0, "fid": 4521855993250004, "page_info": {"type": "video", "object_type": 11, "url_ori": "http://t.cn/A6yhPJtl", "page_pic": {"width": 640, "url": "https://wx1.sinaimg.cn/orj480/006nLe25ly1ggbdc66pbuj30nq0dcdg8.jpg", "height": 360}, "page_url": "https://video.weibo.com/show?fid=1034%3A4521855986368545", "object_id": "1034:4521855986368545", "page_title": "\u683c\u5f0f\u531652756\u7684\u5fae\u535a\u89c6\u9891", "title": "", "content1": "\u683c\u5f0f\u531652756\u7684\u5fae\u535a\u89c6\u9891", "content2": "#\u6625\u5b63\u5065\u5eb7\u5927\u4f5c\u6218#\u5f53\u65b0\u51a0\u80ba\u708e\u5728\u5168\u7403\u8086\u8650\uff0c\u79d1\u5b66\u5bb6\u4eec\u6b63\u5728\u79ef\u6781\u7814\u53d1\u65b0\u51a0\u836f\u7269\u548c\u75ab\u82d7\u65f6\uff0c\u975e\u6d32\u52a0\u7eb3\u7684\u65e0\u826f\u5eb8\u533b\u53f7\u79f0\u7814\u53d1\u51fa\u4e00\u79cd\u5ba3\u79f030\u5206\u949f\u6839\u9664\u65b0\u51a0\u75c5\u6bd2\u7684\u5047\u836f\uff0c\u5176\u552e\u4ef7\u9ad8\u8fbe15\u4e07\u52a0\u7eb3\u5e01\uff08\u7ea6\u540825974\u7f8e\u5143\uff09#\u5065\u5eb7\u4e2d\u56fd2030# \u524d\u4e24\u5929\u975e\u6d32\u65b0\u51a0\u786e\u8bca\u603b\u4eba\u6570\u5df2\u8d8535\u4e07\uff0c\u7f8e\u56fd\u5355\u65e5\u65b0\u589e\u786e\u8bca\u4eba\u6570\u8d855\u4e079\u5343\u4eba#\u975e", "video_orientation": "horizontal", "play_count": "4301\u6b21\u64ad\u653e", "media_info": {"stream_url": "https://f.video.weibocdn.com/KhGfBQ3Olx07EuGkZ3DG010412005Omc0E010.mp4?label=mp4_ld&template=640x360.25.0&trans_finger=40a32e8439c5409a63ccf853562a60ef&ori=0&ps=1BThihd3VLAY5R&Expires=1619171818&ssig=J1KW0mvwxs&KID=unistore,video", "stream_url_hd": "https://f.video.weibocdn.com/FdjOjYiNlx07EuGl61Ti010412008PHZ0E010.mp4?label=mp4_hd&template=854x480.25.0&trans_finger=62b30a3f061b162e421008955c73f536&ori=0&ps=1BThihd3VLAY5R&Expires=1619171818&ssig=%2B%2BFKMewVaX&KID=unistore,video", "duration": 40.657}, "urls": {"mp4_hd_mp4": "https://f.video.weibocdn.com/FdjOjYiNlx07EuGl61Ti010412008PHZ0E010.mp4?label=mp4_hd&template=854x480.25.0&trans_finger=62b30a3f061b162e421008955c73f536&ori=0&ps=1BThihd3VLAY5R&Expires=1619171818&ssig=%2B%2BFKMewVaX&KID=unistore,video", "mp4_ld_mp4": "https://f.video.weibocdn.com/KhGfBQ3Olx07EuGkZ3DG010412005Omc0E010.mp4?label=mp4_ld&template=640x360.25.0&trans_finger=40a32e8439c5409a63ccf853562a60ef&ori=0&ps=1BThihd3VLAY5R&Expires=1619171818&ssig=J1KW0mvwxs&KID=unistore,video"}}, "bid": "J9aD2wtBE"}, {"visible": {"type": 0, "list_id": 0}, "created_at": "Thu Jul 02 05:49:15 +0800 2020", "id": "4522116928693303", "mid": "4522116928693303", "can_edit": false, "show_additional_indication": 0, "text": "\u8f6c\u53d1\u5fae\u535a", "source": "iPhone\u5ba2\u6237\u7aef", "favorited": false, "pic_ids": [], "pic_types": "", "is_paid": false, "mblog_vip_type": 0, "user": {"id": 5075120300, "screen_name": "\u65b0\u676d\u5dde\u864e\u54e5", "profile_image_url": "https://tvax2.sinaimg.cn/crop.0.0.640.640.180/005xsGD2ly8g7kyuliprpj30hs0hswf1.jpg?KID=imgbed,tva&Expires=1619179018&ssig=RnGt7DMoM4", "profile_url": "https://m.weibo.cn/u/5075120300?uid=5075120300", "statuses_count": 463867, "verified": false, "verified_type": -1, "close_blue_v": false, "description": "\u76f8\u4e92\u652f\u6301\uff0c\u76f8\u4e92\u501f\u529b\uff0c\u5171\u540c\u8fdb\u6b65\u3002\u5929\u4e0b\u5927\u52bf\uff0c\u5206\u4e45\u5fc5\u5408\uff0c\u5408\u4e45\u5fc5\u5206\u3002", "gender": "m", "mbtype": 2, "urank": 45, "mbrank": 3, "follow_me": false, "following": false, "followers_count": 13322, "follow_count": 716, "cover_image_phone": "https://tva4.sinaimg.cn/crop.0.0.0.640.640/6ce2240djw1e9uwue857ij20hs0hsjuk.jpg", "avatar_hd": "https://wx2.sinaimg.cn/orj480/005xsGD2ly8g7kyuliprpj30hs0hswf1.jpg", "like": false, "like_me": false, "badge": {"dailv": 1, "vip_activity2": 1, "dzwbqlx_2016": 1, "travel_2017": 1, "panda": 1, "user_name_certificate": 1, "suishoupai_2018": 1, "wenchuan_10th": 1, "super_star_2018": 1, "worldcup_2018": 34, "dailv_2018": 1, "qixi_2018": 1, "yiqijuan_2018": 1, "national_day_2018": 1, "wbzy_2018": 1, "memorial_2018": 1, "suishoupai_2019": 7, "wusi_2019": 1, "earth_2019": 1, "hongrenjie_2019": 1, "dailv_2019": 1, "china_2019": 1, "hongkong_2019": 1, "dzwbqlx_2019": 1, "rrgyj_2019": 1, "wbzy_2019": 1, "hongbao_2020": 2, "feiyan_2020": 1, "daka_2020": 1, "dailv_2020": 1, "school_2020": 1, "gongyi_2020": 2, "china_2020": 1, "weibozhiye_2020": 1, "hongbaofeifuniu_2021": 1, "hongbaofeijika_2021": 1, "nihaoshenghuojie_2021": 1}}, "reposts_count": 0, "comments_count": 0, "attitudes_count": 0, "pending_approval_count": 0, "isLongText": false, "reward_exhibition_type": 0, "hide_flag": 0, "mlevel": 0, "darwin_tags": [], "mblogtype": 0, "more_info_type": 0, "cardid": "star_11247_common", "number_display_strategy": {"apply_scenario_flag": 3, "display_text_min_number": 1000000, "display_text": "100\u4e07+"}, "content_auth": 0, "repost_type": 1, "pic_num": 0, "alchemy_params": {"ug_red_envelope": false}, "raw_text": "\u8f6c\u53d1\u5fae\u535a", "bid": "J9hmsAtwz"}]