{"visible": {"type": 0, "list_id": 0}, "created_at": "Fri Jul 17 12:31:38 +0800 2020", "id": "4527654013765128", "mid": "4527654013765128", "can_edit": false, "version": 1, "show_additional_indication": 0, "text": "\u3010<a  href=\"https://m.weibo.cn/search?containerid=231522type%3D1%26t%3D10%26q%3D%23%E9%92%A7%E8%AF%84%23&extparam=%23%E9%92%A7%E8%AF%84%23&luicode=20000061&lfid=4527654013765128\" data-hide=\"\"><span class=\"surl-text\">#\u94a7\u8bc4#</span></a>\uff1a\u81ea\u5df1\u8eba\u5e73\u8fd8\u8981\u62c9\u522b\u4eba\u57ab\u80cc\uff0c\u65e0\u803b\u3011\u65e5\u672c\u51b2\u7ef3\u53bf\u653f\u5e9c\u79f0\uff0c<a  href=\"https://m.weibo.cn/search?containerid=231522type%3D1%26t%3D10%26q%3D%23%E9%A9%BB%E6%97%A5%E7%BE%8E%E5%86%9B%E5%87%BA%E7%8E%B0%E8%81%9A%E9%9B%86%E6%80%A7%E6%96%B0%E5%86%A0%E7%97%85%E6%AF%92%E6%84%9F%E6%9F%93%23&extparam=%23%E9%A9%BB%E6%97%A5%E7%BE%8E%E5%86%9B%E5%87%BA%E7%8E%B0%E8%81%9A%E9%9B%86%E6%80%A7%E6%96%B0%E5%86%A0%E7%97%85%E6%AF%92%E6%84%9F%E6%9F%93%23&luicode=20000061&lfid=4527654013765128\" data-hide=\"\"><span class=\"surl-text\">#\u9a7b\u65e5\u7f8e\u519b\u51fa\u73b0\u805a\u96c6\u6027\u65b0\u51a0\u75c5\u6bd2\u611f\u67d3#</span></a>\uff0c\u51b2\u7ef3\u57fa\u5730\u7d2f\u8ba1\u786e\u8bca136\u4eba\uff1b\u6b64\u524d\uff0c3\u540d<a  href=\"https://m.weibo.cn/search?containerid=231522type%3D1%26t%3D10%26q%3D%23%E7%A1%AE%E8%AF%8A%E9%A9%BB%E6%97%A5%E7%BE%8E%E5%86%9B%E8%B0%8E%E6%8A%A5%E8%A1%8C%E7%A8%8B%E5%9D%90%E6%B0%91%E8%88%AA%E5%AE%A2%E6%9C%BA%23&extparam=%23%E7%A1%AE%E8%AF%8A%E9%A9%BB%E6%97%A5%E7%BE%8E%E5%86%9B%E8%B0%8E%E6%8A%A5%E8%A1%8C%E7%A8%8B%E5%9D%90%E6%B0%91%E8%88%AA%E5%AE%A2%E6%9C%BA%23&luicode=20000061&lfid=4527654013765128\" data-hide=\"\"><span class=\"surl-text\">#\u786e\u8bca\u9a7b\u65e5\u7f8e\u519b\u8c0e\u62a5\u884c\u7a0b\u5750\u6c11\u822a\u5ba2\u673a#</span></a>\uff0c\u8ba9\u5168\u65e5\u672c\u9677\u5165\u6050\u614c\u3002\u9a7b\u65e5\u7f8e\u519b\u4eab\u6709\u7279\u6b8a\u5730\u4f4d\uff0c\u65e0\u9700\u63a5\u53d7\u65e5\u65b9\u75c5\u6bd2\u68c0\u6d4b\uff0c\u5df2\u6210\u4e3a\u65e5\u672c\u9632\u63a7\u75ab\u60c5\u7684\u4e00\u5927\u6f0f\u6d1e\u3002\u5176\u957f\u671f\u85d0\u89c6\u5f53\u5730\u6cd5\u5f8b\u6cd5\u89c4\u548c\u6c11\u610f\uff0c\u65e9\u5df2\u8ba9\u4eba\u53f8\u7a7a\u89c1\u60ef\u3002\u4f46\u662f\u5728\u8fd9\u79cd\u4e8b\u5173\u4ed6\u4eba\u5065\u5eb7\u751a\u81f3\u751f\u6b7b\u7684\u95ee\u9898\u4e0a\u5982\u6b64\u4f5c\u4e3a\uff0c\u5b9e\u5728\u662f\u7a81\u7834\u5e95\u7ebf\uff0c\u4ee4\u4eba\u4e0d\u9f7f\u3002<a data-url=\"http://t.cn/A6yOQVus\" href=\"https://video.weibo.com/show?fid=1034:4527257998524431\" data-hide=\"\"><span class='url-icon'><img style='width: 1rem;height: 1rem' src='https://h5.sinaimg.cn/upload/2015/09/25/3/timeline_card_small_video_default.png'></span><span class=\"surl-text\">\u592e\u89c6\u7f51\u7684\u5fae\u535a\u89c6\u9891</span></a>", "textLength": 392, "source": "\u5fae\u535a\u89c6\u9891\u53f7", "favorited": false, "pic_ids": [], "pic_types": "", "is_paid": false, "mblog_vip_type": 0, "user": {"id": 7377933773, "screen_name": "\u94a7\u6b63\u5e73", "profile_image_url": "https://tvax1.sinaimg.cn/crop.0.0.1080.1080.180/0083j3BPly8gdi6jz95iwj30u00u0gmg.jpg?KID=imgbed,tva&Expires=1619210173&ssig=fCD4%2B2Y7bu", "profile_url": "https://m.weibo.cn/u/7377933773?uid=7377933773&luicode=20000061&lfid=4527654013765128", "statuses_count": 1131, "verified": true, "verified_type": 1, "verified_type_ext": 50, "verified_reason": "\u94a7\u6b63\u5e73\u5de5\u4f5c\u5ba4\u5b98\u65b9\u5fae\u535a", "close_blue_v": false, "description": "\u5343\u94a7\u91cd\u4efb\u3001\u6b63\u4e49\u62c5\u5f53\u3001\u5e73\u548c\u7406\u6027", "gender": "m", "mbtype": 11, "urank": 0, "mbrank": 4, "follow_me": false, "following": false, "followers_count": 899615, "follow_count": 39, "cover_image_phone": "https://tva1.sinaimg.cn/crop.0.0.640.640.640/549d0121tw1egm1kjly3jj20hs0hsq4f.jpg", "avatar_hd": "https://wx1.sinaimg.cn/orj480/0083j3BPly8gdi6jz95iwj30u00u0gmg.jpg", "like": false, "like_me": false, "badge": {"user_name_certificate": 1, "pc_new": 1, "china_2020": 1}}, "reposts_count": 62, "comments_count": 125, "attitudes_count": 1162, "pending_approval_count": 0, "isLongText": true, "reward_exhibition_type": 0, "hide_flag": 0, "mlevel": 0, "darwin_tags": [], "mblogtype": 0, "more_info_type": 0, "content_auth": 0, "safe_tags": 4096, "pic_num": 0, "alchemy_params": {"ug_red_envelope": false}, "page_info": {"type": "video", "object_type": 11, "url_ori": "http://t.cn/A6yOQVus", "page_pic": {"width": 1280, "url": "https://wx4.sinaimg.cn/large/c2b99825ly1ggslimuwdhj20zk0k0q4f.jpg", "height": 720}, "page_url": "https://video.weibo.com/show?fid=1034%3A4527257998524431&luicode=20000061&lfid=4527654013765128", "object_id": "1034:4527257998524431", "page_title": "\u592e\u89c6\u7f51\u7684\u5fae\u535a\u89c6\u9891", "title": "\u786e\u8bca\u9a7b\u65e5\u7f8e\u519b\u8c0e\u62a5\u884c\u7a0b\u5750\u6c11\u822a\u5ba2\u673a", "content1": "\u592e\u89c6\u7f51\u7684\u5fae\u535a\u89c6\u9891", "content2": "\u3010#\u786e\u8bca\u9a7b\u65e5\u7f8e\u519b\u8c0e\u62a5\u884c\u7a0b\u5750\u6c11\u822a\u5ba2\u673a#\u3011\u636e\u65e5\u5a92\u62a5\u9053\uff0c12\u65e5\uff0c3\u540d\u7f8e\u519b\u5ca9\u56fd\u57fa\u5730\u76f8\u5173\u4eba\u5458\u7531\u7f8e\u56fd\u5165\u5883\u65e5\u672c\uff0c\u5728\u7fbd\u7530\u673a\u573a\u63a5\u53d7\u68c0\u6d4b\u65f6\u7533\u62a5\u79f0\uff0c\u201c\u4e0d\u4f7f\u7528\u516c\u5171\u4ea4\u901a\u5de5\u5177\uff0c\u5c06\u79df\u8f66\u51fa\u884c\u201d\u3002\u4f46\u662f\uff0c\u8fd8\u6ca1\u7b49\u65b0\u51a0\u75c5\u6bd2\u68c0\u6d4b\u7ed3\u679c\u51fa\u6765\uff0c\u4ed6\u4eec\u5374\u5df2\u7ecf\u64c5\u81ea\u4e58\u5750\u6c11\u822a\u98de\u673a\u524d\u5f80\u5ca9\u56fd\u673a\u573a\u300214\u65e5\uff0c\u65b0\u51a0\u75c5\u6bd2\u68c0\u6d4b\u7ed3\u679c\u663e\u793a\uff0c3\u4eba\u5747\u5448\u9633\u6027\u3002", "video_orientation": "horizontal", "play_count": "99\u4e07\u6b21\u64ad\u653e", "media_info": {"stream_url": "https://locallimit.us.sinaimg.cn/1lH3Ywuzlx07ESs7FZZK01041200oR9q0E010.mp4?label=mp4_ld&template=640x360.25.0&trans_finger=bdef57f06ae52835a2c783ca389e8517&ori=0&ps=1BThihd3VLAY5R&Expires=1619202973&ssig=5WyC95Y7vc&KID=unistore,video", "stream_url_hd": "https://locallimit.us.sinaimg.cn/pJCjnq8hlx07ESs7PX6g01041200E4x80E010.mp4?label=mp4_hd&template=852x480.25.0&trans_finger=1621fcd5d40969f1c74e6b06e52fcd54&ori=0&ps=1BThihd3VLAY5R&Expires=1619202973&ssig=9ejKuut9bX&KID=unistore,video", "duration": 169.434}, "urls": {"mp4_720p_mp4": "https://locallimit.us.sinaimg.cn/Fh6xg6Aylx07ESs8NZhu01041201jEh30E010.mp4?label=mp4_720p&template=1280x720.25.0&trans_finger=11ccc9c970f47cffd9369c72510b3033&ori=0&ps=1BThihd3VLAY5R&Expires=1619202973&ssig=V4IyE%2Bx4tN&KID=unistore,video", "mp4_hd_mp4": "https://locallimit.us.sinaimg.cn/pJCjnq8hlx07ESs7PX6g01041200E4x80E010.mp4?label=mp4_hd&template=852x480.25.0&trans_finger=1621fcd5d40969f1c74e6b06e52fcd54&ori=0&ps=1BThihd3VLAY5R&Expires=1619202973&ssig=9ejKuut9bX&KID=unistore,video", "mp4_ld_mp4": "https://locallimit.us.sinaimg.cn/1lH3Ywuzlx07ESs7FZZK01041200oR9q0E010.mp4?label=mp4_ld&template=640x360.25.0&trans_finger=bdef57f06ae52835a2c783ca389e8517&ori=0&ps=1BThihd3VLAY5R&Expires=1619202973&ssig=5WyC95Y7vc&KID=unistore,video"}}, "bid": "JbBpffNtS", "buttons": [{"type": "follow", "name": "\u5173\u6ce8", "sub_type": 0, "params": {"uid": 7377933773}}], "status_title": "#\u94a7\u8bc4#\uff1a\u81ea\u5df1\u8eba\u5e73\u8fd8\u8981\u62c9\u522b\u4eba\u57ab\u80cc\uff0c\u65e0\u803b", "ok": 1, "scheme": "https://weibo.cn/appurl?scheme=sinaweibo%3A%2F%2Fdetail%3Fmblogid%3D4527654013765128%26luicode%3D20000061%26lfid%3D4527654013765128&luicode=20000061&lfid=4527654013765128", "tipScheme": "https://weibo.cn/appurl?scheme=sinaweibo%3A%2F%2Fdetail%3Fmblogid%3D4527654013765128%26luicode%3D20000061%26lfid%3D4527654013765128&luicode=20000061&lfid=4527654013765128"}