[{"visible": {"type": 0, "list_id": 0}, "created_at": "Fri Jul 17 12:31:38 +0800 2020", "id": "4527654013765128", "mid": "4527654013765128", "can_edit": false, "version": 1, "show_additional_indication": 0, "text": "\u3010<a  href=\"https://m.weibo.cn/search?containerid=231522type%3D1%26t%3D10%26q%3D%23%E9%92%A7%E8%AF%84%23&extparam=%23%E9%92%A7%E8%AF%84%23\" data-hide=\"\"><span class=\"surl-text\">#\u94a7\u8bc4#</span></a>\uff1a\u81ea\u5df1\u8eba\u5e73\u8fd8\u8981\u62c9\u522b\u4eba\u57ab\u80cc\uff0c\u65e0\u803b\u3011\u65e5\u672c\u51b2\u7ef3\u53bf\u653f\u5e9c\u79f0\uff0c<a  href=\"https://m.weibo.cn/search?containerid=231522type%3D1%26t%3D10%26q%3D%23%E9%A9%BB%E6%97%A5%E7%BE%8E%E5%86%9B%E5%87%BA%E7%8E%B0%E8%81%9A%E9%9B%86%E6%80%A7%E6%96%B0%E5%86%A0%E7%97%85%E6%AF%92%E6%84%9F%E6%9F%93%23&extparam=%23%E9%A9%BB%E6%97%A5%E7%BE%8E%E5%86%9B%E5%87%BA%E7%8E%B0%E8%81%9A%E9%9B%86%E6%80%A7%E6%96%B0%E5%86%A0%E7%97%85%E6%AF%92%E6%84%9F%E6%9F%93%23\" data-hide=\"\"><span class=\"surl-text\">#\u9a7b\u65e5\u7f8e\u519b\u51fa\u73b0\u805a\u96c6\u6027\u65b0\u51a0\u75c5\u6bd2\u611f\u67d3#</span></a>\uff0c\u51b2\u7ef3\u57fa\u5730\u7d2f\u8ba1\u786e\u8bca136\u4eba\uff1b\u6b64\u524d\uff0c3\u540d<a  href=\"https://m.weibo.cn/search?containerid=231522type%3D1%26t%3D10%26q%3D%23%E7%A1%AE%E8%AF%8A%E9%A9%BB%E6%97%A5%E7%BE%8E%E5%86%9B%E8%B0%8E%E6%8A%A5%E8%A1%8C%E7%A8%8B%E5%9D%90%E6%B0%91%E8%88%AA%E5%AE%A2%E6%9C%BA%23&extparam=%23%E7%A1%AE%E8%AF%8A%E9%A9%BB%E6%97%A5%E7%BE%8E%E5%86%9B%E8%B0%8E%E6%8A%A5%E8%A1%8C%E7%A8%8B%E5%9D%90%E6%B0%91%E8%88%AA%E5%AE%A2%E6%9C%BA%23\" data-hide=\"\"><span class=\"surl-text\">#\u786e\u8bca\u9a7b\u65e5\u7f8e\u519b\u8c0e\u62a5\u884c\u7a0b\u5750\u6c11\u822a\u5ba2\u673a#</span></a>\uff0c\u8ba9\u5168\u65e5\u672c\u9677\u5165\u6050\u614c\u3002\u9a7b\u65e5\u7f8e\u519b\u4eab\u6709\u7279\u6b8a\u5730\u4f4d\uff0c\u65e0\u9700\u63a5\u53d7\u65e5\u65b9\u75c5\u6bd2\u68c0\u6d4b\uff0c\u5df2\u6210\u4e3a\u65e5\u672c\u9632\u63a7\u75ab\u60c5\u7684\u4e00\u5927\u6f0f\u6d1e\u3002\u5176\u957f\u671f\u85d0\u89c6\u5f53\u5730\u6cd5\u5f8b\u6cd5\u89c4\u548c\u6c11\u610f\uff0c ...<a href=\"/status/4527654013765128\">\u5168\u6587</a>", "textLength": 392, "source": "\u5fae\u535a\u89c6\u9891\u53f7", "favorited": false, "pic_ids": [], "pic_types": "", "is_paid": false, "mblog_vip_type": 0, "user": {"id": 7377933773, "screen_name": "\u94a7\u6b63\u5e73", "profile_image_url": "https://tvax1.sinaimg.cn/crop.0.0.1080.1080.180/0083j3BPly8gdi6jz95iwj30u00u0gmg.jpg?KID=imgbed,tva&Expires=1619207876&ssig=a2AxmraaqN", "profile_url": "https://m.weibo.cn/u/7377933773?uid=7377933773", "statuses_count": 1131, "verified": true, "verified_type": 1, "verified_type_ext": 50, "verified_reason": "\u94a7\u6b63\u5e73\u5de5\u4f5c\u5ba4\u5b98\u65b9\u5fae\u535a", "close_blue_v": false, "description": "\u5343\u94a7\u91cd\u4efb\u3001\u6b63\u4e49\u62c5\u5f53\u3001\u5e73\u548c\u7406\u6027", "gender": "m", "mbtype": 11, "urank": 0, "mbrank": 4, "follow_me": false, "following": false, "followers_count": 899618, "follow_count": 39, "cover_image_phone": "https://tva1.sinaimg.cn/crop.0.0.640.640.640/549d0121tw1egm1kjly3jj20hs0hsq4f.jpg", "avatar_hd": "https://wx1.sinaimg.cn/orj480/0083j3BPly8gdi6jz95iwj30u00u0gmg.jpg", "like": false, "like_me": false, "badge": {"user_name_certificate": 1, "pc_new": 1, "china_2020": 1}}, "reposts_count": 62, "comments_count": 125, "attitudes_count": 1162, "pending_approval_count": 0, "isLongText": true, "reward_exhibition_type": 0, "hide_flag": 0, "mlevel": 0, "darwin_tags": [], "mblogtype": 0, "more_info_type": 0, "content_auth": 0, "safe_tags": 4096, "pic_num": 0, "page_info": {"type": "video", "object_type": 11, "url_ori": "http://t.cn/A6yOQVus", "page_pic": {"width": 1280, "url": "https://wx4.sinaimg.cn/large/c2b99825ly1ggslimuwdhj20zk0k0q4f.jpg", "height": 720}, "page_url": "https://video.weibo.com/show?fid=1034%3A4527257998524431", "object_id": "1034:4527257998524431", "page_title": "\u592e\u89c6\u7f51\u7684\u5fae\u535a\u89c6\u9891", "title": "\u786e\u8bca\u9a7b\u65e5\u7f8e\u519b\u8c0e\u62a5\u884c\u7a0b\u5750\u6c11\u822a\u5ba2\u673a", "content1": "\u592e\u89c6\u7f51\u7684\u5fae\u535a\u89c6\u9891", "content2": "\u3010#\u786e\u8bca\u9a7b\u65e5\u7f8e\u519b\u8c0e\u62a5\u884c\u7a0b\u5750\u6c11\u822a\u5ba2\u673a#\u3011\u636e\u65e5\u5a92\u62a5\u9053\uff0c12\u65e5\uff0c3\u540d\u7f8e\u519b\u5ca9\u56fd\u57fa\u5730\u76f8\u5173\u4eba\u5458\u7531\u7f8e\u56fd\u5165\u5883\u65e5\u672c\uff0c\u5728\u7fbd\u7530\u673a\u573a\u63a5\u53d7\u68c0\u6d4b\u65f6\u7533\u62a5\u79f0\uff0c\u201c\u4e0d\u4f7f\u7528\u516c\u5171\u4ea4\u901a\u5de5\u5177\uff0c\u5c06\u79df\u8f66\u51fa\u884c\u201d\u3002\u4f46\u662f\uff0c\u8fd8\u6ca1\u7b49\u65b0\u51a0\u75c5\u6bd2\u68c0\u6d4b\u7ed3\u679c\u51fa\u6765\uff0c\u4ed6\u4eec\u5374\u5df2\u7ecf\u64c5\u81ea\u4e58\u5750\u6c11\u822a\u98de\u673a\u524d\u5f80\u5ca9\u56fd\u673a\u573a\u300214\u65e5\uff0c\u65b0\u51a0\u75c5\u6bd2\u68c0\u6d4b\u7ed3\u679c\u663e\u793a\uff0c3\u4eba\u5747\u5448\u9633\u6027\u3002", "video_orientation": "horizontal", "play_count": "99\u4e07\u6b21\u64ad\u653e", "media_info": {"stream_url": "https://locallimit.us.sinaimg.cn/1lH3Ywuzlx07ESs7FZZK01041200oR9q0E010.mp4?label=mp4_ld&template=640x360.25.0&trans_finger=bdef57f06ae52835a2c783ca389e8517&ori=0&ps=1BThihd3VLAY5R&Expires=1619200676&ssig=nmXEqITJ9N&KID=unistore,video", "stream_url_hd": "https://locallimit.us.sinaimg.cn/pJCjnq8hlx07ESs7PX6g01041200E4x80E010.mp4?label=mp4_hd&template=852x480.25.0&trans_finger=1621fcd5d40969f1c74e6b06e52fcd54&ori=0&ps=1BThihd3VLAY5R&Expires=1619200676&ssig=PexQaTgxet&KID=unistore,video", "duration": 169.434}, "urls": {"mp4_720p_mp4": "https://locallimit.us.sinaimg.cn/Fh6xg6Aylx07ESs8NZhu01041201jEh30E010.mp4?label=mp4_720p&template=1280x720.25.0&trans_finger=11ccc9c970f47cffd9369c72510b3033&ori=0&ps=1BThihd3VLAY5R&Expires=1619200676&ssig=nX0fpmV3ai&KID=unistore,video", "mp4_hd_mp4": "https://locallimit.us.sinaimg.cn/pJCjnq8hlx07ESs7PX6g01041200E4x80E010.mp4?label=mp4_hd&template=852x480.25.0&trans_finger=1621fcd5d40969f1c74e6b06e52fcd54&ori=0&ps=1BThihd3VLAY5R&Expires=1619200676&ssig=PexQaTgxet&KID=unistore,video", "mp4_ld_mp4": "https://locallimit.us.sinaimg.cn/1lH3Ywuzlx07ESs7FZZK01041200oR9q0E010.mp4?label=mp4_ld&template=640x360.25.0&trans_finger=bdef57f06ae52835a2c783ca389e8517&ori=0&ps=1BThihd3VLAY5R&Expires=1619200676&ssig=nmXEqITJ9N&KID=unistore,video"}}, "bid": "JbBpffNtS"}, {"visible": {"type": 0, "list_id": 0}, "created_at": "Fri Jul 31 00:03:20 +0800 2020", "id": "4532539124095771", "mid": "4532539124095771", "can_edit": false, "show_additional_indication": 0, "text": "\u65e5\u672c\u6ca1\u4e3b\u6743\u7684\u4e0d\u7528\u770b\u4e86", "source": "\u4e09\u661f GALAXY Note8", "favorited": false, "pic_ids": [], "pic_types": "", "is_paid": false, "mblog_vip_type": 0, "user": {"id": 5883940381, "screen_name": "\u5e7f\u5dde\u5df4\u8ff7Texas", "profile_image_url": "https://tvax4.sinaimg.cn/crop.0.0.1006.1006.180/006qcpGdly8gkbayods3yj30ry0rydj7.jpg?KID=imgbed,tva&Expires=1619207876&ssig=GCPW9X4QE%2F", "profile_url": "https://m.weibo.cn/u/5883940381?uid=5883940381", "statuses_count": 606, "verified": false, "verified_type": -1, "close_blue_v": false, "description": "\u6211\u6c38\u8fdc\u559c\u6b22\u6a59\u8272\u5de8\u9f99", "gender": "m", "mbtype": 0, "urank": 22, "mbrank": 0, "follow_me": false, "following": false, "followers_count": 687, "follow_count": 799, "cover_image_phone": "https://tva1.sinaimg.cn/crop.0.0.640.640.640/549d0121tw1egm1kjly3jj20hs0hsq4f.jpg", "avatar_hd": "https://wx4.sinaimg.cn/orj480/006qcpGdly8gkbayods3yj30ry0rydj7.jpg", "like": false, "like_me": false, "badge": {"unread_pool": 1, "panda": 1, "user_name_certificate": 1, "suishoupai_2019": 1, "hongrenjie_2019": 1, "china_2019": 1, "hongkong_2019": 1, "hongbao_2020": 2}}, "reposts_count": 2, "comments_count": 0, "attitudes_count": 1, "pending_approval_count": 0, "isLongText": false, "reward_exhibition_type": 0, "hide_flag": 0, "mlevel": 0, "darwin_tags": [], "mblogtype": 0, "more_info_type": 0, "number_display_strategy": {"apply_scenario_flag": 3, "display_text_min_number": 1000000, "display_text": "100\u4e07+"}, "content_auth": 0, "repost_type": 1, "pic_num": 0, "alchemy_params": {"ug_red_envelope": false}, "raw_text": "\u65e5\u672c\u6ca1\u4e3b\u6743\u7684\u4e0d\u7528\u770b\u4e86", "bid": "JdEushbuP"}, {"visible": {"type": 0, "list_id": 0}, "created_at": "Tue Jul 28 23:23:48 +0800 2020", "id": "4531804399213393", "mid": "4531804399213393", "can_edit": false, "show_additional_indication": 0, "text": "\u8f6c\u53d1\u5fae\u535a", "source": "Android", "favorited": false, "pic_ids": [], "pic_types": "", "is_paid": false, "mblog_vip_type": 0, "user": {"id": 7409207058, "screen_name": "\u5510\u5b8120171001\u9644\u5c5e\u53f72", "profile_image_url": "https://tvax3.sinaimg.cn/crop.0.0.664.664.180/0085qhdEly8gngfn1zeokj30ig0igwfh.jpg?KID=imgbed,tva&Expires=1619207876&ssig=bGQwPpV8Ko", "profile_url": "https://m.weibo.cn/u/7409207058?uid=7409207058", "statuses_count": 30571, "verified": false, "verified_type": -1, "close_blue_v": false, "description": "\u7f18\u8d77\u6027\u7a7a\uff01\u51e1\u8eab\u68a6\u5b85\uff0c\u5e7b\u65e0\u6240\u8457\uff0c\u77e5\u5e7b\u5373\u79bb\uff0c\u79bb\u5e7b\u5373\u89c9\uff1b\u52ab\u4e1a\u5f53\u5934\uff0c\u8b66\u60d5\u89c9\u666e\uff0c\u82e6\u6d77\u6148\u822a\uff0c\u52ff\u751f\u9000\u5374\uff01\u9b54\u4f5b\u5584\u6076\u4e00\u5ff5\u95f4!", "gender": "f", "mbtype": 0, "urank": 0, "mbrank": 0, "follow_me": false, "following": false, "followers_count": 12, "follow_count": 1136, "cover_image_phone": "https://tva1.sinaimg.cn/crop.0.0.640.640.640/549d0121tw1egm1kjly3jj20hs0hsq4f.jpg", "avatar_hd": "https://wx3.sinaimg.cn/orj480/0085qhdEly8gngfn1zeokj30ig0igwfh.jpg", "like": false, "like_me": false, "badge": {"user_name_certificate": 1, "green_2020": 1, "graduation_2020": 1, "dailv_2020": 1, "movie_2020": 1, "school_2020": 1, "hongrenjie_2020": 1, "china_2020": 1, "weibozhiye_2020": 1, "hongbaofeijika_2021": 1, "nihaoshenghuojie_2021": 1, "lvzhilingyang_2021": 1, "earthguarder_2021": 1}}, "reposts_count": 0, "comments_count": 0, "attitudes_count": 0, "pending_approval_count": 0, "isLongText": false, "reward_exhibition_type": 0, "hide_flag": 0, "mlevel": 0, "darwin_tags": [], "mblogtype": 0, "more_info_type": 0, "cardid": "star_11247_common", "number_display_strategy": {"apply_scenario_flag": 3, "display_text_min_number": 1000000, "display_text": "100\u4e07+"}, "content_auth": 0, "repost_type": 1, "pic_num": 0, "alchemy_params": {"ug_red_envelope": false}, "raw_text": "\u8f6c\u53d1\u5fae\u535a", "bid": "JdlnpCEP7"}, {"visible": {"type": 0, "list_id": 0}, "created_at": "Tue Jul 21 10:04:11 +0800 2020", "id": "4529066454292431", "mid": "4529066454292431", "can_edit": false, "show_additional_indication": 0, "text": "\u8fd9\u7b97\u5c0f\u4e8b\u5427<span class=\"url-icon\"><img alt=[doge] src=\"https://h5.sinaimg.cn/m/emoticon/icon/others/d_doge-be7f768d78.png\" style=\"width:1em; height:1em;\" /></span>\uff01\u4eba\u5bb6\u5f3a\u5978\u62a2\u52ab\u7684\u4e8b\u4e5f\u6ca1\u5c11\u505a\u554a\uff01\u53ef\u60b2\u7684\u534a\u4e3b\u6743\u56fd\u5bb6<span class=\"url-icon\"><img alt=[\u8721\u70db] src=\"https://h5.sinaimg.cn/m/emoticon/icon/others/o_lazhu-afb8e4fbdc.png\" style=\"width:1em; height:1em;\" /></span>", "source": "Android", "favorited": false, "pic_ids": [], "pic_types": "", "is_paid": false, "mblog_vip_type": 0, "user": {"id": 5259115345, "screen_name": "Haasakkki2021", "profile_image_url": "https://tvax3.sinaimg.cn/crop.0.0.664.664.180/005JUI93ly8gjz0umypcaj30ig0igjs1.jpg?KID=imgbed,tva&Expires=1619207876&ssig=%2F9NaEx3TJJ", "profile_url": "https://m.weibo.cn/u/5259115345?uid=5259115345", "statuses_count": 258, "verified": false, "verified_type": -1, "close_blue_v": false, "description": "", "gender": "m", "mbtype": 0, "urank": 4, "mbrank": 0, "follow_me": false, "following": false, "followers_count": 54, "follow_count": 83, "cover_image_phone": "https://tva1.sinaimg.cn/crop.0.0.640.640.640/549d0121tw1egm1kjly3jj20hs0hsq4f.jpg", "avatar_hd": "https://wx3.sinaimg.cn/orj480/005JUI93ly8gjz0umypcaj30ig0igjs1.jpg", "like": false, "like_me": false, "badge": {"bind_taobao": 1, "unread_pool": 1, "unread_pool_ext": 1, "user_name_certificate": 1, "china_2019": 1, "hongkong_2019": 1, "starlight_2019": 1, "hongbao_2020": 2, "feiyan_2020": 1}}, "reposts_count": 0, "comments_count": 0, "attitudes_count": 0, "pending_approval_count": 0, "isLongText": false, "reward_exhibition_type": 0, "hide_flag": 0, "mlevel": 0, "darwin_tags": [], "mblogtype": 0, "more_info_type": 0, "number_display_strategy": {"apply_scenario_flag": 3, "display_text_min_number": 1000000, "display_text": "100\u4e07+"}, "content_auth": 0, "repost_type": 3, "pic_num": 0, "alchemy_params": {"ug_red_envelope": false}, "raw_text": "\u8fd9\u7b97\u5c0f\u4e8b\u5427[doge]\uff01\u4eba\u5bb6\u5f3a\u5978\u62a2\u52ab\u7684\u4e8b\u4e5f\u6ca1\u5c11\u505a\u554a\uff01\u53ef\u60b2\u7684\u534a\u4e3b\u6743\u56fd\u5bb6[\u8721\u70db]", "bid": "Jcc9ni0EL"}, {"visible": {"type": 0, "list_id": 0}, "created_at": "Mon Jul 20 21:56:04 +0800 2020", "id": "4528883217733326", "mid": "4528883217733326", "can_edit": false, "show_additional_indication": 0, "text": "\u8f6c\u53d1\u5fae\u535a", "source": "iPhone\u5ba2\u6237\u7aef", "favorited": false, "pic_ids": [], "pic_types": "", "is_paid": false, "mblog_vip_type": 0, "user": {"id": 3033541292, "screen_name": "\u79e6\u6c49\u672a\u592e", "profile_image_url": "https://tva3.sinaimg.cn/crop.0.1.1242.1242.180/b4d02aacjw8exxplfdhksj20yi0yk75r.jpg?KID=imgbed,tva&Expires=1619207876&ssig=o5%2BIHDgIw3", "profile_url": "https://m.weibo.cn/u/3033541292?uid=3033541292", "statuses_count": 60241, "verified": false, "verified_type": -1, "close_blue_v": false, "description": "\u8f6c\u53d1\u4e5f\u662f\u4e00\u79cd\u6001\u5ea6\u3002", "gender": "m", "mbtype": 0, "urank": 44, "mbrank": 0, "follow_me": false, "following": false, "followers_count": 398, "follow_count": 771, "cover_image_phone": "https://tva1.sinaimg.cn/crop.0.0.640.640.640/6cf8d7ebjw1ehfr4xa8psj20hs0hsgpg.jpg", "avatar_hd": "https://ww3.sinaimg.cn/orj480/b4d02aacjw8exxplfdhksj20yi0yk75r.jpg", "like": false, "like_me": false, "badge": {"zongyiji": 1, "unread_pool": 1, "vip_activity2": 1, "unread_pool_ext": 1, "dzwbqlx_2016": 1, "league_badge": 1, "super_star_2017": 1, "user_name_certificate": 1, "suishoupai_2018": 1, "wenchuan_10th": 1, "super_star_2018": 1, "worldcup_2018": 34, "league_badge_2018": 1, "dailv_2018": 1, "qixi_2018": 1, "national_day_2018": 1, "memorial_2018": 1, "womensday_2018": 1, "wusi_2019": 1, "earth_2019": 1, "hongrenjie_2019": 1, "china_2019": 1, "hongkong_2019": 1, "gongjiri_2019": 1, "macao_2019": 1, "china_2019_2": 1, "hongbao_2020": 2, "feiyan_2020": 1, "kangyi_2020": 1}}, "reposts_count": 0, "comments_count": 0, "attitudes_count": 0, "pending_approval_count": 0, "isLongText": false, "reward_exhibition_type": 0, "hide_flag": 0, "mlevel": 0, "darwin_tags": [], "mblogtype": 0, "more_info_type": 0, "cardid": "star_11247_common", "number_display_strategy": {"apply_scenario_flag": 3, "display_text_min_number": 1000000, "display_text": "100\u4e07+"}, "content_auth": 0, "repost_type": 1, "pic_num": 0, "alchemy_params": {"ug_red_envelope": false}, "raw_text": "\u8f6c\u53d1\u5fae\u535a", "bid": "Jc7nPwrN4"}, {"visible": {"type": 0, "list_id": 0}, "created_at": "Mon Jul 20 21:07:19 +0800 2020", "id": "4528870949392874", "mid": "4528870949392874", "can_edit": false, "show_additional_indication": 0, "text": "\u8f6c\u53d1\u5fae\u535a", "source": "HUAWEI Mate 20", "favorited": false, "pic_ids": [], "pic_types": "", "is_paid": false, "mblog_vip_type": 0, "user": {"id": 1802683811, "screen_name": "\u4e2d\u534e\u4e49\u52c7\u519b\u53ec\u96c6\u4eba", "profile_image_url": "https://tva3.sinaimg.cn/crop.0.0.690.690.180/6b72c5a3jw8f1063f4i6uj20j60j63zp.jpg?KID=imgbed,tva&Expires=1619207876&ssig=HMVKZtmBKM", "profile_url": "https://m.weibo.cn/u/1802683811?uid=1802683811", "statuses_count": 77523, "verified": false, "verified_type": -1, "close_blue_v": false, "description": "\u3010\u53cd\u53f0\u72ec\u3011\u575a\u5b9a\u634d\u536b\u6c11\u65cf\u5229\u76ca\uff0c\u5f18\u626c\u7231\u56fd\u4e3b\u4e49\uff0c\u575a\u5b88\u7f51\u7edc\u4e0a\u7518\u5cad\uff0c\u505a\u65b0\u65f6\u4ee3\u7684\u7231\u56fd\u4e49\u52c7\u519b\uff01", "gender": "m", "mbtype": 12, "urank": 48, "mbrank": 7, "follow_me": false, "following": false, "followers_count": 73337, "follow_count": 2457, "cover_image_phone": "https://tva1.sinaimg.cn/crop.0.0.640.640.640/549d0121tw1egm1kjly3jj20hs0hsq4f.jpg", "avatar_hd": "https://ww3.sinaimg.cn/orj480/6b72c5a3jw8f1063f4i6uj20j60j63zp.jpg", "like": false, "like_me": false, "badge": {"gongyi": 1, "gongyi_level": 3, "bind_taobao": 1, "zongyiji": 1, "unread_pool": 1, "unread_pool_ext": 1, "dzwbqlx_2016": 1, "follow_whitelist_video": 1, "user_name_certificate": 1, "suishoupai_2018": 1, "wenchuan_10th": 1, "worldcup_2018": 34, "wenda_v2": 1, "qixi_2018": 1, "national_day_2018": 1, "memorial_2018": 1, "hongbaofei_2019": 1, "denglong_2019": 1, "suishoupai_2019": 1, "wusi_2019": 1, "hongrenjie_2019": 1, "china_2019": 1, "hongkong_2019": 1, "rrgyj_2019": 1, "starlight_2019": 1, "gongjiri_2019": 1, "macao_2019": 1, "china_2019_2": 1, "hongbao_2020": 2, "feiyan_2020": 1, "graduation_2020": 1, "dailv_2020": 1, "school_2020": 1, "china_2020": 1, "weibozhiye_2020": 1, "hongbaofeijika_2021": 1}}, "reposts_count": 0, "comments_count": 0, "attitudes_count": 0, "pending_approval_count": 0, "isLongText": false, "reward_exhibition_type": 0, "hide_flag": 0, "mlevel": 0, "darwin_tags": [], "mblogtype": 0, "more_info_type": 0, "number_display_strategy": {"apply_scenario_flag": 3, "display_text_min_number": 1000000, "display_text": "100\u4e07+"}, "content_auth": 0, "repost_type": 1, "pic_num": 0, "alchemy_params": {"ug_red_envelope": false}, "raw_text": "\u8f6c\u53d1\u5fae\u535a", "bid": "Jc742DpvY"}, {"visible": {"type": 0, "list_id": 0}, "created_at": "Mon Jul 20 10:47:18 +0800 2020", "id": "4528714916827953", "mid": "4528714916827953", "can_edit": false, "show_additional_indication": 0, "text": "//<a href='/n/\u9601\u697c\u5c0f\u6d6e'>@\u9601\u697c\u5c0f\u6d6e</a>:\u73b0\u4ee3\u5316\u6b96\u6c11\u5730\u662f\u8fd9\u6837\u5b50\u7684\uff0c\u53cd\u6b63\u6ca1\u6709\u5565\u4e3b\u6743\u53ef\u8a00", "source": "HUAWEI Mate 20", "favorited": false, "pic_ids": [], "pic_types": "", "is_paid": false, "mblog_vip_type": 0, "user": {"id": 5489508324, "screen_name": "\u5706\u821e\u5b63", "profile_image_url": "https://tva3.sinaimg.cn/crop.0.0.996.996.180/005ZvpSQjw8f90c0pfoo5j30ro0rowgl.jpg?KID=imgbed,tva&Expires=1619207876&ssig=dort3LE50n", "profile_url": "https://m.weibo.cn/u/5489508324?uid=5489508324", "statuses_count": 9178, "verified": false, "verified_type": -1, "close_blue_v": false, "description": "", "gender": "f", "mbtype": 0, "urank": 27, "mbrank": 0, "follow_me": false, "following": false, "followers_count": 322, "follow_count": 629, "cover_image_phone": "https://tva1.sinaimg.cn/crop.0.0.640.640.640/549d0121tw1egm1kjly3jj20hs0hsq4f.jpg", "avatar_hd": "https://ww3.sinaimg.cn/orj480/005ZvpSQjw8f90c0pfoo5j30ro0rowgl.jpg", "like": false, "like_me": false, "badge": {"unread_pool": 1, "unread_pool_ext": 1, "dzwbqlx_2016": 1, "league_badge": 1, "user_name_certificate": 1, "memorial_2018": 1, "hongbao_2020": 3, "feiyan_2020": 1, "dailv_2020": 1, "china_2020": 1}}, "reposts_count": 0, "comments_count": 0, "attitudes_count": 0, "pending_approval_count": 0, "isLongText": false, "reward_exhibition_type": 0, "hide_flag": 0, "mlevel": 0, "darwin_tags": [], "mblogtype": 0, "more_info_type": 0, "number_display_strategy": {"apply_scenario_flag": 3, "display_text_min_number": 1000000, "display_text": "100\u4e07+"}, "content_auth": 0, "repost_type": 5, "pic_num": 0, "alchemy_params": {"ug_red_envelope": false}, "raw_text": "//@\u9601\u697c\u5c0f\u6d6e:\u73b0\u4ee3\u5316\u6b96\u6c11\u5730\u662f\u8fd9\u6837\u5b50\u7684\uff0c\u53cd\u6b63\u6ca1\u6709\u5565\u4e3b\u6743\u53ef\u8a00", "bid": "Jc30nsEgh"}, {"visible": {"type": 0, "list_id": 0}, "created_at": "Sat Jul 18 22:07:51 +0800 2020", "id": "4528161406066393", "mid": "4528161406066393", "can_edit": false, "show_additional_indication": 0, "text": "\u7a81\u7136\u60f3\u8d77\u6765\u4e4b\u524d\u56de\u590d\u522b\u4eba\u7684\u5173\u4e8e\u811a\u76c6\u9e21\u548c\u4e11\u56fd\uff0c\u6240\u4ee5\u6211\u662f\u89c9\u5f97\u811a\u76c6\u9e21\u8fd8\u662f\u6446\u8131\u4e0d\u4e86\u4e11\u56fd\u3002", "source": "\u5fae\u535a weibo.com", "favorited": false, "pic_ids": [], "pic_types": "", "is_paid": false, "mblog_vip_type": 0, "user": {"id": 5238727024, "screen_name": "\u6c38\u8fdc\u7231\u79cd\u82b1\u5bb6\u7684\u79cd\u82b1\u5154", "profile_image_url": "https://tvax3.sinaimg.cn/crop.0.0.180.180.180/005Ixadaly8gd58h0tfuaj3050050q2t.jpg?KID=imgbed,tva&Expires=1619207876&ssig=aeUnnEpf%2Fe", "profile_url": "https://m.weibo.cn/u/5238727024?uid=5238727024", "statuses_count": 1207, "verified": false, "verified_type": -1, "close_blue_v": false, "description": "\ud83d\udc30\u2764\ud83c\udde8\ud83c\uddf3", "gender": "f", "mbtype": 2, "urank": 30, "mbrank": 2, "follow_me": false, "following": false, "followers_count": 333, "follow_count": 200, "cover_image_phone": "https://tva1.sinaimg.cn/crop.0.0.640.640.640/9d44112bjw1f1xl1c10tuj20hs0hs0tw.jpg", "avatar_hd": "https://wx3.sinaimg.cn/orj480/005Ixadaly8gd58h0tfuaj3050050q2t.jpg", "like": false, "like_me": false, "badge": {"bind_taobao": 1, "unread_pool": 1, "unread_pool_ext": 1, "dzwbqlx_2016": 1, "user_name_certificate": 1, "worldcup_2018": 34, "qixi_2018": 1, "national_day_2018": 1, "wbzy_2018": 1, "hongbaofei_2019": 1, "suishoupai_2019": 1, "hongrenjie_2019": 1, "china_2019": 1, "hongbao_2020": 2, "feiyan_2020": 1, "pc_new": 6, "dailv_2020": 1, "china_2020": 1, "hongbaofeijika_2021": 1}}, "reposts_count": 0, "comments_count": 3, "attitudes_count": 5, "pending_approval_count": 0, "isLongText": false, "reward_exhibition_type": 0, "hide_flag": 0, "mlevel": 0, "darwin_tags": [], "mblogtype": 0, "more_info_type": 0, "number_display_strategy": {"apply_scenario_flag": 3, "display_text_min_number": 1000000, "display_text": "100\u4e07+"}, "content_auth": 0, "repost_type": 3, "pic_num": 0, "alchemy_params": {"ug_red_envelope": false}, "raw_text": "\u7a81\u7136\u60f3\u8d77\u6765\u4e4b\u524d\u56de\u590d\u522b\u4eba\u7684\u5173\u4e8e\u811a\u76c6\u9e21\u548c\u4e11\u56fd\uff0c\u6240\u4ee5\u6211\u662f\u89c9\u5f97\u811a\u76c6\u9e21\u8fd8\u662f\u6446\u8131\u4e0d\u4e86\u4e11\u56fd\u3002", "bid": "JbOBCps93"}, {"visible": {"type": 0, "list_id": 0}, "created_at": "Sat Jul 18 10:14:31 +0800 2020", "id": "4527981890898485", "mid": "4527981890898485", "can_edit": false, "show_additional_indication": 0, "text": "\u8f6c\u53d1\u5fae\u535a", "source": "vivo AI\u667a\u6167\u62cd\u7167X21", "favorited": false, "pic_ids": [], "pic_types": "", "is_paid": false, "mblog_vip_type": 0, "user": {"id": 6039898715, "screen_name": "hfkao5613", "profile_image_url": "https://tvax1.sinaimg.cn/crop.0.0.996.996.180/006AKNzdly8gmq0970u4kj30ro0rpdhp.jpg?KID=imgbed,tva&Expires=1619207878&ssig=M2PkGCwxjT", "profile_url": "https://m.weibo.cn/u/6039898715?uid=6039898715", "statuses_count": 742, "verified": false, "verified_type": -1, "close_blue_v": false, "description": "", "gender": "m", "mbtype": 0, "urank": 4, "mbrank": 0, "follow_me": false, "following": false, "followers_count": 83, "follow_count": 285, "cover_image_phone": "https://tva1.sinaimg.cn/crop.0.0.640.640.640/549d0121tw1egm1kjly3jj20hs0hsq4f.jpg", "avatar_hd": "https://wx1.sinaimg.cn/orj480/006AKNzdly8gmq0970u4kj30ro0rpdhp.jpg", "like": false, "like_me": false, "badge": {"bind_taobao": 1, "unread_pool": 1, "unread_pool_ext": 1, "travel_2017": 1, "user_name_certificate": 1, "super_star_2018": 1, "wenda_v2": 1, "qixi_2018": 1, "hongbaofei_2019": 1, "china_2019": 1, "hongbao_2020": 3, "hongbaofeifuniu_2021": 1}}, "reposts_count": 0, "comments_count": 0, "attitudes_count": 0, "pending_approval_count": 0, "isLongText": false, "reward_exhibition_type": 0, "hide_flag": 0, "mlevel": 0, "darwin_tags": [], "mblogtype": 0, "more_info_type": 0, "number_display_strategy": {"apply_scenario_flag": 3, "display_text_min_number": 1000000, "display_text": "100\u4e07+"}, "content_auth": 0, "repost_type": 1, "pic_num": 0, "alchemy_params": {"ug_red_envelope": false}, "raw_text": "\u8f6c\u53d1\u5fae\u535a", "bid": "JbJW53LJH"}, {"visible": {"type": 0, "list_id": 0}, "created_at": "Fri Jul 17 23:19:38 +0800 2020", "id": "4527817087262011", "mid": "4527817087262011", "can_edit": false, "version": 1, "show_additional_indication": 0, "text": "\u73b0\u4ee3\u5316\u6b96\u6c11\u5730\u662f\u8fd9\u6837\u5b50\u7684\uff0c\u53cd\u6b63\u6ca1\u6709\u5565\u4e3b\u6743\u53ef\u8a00", "source": "\u8363\u80008X Max", "favorited": false, "pic_ids": [], "pic_types": "", "is_paid": false, "mblog_vip_type": 0, "user": {"id": 3566829173, "screen_name": "SS\u7b2c\u4e8c\u5e1d\u56fd\u88c5\u7532\u5e08", "profile_image_url": "https://tva1.sinaimg.cn/crop.0.0.720.720.180/d4997e75jw8ebji1ng3twj20k00k0ab9.jpg?KID=imgbed,tva&Expires=1619207878&ssig=85tKtAQijF", "profile_url": "https://m.weibo.cn/u/3566829173?uid=3566829173", "statuses_count": 22950, "verified": false, "verified_type": -1, "close_blue_v": false, "description": "\u6211\u662f\u6b66\u88c5\u515a\u536b\u519b\u4e0b\u5c5eSS\u7b2c\u4e8c\u5e1d\u56fd\u88c5\u7532\u5e08\u3002\u8981\u7528\u864e\u738b\u5766\u514b\uff0c\u65af\u56fe\u5361\u8f70\u70b8\u673a\uff0c\u6d88\u706d\u6240\u6709\u80c6\u6562\u72af\u6211\u4e2d\u534e\u4e4b\u5f3a\u654c\uff01\u8981\u8ba9\u4ed6\u4eec\u6709\u6765\u65e0\u56de\u3002\u6211\u662f\u6b7b\u795e\u4e4b\u9570\u5200\uff01\u5e1d\u56fd\u94c1\u8840\u96c4\u5e08\uff01", "gender": "m", "mbtype": 0, "urank": 42, "mbrank": 0, "follow_me": false, "following": false, "followers_count": 1590, "follow_count": 2049, "cover_image_phone": "https://tva1.sinaimg.cn/crop.0.0.640.640.640/549d0121tw1egm1kjly3jj20hs0hsq4f.jpg", "avatar_hd": "https://ww1.sinaimg.cn/orj480/d4997e75jw8ebji1ng3twj20k00k0ab9.jpg", "like": false, "like_me": false, "badge": {"zongyiji": 1, "unread_pool": 1, "unread_pool_ext": 1, "dzwbqlx_2016": 1, "league_badge": 1, "user_name_certificate": 1, "wenchuan_10th": 1, "worldcup_2018": 34, "meilizhongguo_2018": 1, "national_day_2018": 1, "memorial_2018": 1, "hongbaofei_2019": 1, "suishoupai_2019": 1, "hongrenjie_2019": 1, "dailv_2019": 1, "china_2019": 1, "hongkong_2019": 1, "dzwbqlx_2019": 1, "gongjiri_2019": 1, "macao_2019": 1, "china_2019_2": 1, "hongbao_2020": 2, "feiyan_2020": 1, "graduation_2020": 1, "dailv_2020": 1, "school_2020": 1, "china_2020": 1, "weibozhiye_2020": 1, "lvzhilingyang_2021": 1}}, "reposts_count": 0, "comments_count": 0, "attitudes_count": 0, "pending_approval_count": 0, "isLongText": false, "reward_exhibition_type": 0, "hide_flag": 0, "mlevel": 0, "darwin_tags": [], "mblogtype": 0, "more_info_type": 0, "number_display_strategy": {"apply_scenario_flag": 3, "display_text_min_number": 1000000, "display_text": "100\u4e07+"}, "content_auth": 0, "safe_tags": 4096, "repost_type": 4, "pic_num": 0, "alchemy_params": {"ug_red_envelope": false}, "raw_text": "\u73b0\u4ee3\u5316\u6b96\u6c11\u5730\u662f\u8fd9\u6837\u5b50\u7684\uff0c\u53cd\u6b63\u6ca1\u6709\u5565\u4e3b\u6743\u53ef\u8a00", "bid": "JbFEgutbd"}, {"visible": {"type": 0, "list_id": 0}, "created_at": "Fri Jul 17 23:07:49 +0800 2020", "id": "4527814110354456", "mid": "4527814110354456", "can_edit": false, "show_additional_indication": 0, "text": "\u8f6c\u53d1\u5fae\u535a", "source": "\u8363\u8000Magic2 \u9b54\u6cd5\u624b\u673a", "favorited": false, "pic_ids": [], "pic_types": "", "is_paid": false, "mblog_vip_type": 0, "user": {"id": 2508251222, "screen_name": "\u9889\u7440", "profile_image_url": "https://tva3.sinaimg.cn/crop.64.0.322.322.180/9580e056jw8eprpt4abnej20g40cwab1.jpg?KID=imgbed,tva&Expires=1619207878&ssig=t1pDTRX%2BhU", "profile_url": "https://m.weibo.cn/u/2508251222?uid=2508251222", "statuses_count": 7929, "verified": false, "verified_type": -1, "close_blue_v": false, "description": "\u6e05\u6eaa\u6df1\u4e0d\u6d4b\uff0c\u9690\u5904\u60df\u5b64\u4e91\u3002", "gender": "f", "mbtype": 0, "urank": 6, "mbrank": 0, "follow_me": false, "following": false, "followers_count": 70, "follow_count": 237, "cover_image_phone": "https://tva1.sinaimg.cn/crop.0.0.640.640.640/549d0121tw1egm1kjly3jj20hs0hsq4f.jpg", "avatar_hd": "https://ww3.sinaimg.cn/orj480/9580e056jw8eprpt4abnej20g40cwab1.jpg", "like": false, "like_me": false, "badge": {"unread_pool": 1, "unread_pool_ext": 1, "dzwbqlx_2016": 1, "league_badge": 1, "user_name_certificate": 1, "super_star_2018": 1, "hongrenjie_2019": 1, "hongbao_2020": 2, "feiyan_2020": 1, "china_2020": 1, "weibozhiye_2020": 1}}, "reposts_count": 0, "comments_count": 0, "attitudes_count": 0, "pending_approval_count": 0, "isLongText": false, "reward_exhibition_type": 0, "hide_flag": 0, "mlevel": 0, "darwin_tags": [], "mblogtype": 0, "more_info_type": 0, "number_display_strategy": {"apply_scenario_flag": 3, "display_text_min_number": 1000000, "display_text": "100\u4e07+"}, "content_auth": 0, "repost_type": 1, "pic_num": 0, "alchemy_params": {"ug_red_envelope": false}, "raw_text": "\u8f6c\u53d1\u5fae\u535a", "bid": "JbFzt1ud2"}, {"visible": {"type": 0, "list_id": 0}, "created_at": "Fri Jul 17 20:53:48 +0800 2020", "id": "4527780382913415", "mid": "4527780382913415", "can_edit": false, "show_additional_indication": 0, "text": "<a href='/n/\u7f8e\u56fd\u9a7b\u534e\u5927\u4f7f\u9986'>@\u7f8e\u56fd\u9a7b\u534e\u5927\u4f7f\u9986</a> <a href='/n/\u5b89\u666e\u82e5-\u5916\u53f7\u5b89\u6821\u957f'>@\u5b89\u666e\u82e5-\u5916\u53f7\u5b89\u6821\u957f</a> <a href='/n/\u7f8e\u56fd\u9a7b\u6caa\u603b\u9886\u4e8b\u9986'>@\u7f8e\u56fd\u9a7b\u6caa\u603b\u9886\u4e8b\u9986</a> <a href='/n/\u7f8e\u570b\u99d0\u6e2f\u7e3d\u9818\u4e8b\u9928'>@\u7f8e\u570b\u99d0\u6e2f\u7e3d\u9818\u4e8b\u9928</a> <a href='/n/\u6fb3\u5927\u5229\u4e9a\u9a7b\u534e\u4f7f\u9886\u9986'>@\u6fb3\u5927\u5229\u4e9a\u9a7b\u534e\u4f7f\u9886\u9986</a> \u65e0\u803b\u4e0b\u4f5c\u7684\u9709\u91cc\u5978\uff01\u7f6a\u6076\u6ed4\u5929\u9709\u91cc\u5978\uff01usa \u5403\u5c4e\uff01", "source": "HUAWEI Mate 20 X 5G", "favorited": false, "pic_ids": [], "pic_types": "", "is_paid": false, "mblog_vip_type": 0, "user": {"id": 5795041961, "screen_name": "\u5f00\u73a9\u7b11200308", "profile_image_url": "https://tvax3.sinaimg.cn/crop.0.0.996.996.180/006kbp8Jly8gfdrbr7mnij30ro0rodjj.jpg?KID=imgbed,tva&Expires=1619207878&ssig=WBVAHB3qn6", "profile_url": "https://m.weibo.cn/u/5795041961?uid=5795041961", "statuses_count": 2105, "verified": false, "verified_type": -1, "close_blue_v": false, "description": "\u5168\u6c11\u4e3b\u52a8\u627f\u62c5\u8206\u8bba\u6218\uff0c\u5bf9\u5f85\u6218\u53cb\u50cf\u5144\u5f1f\uff0c\u5bf9\u5f85\u654c\u4eba\u50cf\u4e25\u51ac\uff01\u82e6\u4e0d\u82e6\uff1f\u60f3\u60f3\u51b0\u96d5\u8fde\u957f\u6d25\u6e56\uff01", "gender": "m", "mbtype": 0, "urank": 0, "mbrank": 0, "follow_me": false, "following": false, "followers_count": 398, "follow_count": 344, "cover_image_phone": "https://tva1.sinaimg.cn/crop.0.0.640.640.640/549d0121tw1egm1kjly3jj20hs0hsq4f.jpg", "avatar_hd": "https://wx3.sinaimg.cn/orj480/006kbp8Jly8gfdrbr7mnij30ro0rodjj.jpg", "like": false, "like_me": false, "badge": {"user_name_certificate": 1, "wenda_v2": 1, "gongjiri_2019": 1, "hongbao_2020": 2, "feiyan_2020": 1, "hongrenjie_2020": 1, "china_2020": 1}}, "reposts_count": 0, "comments_count": 0, "attitudes_count": 0, "pending_approval_count": 0, "isLongText": false, "reward_exhibition_type": 0, "hide_flag": 0, "mlevel": 0, "darwin_tags": [], "mblogtype": 0, "more_info_type": 0, "number_display_strategy": {"apply_scenario_flag": 3, "display_text_min_number": 1000000, "display_text": "100\u4e07+"}, "content_auth": 0, "repost_type": 1, "pic_num": 0, "alchemy_params": {"ug_red_envelope": false}, "raw_text": "@\u7f8e\u56fd\u9a7b\u534e\u5927\u4f7f\u9986 @\u5b89\u666e\u82e5-\u5916\u53f7\u5b89\u6821\u957f @\u7f8e\u56fd\u9a7b\u6caa\u603b\u9886\u4e8b\u9986 @\u7f8e\u570b\u99d0\u6e2f\u7e3d\u9818\u4e8b\u9928 @\u6fb3\u5927\u5229\u4e9a\u9a7b\u534e\u4f7f\u9886\u9986 \u65e0\u803b\u4e0b\u4f5c\u7684\u9709\u91cc\u5978\uff01\u7f6a\u6076\u6ed4\u5929\u9709\u91cc\u5978\uff01usa \u5403\u5c4e\uff01", "bid": "JbEH4cdUz"}, {"visible": {"type": 0, "list_id": 0}, "created_at": "Fri Jul 17 20:52:20 +0800 2020", "id": "4527780014853579", "mid": "4527780014853579", "can_edit": false, "show_additional_indication": 0, "text": "\u8f6c\u53d1\u5fae\u535a", "source": "HUAWEI Mate 20 X 5G", "favorited": false, "pic_ids": [], "pic_types": "", "is_paid": false, "mblog_vip_type": 0, "user": {"id": 5795041961, "screen_name": "\u5f00\u73a9\u7b11200308", "profile_image_url": "https://tvax3.sinaimg.cn/crop.0.0.996.996.180/006kbp8Jly8gfdrbr7mnij30ro0rodjj.jpg?KID=imgbed,tva&Expires=1619207878&ssig=WBVAHB3qn6", "profile_url": "https://m.weibo.cn/u/5795041961?uid=5795041961", "statuses_count": 2105, "verified": false, "verified_type": -1, "close_blue_v": false, "description": "\u5168\u6c11\u4e3b\u52a8\u627f\u62c5\u8206\u8bba\u6218\uff0c\u5bf9\u5f85\u6218\u53cb\u50cf\u5144\u5f1f\uff0c\u5bf9\u5f85\u654c\u4eba\u50cf\u4e25\u51ac\uff01\u82e6\u4e0d\u82e6\uff1f\u60f3\u60f3\u51b0\u96d5\u8fde\u957f\u6d25\u6e56\uff01", "gender": "m", "mbtype": 0, "urank": 0, "mbrank": 0, "follow_me": false, "following": false, "followers_count": 398, "follow_count": 344, "cover_image_phone": "https://tva1.sinaimg.cn/crop.0.0.640.640.640/549d0121tw1egm1kjly3jj20hs0hsq4f.jpg", "avatar_hd": "https://wx3.sinaimg.cn/orj480/006kbp8Jly8gfdrbr7mnij30ro0rodjj.jpg", "like": false, "like_me": false, "badge": {"user_name_certificate": 1, "wenda_v2": 1, "gongjiri_2019": 1, "hongbao_2020": 2, "feiyan_2020": 1, "hongrenjie_2020": 1, "china_2020": 1}}, "reposts_count": 0, "comments_count": 0, "attitudes_count": 0, "pending_approval_count": 0, "isLongText": false, "reward_exhibition_type": 0, "hide_flag": 0, "mlevel": 0, "darwin_tags": [], "mblogtype": 0, "more_info_type": 0, "number_display_strategy": {"apply_scenario_flag": 3, "display_text_min_number": 1000000, "display_text": "100\u4e07+"}, "content_auth": 0, "repost_type": 1, "pic_num": 0, "alchemy_params": {"ug_red_envelope": false}, "raw_text": "\u8f6c\u53d1\u5fae\u535a", "bid": "JbEGtkmDx"}, {"visible": {"type": 0, "list_id": 0}, "created_at": "Fri Jul 17 18:06:02 +0800 2020", "id": "4527738163306179", "mid": "4527738163306179", "can_edit": false, "show_additional_indication": 0, "text": "\u8f6c\u53d1\u5fae\u535a", "source": "iPhone\u5ba2\u6237\u7aef", "favorited": false, "pic_ids": [], "pic_types": "", "is_paid": false, "mblog_vip_type": 0, "user": {"id": 5901760736, "screen_name": "\u9b3c\u9762\u67d2", "profile_image_url": "https://tvax2.sinaimg.cn/crop.0.0.1002.1002.180/006rpbzily8gm7ctut5ruj30ru0ru76e.jpg?KID=imgbed,tva&Expires=1619207878&ssig=lTaJxcL2ya", "profile_url": "https://m.weibo.cn/u/5901760736?uid=5901760736", "statuses_count": 210, "verified": false, "verified_type": -1, "close_blue_v": false, "description": "", "gender": "m", "mbtype": 0, "urank": 4, "mbrank": 0, "follow_me": false, "following": false, "followers_count": 35, "follow_count": 25, "cover_image_phone": "https://tva1.sinaimg.cn/crop.0.0.640.640.640/549d0121tw1egm1kjly3jj20hs0hsq4f.jpg", "avatar_hd": "https://wx2.sinaimg.cn/orj480/006rpbzily8gm7ctut5ruj30ru0ru76e.jpg", "like": false, "like_me": false, "badge": {"bind_taobao": 1, "user_name_certificate": 1, "hongbaofei_2019": 1, "wbzy_2019": 1, "hongbao_2020": 2}}, "reposts_count": 0, "comments_count": 0, "attitudes_count": 0, "pending_approval_count": 0, "isLongText": false, "reward_exhibition_type": 0, "hide_flag": 0, "mlevel": 0, "darwin_tags": [], "mblogtype": 0, "more_info_type": 0, "number_display_strategy": {"apply_scenario_flag": 3, "display_text_min_number": 1000000, "display_text": "100\u4e07+"}, "content_auth": 0, "repost_type": 1, "pic_num": 0, "alchemy_params": {"ug_red_envelope": false}, "raw_text": "\u8f6c\u53d1\u5fae\u535a", "bid": "JbDAYdS5t"}, {"visible": {"type": 0, "list_id": 0}, "created_at": "Fri Jul 17 17:45:24 +0800 2020", "id": "4527732974683630", "mid": "4527732974683630", "can_edit": false, "show_additional_indication": 0, "text": "\u8f6c\u53d1\u5fae\u535a", "source": "\u5e9a\u996dAndroid", "favorited": false, "pic_ids": [], "pic_types": "", "is_paid": false, "mblog_vip_type": 0, "user": {"id": 1850528173, "screen_name": "\u6d41\u51cc\u51b0\u6302HG", "profile_image_url": "https://tvax2.sinaimg.cn/crop.0.0.996.996.180/6e4cd1adly8gonksnroqwj20ro0ro0x3.jpg?KID=imgbed,tva&Expires=1619207881&ssig=CD%2FFbwXyRB", "profile_url": "https://m.weibo.cn/u/1850528173?uid=1850528173", "statuses_count": 108803, "verified": false, "verified_type": -1, "close_blue_v": false, "description": "\u5d06\u5cd2 \u6050\u4e11", "gender": "f", "mbtype": 12, "urank": 48, "mbrank": 6, "follow_me": false, "following": false, "followers_count": 771, "follow_count": 155, "cover_image_phone": "https://tva1.sinaimg.cn/crop.0.0.640.640.640/9d44112bjw1f1xl1c10tuj20hs0hs0tw.jpg", "avatar_hd": "https://wx2.sinaimg.cn/orj480/6e4cd1adly8gonksnroqwj20ro0ro0x3.jpg", "like": false, "like_me": false, "badge": {"gongyi": 1, "gongyi_level": 1, "bind_taobao": 1, "unread_pool": 1, "unread_pool_ext": 1, "dzwbqlx_2016": 1, "league_badge": 1, "super_star_2017": 1, "travel_2017": 1, "panda": 1, "user_name_certificate": 1, "suishoupai_2018": 8, "wenchuan_10th": 1, "super_star_2018": 1, "worldcup_2018": 34, "dailv_2018": 6, "asiad_2018": 1, "qixi_2018": 1, "yiqijuan_2018": 1, "national_day_2018": 1, "double11_2018": 1, "memorial_2018": 1, "hongbaofei_2019": 1, "denglong_2019": 1, "fu_2019": 1, "womensday_2018": 1, "suishoupai_2019": 7, "wusi_2019": 1, "earth_2019": 1, "hongrenjie_2019": 1, "dailv_2019": 1, "china_2019": 1, "hongkong_2019": 1, "taohuayuan_2019": 1, "dzwbqlx_2019": 1, "rrgyj_2019": 1, "weishi_2019": 1, "shuang11_2019": 1, "wbzy_2019": 1, "starlight_2019": 1, "gongjiri_2019": 1, "macao_2019": 1, "china_2019_2": 1, "hongbao_2020": 3, "feiyan_2020": 1, "hope_2020": 1, "kangyi_2020": 1, "daka_2020": 1, "green_2020": 1, "graduation_2020": 1, "dailv_2020": 7, "vpick_2020": 1, "hongrenjie_2020": 1, "china_2020": 1, "zaolang_2020": 1, "weibozhiye_2020": 1, "hongbaofeifuniu_2021": 2, "hongbaofeijika_2021": 1, "weibozhiyexianxia_2021": 1}}, "reposts_count": 0, "comments_count": 0, "attitudes_count": 0, "pending_approval_count": 0, "isLongText": false, "reward_exhibition_type": 0, "hide_flag": 0, "mlevel": 0, "darwin_tags": [], "mblogtype": 0, "more_info_type": 0, "cardid": "star_101810094438", "number_display_strategy": {"apply_scenario_flag": 3, "display_text_min_number": 1000000, "display_text": "100\u4e07+"}, "content_auth": 0, "repost_type": 1, "pic_num": 0, "alchemy_params": {"ug_red_envelope": false}, "raw_text": "\u8f6c\u53d1\u5fae\u535a", "bid": "JbDsBjEqq"}, {"visible": {"type": 0, "list_id": 0}, "created_at": "Fri Jul 17 16:12:14 +0800 2020", "id": "4527709525386805", "mid": "4527709525386805", "can_edit": false, "show_additional_indication": 0, "text": "\u4ee4\u4eba\u4e0d\u9f7f", "source": "\u5fae\u535a\u56fd\u9645\u7248", "favorited": false, "pic_ids": [], "pic_types": "", "is_paid": false, "mblog_vip_type": 0, "user": {"id": 5108901837, "screen_name": "\u9a91\u7a7a\u58eb\u5fa1\u5e78\u67a3", "profile_image_url": "https://tva1.sinaimg.cn/crop.78.21.279.279.180/005zKqKxgw1efetwplmi3j30dw0k4acc.jpg?KID=imgbed,tva&Expires=1619207881&ssig=aBsoa8aPzZ", "profile_url": "https://m.weibo.cn/u/5108901837?uid=5108901837", "statuses_count": 10570, "verified": false, "verified_type": -1, "close_blue_v": false, "description": "\u539f\u5730\u6ee1\u8840\u590d\u6d3b\u505a\u4e0d\u5230\uff0c\u90a3\u5c31\u8eb2\u8d77\u6765\u7597\u4f24\u5427", "gender": "f", "mbtype": 0, "urank": 41, "mbrank": 0, "follow_me": false, "following": false, "followers_count": 267, "follow_count": 561, "cover_image_phone": "https://tva1.sinaimg.cn/crop.0.0.640.640.640/549d0121tw1egm1kjly3jj20hs0hsq4f.jpg", "avatar_hd": "https://ww1.sinaimg.cn/orj480/005zKqKxgw1efetwplmi3j30dw0k4acc.jpg", "like": false, "like_me": false, "badge": {"unread_pool": 1, "unread_pool_ext": 1, "dzwbqlx_2016": 1, "user_name_certificate": 1, "suishoupai_2018": 8, "super_star_2018": 1, "wenda_v2": 1, "double11_2018": 1, "wbzy_2018": 1, "memorial_2018": 1, "hongbaofei_2019": 1, "fu_2019": 1, "suishoupai_2019": 1, "china_2019": 1, "gongjiri_2019": 1, "macao_2019": 1, "china_2019_2": 1, "feiyan_2020": 1, "graduation_2020": 1, "dailv_2020": 7, "weibozhiye_2020": 1}}, "reposts_count": 0, "comments_count": 0, "attitudes_count": 0, "pending_approval_count": 0, "isLongText": false, "reward_exhibition_type": 0, "hide_flag": 0, "mlevel": 0, "darwin_tags": [], "mblogtype": 0, "more_info_type": 0, "number_display_strategy": {"apply_scenario_flag": 3, "display_text_min_number": 1000000, "display_text": "100\u4e07+"}, "content_auth": 0, "repost_type": 1, "pic_num": 0, "alchemy_params": {"ug_red_envelope": false}, "raw_text": "\u4ee4\u4eba\u4e0d\u9f7f", "bid": "JbCQMmBlX"}, {"visible": {"type": 0, "list_id": 0}, "created_at": "Fri Jul 17 15:43:16 +0800 2020", "id": "4527702239610092", "mid": "4527702239610092", "can_edit": false, "show_additional_indication": 0, "text": "\u8f6c\u53d1\u5fae\u535a", "source": "HUAWEI Mate 9", "favorited": false, "pic_ids": [], "pic_types": "", "is_paid": false, "mblog_vip_type": 0, "user": {"id": 2663325817, "screen_name": "\u6749\u6797\u8776\u5f71", "profile_image_url": "https://tvax4.sinaimg.cn/crop.0.0.996.996.180/9ebf2079ly8gkvg19h6w9j20ro0ro776.jpg?KID=imgbed,tva&Expires=1619207881&ssig=i%2FLh%2Fbmi%2FW", "profile_url": "https://m.weibo.cn/u/2663325817?uid=2663325817", "statuses_count": 19266, "verified": false, "verified_type": -1, "close_blue_v": false, "description": "\u4e00\u5207\u4e3a\u4e86\u81ea\u7531\u81ea\u5728\uff01", "gender": "f", "mbtype": 0, "urank": 37, "mbrank": 0, "follow_me": false, "following": false, "followers_count": 368, "follow_count": 41, "cover_image_phone": "https://tva1.sinaimg.cn/crop.0.0.640.640.640/549d0121tw1egm1kjly3jj20hs0hsq4f.jpg", "avatar_hd": "https://wx4.sinaimg.cn/orj480/9ebf2079ly8gkvg19h6w9j20ro0ro776.jpg", "like": false, "like_me": false, "badge": {"bind_taobao": 1, "unread_pool": 1, "unread_pool_ext": 1, "dzwbqlx_2016": 1, "user_name_certificate": 1, "memorial_2018": 1, "fu_2019": 1, "hongrenjie_2019": 1, "china_2019": 1, "hongkong_2019": 1, "rrgyj_2019": 1, "gongjiri_2019": 1, "macao_2019": 1, "china_2019_2": 1, "hongbao_2020": 2, "feiyan_2020": 1, "daka_2020": 1, "dailv_2020": 1, "school_2020": 1, "china_2020": 1, "hongbaofeijika_2021": 1, "lvzhilingyang_2021": 1}}, "reposts_count": 0, "comments_count": 0, "attitudes_count": 0, "pending_approval_count": 0, "isLongText": false, "reward_exhibition_type": 0, "hide_flag": 0, "mlevel": 0, "darwin_tags": [], "mblogtype": 0, "more_info_type": 0, "number_display_strategy": {"apply_scenario_flag": 3, "display_text_min_number": 1000000, "display_text": "100\u4e07+"}, "content_auth": 0, "repost_type": 1, "pic_num": 0, "alchemy_params": {"ug_red_envelope": false}, "raw_text": "\u8f6c\u53d1\u5fae\u535a", "bid": "JbCF1Ek1u"}, {"visible": {"type": 0, "list_id": 0}, "created_at": "Fri Jul 17 15:28:55 +0800 2020", "id": "4527698624383618", "mid": "4527698624383618", "can_edit": false, "show_additional_indication": 0, "text": "\u4e0d\u61c2\uff0c\u8fd9\u7b97\u534a\u6b96\u6c11\u5730\u5417", "source": "Android", "favorited": false, "pic_ids": [], "pic_types": "", "is_paid": false, "mblog_vip_type": 0, "user": {"id": 7269338748, "screen_name": "\u5ed6\u5495\u7433\u5495\u5ed6", "profile_image_url": "https://tvax4.sinaimg.cn/crop.0.0.996.996.180/007VXp5aly8gn94ci4lhuj30ro0rowg9.jpg?KID=imgbed,tva&Expires=1619207881&ssig=bpdbtIM%2BQ1", "profile_url": "https://m.weibo.cn/u/7269338748?uid=7269338748", "statuses_count": 5630, "verified": false, "verified_type": -1, "close_blue_v": false, "description": "\u5ed6\u7433\u7433/\u560e\u82e6\u5768/\u955c\u68a6\uff08rps\u9006\uff09/\u5200\u5ba2\u5854/\u6fd1\u6237\u989c\u7c89/\u72ac\u9972\u59d0\u7c89/i\u5510\u660e\u7537\u88c5/\u6bcf\u5929\u90fd\u60f3\u6574\u5bb9\u6210jfc/\u672a\u5173\u6ce8\u4eba\u79c1\u4fe1\u5df2\u5173", "gender": "m", "mbtype": 2, "urank": 4, "mbrank": 4, "follow_me": false, "following": false, "followers_count": 15, "follow_count": 257, "cover_image_phone": "https://tva1.sinaimg.cn/crop.0.0.640.640.640/9d44112bjw1f1xl1c10tuj20hs0hs0tw.jpg", "avatar_hd": "https://wx4.sinaimg.cn/orj480/007VXp5aly8gn94ci4lhuj30ro0rowg9.jpg", "like": false, "like_me": false, "badge": {"user_name_certificate": 1, "dailv_2020": 1, "school_2020": 1, "hongrenjie_2020": 1, "china_2020": 1, "zjszgf_2020": 1}}, "reposts_count": 0, "comments_count": 0, "attitudes_count": 0, "pending_approval_count": 0, "isLongText": false, "reward_exhibition_type": 0, "hide_flag": 0, "mlevel": 0, "darwin_tags": [], "mblogtype": 0, "more_info_type": 0, "number_display_strategy": {"apply_scenario_flag": 3, "display_text_min_number": 1000000, "display_text": "100\u4e07+"}, "content_auth": 0, "repost_type": 1, "pic_num": 0, "alchemy_params": {"ug_red_envelope": false}, "raw_text": "\u4e0d\u61c2\uff0c\u8fd9\u7b97\u534a\u6b96\u6c11\u5730\u5417", "bid": "JbCzcionw"}, {"visible": {"type": 0, "list_id": 0}, "created_at": "Fri Jul 17 15:17:13 +0800 2020", "id": "4527695679204531", "mid": "4527695679204531", "can_edit": false, "show_additional_indication": 0, "text": "\u8f6c\u53d1\u5fae\u535a", "source": "\u8363\u800010 AI\u53d8\u8272\u66f4\u6f6e\u7f8e", "favorited": false, "pic_ids": [], "pic_types": "", "is_paid": false, "mblog_vip_type": 0, "user": {"id": 5771702605, "screen_name": "\u4e1c\u5434\u65e5\u4e3d", "profile_image_url": "https://tva1.sinaimg.cn/crop.0.0.664.664.180/006iBtvvjw8f2sv881lpuj30ig0igjsl.jpg?KID=imgbed,tva&Expires=1619207881&ssig=IL%2Faismx%2FU", "profile_url": "https://m.weibo.cn/u/5771702605?uid=5771702605", "statuses_count": 10939, "verified": false, "verified_type": -1, "close_blue_v": false, "description": "", "gender": "m", "mbtype": 0, "urank": 9, "mbrank": 0, "follow_me": false, "following": false, "followers_count": 256, "follow_count": 684, "cover_image_phone": "https://tva1.sinaimg.cn/crop.0.0.640.640.640/549d0121tw1egm1kjly3jj20hs0hsq4f.jpg", "avatar_hd": "https://ww1.sinaimg.cn/orj480/006iBtvvjw8f2sv881lpuj30ig0igjsl.jpg", "like": false, "like_me": false, "badge": {"unread_pool": 1, "unread_pool_ext": 1, "dzwbqlx_2016": 1, "user_name_certificate": 1, "suishoupai_2018": 8, "wenchuan_10th": 1, "dailv_2018": 1, "qixi_2018": 1, "memorial_2018": 1, "womensday_2018": 1, "suishoupai_2019": 1, "hongrenjie_2019": 1, "dailv_2019": 1, "china_2019": 1, "hongkong_2019": 1, "rrgyj_2019": 1, "shouhuan_2019": 1, "hongbao_2020": 2, "dailv_2020": 1}}, "reposts_count": 0, "comments_count": 0, "attitudes_count": 0, "pending_approval_count": 0, "isLongText": false, "reward_exhibition_type": 0, "hide_flag": 0, "mlevel": 0, "darwin_tags": [], "mblogtype": 0, "more_info_type": 0, "number_display_strategy": {"apply_scenario_flag": 3, "display_text_min_number": 1000000, "display_text": "100\u4e07+"}, "content_auth": 0, "repost_type": 1, "pic_num": 0, "alchemy_params": {"ug_red_envelope": false}, "raw_text": "\u8f6c\u53d1\u5fae\u535a", "bid": "JbCurCCwb"}, {"visible": {"type": 0, "list_id": 0}, "created_at": "Fri Jul 17 15:00:32 +0800 2020", "id": "4527691480699857", "mid": "4527691480699857", "can_edit": false, "show_additional_indication": 0, "text": "\u8f6c\u53d1\u5fae\u535a", "source": "OPPO\u667a\u80fd\u624b\u673a", "favorited": false, "pic_ids": [], "pic_types": "", "is_paid": false, "mblog_vip_type": 0, "user": {"id": 3224407132, "screen_name": "\u76d2\u5b50\u91cc\u7684\u548c\u5b50", "profile_image_url": "https://tvax1.sinaimg.cn/default/images/default_avatar_male_180.gif?KID=imgbed,tva&Expires=1619207881&ssig=flGO0jloSg", "profile_url": "https://m.weibo.cn/u/3224407132?uid=3224407132", "statuses_count": 4873, "verified": false, "verified_type": -1, "close_blue_v": false, "description": "", "gender": "m", "mbtype": 0, "urank": 14, "mbrank": 0, "follow_me": false, "following": false, "followers_count": 29, "follow_count": 487, "cover_image_phone": "https://tva3.sinaimg.cn/crop.0.0.640.640.640/6ce2240djw1e9114p3hudj20hs0hs427.jpg", "avatar_hd": "https://ss1.sinaimg.cn/orj480/default_avatar_male_180&690", "like": false, "like_me": false, "badge": {"bind_taobao": 1, "unread_pool": 1, "unread_pool_ext": 1, "dzwbqlx_2016": 1, "user_name_certificate": 1, "hongrenjie_2020": 1, "weibozhiye_2020": 1, "hongbaofeifuniu_2021": 1}}, "reposts_count": 0, "comments_count": 0, "attitudes_count": 0, "pending_approval_count": 0, "isLongText": false, "reward_exhibition_type": 0, "hide_flag": 0, "mlevel": 0, "darwin_tags": [], "mblogtype": 0, "more_info_type": 0, "number_display_strategy": {"apply_scenario_flag": 3, "display_text_min_number": 1000000, "display_text": "100\u4e07+"}, "content_auth": 0, "repost_type": 1, "pic_num": 0, "alchemy_params": {"ug_red_envelope": false}, "raw_text": "\u8f6c\u53d1\u5fae\u535a", "bid": "JbCnG2W41"}, {"visible": {"type": 0, "list_id": 0}, "created_at": "Fri Jul 17 14:33:37 +0800 2020", "id": "4527684707948872", "mid": "4527684707948872", "can_edit": false, "show_additional_indication": 0, "text": "<span class=\"url-icon\"><img alt=[\u5141\u60b2] src=\"https://h5.sinaimg.cn/m/emoticon/icon/default/d_yunbei-a14a649db8.png\" style=\"width:1em; height:1em;\" /></span><span class=\"url-icon\"><img alt=[\u7b11cry] src=\"https://h5.sinaimg.cn/m/emoticon/icon/default/d_xiaoku-f2bd11b506.png\" style=\"width:1em; height:1em;\" /></span>", "source": "HUAWEI Mate 8", "favorited": false, "pic_ids": [], "pic_types": "", "is_paid": false, "mblog_vip_type": 0, "user": {"id": 2577350413, "screen_name": "LYL\u56a3\u5f20", "profile_image_url": "https://tvax2.sinaimg.cn/crop.31.0.908.908.180/999f3f0dly8gb2zkbw4vxj20qy0p8ta0.jpg?KID=imgbed,tva&Expires=1619207883&ssig=MbyY4kj%2B7l", "profile_url": "https://m.weibo.cn/u/2577350413?uid=2577350413", "statuses_count": 5513, "verified": false, "verified_type": -1, "close_blue_v": false, "description": "", "gender": "m", "mbtype": 0, "urank": 0, "mbrank": 0, "follow_me": false, "following": false, "followers_count": 41, "follow_count": 561, "cover_image_phone": "https://tva1.sinaimg.cn/crop.0.0.640.640.640/549d0121tw1egm1kjly3jj20hs0hsq4f.jpg", "avatar_hd": "https://wx2.sinaimg.cn/orj480/999f3f0dly8gb2zkbw4vxj20qy0p8ta0.jpg", "like": false, "like_me": false, "badge": {"user_name_certificate": 1, "hongbao_2020": 2, "feiyan_2020": 1, "dailv_2020": 1, "school_2020": 1, "china_2020": 1, "hongbaofeifuniu_2021": 2, "hongbaofeijika_2021": 1}}, "reposts_count": 0, "comments_count": 0, "attitudes_count": 0, "pending_approval_count": 0, "isLongText": false, "reward_exhibition_type": 0, "hide_flag": 0, "mlevel": 0, "darwin_tags": [], "mblogtype": 0, "more_info_type": 0, "number_display_strategy": {"apply_scenario_flag": 3, "display_text_min_number": 1000000, "display_text": "100\u4e07+"}, "content_auth": 0, "repost_type": 3, "pic_num": 0, "alchemy_params": {"ug_red_envelope": false}, "raw_text": "[\u5141\u60b2][\u7b11cry]", "bid": "JbCcKxlRC"}, {"visible": {"type": 0, "list_id": 0}, "created_at": "Fri Jul 17 14:32:45 +0800 2020", "id": "4527684489580468", "mid": "4527684489580468", "can_edit": false, "show_additional_indication": 0, "text": "//<a href='/n/\u665a\u6674\u4eba\u95f4'>@\u665a\u6674\u4eba\u95f4</a>:\uff1f\uff1f<span class=\"url-icon\"><img alt=[\u5141\u60b2] src=\"https://h5.sinaimg.cn/m/emoticon/icon/default/d_yunbei-a14a649db8.png\" style=\"width:1em; height:1em;\" /></span>\u6211\u771f\u7684\u6000\u7591\ud83c\uddfa\ud83c\uddf8\u662f\u4e0d\u662f\u8111\u5b50\u6709\u6bdb\u75c5\u4e86\u3002\u4ece\u524d\u79cd\u79cd\u5947\u4e3e\u6211\u53ea\u8ba4\u4e3a\u662f\u88c5\u75af\u5356\u50bb\u626e\u732a\u5403\u8001\u864e\u3002\u53ef\u662f\u7f8e\u9886\u4e8b\u9986\u8fd9\u56de\u7684\u4e3e\u52a8\u771f\u8ba9\u6211\u660e\u767d\u4e86\uff0c\u662f\u771f\u7684\u65e0\u803b\u548c\u8111\u5b50\u6709\u5751\u3002\u5b8c\u7f8e\u8be0\u91ca\u65e0\u803b\u7684\u5883\u754c\uff1a\u53ea\u8981\u9505\u7529\u5f97\u5feb\uff0c\u5b83\u5c31\u4e0d\u662f\u6211\u7684\uff1b\u53ea\u8981\u6211\u89c9\u5f97\u6b63\u4e49\uff0c\u90a3\u4e48\u65e0\u803b\u7684\u5c31\u662f\u522b\u4eba\uff01\u65e0\u803b\u65e0\u4e0b\u9650\uff0c\u4f46\u4eba\u8d31\u81ea\u6709\u5929\u6536\u2026\u2026", "source": "\u5c0f\u7c736X \u62cd\u4eba\u66f4\u7f8e", "favorited": false, "pic_ids": [], "pic_types": "", "is_paid": false, "mblog_vip_type": 0, "user": {"id": 3901166988, "screen_name": "\u4eca\u5929\u4e00\u5b9a\u662f\u9526\u9ca4\u5594", "profile_image_url": "https://tvax4.sinaimg.cn/crop.0.0.1002.1002.180/e887158cly8g5n19ui4c6j20ru0rutal.jpg?KID=imgbed,tva&Expires=1619207883&ssig=xDG7Nxlm7Q", "profile_url": "https://m.weibo.cn/u/3901166988?uid=3901166988", "statuses_count": 32866, "verified": false, "verified_type": -1, "close_blue_v": false, "description": "\u5fae\u535a\u975e\u8457\u540d\u4e13\u4e1a\u62bd\u5956\u53f7\u2014\u8f6c\u53d1\u51e0\u4e07\u90fd\u6ca1\u4e2d", "gender": "f", "mbtype": 12, "urank": 9, "mbrank": 5, "follow_me": false, "following": false, "followers_count": 1171, "follow_count": 7430, "cover_image_phone": "https://tva1.sinaimg.cn/crop.0.0.640.640.640/549d0121tw1egm1kjly3jj20hs0hsq4f.jpg", "avatar_hd": "https://wx4.sinaimg.cn/orj480/e887158cly8g5n19ui4c6j20ru0rutal.jpg", "like": false, "like_me": false, "badge": {"bind_taobao": 1, "unread_pool": 1, "unread_pool_ext": 1, "panda": 1, "user_name_certificate": 1, "wenda_v2": 1, "wbzy_2018": 1, "hongbaofei_2019": 1, "fu_2019": 1, "hongrenjie_2019": 1, "dailv_2019": 1, "china_2019": 1, "dzwbqlx_2019": 1, "rrgyj_2019": 1, "shuang11_2019": 1, "wbzy_2019": 1, "hongbao_2020": 1, "feiyan_2020": 1, "dailv_2020": 1, "school_2020": 1, "hongrenjie_2020": 1, "china_2020": 1, "hongbaofeifuniu_2021": 1, "hongbaofeijika_2021": 1, "weibozhiyexianxia_2021": 1, "nihaoshenghuojie_2021": 1, "lvzhilingyang_2021": 1}}, "pid": 4527681661577986, "pidstr": "4527681661577986", "reposts_count": 0, "comments_count": 0, "attitudes_count": 0, "pending_approval_count": 0, "isLongText": false, "reward_exhibition_type": 0, "hide_flag": 0, "mlevel": 0, "darwin_tags": [], "mblogtype": 0, "more_info_type": 0, "cardid": "star_660", "number_display_strategy": {"apply_scenario_flag": 3, "display_text_min_number": 1000000, "display_text": "100\u4e07+"}, "content_auth": 0, "repost_type": 1, "pic_num": 0, "alchemy_params": {"ug_red_envelope": false}, "raw_text": "//@\u665a\u6674\u4eba\u95f4:\uff1f\uff1f[\u5141\u60b2]\u6211\u771f\u7684\u6000\u7591\ud83c\uddfa\ud83c\uddf8\u662f\u4e0d\u662f\u8111\u5b50\u6709\u6bdb\u75c5\u4e86\u3002\u4ece\u524d\u79cd\u79cd\u5947\u4e3e\u6211\u53ea\u8ba4\u4e3a\u662f\u88c5\u75af\u5356\u50bb\u626e\u732a\u5403\u8001\u864e\u3002\u53ef\u662f\u7f8e\u9886\u4e8b\u9986\u8fd9\u56de\u7684\u4e3e\u52a8\u771f\u8ba9\u6211\u660e\u767d\u4e86\uff0c\u662f\u771f\u7684\u65e0\u803b\u548c\u8111\u5b50\u6709\u5751\u3002\u5b8c\u7f8e\u8be0\u91ca\u65e0\u803b\u7684\u5883\u754c\uff1a\u53ea\u8981\u9505\u7529\u5f97\u5feb\uff0c\u5b83\u5c31\u4e0d\u662f\u6211\u7684\uff1b\u53ea\u8981\u6211\u89c9\u5f97\u6b63\u4e49\uff0c\u90a3\u4e48\u65e0\u803b\u7684\u5c31\u662f\u522b\u4eba\uff01\u65e0\u803b\u65e0\u4e0b\u9650\uff0c\u4f46\u4eba\u8d31\u81ea\u6709\u5929\u6536\u2026\u2026", "bid": "JbCcoEcjG"}, {"visible": {"type": 0, "list_id": 0}, "created_at": "Fri Jul 17 14:29:50 +0800 2020", "id": "4527683755059381", "mid": "4527683755059381", "can_edit": false, "show_additional_indication": 0, "text": "\u8f6c\u53d1\u5fae\u535a", "source": "\u5fae\u535a HTML5 \u7248", "favorited": false, "pic_ids": [], "pic_types": "", "is_paid": false, "mblog_vip_type": 0, "user": {"id": 5375606211, "screen_name": "\u4e0d\u8bf4\u8bdd\u4e0ddb\u6211\u4e0d\u77e5\u9053", "profile_image_url": "https://tvax1.sinaimg.cn/crop.0.0.480.480.180/005RNuJZly8fxmwu9e6tej30dc0dcju9.jpg?KID=imgbed,tva&Expires=1619207883&ssig=G28ctm6ntV", "profile_url": "https://m.weibo.cn/u/5375606211?uid=5375606211", "statuses_count": 828, "verified": false, "verified_type": -1, "close_blue_v": false, "description": "", "gender": "f", "mbtype": 2, "urank": 14, "mbrank": 1, "follow_me": false, "following": false, "followers_count": 56, "follow_count": 64, "cover_image_phone": "https://tva1.sinaimg.cn/crop.0.0.640.640.640/549d0121tw1egm1kjly3jj20hs0hsq4f.jpg", "avatar_hd": "https://wx1.sinaimg.cn/orj480/005RNuJZly8fxmwu9e6tej30dc0dcju9.jpg", "like": false, "like_me": false, "badge": {"bind_taobao": 1, "unread_pool": 1, "unread_pool_ext": 1, "user_name_certificate": 1}}, "reposts_count": 0, "comments_count": 0, "attitudes_count": 0, "pending_approval_count": 0, "isLongText": false, "reward_exhibition_type": 0, "hide_flag": 0, "mlevel": 0, "darwin_tags": [], "mblogtype": 0, "more_info_type": 0, "number_display_strategy": {"apply_scenario_flag": 3, "display_text_min_number": 1000000, "display_text": "100\u4e07+"}, "content_auth": 0, "repost_type": 1, "pic_num": 0, "alchemy_params": {"ug_red_envelope": false}, "raw_text": "\u8f6c\u53d1\u5fae\u535a", "bid": "JbCbdleaV"}, {"visible": {"type": 0, "list_id": 0}, "created_at": "Fri Jul 17 13:57:37 +0800 2020", "id": "4527675647464380", "mid": "4527675647464380", "can_edit": false, "show_additional_indication": 0, "text": "\u8f6c\u53d1\u5fae\u535a", "source": "HUAWEI nova 2s", "favorited": false, "pic_ids": [], "pic_types": "", "is_paid": false, "mblog_vip_type": 0, "user": {"id": 5661747282, "screen_name": "\u52e4\u52e4\u6073\u6073\u6361\u7834\u70c2\u513f", "profile_image_url": "https://tvax4.sinaimg.cn/crop.0.0.664.664.180/006ba76yly8gbhxx7uhshj30ig0igjsq.jpg?KID=imgbed,tva&Expires=1619207883&ssig=%2F%2B7IZHU%2B8q", "profile_url": "https://m.weibo.cn/u/5661747282?uid=5661747282", "statuses_count": 2601, "verified": false, "verified_type": -1, "close_blue_v": false, "description": "\u6700\u7f8e\u597d\u7684\u4e8b\u662f\u6709\u4eba\u7231\u4f60\uff0c\u6700\u5b89\u5fc3\u7684\u4e8b\u662f\u6709\u4eba\u4fe1\u4f60\uff0c\u6700\u5e78\u798f\u7684\u4e8b\u662f\u6709\u4eba\u966a\u4f60\uff0c\u6700\u5962\u4f88\u7684\u4e8b\u662f\u6709\u4eba\u7b49\u4f60\u3002", "gender": "f", "mbtype": 0, "urank": 9, "mbrank": 0, "follow_me": false, "following": false, "followers_count": 43, "follow_count": 262, "cover_image_phone": "https://tva1.sinaimg.cn/crop.0.0.640.640.640/549d0121tw1egm1kjly3jj20hs0hsq4f.jpg", "avatar_hd": "https://wx4.sinaimg.cn/orj480/006ba76yly8gbhxx7uhshj30ig0igjsq.jpg", "like": false, "like_me": false, "badge": {"unread_pool": 1, "unread_pool_ext": 1, "dzwbqlx_2016": 1, "user_name_certificate": 1, "china_2019": 1, "hongkong_2019": 1, "hongbao_2020": 2, "feiyan_2020": 1, "china_2020": 1}}, "reposts_count": 0, "comments_count": 0, "attitudes_count": 0, "pending_approval_count": 0, "isLongText": false, "reward_exhibition_type": 0, "hide_flag": 0, "mlevel": 0, "darwin_tags": [], "mblogtype": 0, "more_info_type": 0, "number_display_strategy": {"apply_scenario_flag": 3, "display_text_min_number": 1000000, "display_text": "100\u4e07+"}, "content_auth": 0, "repost_type": 1, "pic_num": 0, "alchemy_params": {"ug_red_envelope": false}, "raw_text": "\u8f6c\u53d1\u5fae\u535a", "bid": "JbBY8vjPe"}, {"visible": {"type": 0, "list_id": 0}, "created_at": "Fri Jul 17 13:53:32 +0800 2020", "id": "4527674619860304", "mid": "4527674619860304", "can_edit": false, "show_additional_indication": 0, "text": "\u8f6c\u53d1\u5fae\u535a", "source": "HUAWEI Mate 20 Pro", "favorited": false, "pic_ids": [], "pic_types": "", "is_paid": false, "mblog_vip_type": 0, "user": {"id": 2271426150, "screen_name": "\u6960\u9038520", "profile_image_url": "https://tva2.sinaimg.cn/crop.408.67.1228.1228.180/87633666gw1ebnws8ea9ij21kw122b29.jpg?KID=imgbed,tva&Expires=1619207883&ssig=BCW70PvDqE", "profile_url": "https://m.weibo.cn/u/2271426150?uid=2271426150", "statuses_count": 19419, "verified": false, "verified_type": -1, "close_blue_v": false, "description": "\u4ee5\u9053\u4e3a\u5b97\uff0c\u4ee5\u5929\u5730\u4e3a\u4f9d\uff0c\u4ee5\u5723\u4eba\u4e3a\u5e08\uff0c\u4ee5\u7ecf\u6587\u4e3a\u5b66\u3002", "gender": "f", "mbtype": 0, "urank": 35, "mbrank": 0, "follow_me": false, "following": false, "followers_count": 327, "follow_count": 207, "cover_image_phone": "https://tva1.sinaimg.cn/crop.0.0.640.640.640/549d0121tw1egm1kjly3jj20hs0hsq4f.jpg", "avatar_hd": "https://ww2.sinaimg.cn/orj480/87633666gw1ebnws8ea9ij21kw122b29.jpg", "like": false, "like_me": false, "badge": {"unread_pool": 1, "unread_pool_ext": 1, "dzwbqlx_2016": 1, "user_name_certificate": 1, "wenchuan_10th": 1, "wenda_v2": 1, "memorial_2018": 1, "suishoupai_2019": 2, "hongrenjie_2019": 1, "china_2019": 1, "hongkong_2019": 1, "rrgyj_2019": 1, "gongjiri_2019": 1, "hongbao_2020": 2, "feiyan_2020": 1, "kangyi_2020": 1, "graduation_2020": 1, "school_2020": 1, "china_2020": 1}}, "reposts_count": 0, "comments_count": 0, "attitudes_count": 0, "pending_approval_count": 0, "isLongText": false, "reward_exhibition_type": 0, "hide_flag": 0, "mlevel": 0, "darwin_tags": [], "mblogtype": 0, "more_info_type": 0, "cardid": "star_11247_common", "number_display_strategy": {"apply_scenario_flag": 3, "display_text_min_number": 1000000, "display_text": "100\u4e07+"}, "content_auth": 0, "repost_type": 3, "pic_num": 0, "alchemy_params": {"ug_red_envelope": false}, "raw_text": "\u8f6c\u53d1\u5fae\u535a", "bid": "JbBWtFn7a"}, {"visible": {"type": 0, "list_id": 0}, "created_at": "Fri Jul 17 13:01:36 +0800 2020", "id": "4527661550157365", "mid": "4527661550157365", "can_edit": false, "show_additional_indication": 0, "text": "\u5f88\ud83c\uddfa\ud83c\uddf8\u4e5f\u5f88\ud83c\uddef\ud83c\uddf5", "source": "iPhone\u5ba2\u6237\u7aef", "favorited": false, "pic_ids": [], "pic_types": "", "is_paid": false, "mblog_vip_type": 0, "user": {"id": 7328301256, "screen_name": "\u4e00\u706f\u4e00\u601d", "profile_image_url": "https://tvax2.sinaimg.cn/crop.0.0.888.888.180/007ZWNVmly8gf22p6zr1fj30oo0oo77x.jpg?KID=imgbed,tva&Expires=1619207883&ssig=BeU7obRk5l", "profile_url": "https://m.weibo.cn/u/7328301256?uid=7328301256", "statuses_count": 1005, "verified": false, "verified_type": -1, "close_blue_v": false, "description": "\u8c28\u8a00\u614e\u884c  \u7231\u81ea\u5df1", "gender": "f", "mbtype": 0, "urank": 0, "mbrank": 0, "follow_me": false, "following": false, "followers_count": 6, "follow_count": 178, "cover_image_phone": "https://tva1.sinaimg.cn/crop.0.0.640.640.640/549d0121tw1egm1kjly3jj20hs0hsq4f.jpg", "avatar_hd": "https://wx2.sinaimg.cn/orj480/007ZWNVmly8gf22p6zr1fj30oo0oo77x.jpg", "like": false, "like_me": false, "badge": {"user_name_certificate": 1, "gongjiri_2019": 1, "macao_2019": 1, "china_2019_2": 1, "hongbao_2020": 2, "china_2020": 1, "hongbaofeifuniu_2021": 1}}, "reposts_count": 0, "comments_count": 0, "attitudes_count": 0, "pending_approval_count": 0, "isLongText": false, "reward_exhibition_type": 0, "hide_flag": 0, "mlevel": 0, "darwin_tags": [], "mblogtype": 0, "more_info_type": 0, "number_display_strategy": {"apply_scenario_flag": 3, "display_text_min_number": 1000000, "display_text": "100\u4e07+"}, "content_auth": 0, "repost_type": 1, "pic_num": 0, "alchemy_params": {"ug_red_envelope": false}, "raw_text": "\u5f88\ud83c\uddfa\ud83c\uddf8\u4e5f\u5f88\ud83c\uddef\ud83c\uddf5", "bid": "JbBBp0EW9"}, {"visible": {"type": 0, "list_id": 0}, "created_at": "Fri Jul 17 12:59:36 +0800 2020", "id": "4527661051807311", "mid": "4527661051807311", "can_edit": false, "show_additional_indication": 0, "text": "\ud83c\uddfa\ud83c\uddf8\u5f88\u7f8e\u56fd \ud83c\uddef\ud83c\uddf5\u6d3b\u8be5<span class=\"url-icon\"><img alt=[\u563b\u563b] src=\"https://h5.sinaimg.cn/m/emoticon/icon/default/d_xixi-643ef6e48d.png\" style=\"width:1em; height:1em;\" /></span>", "source": "Share\u5fae\u535a\u5ba2\u6237\u7aef", "favorited": false, "pic_ids": [], "pic_types": "", "is_paid": false, "mblog_vip_type": 0, "user": {"id": 1912560004, "screen_name": "\u6df1\u6797\u7af9\u8349", "profile_image_url": "https://tvax4.sinaimg.cn/crop.0.0.50.50.180/71ff5984ly8gilbrh6dclj201e01e0sj.jpg?KID=imgbed,tva&Expires=1619207885&ssig=lKw32Zsd%2BD", "profile_url": "https://m.weibo.cn/u/1912560004?uid=1912560004", "statuses_count": 9827, "verified": false, "verified_type": -1, "close_blue_v": false, "description": "\u3010\u62c9\u9ed1\u7231\u597d\u8005\u3011\u3010\u5565\u90fd\u4e0d\u61c2\u7684\u9053\u6559\u95e8\u5916\u6c49\u3011\u3010\u5565\u90fd\u4e0d\u61c2\u7684\u5148\u79e6\u79e6\u6c49\u53f2\u7231\u597d\u8005\u3011\u3010\u4e0d\u6562\u5f53\u533b\u751f\u7684\u4e2d\u533b\u5b66\u751f\u3011\u3010\u8def\u4eba\u5f0f\u8ffd\u661f \u7c89\u4e00\u5806\u4eba\u3011", "gender": "f", "mbtype": 2, "urank": 14, "mbrank": 1, "follow_me": false, "following": false, "followers_count": 149, "follow_count": 402, "cover_image_phone": "https://tva1.sinaimg.cn/crop.0.0.640.640.640/549d0121tw1egm1kjly3jj20hs0hsq4f.jpg", "avatar_hd": "https://wx4.sinaimg.cn/orj480/71ff5984ly8gilbrh6dclj201e01e0sj.jpg", "like": false, "like_me": false, "badge": {"anniversary": 1, "unread_pool": 1, "unread_pool_ext": 1, "dzwbqlx_2016": 1, "panda": 1, "user_name_certificate": 1, "suishoupai_2018": 8, "dailv_2018": 1, "double11_2018": 1, "memorial_2018": 1, "hongbaofei_2019": 1, "suishoupai_2019": 1, "hongrenjie_2019": 1, "china_2019": 1, "hongkong_2019": 1, "dzwbqlx_2019": 1, "gongjiri_2019": 1, "hongbao_2020": 2, "feiyan_2020": 1, "dailv_2020": 1}}, "reposts_count": 0, "comments_count": 0, "attitudes_count": 0, "pending_approval_count": 0, "isLongText": false, "reward_exhibition_type": 0, "hide_flag": 0, "mlevel": 0, "darwin_tags": [], "mblogtype": 0, "more_info_type": 0, "number_display_strategy": {"apply_scenario_flag": 3, "display_text_min_number": 1000000, "display_text": "100\u4e07+"}, "content_auth": 0, "repost_type": 1, "pic_num": 0, "alchemy_params": {"ug_red_envelope": false}, "raw_text": "\ud83c\uddfa\ud83c\uddf8\u5f88\u7f8e\u56fd \ud83c\uddef\ud83c\uddf5\u6d3b\u8be5[\u563b\u563b]", "bid": "JbBAB7Aab"}, {"visible": {"type": 0, "list_id": 0}, "created_at": "Fri Jul 17 12:56:26 +0800 2020", "id": "4527660254625918", "mid": "4527660254625918", "can_edit": false, "show_additional_indication": 0, "text": "\u8f6c\u53d1\u5fae\u535a", "source": "\u8363\u80009 \u7f8e\u5f97\u6709\u58f0\u6709\u8272", "favorited": false, "pic_ids": [], "pic_types": "", "is_paid": false, "mblog_vip_type": 0, "user": {"id": 5619328667, "screen_name": "\u65b0\u9b3c\u6b66\u8005_9808", "profile_image_url": "https://tvax1.sinaimg.cn/crop.0.0.664.664.180/0068i85lly8gdin8od00fj30ig0igdgv.jpg?KID=imgbed,tva&Expires=1619207885&ssig=cW4DznhptI", "profile_url": "https://m.weibo.cn/u/5619328667?uid=5619328667", "statuses_count": 99333, "verified": true, "verified_type": 0, "verified_type_ext": 0, "verified_reason": "\u8d85\u8bdd\u7c89\u4e1d\u5927\u5496\uff08\u4e2d\u56fd\u519b\u961f\u8d85\u8bdd\uff09", "close_blue_v": false, "description": "\u56fd\u5bb6\u5f00\u653e\u5927\u5b66\uff08\u5df2\uff09\u6bd5\u4e1a\u5b66\u751f\u3002", "gender": "m", "mbtype": 0, "urank": 33, "mbrank": 0, "follow_me": false, "following": false, "followers_count": 3863, "follow_count": 2677, "cover_image_phone": "https://tva1.sinaimg.cn/crop.0.0.640.640.640/549d0121tw1egm1kjly3jj20hs0hsq4f.jpg", "avatar_hd": "https://wx1.sinaimg.cn/orj480/0068i85lly8gdin8od00fj30ig0igdgv.jpg", "like": false, "like_me": false, "badge": {"unread_pool": 1, "unread_pool_ext": 1, "dzwbqlx_2016": 1, "travel_2017": 1, "user_name_certificate": 1, "suishoupai_2018": 1, "wenchuan_10th": 1, "worldcup_2018": 34, "dailv_2018": 1, "asiad_2018": 1, "qixi_2018": 1, "yiqijuan_2018": 1, "national_day_2018": 1, "double11_2018": 1, "memorial_2018": 1, "hongbaofei_2019": 1, "denglong_2019": 1, "fu_2019": 1, "womensday_2018": 1, "suishoupai_2019": 1, "wusi_2019": 1, "hongrenjie_2019": 1, "dailv_2019": 1, "china_2019": 1, "hongkong_2019": 1, "dzwbqlx_2019": 1, "rrgyj_2019": 1, "shouhuan_2019": 1, "ant_2019": 1, "starlight_2019": 1, "gongjiri_2019": 1, "macao_2019": 1, "china_2019_2": 1, "hongbao_2020": 2, "feiyan_2020": 1, "graduation_2020": 1, "dailv_2020": 1, "school_2020": 1, "hongrenjie_2020": 1, "china_2020": 1, "weibozhiye_2020": 1, "hongbaofeifuniu_2021": 1}}, "reposts_count": 0, "comments_count": 0, "attitudes_count": 0, "pending_approval_count": 0, "isLongText": false, "reward_exhibition_type": 0, "hide_flag": 0, "mlevel": 0, "darwin_tags": [], "mblogtype": 0, "more_info_type": 0, "number_display_strategy": {"apply_scenario_flag": 3, "display_text_min_number": 1000000, "display_text": "100\u4e07+"}, "content_auth": 0, "repost_type": 1, "pic_num": 0, "alchemy_params": {"ug_red_envelope": false}, "raw_text": "\u8f6c\u53d1\u5fae\u535a", "bid": "JbBzjjppA"}, {"visible": {"type": 0, "list_id": 0}, "created_at": "Fri Jul 17 12:55:06 +0800 2020", "id": "4527659919346255", "mid": "4527659919346255", "can_edit": false, "show_additional_indication": 0, "text": "\u201c\u9a7b\u65e5\u7f8e\u519b\u4eab\u6709\u7279\u6b8a\u5730\u4f4d\uff0c\u65e0\u9700\u63a5\u53d7\u65e5\u65b9\u75c5\u6bd2\u68c0\u6d4b\u201d\u65e5\u672c\u597d\u618b\u5c48\u554a", "source": "iPhone\u5ba2\u6237\u7aef", "favorited": false, "pic_ids": [], "pic_types": "", "is_paid": false, "mblog_vip_type": 0, "user": {"id": 5328191137, "screen_name": "\u4e24\u4e2ac\u68d2\u68d2", "profile_image_url": "https://tvax1.sinaimg.cn/crop.0.0.750.750.180/005OAxUJly8gdq4waaijkj30ku0kuacy.jpg?KID=imgbed,tva&Expires=1619207885&ssig=1jKGI4SEFQ", "profile_url": "https://m.weibo.cn/u/5328191137?uid=5328191137", "statuses_count": 1053, "verified": false, "verified_type": -1, "close_blue_v": false, "description": "\u82df\u6709\u6052 \u4f55\u5fc5\u4e09\u66f4\u7720\u4e94\u66f4\u8d77  \u6700\u65e0\u76ca \u83ab\u8fc7\u4e00\u65e5\u66dd\u5341\u65e5\u5bd2", "gender": "m", "mbtype": 0, "urank": 12, "mbrank": 0, "follow_me": false, "following": false, "followers_count": 82, "follow_count": 306, "cover_image_phone": "https://tva1.sinaimg.cn/crop.0.0.640.640.640/549d0121tw1egm1kjly3jj20hs0hsq4f.jpg", "avatar_hd": "https://wx1.sinaimg.cn/orj480/005OAxUJly8gdq4waaijkj30ku0kuacy.jpg", "like": false, "like_me": false, "badge": {"user_name_certificate": 1, "wenda_v2": 1, "hongrenjie_2019": 1, "zjszgf_2020": 1}}, "reposts_count": 0, "comments_count": 0, "attitudes_count": 0, "pending_approval_count": 0, "isLongText": false, "reward_exhibition_type": 0, "hide_flag": 0, "mlevel": 0, "darwin_tags": [], "mblogtype": 0, "more_info_type": 0, "cardid": "star_11247_common", "number_display_strategy": {"apply_scenario_flag": 3, "display_text_min_number": 1000000, "display_text": "100\u4e07+"}, "content_auth": 0, "repost_type": 4, "pic_num": 0, "alchemy_params": {"ug_red_envelope": false}, "raw_text": "\u201c\u9a7b\u65e5\u7f8e\u519b\u4eab\u6709\u7279\u6b8a\u5730\u4f4d\uff0c\u65e0\u9700\u63a5\u53d7\u65e5\u65b9\u75c5\u6bd2\u68c0\u6d4b\u201d\u65e5\u672c\u597d\u618b\u5c48\u554a", "bid": "JbByLDdo3"}, {"visible": {"type": 0, "list_id": 0}, "created_at": "Fri Jul 17 12:53:28 +0800 2020", "id": "4527659503586933", "mid": "4527659503586933", "can_edit": false, "show_additional_indication": 0, "text": "\u8f6c\u53d1\u5fae\u535a", "source": "\u8363\u8000\u624b\u673a \u52c7\u6562\u505a\u81ea\u5df1", "favorited": false, "pic_ids": [], "pic_types": "", "is_paid": false, "mblog_vip_type": 0, "user": {"id": 6186076515, "screen_name": "\u6728\u571f\u5728\u7ebf", "profile_image_url": "https://tvax2.sinaimg.cn/crop.0.0.664.664.180/006KE95Fly8ftngsc2dv3j30ig0igwf6.jpg?KID=imgbed,tva&Expires=1619207885&ssig=uW04mf%2BCJy", "profile_url": "https://m.weibo.cn/u/6186076515?uid=6186076515", "statuses_count": 64362, "verified": false, "verified_type": -1, "close_blue_v": false, "description": "\u9759\u89c2\u767e\u6001\uff0c\u7b11\u770b\u4eba\u751f\uff0c\u6211\u4f9d\u65e7\u662f\u90a3\u4e48\u5355\u7eaf\uff01", "gender": "m", "mbtype": 0, "urank": 9, "mbrank": 0, "follow_me": false, "following": false, "followers_count": 101, "follow_count": 366, "cover_image_phone": "https://tva1.sinaimg.cn/crop.0.0.640.640.640/549d0121tw1egm1kjly3jj20hs0hsq4f.jpg", "avatar_hd": "https://wx2.sinaimg.cn/orj480/006KE95Fly8ftngsc2dv3j30ig0igwf6.jpg", "like": false, "like_me": false, "badge": {"user_name_certificate": 1, "dailv_2018": 7, "asiad_2018": 1, "qixi_2018": 1, "yiqijuan_2018": 1, "meilizhongguo_2018": 1, "national_day_2018": 1, "memorial_2018": 1, "hongbaofei_2019": 1, "denglong_2019": 1, "fu_2019": 1, "womensday_2018": 1, "suishoupai_2019": 1, "wusi_2019": 1, "earth_2019": 1, "hongrenjie_2019": 1, "dailv_2019": 1, "china_2019": 1, "hongkong_2019": 1, "dzwbqlx_2019": 1, "rrgyj_2019": 1, "cishan_2019": 1, "weishi_2019": 1, "wbzy_2019": 1, "starlight_2019": 1, "gongjiri_2019": 1, "macao_2019": 1, "china_2019_2": 1, "hongbao_2020": 2, "feiyan_2020": 1, "hope_2020": 1, "graduation_2020": 1, "dailv_2020": 1, "school_2020": 1, "hongrenjie_2020": 1, "china_2020": 1, "weibozhiye_2020": 1, "hongbaofeifuniu_2021": 1, "hongbaofeijika_2021": 1, "weibozhiyexianxia_2021": 1, "lvzhilingyang_2021": 1}}, "reposts_count": 0, "comments_count": 0, "attitudes_count": 0, "pending_approval_count": 0, "isLongText": false, "reward_exhibition_type": 0, "hide_flag": 0, "mlevel": 0, "darwin_tags": [], "mblogtype": 0, "more_info_type": 0, "number_display_strategy": {"apply_scenario_flag": 3, "display_text_min_number": 1000000, "display_text": "100\u4e07+"}, "content_auth": 0, "repost_type": 1, "pic_num": 0, "alchemy_params": {"ug_red_envelope": false}, "raw_text": "\u8f6c\u53d1\u5fae\u535a", "bid": "JbBy6f37L"}, {"visible": {"type": 0, "list_id": 0}, "created_at": "Fri Jul 17 12:52:19 +0800 2020", "id": "4527659214182967", "mid": "4527659214182967", "can_edit": false, "show_additional_indication": 0, "text": "\u8f6c\u53d1\u5fae\u535a", "source": "OPPO R9", "favorited": false, "pic_ids": [], "pic_types": "", "is_paid": false, "mblog_vip_type": 0, "user": {"id": 7074491331, "screen_name": "\u4e00\u8def\u9006\u98ce38589", "profile_image_url": "https://tvax2.sinaimg.cn/crop.0.0.996.996.180/007ILQmTly8gjgp4t7c6hj30ro0rogod.jpg?KID=imgbed,tva&Expires=1619207885&ssig=aUOR6TNIfb", "profile_url": "https://m.weibo.cn/u/7074491331?uid=7074491331", "statuses_count": 1116, "verified": false, "verified_type": -1, "close_blue_v": false, "description": "", "gender": "f", "mbtype": 0, "urank": 4, "mbrank": 0, "follow_me": false, "following": false, "followers_count": 4, "follow_count": 84, "cover_image_phone": "https://tva1.sinaimg.cn/crop.0.0.640.640.640/549d0121tw1egm1kjly3jj20hs0hsq4f.jpg", "avatar_hd": "https://wx2.sinaimg.cn/orj480/007ILQmTly8gjgp4t7c6hj30ro0rogod.jpg", "like": false, "like_me": false, "badge": {"user_name_certificate": 1, "china_2020": 1}}, "reposts_count": 0, "comments_count": 0, "attitudes_count": 0, "pending_approval_count": 0, "isLongText": false, "reward_exhibition_type": 0, "hide_flag": 0, "mlevel": 0, "darwin_tags": [], "mblogtype": 0, "more_info_type": 0, "number_display_strategy": {"apply_scenario_flag": 3, "display_text_min_number": 1000000, "display_text": "100\u4e07+"}, "content_auth": 0, "repost_type": 1, "pic_num": 0, "alchemy_params": {"ug_red_envelope": false}, "raw_text": "\u8f6c\u53d1\u5fae\u535a", "bid": "JbBxDhybd"}, {"visible": {"type": 0, "list_id": 0}, "created_at": "Fri Jul 17 12:44:08 +0800 2020", "id": "4527657155044937", "mid": "4527657155044937", "can_edit": false, "show_additional_indication": 0, "text": "\u8f6c\u53d1\u5fae\u535a", "source": "\u524d\u7f6e\u53cc\u6444vivo X9", "favorited": false, "pic_ids": [], "pic_types": "", "is_paid": false, "mblog_vip_type": 0, "user": {"id": 6334326347, "screen_name": "\u8f7b\u9a91\u517583323", "profile_image_url": "https://tvax1.sinaimg.cn/crop.0.0.996.996.180/006UGbDZly8fi8sl4lez5j30ro0rpmzh.jpg?KID=imgbed,tva&Expires=1619207885&ssig=K8JPQBKH%2FK", "profile_url": "https://m.weibo.cn/u/6334326347?uid=6334326347", "statuses_count": 5638, "verified": false, "verified_type": -1, "close_blue_v": false, "description": "", "gender": "m", "mbtype": 0, "urank": 4, "mbrank": 0, "follow_me": false, "following": false, "followers_count": 282, "follow_count": 225, "cover_image_phone": "https://tva1.sinaimg.cn/crop.0.0.640.640.640/549d0121tw1egm1kjly3jj20hs0hsq4f.jpg", "avatar_hd": "https://wx1.sinaimg.cn/orj480/006UGbDZly8fi8sl4lez5j30ro0rpmzh.jpg", "like": false, "like_me": false, "badge": {"user_name_certificate": 1, "wenda_v2": 1, "dailv_2020": 1, "hongrenjie_2020": 1, "hongbaofeifuniu_2021": 1, "hongbaofeijika_2021": 1}}, "reposts_count": 0, "comments_count": 0, "attitudes_count": 0, "pending_approval_count": 0, "isLongText": false, "reward_exhibition_type": 0, "hide_flag": 0, "mlevel": 0, "darwin_tags": [], "mblogtype": 0, "more_info_type": 0, "number_display_strategy": {"apply_scenario_flag": 3, "display_text_min_number": 1000000, "display_text": "100\u4e07+"}, "content_auth": 0, "repost_type": 1, "pic_num": 0, "alchemy_params": {"ug_red_envelope": false}, "raw_text": "\u8f6c\u53d1\u5fae\u535a", "bid": "JbBujlapX"}, {"visible": {"type": 0, "list_id": 0}, "created_at": "Fri Jul 17 12:41:07 +0800 2020", "id": "4527656395091486", "mid": "4527656395091486", "can_edit": false, "show_additional_indication": 0, "text": "//<a href='/n/\u5f25\u6ef4'>@\u5f25\u6ef4</a>:\u81ea\u5df1\u8eba\u5e73\u8fd8\u8981\u62c9\u522b\u4eba\u57ab\u80cc\uff0c\u65e0\u803b--\u65e0\u803b\u7684\u96c6\u5927\u6210\u8005", "source": "HUAWEI Mate 20", "favorited": false, "pic_ids": [], "pic_types": "", "is_paid": false, "mblog_vip_type": 0, "user": {"id": 1708353870, "screen_name": "\u6c90\u6897", "profile_image_url": "https://tvax2.sinaimg.cn/crop.0.0.996.996.180/65d3694ely8gpa0izz2jqj20ro0rotbe.jpg?KID=imgbed,tva&Expires=1619207885&ssig=qgzhw88Ur5", "profile_url": "https://m.weibo.cn/u/1708353870?uid=1708353870", "statuses_count": 146551, "verified": false, "verified_type": -1, "close_blue_v": false, "description": "\u4e0d\u8981\u7ed9\u6211\u52a0\u7c89\u7c4d\uff0c\u6b63\u4e3b\u53c8\u4e0d\u7ed9\u6211\u94b1\uff01\uff5c\u76d7\u5893\u8005\u7edd\u6237\uff5c\u5218\u5f7b\uff5c\u536b\u9752\uff5c\u970d\u53bb\u75c5\uff5c\u767d\u5c45\u6613\uff5c\u738b\u51ef\uff08\u6f14\u5458\uff09\uff5c\u5c39\u6609\uff5c\u963f\u4e91\u560e|\u90d1\u4e91\u9f99 | 1975 | \u65f6\u5149&amp;\u4fde\u4eae | \u7cd5&amp;\u997c |\u2026\u7565", "gender": "f", "mbtype": 12, "urank": 48, "mbrank": 7, "follow_me": false, "following": false, "followers_count": 86, "follow_count": 892, "cover_image_phone": "https://wx3.sinaimg.cn/crop.0.0.640.640.640/65d3694ely1gjmc0j8gsej20u00u0111.jpg", "avatar_hd": "https://wx2.sinaimg.cn/orj480/65d3694ely8gpa0izz2jqj20ro0rotbe.jpg", "like": false, "like_me": false, "badge": {"zongyiji": 1, "unread_pool": 1, "vip_activity2": 3, "unread_pool_ext": 1, "dzwbqlx_2016": 1, "league_badge": 1, "super_star_2017": 1, "travel_2017": 1, "user_name_certificate": 1, "suishoupai_2018": 2, "wenchuan_10th": 1, "super_star_2018": 1, "worldcup_2018": 34, "wenda_v2": 1, "dailv_2018": 7, "asiad_2018": 1, "qixi_2018": 1, "yiqijuan_2018": 1, "meilizhongguo_2018": 1, "national_day_2018": 1, "double11_2018": 1, "wbzy_2018": 1, "memorial_2018": 1, "hongbaofei_2019": 1, "denglong_2019": 1, "fu_2019": 1, "womensday_2018": 1, "suishoupai_2019": 1, "wusi_2019": 1, "hongrenjie_2019": 1, "dailv_2019": 1, "china_2019": 1, "hongkong_2019": 1, "taohuayuan_2019": 1, "dzwbqlx_2019": 1, "rrgyj_2019": 1, "cishan_2019": 1, "shuang11_2019": 1, "starlight_2019": 1, "gongjiri_2019": 1, "macao_2019": 1, "china_2019_2": 1, "hongbao_2020": 2, "feiyan_2020": 1, "kangyi_2020": 1, "graduation_2020": 1, "pc_new": 7, "dailv_2020": 7, "school_2020": 1, "gongyi_2020": 3, "hongrenjie_2020": 1, "china_2020": 1, "zjszgf_2020": 1, "hongbaofeijika_2021": 1, "weibozhiyexianxia_2021": 1}}, "pid": 4527654466492643, "pidstr": "4527654466492643", "reposts_count": 0, "comments_count": 0, "attitudes_count": 0, "pending_approval_count": 0, "isLongText": false, "reward_exhibition_type": 0, "hide_flag": 0, "mlevel": 0, "darwin_tags": [], "mblogtype": 0, "more_info_type": 0, "cardid": "star_1190", "number_display_strategy": {"apply_scenario_flag": 3, "display_text_min_number": 1000000, "display_text": "100\u4e07+"}, "content_auth": 0, "repost_type": 1, "pic_num": 0, "alchemy_params": {"ug_red_envelope": false}, "raw_text": "//@\u5f25\u6ef4:\u81ea\u5df1\u8eba\u5e73\u8fd8\u8981\u62c9\u522b\u4eba\u57ab\u80cc\uff0c\u65e0\u803b--\u65e0\u803b\u7684\u96c6\u5927\u6210\u8005", "bid": "JbBt5lmwK"}, {"visible": {"type": 0, "list_id": 0}, "created_at": "Fri Jul 17 12:39:36 +0800 2020", "id": "4527656017859224", "mid": "4527656017859224", "can_edit": false, "show_additional_indication": 0, "text": "\u6240\u4ee5\uff0c\u7f8e\u56fd\u5927\u4f7f\u9986\u4eba\u5458\u53ca\u5176\u5bb6\u5c5e\u56de\u5230\u4e2d\u56fd\u7684\u65f6\u5019\uff0c\u5fc5\u987b\u6309\u7167\u4e2d\u56fd\u9632\u75ab\u8981\u6c42\u505a\u68c0\u6d4b\u548c\u9694\u79bb\u3002\u3002", "source": "HUAWEI Mate30 Pro 5G", "favorited": false, "pic_ids": [], "pic_types": "", "is_paid": false, "mblog_vip_type": 0, "user": {"id": 3871395421, "screen_name": "hopping19", "profile_image_url": "https://tvax3.sinaimg.cn/crop.0.0.1044.1044.180/e6c0ce5dly8gdi9ngotlij20t00t0tak.jpg?KID=imgbed,tva&Expires=1619207885&ssig=nqM5temfNd", "profile_url": "https://m.weibo.cn/u/3871395421?uid=3871395421", "statuses_count": 898, "verified": false, "verified_type": -1, "close_blue_v": false, "description": "\u61d2\u5f97\u626f", "gender": "m", "mbtype": 2, "urank": 14, "mbrank": 5, "follow_me": false, "following": false, "followers_count": 195, "follow_count": 308, "cover_image_phone": "https://tva1.sinaimg.cn/crop.0.0.640.640.640/549d0121tw1egm1kjly3jj20hs0hsq4f.jpg", "avatar_hd": "https://wx3.sinaimg.cn/orj480/e6c0ce5dly8gdi9ngotlij20t00t0tak.jpg", "like": false, "like_me": false, "badge": {"bind_taobao": 1, "unread_pool": 1, "unread_pool_ext": 1, "user_name_certificate": 1, "wenda_v2": 1, "suishoupai_2019": 6, "wusi_2019": 1, "hongrenjie_2019": 1, "china_2019": 1, "hongkong_2019": 1, "macao_2019": 1, "china_2019_2": 1, "hongbao_2020": 2, "daka_2020": 1, "vpick_2020": 1, "school_2020": 1, "china_2020": 1, "hongbaofeifuniu_2021": 1, "hongbaofeijika_2021": 1}}, "reposts_count": 0, "comments_count": 0, "attitudes_count": 0, "pending_approval_count": 0, "isLongText": false, "reward_exhibition_type": 0, "hide_flag": 0, "mlevel": 0, "darwin_tags": [], "mblogtype": 0, "more_info_type": 0, "cardid": "star_11247_common", "number_display_strategy": {"apply_scenario_flag": 3, "display_text_min_number": 1000000, "display_text": "100\u4e07+"}, "content_auth": 0, "repost_type": 3, "pic_num": 0, "alchemy_params": {"ug_red_envelope": false}, "raw_text": "\u6240\u4ee5\uff0c\u7f8e\u56fd\u5927\u4f7f\u9986\u4eba\u5458\u53ca\u5176\u5bb6\u5c5e\u56de\u5230\u4e2d\u56fd\u7684\u65f6\u5019\uff0c\u5fc5\u987b\u6309\u7167\u4e2d\u56fd\u9632\u75ab\u8981\u6c42\u505a\u68c0\u6d4b\u548c\u9694\u79bb\u3002\u3002", "bid": "JbBstwYxG"}, {"visible": {"type": 0, "list_id": 0}, "created_at": "Fri Jul 17 12:38:39 +0800 2020", "id": "4527655775376296", "mid": "4527655775376296", "can_edit": false, "show_additional_indication": 0, "text": "\u8f6c\u53d1\u5fae\u535a", "source": "OPPO K3 \u786c\u6838\u5c11\u5e74", "favorited": false, "pic_ids": [], "pic_types": "", "is_paid": false, "mblog_vip_type": 0, "user": {"id": 6615300639, "screen_name": "TCSW-J11B", "profile_image_url": "https://tvax4.sinaimg.cn/crop.0.0.996.996.180/007dH7Tply8ftqjen2b45j30ro0ro0uc.jpg?KID=imgbed,tva&Expires=1619207887&ssig=9GTbU86nqj", "profile_url": "https://m.weibo.cn/u/6615300639?uid=6615300639", "statuses_count": 14246, "verified": false, "verified_type": -1, "close_blue_v": false, "description": "", "gender": "m", "mbtype": 2, "urank": 9, "mbrank": 5, "follow_me": false, "following": false, "followers_count": 850, "follow_count": 20000, "cover_image_phone": "https://tva1.sinaimg.cn/crop.0.0.640.640.640/9d44112bjw1f1xl1c10tuj20hs0hs0tw.jpg", "avatar_hd": "https://wx4.sinaimg.cn/orj480/007dH7Tply8ftqjen2b45j30ro0ro0uc.jpg", "like": false, "like_me": false, "badge": {"panda": 1, "user_name_certificate": 1, "memorial_2018": 1, "hongbaofei_2019": 1, "womensday_2018": 1, "suishoupai_2019": 1, "wusi_2019": 1, "hongrenjie_2019": 1, "china_2019": 1, "hongkong_2019": 1, "taohuayuan_2019": 1, "dzwbqlx_2019": 1, "rrgyj_2019": 1, "family_2019": 1, "shouhuan_2019": 1, "weishi_2019": 1, "starlight_2019": 1, "gongjiri_2019": 1, "hongbao_2020": 3, "feiyan_2020": 1, "kangyi_2020": 1, "daka_2020": 1, "graduation_2020": 1, "dailv_2020": 1, "school_2020": 1, "gongyi_2020": 2, "china_2020": 1, "hongbaofeifuniu_2021": 1, "earthguarder_2021": 1}}, "reposts_count": 0, "comments_count": 0, "attitudes_count": 0, "pending_approval_count": 0, "isLongText": false, "reward_exhibition_type": 0, "hide_flag": 0, "mlevel": 0, "darwin_tags": [], "mblogtype": 0, "more_info_type": 0, "cardid": "star_1219", "number_display_strategy": {"apply_scenario_flag": 3, "display_text_min_number": 1000000, "display_text": "100\u4e07+"}, "content_auth": 0, "repost_type": 1, "pic_num": 0, "alchemy_params": {"ug_red_envelope": false}, "raw_text": "\u8f6c\u53d1\u5fae\u535a", "bid": "JbBs5myCs"}, {"visible": {"type": 0, "list_id": 0}, "created_at": "Fri Jul 17 12:38:27 +0800 2020", "id": "4527655725045605", "mid": "4527655725045605", "can_edit": false, "show_additional_indication": 0, "text": "<span class=\"url-icon\"><img alt=[\u54c6\u5566A\u68a6\u5403\u60ca] src=\"https://h5.sinaimg.cn/m/emoticon/icon/doraemon/dr_chijing-31d5542cca.png\" style=\"width:1em; height:1em;\" /></span>", "source": "iPhone\u5ba2\u6237\u7aef", "favorited": false, "pic_ids": [], "pic_types": "", "is_paid": false, "mblog_vip_type": 0, "user": {"id": 1642407603, "screen_name": "\u8f7b\u62fe\u7cae", "profile_image_url": "https://tvax2.sinaimg.cn/crop.0.0.812.812.180/61e526b3ly8gdirqrhw7zj20mk0mk0tl.jpg?KID=imgbed,tva&Expires=1619207887&ssig=yhDnp%2FhMa2", "profile_url": "https://m.weibo.cn/u/1642407603?uid=1642407603", "statuses_count": 98065, "verified": false, "verified_type": -1, "close_blue_v": false, "description": "\u6574\u5929\u54d4\u54d4\u5471\u5471\u5527\u5527", "gender": "f", "mbtype": 11, "urank": 48, "mbrank": 7, "follow_me": false, "following": false, "followers_count": 355, "follow_count": 1486, "cover_image_phone": "https://tva1.sinaimg.cn/crop.0.0.640.640.640/9d44112bjw1f1xl1c10tuj20hs0hs0tw.jpg", "avatar_hd": "https://wx2.sinaimg.cn/orj480/61e526b3ly8gdirqrhw7zj20mk0mk0tl.jpg", "like": false, "like_me": false, "badge": {"bind_taobao": 1, "unread_pool": 1, "unread_pool_ext": 1, "dzwbqlx_2016": 1, "super_star_2017": 1, "travel_2017": 1, "cz_wed_2017": 1, "user_name_certificate": 1, "suishoupai_2018": 5, "wenchuan_10th": 1, "super_star_2018": 1, "worldcup_2018": 34, "dailv_2018": 6, "qixi_2018": 1, "double11_2018": 1, "memorial_2018": 1, "hongbaofei_2019": 1, "fu_2019": 1, "suishoupai_2019": 1, "wusi_2019": 1, "earth_2019": 1, "hongrenjie_2019": 1, "china_2019": 1, "hongkong_2019": 1, "taohuayuan_2019": 1, "rrgyj_2019": 1, "family_2019": 1, "shuang11_2019": 1, "starlight_2019": 1, "gongjiri_2019": 1, "hongbao_2020": 2, "feiyan_2020": 1, "hope_2020": 1, "graduation_2020": 1, "dailv_2020": 7, "school_2020": 1, "china_2020": 1, "zjszgf_2020": 1, "nihaoshenghuojie_2021": 1}}, "reposts_count": 0, "comments_count": 0, "attitudes_count": 0, "pending_approval_count": 0, "isLongText": false, "reward_exhibition_type": 0, "hide_flag": 0, "mlevel": 0, "darwin_tags": [], "mblogtype": 0, "more_info_type": 0, "number_display_strategy": {"apply_scenario_flag": 3, "display_text_min_number": 1000000, "display_text": "100\u4e07+"}, "content_auth": 0, "repost_type": 1, "pic_num": 0, "alchemy_params": {"ug_red_envelope": false}, "raw_text": "[\u54c6\u5566A\u68a6\u5403\u60ca]", "bid": "JbBs0laAJ"}, {"visible": {"type": 0, "list_id": 0}, "created_at": "Fri Jul 17 12:36:37 +0800 2020", "id": "4527655263150305", "mid": "4527655263150305", "can_edit": false, "show_additional_indication": 0, "text": "<span class=\"url-icon\"><img alt=[\u5403\u74dc] src=\"https://h5.sinaimg.cn/m/emoticon/icon/default/d_chigua-7a95e6efc4.png\" style=\"width:1em; height:1em;\" /></span>", "source": "Share\u5fae\u535a\u5ba2\u6237\u7aef", "favorited": false, "pic_ids": [], "pic_types": "", "is_paid": false, "mblog_vip_type": 0, "user": {"id": 5602629509, "screen_name": "CASTIELNAO", "profile_image_url": "https://tvax3.sinaimg.cn/crop.0.0.174.174.180/0067a3S5ly8ghjuc6lbapj304u04u74h.jpg?KID=imgbed,tva&Expires=1619207887&ssig=HXxXwXWiAr", "profile_url": "https://m.weibo.cn/u/5602629509?uid=5602629509", "statuses_count": 5218, "verified": false, "verified_type": -1, "close_blue_v": false, "description": "\u5565\u90fd\u4e0d\u662f", "gender": "m", "mbtype": 0, "urank": 9, "mbrank": 0, "follow_me": false, "following": false, "followers_count": 44, "follow_count": 554, "cover_image_phone": "https://tva4.sinaimg.cn/crop.0.0.640.640.640/6ce2240djw1e8iktk4ohij20hs0hsmz6.jpg", "avatar_hd": "https://wx3.sinaimg.cn/orj480/0067a3S5ly8ghjuc6lbapj304u04u74h.jpg", "like": false, "like_me": false, "badge": {"unread_pool": 1, "unread_pool_ext": 1, "dzwbqlx_2016": 1, "user_name_certificate": 1, "super_star_2018": 1, "memorial_2018": 1, "hongrenjie_2019": 1, "china_2019": 1, "hongkong_2019": 1, "gongjiri_2019": 1, "hongbao_2020": 2, "feiyan_2020": 1}}, "reposts_count": 0, "comments_count": 0, "attitudes_count": 0, "pending_approval_count": 0, "isLongText": false, "reward_exhibition_type": 0, "hide_flag": 0, "mlevel": 0, "darwin_tags": [], "mblogtype": 0, "more_info_type": 0, "number_display_strategy": {"apply_scenario_flag": 3, "display_text_min_number": 1000000, "display_text": "100\u4e07+"}, "content_auth": 0, "repost_type": 1, "pic_num": 0, "alchemy_params": {"ug_red_envelope": false}, "raw_text": "[\u5403\u74dc]", "bid": "JbBrgddxn"}, {"visible": {"type": 0, "list_id": 0}, "created_at": "Fri Jul 17 12:36:13 +0800 2020", "id": "4527655163010931", "mid": "4527655163010931", "can_edit": false, "show_additional_indication": 0, "text": "//<a href='/n/\u674e\u73b0\u4eca\u5929\u4e70\u70ed\u641c\u4e86\u5417'>@\u674e\u73b0\u4eca\u5929\u4e70\u70ed\u641c\u4e86\u5417</a>:\u51b2\u7ef3\u4e0d\u662f\u6211\u4eec\u7684\uff1f", "source": "Redmi Note 7 Pro", "favorited": false, "pic_ids": [], "pic_types": "", "is_paid": false, "mblog_vip_type": 0, "user": {"id": 5353274542, "screen_name": "\u6dd1\u79bb\u6e05\u626c", "profile_image_url": "https://tvax1.sinaimg.cn/crop.0.0.1002.1002.180/005QhNfMly8gil61lsillj30ru0ru3zt.jpg?KID=imgbed,tva&Expires=1619207887&ssig=7C9n4ILuGq", "profile_url": "https://m.weibo.cn/u/5353274542?uid=5353274542", "statuses_count": 4021, "verified": false, "verified_type": -1, "close_blue_v": false, "description": "", "gender": "f", "mbtype": 12, "urank": 33, "mbrank": 5, "follow_me": false, "following": false, "followers_count": 291, "follow_count": 295, "cover_image_phone": "https://tva1.sinaimg.cn/crop.0.0.640.640.640/9d44112bjw1f1xl1c10tuj20hs0hs0tw.jpg", "avatar_hd": "https://wx1.sinaimg.cn/orj480/005QhNfMly8gil61lsillj30ru0ru3zt.jpg", "like": false, "like_me": false, "badge": {"bind_taobao": 1, "unread_pool": 1, "unread_pool_ext": 1, "panda": 1, "user_name_certificate": 1, "super_star_2018": 1, "worldcup_2018": 34, "asiad_2018": 1, "wbzy_2018": 1, "memorial_2018": 1, "hongbaofei_2019": 1, "denglong_2019": 1, "fu_2019": 1, "suishoupai_2019": 7, "hongrenjie_2019": 1, "china_2019": 1, "hongkong_2019": 1, "dzwbqlx_2019": 1, "rrgyj_2019": 1, "weishi_2019": 1, "wbzy_2019": 1, "gongjiri_2019": 1, "hongbao_2020": 2, "feiyan_2020": 1, "dailv_2020": 1, "weibozhiye_2020": 1}}, "reposts_count": 0, "comments_count": 0, "attitudes_count": 3, "pending_approval_count": 0, "isLongText": false, "reward_exhibition_type": 0, "hide_flag": 0, "mlevel": 0, "darwin_tags": [], "mblogtype": 0, "more_info_type": 0, "cardid": "star_11247_common", "number_display_strategy": {"apply_scenario_flag": 3, "display_text_min_number": 1000000, "display_text": "100\u4e07+"}, "content_auth": 0, "repost_type": 5, "pic_num": 0, "alchemy_params": {"ug_red_envelope": false}, "raw_text": "//@\u674e\u73b0\u4eca\u5929\u4e70\u70ed\u641c\u4e86\u5417:\u51b2\u7ef3\u4e0d\u662f\u6211\u4eec\u7684\uff1f", "bid": "JbBr6cDhp"}, {"visible": {"type": 0, "list_id": 0}, "created_at": "Fri Jul 17 12:35:06 +0800 2020", "id": "4527654881989562", "mid": "4527654881989562", "can_edit": false, "show_additional_indication": 0, "text": "\u8f6c\u53d1\u5fae\u535a", "source": "iPhone\u5ba2\u6237\u7aef", "favorited": false, "pic_ids": [], "pic_types": "", "is_paid": false, "mblog_vip_type": 0, "user": {"id": 1708687323, "screen_name": "\u8fd9\u4e2a\u51ac\u5929\u4e0d\u592a\u51b792", "profile_image_url": "https://tvax2.sinaimg.cn/crop.0.0.1080.1080.180/65d87fdbly8g4lxzr78vxj20u00u0tau.jpg?KID=imgbed,tva&Expires=1619207887&ssig=oS8huXncYe", "profile_url": "https://m.weibo.cn/u/1708687323?uid=1708687323", "statuses_count": 28400, "verified": false, "verified_type": 220, "close_blue_v": false, "description": "\u665a\u6765\u5929\u6b32\u96ea\uff0c\u80fd\u996e\u4e00\u676f\u65e0\uff1f", "gender": "f", "mbtype": 2, "urank": 46, "mbrank": 2, "follow_me": false, "following": false, "followers_count": 137, "follow_count": 286, "cover_image_phone": "https://tva4.sinaimg.cn/crop.0.0.640.640.640/6ce2240djw1e8iktk4ohij20hs0hsmz6.jpg", "avatar_hd": "https://wx2.sinaimg.cn/orj480/65d87fdbly8g4lxzr78vxj20u00u0tau.jpg", "like": false, "like_me": false, "badge": {"bind_taobao": 1, "unread_pool": 1, "unread_pool_ext": 1, "dzwbqlx_2016": 1, "league_badge": 1, "super_star_2017": 1, "cz_wed_2017": 1, "panda": 1, "user_name_certificate": 1, "wenchuan_10th": 1, "qixi_2018": 1, "memorial_2018": 1, "china_2019": 1, "wbzy_2019": 1, "gongjiri_2019": 1, "hongbao_2020": 3, "feiyan_2020": 1, "hope_2020": 1, "dailv_2020": 1, "movie_2020": 1, "china_2020": 1, "weibozhiye_2020": 1, "hongbaofeijika_2021": 1, "weibozhiyexianxia_2021": 1}}, "reposts_count": 0, "comments_count": 0, "attitudes_count": 0, "pending_approval_count": 0, "isLongText": false, "reward_exhibition_type": 0, "hide_flag": 0, "mlevel": 0, "darwin_tags": [], "mblogtype": 0, "more_info_type": 0, "number_display_strategy": {"apply_scenario_flag": 3, "display_text_min_number": 1000000, "display_text": "100\u4e07+"}, "content_auth": 0, "repost_type": 1, "pic_num": 0, "alchemy_params": {"ug_red_envelope": false}, "raw_text": "\u8f6c\u53d1\u5fae\u535a", "bid": "JbBqE8lzI"}]