[{"id": 4504173304889056, "created_at": "2020-05-13", "source": "", "user": {"id": 1725073742, "screen_name": "\u6211\u662f\u5e05\u6c14\u597d\u5c11\u5e74", "profile_image_url": "https://tvax2.sinaimg.cn/crop.0.2.750.750.180/66d2894ely8feg898vnvkj20ku0kzmxg.jpg?KID=imgbed,tva&Expires=1619178278&ssig=fa3ftNQtRX", "verified": false, "verified_type": -1, "followers_count": 278, "mbtype": 12, "profile_url": "https://m.weibo.cn/u/1725073742?uid=1725073742", "remark": "", "following": false, "follow_me": false}, "text": "\u5509", "like_counts": 1, "liked": false}, {"id": 4504172626347425, "created_at": "2020-05-13", "source": "", "user": {"id": 1082143934, "screen_name": "\u51c9\u5c71\u5927\u5c0f\u4e8b", "profile_image_url": "https://tvax1.sinaimg.cn/crop.43.0.510.510.180/408034bely8g2173mrgjtj20go0gowf6.jpg?KID=imgbed,tva&Expires=1619178278&ssig=kmmVZBwgbm", "verified": true, "verified_type": 0, "followers_count": 111298, "verified_type_ext": 0, "mbtype": 12, "profile_url": "https://m.weibo.cn/u/1082143934?uid=1082143934", "remark": "", "following": false, "follow_me": false}, "text": "\u4e8b\u5b9e\u8bc1\u660e\uff0c\u8fd8\u662f\u4e2d\u56fd\u6700\u597d", "like_counts": 18, "liked": false}, {"id": 4504169636395184, "created_at": "2020-05-13", "source": "", "user": {"id": 2256442522, "screen_name": "\u96ea\u82e5\u738b", "profile_image_url": "https://tvax1.sinaimg.cn/default/images/default_avatar_male_180.gif?KID=imgbed,tva&Expires=1619178278&ssig=1%2FUMesXy6Y", "verified": false, "verified_type": -1, "followers_count": 505, "mbtype": 0, "profile_url": "https://m.weibo.cn/u/2256442522?uid=2256442522", "remark": "", "following": false, "follow_me": false}, "text": "<span class=\"url-icon\"><img alt=[\u8721\u70db] src=\"https://h5.sinaimg.cn/m/emoticon/icon/others/o_lazhu-afb8e4fbdc.png\" style=\"width:1em; height:1em;\" /></span>", "like_counts": 2, "liked": false}, {"id": 4504168888978045, "created_at": "2020-05-13", "source": "", "user": {"id": 5223040274, "screen_name": "\u5c0f\u715c\u60f3\u6709\u94b1\u5566\u5566\u5566", "profile_image_url": "https://tvax3.sinaimg.cn/crop.0.0.664.664.180/005Htln4ly8gprq4vo00tj30ig0iggmb.jpg?KID=imgbed,tva&Expires=1619178278&ssig=bKSKabuOzx", "verified": true, "verified_type": 0, "followers_count": 464, "verified_type_ext": 0, "mbtype": 12, "profile_url": "https://m.weibo.cn/u/5223040274?uid=5223040274", "remark": "", "following": false, "follow_me": false}, "text": "\u707e\u96be\u9762\u524d\u4efb\u4f55\u4eba\u90fd\u65e0\u6cd5\u72ec\u5584\u5176\u8eab\uff0c\u54ce<span class=\"url-icon\"><img alt=[\u8721\u70db] src=\"https://h5.sinaimg.cn/m/emoticon/icon/others/o_lazhu-afb8e4fbdc.png\" style=\"width:1em; height:1em;\" /></span>", "like_counts": 3, "liked": false}, {"id": 4504168583583261, "created_at": "2020-05-13", "source": "", "user": {"id": 6714136359, "screen_name": "\u73b2\u73b2\u632f\u7389", "profile_image_url": "https://tvax3.sinaimg.cn/crop.0.0.996.996.180/007knPzVly8giizmr1awgj30ro0ro400.jpg?KID=imgbed,tva&Expires=1619178278&ssig=azzum7AHsy", "verified": true, "verified_type": 0, "followers_count": 1512, "verified_type_ext": 0, "mbtype": 12, "profile_url": "https://m.weibo.cn/u/6714136359?uid=6714136359", "remark": "", "following": false, "follow_me": false}, "text": "\u03b5=(\u00b4\u03bf\uff40*)))\u5509", "like_counts": 4, "liked": false}, {"id": 4504168540692883, "created_at": "2020-05-13", "source": "", "user": {"id": 5598642376, "screen_name": "\u5929\u624d\u539f\u8272", "profile_image_url": "https://tvax1.sinaimg.cn/crop.0.0.996.996.180/0066TkDuly8gimqr6xd0tj30ro0romyx.jpg?KID=imgbed,tva&Expires=1619178280&ssig=O0nf3XzqV5", "verified": false, "verified_type": -1, "followers_count": 499, "mbtype": 2, "profile_url": "https://m.weibo.cn/u/5598642376?uid=5598642376", "remark": "", "following": false, "follow_me": false}, "text": "<span class=\"url-icon\"><img alt=[\u8721\u70db] src=\"https://h5.sinaimg.cn/m/emoticon/icon/others/o_lazhu-afb8e4fbdc.png\" style=\"width:1em; height:1em;\" /></span>", "like_counts": 1, "liked": false}]