[{"visible": {"type": 0, "list_id": 0}, "created_at": "Wed May 13 17:07:26 +0800 2020", "id": "4504168209022618", "mid": "4504168209022618", "can_edit": false, "show_additional_indication": 0, "text": "\u3010<a  href=\"https://m.weibo.cn/search?containerid=231522type%3D1%26t%3D10%26q%3D%23%E6%97%A5%E6%9C%AC28%E5%B2%81%E7%9B%B8%E6%89%91%E9%80%89%E6%89%8B%E5%9B%A0%E6%96%B0%E5%86%A0%E5%8E%BB%E4%B8%96%23&extparam=%23%E6%97%A5%E6%9C%AC28%E5%B2%81%E7%9B%B8%E6%89%91%E9%80%89%E6%89%8B%E5%9B%A0%E6%96%B0%E5%86%A0%E5%8E%BB%E4%B8%96%23\" data-hide=\"\"><span class=\"surl-text\">#\u65e5\u672c28\u5c81\u76f8\u6251\u9009\u624b\u56e0\u65b0\u51a0\u53bb\u4e16#</span></a> \u8fde\u7eed4\u5929\u9ad8\u70e7\u5374\u906d\u5404\u65b9\u201c\u8e22\u76ae\u7403\u201d\u30115\u670813\u65e5\uff0c\u65e5\u672c\u76f8\u6251\u9009\u624b\u611f\u67d3\u65b0\u51a0\u75c5\u6bd2\uff0c\u5f15\u53d1\u5668\u5b98\u8870\u7aed\u53bb\u4e16\uff0c\u7ec8\u5e7428\u5c81\u3002\u65e5\u672c\u76f8\u6251\u534f\u4f1a\u79f0\uff0c\u8be5\u9009\u624b\u53d1\u70e74\u5929\u540e\u624d\u83b7\u51c6\u68c0\u6d4b\u3002\u9009\u624b\u7684\u5e08\u5085\u5728\u5176\u53d1\u70e7\u8d8538\u5ea6\u540e\uff0c\u5411\u591a\u6240\u533b\u9662\u7533\u8bf7\u68c0\u6d4b\u906d\u62d2\u7edd\u30024\u67088\u65e5\uff0c\u9009\u624b\u51fa\u73b0\u8840\u75f0\u75c7\u72b6\u540e\u6551\u62a4\u8f66\u8d76\u5230\uff0c\u8fd11\u4e2a\u6708\u540e\u6b7b\u4ea1\u3002 ...<a href=\"/status/4504168209022618\">\u5168\u6587</a>", "textLength": 329, "source": "\u5fae\u535a\u89c6\u9891\u53f7", "favorited": false, "pic_ids": [], "pic_types": "", "is_paid": false, "mblog_vip_type": 0, "user": {"id": 5336533996, "screen_name": "\u4e16\u9762", "profile_image_url": "https://tvax3.sinaimg.cn/crop.0.0.1080.1080.180/005P9ygYly8gdi72tljmhj30u00u0wfr.jpg?KID=imgbed,tva&Expires=1619178274&ssig=U8VNbVb446", "profile_url": "https://m.weibo.cn/u/5336533996?uid=5336533996", "statuses_count": 21839, "verified": true, "verified_type": 3, "verified_type_ext": 0, "verified_reason": "\u65b0\u4eac\u62a5\u201c\u6211\u4eec\u89c6\u9891\u201d\u65d7\u4e0b\u56fd\u9645\u89c6\u9891\u65b0\u95fb", "close_blue_v": false, "description": "\u6211\u4eec\u89c6\u9891\u65d7\u4e0b\u56fd\u9645\u65b0\u95fb\u680f\u76ee\uff0c\u6709\u507f\u5f81\u96c6\u7a81\u53d1\u65b0\u95fb\u3001\u7206\u6599\u4f9b\u7a3f\u3001\u6838\u5fc3\u73b0\u573a\uff0c\u53d1\u9001\u81f3\u5fae\u4fe1 wmsp_pz\u6216\u90ae\u7bb1wmsp_pz@163.com \u3002", "gender": "m", "mbtype": 12, "urank": 9, "mbrank": 6, "follow_me": false, "following": false, "followers_count": 6137038, "follow_count": 72, "cover_image_phone": "https://wx1.sinaimg.cn/crop.0.0.640.640.640/005P9ygYly1gdi7g4u3lsj30e80e83zn.jpg", "avatar_hd": "https://wx3.sinaimg.cn/orj480/005P9ygYly8gdi72tljmhj30u00u0wfr.jpg", "like": false, "like_me": false, "badge": {"video_attention": 4, "user_name_certificate": 1, "qixi_2018": 1, "weibo_display_fans": 1, "relation_display": 1, "memorial_2018": 1, "hongbao_2020": 2, "feiyan_2020": 1, "pc_new": 1}}, "reposts_count": 17, "comments_count": 21, "attitudes_count": 87, "pending_approval_count": 0, "isLongText": true, "reward_exhibition_type": 0, "hide_flag": 0, "mlevel": 0, "darwin_tags": [], "mblogtype": 0, "more_info_type": 0, "cardid": "star_1219", "content_auth": 0, "pic_num": 0, "page_info": {"type": "video", "object_type": 11, "url_ori": "http://t.cn/A6A3elb8", "page_pic": {"width": 640, "url": "https://imgaliyuncdn.miaopai.com/images/0iyd14PpRfHQyApo4uOVPFIeEipm0LrCrcUNRg___mP_y_4.jpg", "height": 360}, "page_url": "https://weibo.cn/sinaurl?u=http%3A%2F%2Fmiaopai.com%2Fshow%2F0iyd14PpRfHQyApo4uOVPFIeEipm0LrCrcUNRg__.htm", "object_id": "2017607:4504168208203780", "page_title": "\u4e16\u9762\u7684\u79d2\u62cd\u89c6\u9891", "title": "\u65e5\u672c28\u5c81\u76f8\u6251\u9009\u624b\u56e0\u65b0\u51a0\u53bb\u4e16 \u8fde\u7eed4\u5929\u9ad8\u70e7\u5374\u906d\u5404\u65b9\u201c\u8e22\u76ae\u7403\u201d", "content1": "\u4e16\u9762\u7684\u79d2\u62cd\u89c6\u9891", "content2": "\u65e5\u672c28\u5c81\u76f8\u6251\u9009\u624b\u56e0\u65b0\u51a0\u53bb\u4e16 \u8fde\u7eed4\u5929\u9ad8\u70e7\u5374\u906d\u5404\u65b9\u201c\u8e22\u76ae\u7403\u201d via@\u4e16\u9762", "video_orientation": "horizontal", "play_count": "16\u4e07\u6b21\u64ad\u653e", "media_info": {"stream_url": "http://miaopai.video.weibocdn.com/oniMuekClx07DeP3qieQ01041200b7ae0E013.mp4?label=mp4_ld&template=640x360.25.0&trans_finger=40a32e8439c5409a63ccf853562a60ef&ori=0&ps=1BThihd3VLAY5R&Expires=1619171074&ssig=7F%2FleanR7M&KID=unistore,video", "stream_url_hd": "http://miaopai.video.weibocdn.com/gUXfw7celx07DeP3xa8w01041200heAx0E013.mp4?label=mp4_hd&template=852x480.25.0&trans_finger=62b30a3f061b162e421008955c73f536&ori=0&ps=1BThihd3VLAY5R&Expires=1619171074&ssig=kmdhoVOVQD&KID=unistore,video", "duration": 78.25}, "urls": {"mp4_720p_mp4": "http://miaopai.video.weibocdn.com/zdpPNJzLlx07DeP3XFR601041200y0wv0E013.mp4?label=mp4_720p&template=1280x720.25.0&trans_finger=1f0da16358befad33323e3a1b7f95fc9&ori=0&ps=1BThihd3VLAY5R&Expires=1619171074&ssig=nArz8c4Q%2FD&KID=unistore,video", "mp4_hd_mp4": "http://miaopai.video.weibocdn.com/gUXfw7celx07DeP3xa8w01041200heAx0E013.mp4?label=mp4_hd&template=852x480.25.0&trans_finger=62b30a3f061b162e421008955c73f536&ori=0&ps=1BThihd3VLAY5R&Expires=1619171074&ssig=kmdhoVOVQD&KID=unistore,video", "mp4_ld_mp4": "http://miaopai.video.weibocdn.com/oniMuekClx07DeP3qieQ01041200b7ae0E013.mp4?label=mp4_ld&template=640x360.25.0&trans_finger=40a32e8439c5409a63ccf853562a60ef&ori=0&ps=1BThihd3VLAY5R&Expires=1619171074&ssig=7F%2FleanR7M&KID=unistore,video"}}, "bid": "J1KqUBRc6"}, {"visible": {"type": 0, "list_id": 0}, "created_at": "Wed May 13 22:51:38 +0800 2020", "id": "4504254829682688", "mid": "4504254829682688", "can_edit": false, "show_additional_indication": 0, "text": "//<a href='/n/\u691f\u83fd\u836b'>@\u691f\u83fd\u836b</a>://<a href='/n/\u5180\u7ffcbook'>@\u5180\u7ffcbook</a> ://<a href='/n/\u82cf\u9759\u521dJassica'>@\u82cf\u9759\u521dJassica</a> : \u76f8\u6251\u9009\u624b\u5728\u9713\u8679\u5730\u4f4d\u5f88\u9ad8\u7684\u4e86\uff0c\u5c45\u7136\u90fd\u6ca1\u80fd\u68c0\u6d4b<span class=\"url-icon\"><img alt=[\u6c57] src=\"https://h5.sinaimg.cn/m/emoticon/icon/default/d_han-d8ebda66d3.png\" style=\"width:1em; height:1em;\" /></span><span class=\"url-icon\"><img alt=[\u6c57] src=\"https://h5.sinaimg.cn/m/emoticon/icon/default/d_han-d8ebda66d3.png\" style=\"width:1em; height:1em;\" /></span><span class=\"url-icon\"><img alt=[\u6c57] src=\"https://h5.sinaimg.cn/m/emoticon/icon/default/d_han-d8ebda66d3.png\" style=\"width:1em; height:1em;\" /></span>//<a href='/n/\u6797\u6c34\u5996'>@\u6797\u6c34\u5996</a> :\u6211\u7684\u5929", "source": "\u5fae\u535a\u56fd\u9645\u7248", "favorited": false, "pic_ids": [], "pic_types": "", "is_paid": false, "mblog_vip_type": 0, "user": {"id": 3314027541, "screen_name": "\u9a91\u927f", "profile_image_url": "https://tvax3.sinaimg.cn/crop.0.0.479.479.180/c5880c15ly8gdhjsvi3j8j20db0dbgn2.jpg?KID=imgbed,tva&Expires=1619178274&ssig=vFhdNDPTfv", "profile_url": "https://m.weibo.cn/u/3314027541?uid=3314027541", "statuses_count": 36143, "verified": false, "verified_type": -1, "close_blue_v": false, "description": "\u4e0d\u6b63\u7ecf\u2190_\u2190", "gender": "m", "mbtype": 2, "urank": 40, "mbrank": 1, "follow_me": false, "following": false, "followers_count": 862, "follow_count": 929, "cover_image_phone": "https://tva1.sinaimg.cn/crop.0.0.640.640.640/9d44112bjw1f1xl1c10tuj20hs0hs0tw.jpg", "avatar_hd": "https://wx3.sinaimg.cn/orj480/c5880c15ly8gdhjsvi3j8j20db0dbgn2.jpg", "like": false, "like_me": false, "badge": {"bind_taobao": 1, "dailv": 1, "unread_pool": 1, "unread_pool_ext": 1, "dzwbqlx_2016": 1, "user_name_certificate": 1, "double11_2018": 1, "hongrenjie_2019": 1, "china_2019": 1, "hongkong_2019": 1, "gongjiri_2019": 1, "macao_2019": 1, "china_2019_2": 1, "hongbao_2020": 2, "feiyan_2020": 1, "kangyi_2020": 1, "dailv_2020": 1, "school_2020": 1, "china_2020": 1}}, "pid": 4504248425275165, "pidstr": "4504248425275165", "reposts_count": 0, "comments_count": 0, "attitudes_count": 0, "pending_approval_count": 0, "isLongText": false, "reward_exhibition_type": 0, "hide_flag": 0, "mlevel": 0, "darwin_tags": [], "mblogtype": 0, "more_info_type": 0, "number_display_strategy": {"apply_scenario_flag": 3, "display_text_min_number": 1000000, "display_text": "100\u4e07+"}, "content_auth": 0, "repost_type": 1, "pic_num": 0, "alchemy_params": {"ug_red_envelope": false}, "raw_text": "//@\u691f\u83fd\u836b://@\u5180\u7ffcbook ://@\u82cf\u9759\u521dJassica : \u76f8\u6251\u9009\u624b\u5728\u9713\u8679\u5730\u4f4d\u5f88\u9ad8\u7684\u4e86\uff0c\u5c45\u7136\u90fd\u6ca1\u80fd\u68c0\u6d4b[\u6c57][\u6c57][\u6c57]//@\u6797\u6c34\u5996 :\u6211\u7684\u5929", "bid": "J1MGCECUo"}, {"visible": {"type": 0, "list_id": 0}, "created_at": "Wed May 13 22:46:24 +0800 2020", "id": "4504253513054962", "mid": "4504253513054962", "can_edit": false, "show_additional_indication": 0, "text": "//<a href='/n/\u5180\u7ffcbook'>@\u5180\u7ffcbook</a>://<a href='/n/\u82cf\u9759\u521dJassica'>@\u82cf\u9759\u521dJassica</a>: \u76f8\u6251\u9009\u624b\u5728\u9713\u8679\u5730\u4f4d\u5f88\u9ad8\u7684\u4e86\uff0c\u5c45\u7136\u90fd\u6ca1\u80fd\u68c0\u6d4b<span class=\"url-icon\"><img alt=[\u6c57] src=\"https://h5.sinaimg.cn/m/emoticon/icon/default/d_han-d8ebda66d3.png\" style=\"width:1em; height:1em;\" /></span><span class=\"url-icon\"><img alt=[\u6c57] src=\"https://h5.sinaimg.cn/m/emoticon/icon/default/d_han-d8ebda66d3.png\" style=\"width:1em; height:1em;\" /></span><span class=\"url-icon\"><img alt=[\u6c57] src=\"https://h5.sinaimg.cn/m/emoticon/icon/default/d_han-d8ebda66d3.png\" style=\"width:1em; height:1em;\" /></span>//<a href='/n/\u6797\u6c34\u5996'>@\u6797\u6c34\u5996</a>:\u6211\u7684\u5929", "source": "\u534e\u4e3a\u624b\u673a", "favorited": false, "pic_ids": [], "pic_types": "", "is_paid": false, "mblog_vip_type": 0, "user": {"id": 3738014105, "screen_name": "\u6bb5\u98ce", "profile_image_url": "https://tva3.sinaimg.cn/crop.0.0.99.99.180/decd9199tw1e7vv7m6uyrj202s02sq2w.jpg?KID=imgbed,tva&Expires=1619178274&ssig=WyqXo20DvP", "profile_url": "https://m.weibo.cn/u/3738014105?uid=3738014105", "statuses_count": 19386, "verified": true, "verified_type": 0, "verified_type_ext": 0, "verified_reason": "\u521b\u4e16\u4e2d\u6587\u7f51\u7b7e\u7ea6\u4f5c\u5bb6", "close_blue_v": false, "description": "\u521b\u4e16\u4e2d\u6587\u7f51", "gender": "m", "mbtype": 12, "urank": 39, "mbrank": 6, "follow_me": false, "following": false, "followers_count": 515, "follow_count": 402, "cover_image_phone": "https://tva1.sinaimg.cn/crop.0.0.640.640.640/549d0121tw1egm1kjly3jj20hs0hsq4f.jpg", "avatar_hd": "https://ww3.sinaimg.cn/orj480/decd9199tw1e7vv7m6uyrj202s02sq2w.jpg", "like": false, "like_me": false, "badge": {"unread_pool": 1, "unread_pool_ext": 1, "dzwbqlx_2016": 1, "super_star_2017": 1, "user_name_certificate": 1, "earth_2019": 1, "hongrenjie_2019": 1, "dailv_2019": 1, "china_2019": 1, "hongkong_2019": 1, "gongjiri_2019": 1, "macao_2019": 1, "china_2019_2": 1, "hongbao_2020": 2, "weibozhiyexianxia_2021": 1}}, "pid": 4504247692426944, "pidstr": "4504247692426944", "reposts_count": 0, "comments_count": 0, "attitudes_count": 0, "pending_approval_count": 0, "isLongText": false, "reward_exhibition_type": 0, "hide_flag": 0, "mlevel": 0, "darwin_tags": [], "mblogtype": 0, "more_info_type": 0, "number_display_strategy": {"apply_scenario_flag": 3, "display_text_min_number": 1000000, "display_text": "100\u4e07+"}, "content_auth": 0, "repost_type": 1, "pic_num": 0, "alchemy_params": {"ug_red_envelope": false}, "raw_text": "//@\u5180\u7ffcbook://@\u82cf\u9759\u521dJassica: \u76f8\u6251\u9009\u624b\u5728\u9713\u8679\u5730\u4f4d\u5f88\u9ad8\u7684\u4e86\uff0c\u5c45\u7136\u90fd\u6ca1\u80fd\u68c0\u6d4b[\u6c57][\u6c57][\u6c57]//@\u6797\u6c34\u5996:\u6211\u7684\u5929", "bid": "J1MEvcOJA"}, {"visible": {"type": 0, "list_id": 0}, "created_at": "Wed May 13 22:26:12 +0800 2020", "id": "4504248425275165", "mid": "4504248425275165", "can_edit": false, "show_additional_indication": 0, "text": "//<a href='/n/\u5180\u7ffcbook'>@\u5180\u7ffcbook</a> ://<a href='/n/\u82cf\u9759\u521dJassica'>@\u82cf\u9759\u521dJassica</a> : \u76f8\u6251\u9009\u624b\u5728\u9713\u8679\u5730\u4f4d\u5f88\u9ad8\u7684\u4e86\uff0c\u5c45\u7136\u90fd\u6ca1\u80fd\u68c0\u6d4b<span class=\"url-icon\"><img alt=[\u6c57] src=\"https://h5.sinaimg.cn/m/emoticon/icon/default/d_han-d8ebda66d3.png\" style=\"width:1em; height:1em;\" /></span><span class=\"url-icon\"><img alt=[\u6c57] src=\"https://h5.sinaimg.cn/m/emoticon/icon/default/d_han-d8ebda66d3.png\" style=\"width:1em; height:1em;\" /></span><span class=\"url-icon\"><img alt=[\u6c57] src=\"https://h5.sinaimg.cn/m/emoticon/icon/default/d_han-d8ebda66d3.png\" style=\"width:1em; height:1em;\" /></span>//<a href='/n/\u6797\u6c34\u5996'>@\u6797\u6c34\u5996</a> :\u6211\u7684\u5929", "source": "\u5fae\u535a\u56fd\u9645\u7248", "favorited": false, "pic_ids": [], "pic_types": "", "is_paid": false, "mblog_vip_type": 0, "user": {"id": 7301853864, "screen_name": "\u691f\u83fd\u836b", "profile_image_url": "https://tvax1.sinaimg.cn/crop.0.0.1002.1002.180/007Y9PKwly8gnlycddqmdj30ru0ruwft.jpg?KID=imgbed,tva&Expires=1619178274&ssig=67jXQJ%2B2Y8", "profile_url": "https://m.weibo.cn/u/7301853864?uid=7301853864", "statuses_count": 46655, "verified": false, "verified_type": -1, "close_blue_v": false, "description": "\u53c8\u53cd\u52a8\u53c8\u9ec4\u8272\uff0c\u656c\u8bf7\u79fb\u6b65@\u6e0e\u6dd1\u6deb20210226 \ud83d\ude02", "gender": "m", "mbtype": 2, "urank": 0, "mbrank": 1, "follow_me": false, "following": false, "followers_count": 12234, "follow_count": 1476, "cover_image_phone": "https://tva1.sinaimg.cn/crop.0.0.640.640.640/549d0121tw1egm1kjly3jj20hs0hsq4f.jpg", "avatar_hd": "https://wx1.sinaimg.cn/orj480/007Y9PKwly8gnlycddqmdj30ru0ruwft.jpg", "like": false, "like_me": false, "badge": {"user_name_certificate": 1, "weibo_display_fans": 1, "relation_display": 1, "china_2019": 1, "hongkong_2019": 1, "gongjiri_2019": 1, "hongbao_2020": 3, "feiyan_2020": 1, "kangyi_2020": 1, "pc_new": 6, "dailv_2020": 1, "school_2020": 1, "china_2020": 1, "zjszgf_2020": 1, "hongbaofeifuniu_2021": 2, "hongbaofeijika_2021": 1, "nihaoshenghuojie_2021": 1}}, "pid": 4504247692426944, "pidstr": "4504247692426944", "reposts_count": 1, "comments_count": 0, "attitudes_count": 1, "pending_approval_count": 0, "isLongText": false, "reward_exhibition_type": 0, "hide_flag": 0, "mlevel": 0, "darwin_tags": [], "mblogtype": 0, "more_info_type": 0, "number_display_strategy": {"apply_scenario_flag": 3, "display_text_min_number": 1000000, "display_text": "100\u4e07+"}, "content_auth": 0, "repost_type": 1, "pic_num": 0, "alchemy_params": {"ug_red_envelope": false}, "raw_text": "//@\u5180\u7ffcbook ://@\u82cf\u9759\u521dJassica : \u76f8\u6251\u9009\u624b\u5728\u9713\u8679\u5730\u4f4d\u5f88\u9ad8\u7684\u4e86\uff0c\u5c45\u7136\u90fd\u6ca1\u80fd\u68c0\u6d4b[\u6c57][\u6c57][\u6c57]//@\u6797\u6c34\u5996 :\u6211\u7684\u5929", "bid": "J1Mwim8jj"}, {"visible": {"type": 0, "list_id": 0}, "created_at": "Wed May 13 22:23:17 +0800 2020", "id": "4504247692426944", "mid": "4504247692426944", "can_edit": false, "show_additional_indication": 0, "text": "//<a href='/n/\u82cf\u9759\u521dJassica'>@\u82cf\u9759\u521dJassica</a>: \u76f8\u6251\u9009\u624b\u5728\u9713\u8679\u5730\u4f4d\u5f88\u9ad8\u7684\u4e86\uff0c\u5c45\u7136\u90fd\u6ca1\u80fd\u68c0\u6d4b<span class=\"url-icon\"><img alt=[\u6c57] src=\"https://h5.sinaimg.cn/m/emoticon/icon/default/d_han-d8ebda66d3.png\" style=\"width:1em; height:1em;\" /></span><span class=\"url-icon\"><img alt=[\u6c57] src=\"https://h5.sinaimg.cn/m/emoticon/icon/default/d_han-d8ebda66d3.png\" style=\"width:1em; height:1em;\" /></span><span class=\"url-icon\"><img alt=[\u6c57] src=\"https://h5.sinaimg.cn/m/emoticon/icon/default/d_han-d8ebda66d3.png\" style=\"width:1em; height:1em;\" /></span>//<a href='/n/\u6797\u6c34\u5996'>@\u6797\u6c34\u5996</a>:\u6211\u7684\u5929", "source": "\u641c\u72d7\u9ad8\u901f\u6d4f\u89c8\u5668", "favorited": false, "pic_ids": [], "pic_types": "", "is_paid": false, "mblog_vip_type": 0, "user": {"id": 1829852597, "screen_name": "\u5180\u7ffcbook", "profile_image_url": "https://tva3.sinaimg.cn/crop.0.0.180.180.180/6d1155b5jw1e8qgp5bmzyj2050050aa8.jpg?KID=imgbed,tva&Expires=1619178274&ssig=oHhS5Jldro", "profile_url": "https://m.weibo.cn/u/1829852597?uid=1829852597", "statuses_count": 71409, "verified": false, "verified_type": -1, "close_blue_v": false, "description": "\u4e07\u4e8b\u5f00\u5751\u96be\uff0c\u53ef\u66f4\u96be\u7684\u662f\u628a\u5751\u586b\u4e0a(\u3065\uff61\u25d5\u203f\u203f\u25d5\uff61)\u3065", "gender": "m", "mbtype": 2, "urank": 41, "mbrank": 1, "follow_me": false, "following": false, "followers_count": 1127, "follow_count": 2132, "cover_image_phone": "https://tva1.sinaimg.cn/crop.0.0.640.640.640/549d0121tw1egm1kjly3jj20hs0hsq4f.jpg", "avatar_hd": "https://ww3.sinaimg.cn/orj480/6d1155b5jw1e8qgp5bmzyj2050050aa8.jpg", "like": false, "like_me": false, "badge": {"unread_pool": 1, "unread_pool_ext": 1, "dzwbqlx_2016": 1, "super_star_2017": 1, "user_name_certificate": 1, "wenchuan_10th": 1, "super_star_2018": 1, "worldcup_2018": 34, "dailv_2018": 1, "qixi_2018": 1, "double11_2018": 1, "hongbaofei_2019": 1, "denglong_2019": 1, "wusi_2019": 1, "hongrenjie_2019": 1, "china_2019": 1, "hongkong_2019": 1, "gongjiri_2019": 1, "dailv_2020": 1, "movie_2020": 1, "zjszgf_2020": 1}}, "pid": 4504172038476651, "pidstr": "4504172038476651", "reposts_count": 3, "comments_count": 0, "attitudes_count": 0, "pending_approval_count": 0, "isLongText": false, "reward_exhibition_type": 0, "hide_flag": 0, "mlevel": 0, "darwin_tags": [], "mblogtype": 0, "more_info_type": 0, "number_display_strategy": {"apply_scenario_flag": 3, "display_text_min_number": 1000000, "display_text": "100\u4e07+"}, "content_auth": 0, "repost_type": 1, "pic_num": 0, "alchemy_params": {"ug_red_envelope": false}, "raw_text": "//@\u82cf\u9759\u521dJassica: \u76f8\u6251\u9009\u624b\u5728\u9713\u8679\u5730\u4f4d\u5f88\u9ad8\u7684\u4e86\uff0c\u5c45\u7136\u90fd\u6ca1\u80fd\u68c0\u6d4b[\u6c57][\u6c57][\u6c57]//@\u6797\u6c34\u5996:\u6211\u7684\u5929", "bid": "J1Mv7abmg"}, {"visible": {"type": 0, "list_id": 0}, "created_at": "Wed May 13 18:16:24 +0800 2020", "id": "4504185566232525", "mid": "4504185566232525", "can_edit": false, "show_additional_indication": 0, "text": "\ud83d\ude4f<span class=\"url-icon\"><img alt=[\u9177] src=\"https://h5.sinaimg.cn/m/emoticon/icon/default/d_ku-774d16f5ce.png\" style=\"width:1em; height:1em;\" /></span>", "source": "HUAWEI Mate 9 Pro", "favorited": false, "pic_ids": [], "pic_types": "", "is_paid": false, "mblog_vip_type": 0, "user": {"id": 7091880039, "screen_name": "\u516d\u513f\u5988666", "profile_image_url": "https://tvax1.sinaimg.cn/crop.0.0.996.996.180/007JWNXVly8g7qbmer6yrj30ro0ro78j.jpg?KID=imgbed,tva&Expires=1619178274&ssig=vKjXcYxrvO", "profile_url": "https://m.weibo.cn/u/7091880039?uid=7091880039", "statuses_count": 2057, "verified": false, "verified_type": -1, "close_blue_v": false, "description": "\u771f\u2022\u5584\u2022\u7f8e\u2022\u5723", "gender": "f", "mbtype": 0, "urank": 9, "mbrank": 0, "follow_me": false, "following": false, "followers_count": 104, "follow_count": 764, "cover_image_phone": "https://tva1.sinaimg.cn/crop.0.0.640.640.640/549d0121tw1egm1kjly3jj20hs0hsq4f.jpg", "avatar_hd": "https://wx1.sinaimg.cn/orj480/007JWNXVly8g7qbmer6yrj30ro0ro78j.jpg", "like": false, "like_me": false, "badge": {"user_name_certificate": 1, "hongrenjie_2019": 1, "china_2019": 1, "hongkong_2019": 1, "rrgyj_2019": 1, "gongjiri_2019": 1, "hongbao_2020": 2}}, "reposts_count": 0, "comments_count": 0, "attitudes_count": 0, "pending_approval_count": 0, "isLongText": false, "reward_exhibition_type": 0, "hide_flag": 0, "mlevel": 0, "darwin_tags": [], "mblogtype": 0, "more_info_type": 0, "number_display_strategy": {"apply_scenario_flag": 3, "display_text_min_number": 1000000, "display_text": "100\u4e07+"}, "content_auth": 0, "repost_type": 1, "pic_num": 0, "alchemy_params": {"ug_red_envelope": false}, "raw_text": "\ud83d\ude4f[\u9177]", "bid": "J1KSUq9mB"}, {"visible": {"type": 0, "list_id": 0}, "created_at": "Wed May 13 18:01:50 +0800 2020", "id": "4504181895250911", "mid": "4504181895250911", "can_edit": false, "show_additional_indication": 0, "text": "\u8f6c\u53d1\u5fae\u535a", "source": "iPhone\u5ba2\u6237\u7aef", "favorited": false, "pic_ids": [], "pic_types": "", "is_paid": false, "mblog_vip_type": 0, "user": {"id": 2630904903, "screen_name": "\u4e0e\u65f6\u4ff1\u8fdb_9012", "profile_image_url": "https://tvax4.sinaimg.cn/crop.0.0.1010.1010.180/9cd06c47ly8geqpo64scuj20s20s2whd.jpg?KID=imgbed,tva&Expires=1619178274&ssig=aCe2YnroF6", "profile_url": "https://m.weibo.cn/u/2630904903?uid=2630904903", "statuses_count": 15406, "verified": false, "verified_type": -1, "close_blue_v": false, "description": "keep young", "gender": "m", "mbtype": 2, "urank": 44, "mbrank": 2, "follow_me": false, "following": false, "followers_count": 343, "follow_count": 875, "cover_image_phone": "https://tva1.sinaimg.cn/crop.0.0.640.640.640/549d0121tw1egm1kjly3jj20hs0hsq4f.jpg", "avatar_hd": "https://wx4.sinaimg.cn/orj480/9cd06c47ly8geqpo64scuj20s20s2whd.jpg", "like": false, "like_me": false, "badge": {"bind_taobao": 1, "unread_pool": 1, "unread_pool_ext": 1, "dzwbqlx_2016": 1, "super_star_2017": 1, "panda": 1, "user_name_certificate": 1, "suishoupai_2018": 8, "super_star_2018": 1, "worldcup_2018": 15, "dailv_2018": 5, "qixi_2018": 1, "national_day_2018": 1, "double11_2018": 1, "wbzy_2018": 1, "memorial_2018": 1, "hongbaofei_2019": 1, "suishoupai_2019": 1, "wusi_2019": 1, "hongrenjie_2019": 1, "china_2019": 1, "hongkong_2019": 1, "dzwbqlx_2019": 1, "cishan_2019": 1, "shuang11_2019": 1, "hongbao_2020": 2, "feiyan_2020": 1, "pc_new": 6, "dailv_2020": 1, "china_2020": 1, "zjszgf_2020": 1, "weibozhiye_2020": 1, "hongbaofeifuniu_2021": 1, "hongbaofeijika_2021": 1}}, "reposts_count": 0, "comments_count": 0, "attitudes_count": 0, "pending_approval_count": 0, "isLongText": false, "reward_exhibition_type": 0, "hide_flag": 0, "mlevel": 0, "darwin_tags": [], "mblogtype": 0, "more_info_type": 0, "number_display_strategy": {"apply_scenario_flag": 3, "display_text_min_number": 1000000, "display_text": "100\u4e07+"}, "content_auth": 0, "repost_type": 1, "pic_num": 0, "alchemy_params": {"ug_red_envelope": false}, "raw_text": "\u8f6c\u53d1\u5fae\u535a", "bid": "J1KMZm207"}, {"visible": {"type": 0, "list_id": 0}, "created_at": "Wed May 13 17:50:35 +0800 2020", "id": "4504179067980396", "mid": "4504179067980396", "can_edit": false, "show_additional_indication": 0, "text": "//<a href='/n/\u6797\u6c34\u5996'>@\u6797\u6c34\u5996</a>:\u6211\u7684\u5929", "source": "iPhone\u5ba2\u6237\u7aef", "favorited": false, "pic_ids": [], "pic_types": "", "is_paid": false, "mblog_vip_type": 0, "user": {"id": 2805491037, "screen_name": "\u653e\u4f60\u5a18\u72d7\u5c41", "profile_image_url": "https://tva3.sinaimg.cn/crop.0.0.180.180.180/a738655djw1e8qgp5bmzyj2050050aa8.jpg?KID=imgbed,tva&Expires=1619178274&ssig=ibF%2FCn7whU", "profile_url": "https://m.weibo.cn/u/2805491037?uid=2805491037", "statuses_count": 1956, "verified": false, "verified_type": -1, "close_blue_v": false, "description": "\u6c6a\u6c6a\u6211\u662f\u5c0f\u5b66\u72d7", "gender": "m", "mbtype": 0, "urank": 14, "mbrank": 0, "follow_me": false, "following": false, "followers_count": 71, "follow_count": 294, "cover_image_phone": "https://tva1.sinaimg.cn/crop.0.0.640.640.640/549d0121tw1egm1kjly3jj20hs0hsq4f.jpg", "avatar_hd": "https://ww3.sinaimg.cn/orj480/a738655djw1e8qgp5bmzyj2050050aa8.jpg", "like": false, "like_me": false, "badge": {"bind_taobao": 1, "unread_pool": 1, "unread_pool_ext": 1, "user_name_certificate": 1, "hongbaofei_2019": 1, "china_2019": 1, "gongjiri_2019": 1, "macao_2019": 1, "china_2019_2": 1, "hongbao_2020": 2, "feiyan_2020": 1, "vpick_2020": 1, "hongrenjie_2020": 1}}, "pid": 4504168855998060, "pidstr": "4504168855998060", "reposts_count": 0, "comments_count": 0, "attitudes_count": 0, "pending_approval_count": 0, "isLongText": false, "reward_exhibition_type": 0, "hide_flag": 0, "mlevel": 0, "darwin_tags": [], "mblogtype": 0, "more_info_type": 0, "number_display_strategy": {"apply_scenario_flag": 3, "display_text_min_number": 1000000, "display_text": "100\u4e07+"}, "content_auth": 0, "repost_type": 1, "pic_num": 0, "alchemy_params": {"ug_red_envelope": false}, "raw_text": "//@\u6797\u6c34\u5996:\u6211\u7684\u5929", "bid": "J1KIqxu44"}, {"visible": {"type": 0, "list_id": 0}, "created_at": "Wed May 13 17:43:35 +0800 2020", "id": "4504177302137669", "mid": "4504177302137669", "can_edit": false, "show_additional_indication": 0, "text": "\u65e5\u672c\u627e6\u5c0f\u6642\u5df2\u4e5f\u6c92\u91ab\u9662\u6536\uff0c\u73fe\u5c31\u62d6\u5e7e\u65e5\uff0c\u4f60\u6b7b\u5225\u62d6\u7d2f\u91ab\u9662\uff0c\u5509", "source": "\u5fae\u535a weibo.com", "favorited": false, "pic_ids": [], "pic_types": "", "is_paid": false, "mblog_vip_type": 0, "user": {"id": 2862720370, "screen_name": "meg\u770b\u5287\u904a\u6a02", "profile_image_url": "https://tva1.sinaimg.cn/crop.0.0.540.540.180/aaa1a572jw8en1xz8ium7j20f00f0jsz.jpg?KID=imgbed,tva&Expires=1619178274&ssig=aqNW8Ppaza", "profile_url": "https://m.weibo.cn/u/2862720370?uid=2862720370", "statuses_count": 21556, "verified": false, "verified_type": -1, "close_blue_v": false, "description": "\u5047\u88dd\u6b23\u8cde\u6f14\u6280\u52dd\u904e\u7f8e\u8272\uff0c\u5176\u5be6\u53ea\u6311\u4fca\u7537\u7f8e\u5973\u4f86\u770b", "gender": "m", "mbtype": 0, "urank": 26, "mbrank": 0, "follow_me": false, "following": false, "followers_count": 115, "follow_count": 247, "cover_image_phone": "https://tva2.sinaimg.cn/crop.0.0.640.640.640/a1d3feabjw1ecasunmkncj20hs0hsq4j.jpg", "avatar_hd": "https://ww1.sinaimg.cn/orj480/aaa1a572jw8en1xz8ium7j20f00f0jsz.jpg", "like": false, "like_me": false, "badge": {"unread_pool": 1, "unread_pool_ext": 1, "dzwbqlx_2016": 1, "travel_2017": 1, "suishoupai_2018": 1, "dailv_2018": 1, "hongrenjie_2019": 1, "dailv_2019": 1, "dzwbqlx_2019": 1, "hongbao_2020": 2, "feiyan_2020": 1, "dailv_2020": 1}}, "reposts_count": 0, "comments_count": 0, "attitudes_count": 0, "pending_approval_count": 0, "isLongText": false, "reward_exhibition_type": 0, "hide_flag": 0, "mlevel": 0, "darwin_tags": [], "mblogtype": 0, "more_info_type": 0, "number_display_strategy": {"apply_scenario_flag": 3, "display_text_min_number": 1000000, "display_text": "100\u4e07+"}, "content_auth": 0, "safe_tags": 64, "repost_type": 1, "pic_num": 0, "alchemy_params": {"ug_red_envelope": false}, "raw_text": "\u65e5\u672c\u627e6\u5c0f\u6642\u5df2\u4e5f\u6c92\u91ab\u9662\u6536\uff0c\u73fe\u5c31\u62d6\u5e7e\u65e5\uff0c\u4f60\u6b7b\u5225\u62d6\u7d2f\u91ab\u9662\uff0c\u5509", "bid": "J1KFA8Y6x"}, {"visible": {"type": 0, "list_id": 0}, "created_at": "Wed May 13 17:39:44 +0800 2020", "id": "4504176337642407", "mid": "4504176337642407", "can_edit": false, "show_additional_indication": 0, "text": "\u6211\u5012\u89c9\u5f97\u8fd9\u4eba\u7fa4\u6781\u5ea6\u81ea\u4fe1\uff0c\u4e0d\u5c51\u9632\u75ab\u5427//<a href='/n/\u82cf\u9759\u521dJassica'>@\u82cf\u9759\u521dJassica</a>:\u76f8\u6251\u9009\u624b\u5728\u9713\u8679\u5730\u4f4d\u5f88\u9ad8\u7684\u4e86\uff0c\u5c45\u7136\u90fd\u6ca1\u80fd\u68c0\u6d4b<span class=\"url-icon\"><img alt=[\u6c57] src=\"https://h5.sinaimg.cn/m/emoticon/icon/default/d_han-d8ebda66d3.png\" style=\"width:1em; height:1em;\" /></span><span class=\"url-icon\"><img alt=[\u6c57] src=\"https://h5.sinaimg.cn/m/emoticon/icon/default/d_han-d8ebda66d3.png\" style=\"width:1em; height:1em;\" /></span><span class=\"url-icon\"><img alt=[\u6c57] src=\"https://h5.sinaimg.cn/m/emoticon/icon/default/d_han-d8ebda66d3.png\" style=\"width:1em; height:1em;\" /></span>//<a href='/n/\u6797\u6c34\u5996'>@\u6797\u6c34\u5996</a>:\u6211\u7684\u5929", "source": "HUAWEI nova 2 Plus", "favorited": false, "pic_ids": [], "pic_types": "", "is_paid": false, "mblog_vip_type": 0, "user": {"id": 2090881540, "screen_name": "\u90a3\u5929\u6930\u83dc\u82b1-FullGear", "profile_image_url": "https://tvax4.sinaimg.cn/crop.0.0.100.100.180/7ca05204ly8gbmtuwlkyoj202s02sweq.jpg?KID=imgbed,tva&Expires=1619178276&ssig=P8wc4MujgB", "profile_url": "https://m.weibo.cn/u/2090881540?uid=2090881540", "statuses_count": 17137, "verified": false, "verified_type": -1, "close_blue_v": false, "description": "\u3057\u305a\u304b\u3055\u3093\uff20\u304c\u3093\u3070\u3089\u306a\u3044\uff5e\uff01", "gender": "m", "mbtype": 0, "urank": 9, "mbrank": 0, "follow_me": false, "following": false, "followers_count": 470, "follow_count": 570, "cover_image_phone": "https://tva1.sinaimg.cn/crop.0.0.640.640.640/549d0121tw1egm1kjly3jj20hs0hsq4f.jpg", "avatar_hd": "https://wx4.sinaimg.cn/orj480/7ca05204ly8gbmtuwlkyoj202s02sweq.jpg", "like": false, "like_me": false, "badge": {"bind_taobao": 1, "unread_pool": 1, "fools_day_2016": 1, "unread_pool_ext": 1, "dzwbqlx_2016": 1, "user_name_certificate": 1, "suishoupai_2018": 8, "super_star_2018": 1, "wenda_v2": 1, "dailv_2018": 1, "qixi_2018": 1, "suishoupai_2019": 3, "china_2019": 1, "hongkong_2019": 1, "starlight_2019": 1, "hongbao_2020": 2, "feiyan_2020": 1, "daka_2020": 1, "pc_new": 7, "movie_2020": 1, "school_2020": 1, "hongrenjie_2020": 1, "weibozhiye_2020": 1, "hongbaofeifuniu_2021": 1, "hongbaofeijika_2021": 1, "lvzhilingyang_2021": 1}}, "pid": 4504172038476651, "pidstr": "4504172038476651", "reposts_count": 0, "comments_count": 0, "attitudes_count": 0, "pending_approval_count": 0, "isLongText": false, "reward_exhibition_type": 0, "hide_flag": 0, "mlevel": 0, "darwin_tags": [], "mblogtype": 0, "more_info_type": 0, "number_display_strategy": {"apply_scenario_flag": 3, "display_text_min_number": 1000000, "display_text": "100\u4e07+"}, "content_auth": 0, "repost_type": 1, "pic_num": 0, "alchemy_params": {"ug_red_envelope": false}, "raw_text": "\u6211\u5012\u89c9\u5f97\u8fd9\u4eba\u7fa4\u6781\u5ea6\u81ea\u4fe1\uff0c\u4e0d\u5c51\u9632\u75ab\u5427//@\u82cf\u9759\u521dJassica:\u76f8\u6251\u9009\u624b\u5728\u9713\u8679\u5730\u4f4d\u5f88\u9ad8\u7684\u4e86\uff0c\u5c45\u7136\u90fd\u6ca1\u80fd\u68c0\u6d4b[\u6c57][\u6c57][\u6c57]//@\u6797\u6c34\u5996:\u6211\u7684\u5929", "bid": "J1KE1w48D"}, {"visible": {"type": 0, "list_id": 0}, "created_at": "Wed May 13 17:30:32 +0800 2020", "id": "4504174018608576", "mid": "4504174018608576", "can_edit": false, "show_additional_indication": 0, "text": "\u8f6c\u53d1\u5fae\u535a", "source": "HUAWEI P20", "favorited": false, "pic_ids": [], "pic_types": "", "is_paid": false, "mblog_vip_type": 0, "user": {"id": 6658090421, "screen_name": "\u52aa\u529b\u7684\u666e\u62c9\u591a", "profile_image_url": "https://tvax1.sinaimg.cn/crop.0.0.996.996.180/007gAFtbly8gnqa89wdudj30ro0rodir.jpg?KID=imgbed,tva&Expires=1619178276&ssig=pz11hEBJOC", "profile_url": "https://m.weibo.cn/u/6658090421?uid=6658090421", "statuses_count": 3273, "verified": false, "verified_type": -1, "close_blue_v": false, "description": "\u59cb\u4e8e\u5fd7\u8da3\uff0c\u5408\u4e8e\u4e09\u89c2\uff0c\u656c\u4e8e\u4eba\u54c1\uff0c\u4e45\u4e8e\u5c81\u6708", "gender": "f", "mbtype": 0, "urank": 4, "mbrank": 0, "follow_me": false, "following": false, "followers_count": 138, "follow_count": 334, "cover_image_phone": "https://tva1.sinaimg.cn/crop.0.0.640.640.640/549d0121tw1egm1kjly3jj20hs0hsq4f.jpg", "avatar_hd": "https://wx1.sinaimg.cn/orj480/007gAFtbly8gnqa89wdudj30ro0rodir.jpg", "like": false, "like_me": false, "badge": {"user_name_certificate": 1, "wenda_v2": 1, "hongrenjie_2019": 1, "china_2019": 1, "hongkong_2019": 1, "gongjiri_2019": 1, "macao_2019": 1, "china_2019_2": 1, "hongbao_2020": 2, "feiyan_2020": 1, "dailv_2020": 1, "school_2020": 1, "hongrenjie_2020": 1, "china_2020": 1, "zjszgf_2020": 1, "hongbaofeifuniu_2021": 1, "hongbaofeijika_2021": 1}}, "reposts_count": 0, "comments_count": 0, "attitudes_count": 0, "pending_approval_count": 0, "isLongText": false, "reward_exhibition_type": 0, "hide_flag": 0, "mlevel": 0, "darwin_tags": [], "mblogtype": 0, "more_info_type": 0, "number_display_strategy": {"apply_scenario_flag": 3, "display_text_min_number": 1000000, "display_text": "100\u4e07+"}, "content_auth": 0, "repost_type": 1, "pic_num": 0, "alchemy_params": {"ug_red_envelope": false}, "raw_text": "\u8f6c\u53d1\u5fae\u535a", "bid": "J1KAhA7u0"}, {"visible": {"type": 0, "list_id": 0}, "created_at": "Wed May 13 17:17:59 +0800 2020", "id": "4504170860655994", "mid": "4504170860655994", "can_edit": false, "show_additional_indication": 0, "text": "\u5509//<a href='/n/\u6797\u6c34\u5996'>@\u6797\u6c34\u5996</a>: \u6211\u7684\u5929", "source": "\u5fae\u535a weibo.com", "favorited": false, "pic_ids": [], "pic_types": "", "is_paid": false, "mblog_vip_type": 0, "user": {"id": 2313388435, "screen_name": "\u57fa\u60c5\u8349\u5c65\u866b", "profile_image_url": "https://tvax2.sinaimg.cn/crop.0.0.512.512.180/89e38193ly8gbonlt9tlxj20e80e8ae2.jpg?KID=imgbed,tva&Expires=1619178276&ssig=z46BrkJXCI", "profile_url": "https://m.weibo.cn/u/2313388435?uid=2313388435", "statuses_count": 9095, "verified": false, "verified_type": -1, "close_blue_v": false, "description": "I learned everyone dies alone.", "gender": "m", "mbtype": 12, "urank": 41, "mbrank": 6, "follow_me": false, "following": false, "followers_count": 337, "follow_count": 664, "cover_image_phone": "https://wx1.sinaimg.cn/crop.0.0.640.640.640/89e38193ly1fk5uivw37ej20u00u0ncw.jpg", "avatar_hd": "https://wx2.sinaimg.cn/orj480/89e38193ly8gbonlt9tlxj20e80e8ae2.jpg", "like": false, "like_me": false, "badge": {"unread_pool": 1, "unread_pool_ext": 1, "user_name_certificate": 1, "wenchuan_10th": 1, "worldcup_2018": 34, "qixi_2018": 1, "double11_2018": 1, "memorial_2018": 1, "hongbaofei_2019": 1, "earth_2019": 1, "hongrenjie_2019": 1, "china_2019": 1, "hongkong_2019": 1, "rrgyj_2019": 1, "shuang11_2019": 1, "hongbao_2020": 2, "feiyan_2020": 1, "dailv_2020": 1, "hongbaofeifuniu_2021": 1}}, "pid": 4504168855998060, "pidstr": "4504168855998060", "reposts_count": 0, "comments_count": 0, "attitudes_count": 0, "pending_approval_count": 0, "isLongText": false, "reward_exhibition_type": 0, "hide_flag": 0, "mlevel": 0, "darwin_tags": [], "mblogtype": 0, "more_info_type": 0, "number_display_strategy": {"apply_scenario_flag": 3, "display_text_min_number": 1000000, "display_text": "100\u4e07+"}, "content_auth": 0, "repost_type": 1, "pic_num": 0, "alchemy_params": {"ug_red_envelope": false}, "raw_text": "\u5509//@\u6797\u6c34\u5996: \u6211\u7684\u5929", "bid": "J1Kvc2KEy"}, {"visible": {"type": 0, "list_id": 0}, "created_at": "Wed May 13 17:09:14 +0800 2020", "id": "4504168657742014", "mid": "4504168657742014", "can_edit": false, "show_additional_indication": 0, "text": "\u8f6c\u53d1\u5fae\u535a", "source": "nova4\u81ea\u62cd\u6781\u70b9\u5168\u9762\u5c4f", "favorited": false, "pic_ids": [], "pic_types": "", "is_paid": false, "mblog_vip_type": 0, "user": {"id": 1935245102, "screen_name": "\u7cd6\u7cd6\u918b\u918b\u5c0f\u6392\u9aa8", "profile_image_url": "https://tva1.sinaimg.cn/crop.0.0.996.996.180/73597f2ejw8f31stnaqrlj20ro0rp0ux.jpg?KID=imgbed,tva&Expires=1619178276&ssig=ADbdYllwc6", "profile_url": "https://m.weibo.cn/u/1935245102?uid=1935245102", "statuses_count": 41838, "verified": false, "verified_type": 220, "close_blue_v": false, "description": "", "gender": "m", "mbtype": 0, "urank": 44, "mbrank": 0, "follow_me": false, "following": false, "followers_count": 1057, "follow_count": 944, "cover_image_phone": "https://tva1.sinaimg.cn/crop.0.0.640.640.640/549d0121tw1egm1kjly3jj20hs0hsq4f.jpg", "avatar_hd": "https://ww1.sinaimg.cn/orj480/73597f2ejw8f31stnaqrlj20ro0rp0ux.jpg", "like": false, "like_me": false, "badge": {"dailv": 1, "unread_pool": 1, "unread_pool_ext": 1, "dzwbqlx_2016": 1, "travel_2017": 1, "user_name_certificate": 1, "wenda_v2": 1, "qixi_2018": 1, "hongbaofei_2019": 1, "hongrenjie_2019": 1, "china_2019": 1, "hongkong_2019": 1, "wbzy_2019": 1, "hongbao_2020": 2, "feiyan_2020": 1, "graduation_2020": 1, "dailv_2020": 1, "school_2020": 1, "hongrenjie_2020": 1}}, "reposts_count": 0, "comments_count": 0, "attitudes_count": 0, "pending_approval_count": 0, "isLongText": false, "reward_exhibition_type": 0, "hide_flag": 0, "mlevel": 0, "darwin_tags": [], "mblogtype": 0, "more_info_type": 0, "number_display_strategy": {"apply_scenario_flag": 3, "display_text_min_number": 1000000, "display_text": "100\u4e07+"}, "content_auth": 0, "repost_type": 1, "pic_num": 0, "alchemy_params": {"ug_red_envelope": false}, "raw_text": "\u8f6c\u53d1\u5fae\u535a", "bid": "J1KrDwu3c"}]