[{"id": 4592876443140953, "created_at": "01-13", "source": "", "user": {"id": 6032230405, "screen_name": "\u5b89\u4e4bby_", "profile_image_url": "https://tvax3.sinaimg.cn/crop.0.0.996.996.180/006AeCGNly8fdmklkekuyj30ro0ro40m.jpg?KID=imgbed,tva&Expires=1619216401&ssig=nEI9H1IibT", "verified": false, "verified_type": -1, "followers_count": 100, "mbtype": 0, "profile_url": "https://m.weibo.cn/u/6032230405?uid=6032230405", "remark": "", "following": false, "follow_me": false}, "text": "<a href='https://m.weibo.cn/n/\u820a\u5df7\u5b50\u88cf\u7684\u6162'>@\u820a\u5df7\u5b50\u88cf\u7684\u6162</a>", "like_counts": 0, "liked": false}, {"id": 4586061428435813, "created_at": "2020-12-25", "source": "", "user": {"id": 1441097360, "screen_name": "\u665e\u5982sisley", "profile_image_url": "https://tvax3.sinaimg.cn/crop.0.0.996.996.180/55e56690ly8gl1rq0fki5j20ro0rowex.jpg?KID=imgbed,tva&Expires=1619216401&ssig=E3Wn4ue367", "verified": false, "verified_type": -1, "followers_count": 143, "mbtype": 0, "profile_url": "https://m.weibo.cn/u/1441097360?uid=1441097360", "remark": "", "following": false, "follow_me": false}, "text": "\u56de\u590d<a href='https://m.weibo.cn/n/\u51b7\u65f6\u5149\u5012\u6d41'>@\u51b7\u65f6\u5149\u5012\u6d41</a>:\u77e5\u96be\u800c\u9000\uff1f\u6211\u66f4\u62c5\u5fc3\u91ce\u86ee\u6587\u660e\u627e\u4e0d\u5230\u5de5\u4f5c\uff0c\u5f15\u8d77\u793e\u4f1a\u6cbb\u5b89\u95ee\u9898\uff0c\u4e0d\u662f\u672c\u90a6\uff0c\u4ed6\u4eec\u4e0d\u4f1a\u70ed\u7231\u8fd9\u4e2a\u56fd\u5bb6", "reply_id": 4493635498253720, "reply_text": "\u4e0d\u7ed9\u5c31\u4e1a\u673a\u4f1a\uff0c\u6240\u6709\u6709\u5173\u4e8b\u4e1a\u5355\u4f4d\u6ca1\u6709\u8bc1\u4ef6\u4e0d\u80fd\u4e0a\u5c97\uff0c\u8ba9\u4ed6\u4eec\u77e5\u96be\u800c\u9000", "like_counts": 2, "liked": false}, {"id": 4493955632718055, "created_at": "2020-04-15", "source": "", "user": {"id": 2284689512, "screen_name": "\u8eab\u6000\u7edd\u4e16\u6b66\u529f\u7684\u5154\u5b50", "profile_image_url": "https://tva3.sinaimg.cn/crop.0.0.751.751.180/882d9868jw8f0cth2b0ztj20kv0kvq4j.jpg?KID=imgbed,tva&Expires=1619216401&ssig=TPNkkpwD08", "verified": false, "verified_type": -1, "followers_count": 96, "mbtype": 2, "profile_url": "https://m.weibo.cn/u/2284689512?uid=2284689512", "remark": "", "following": false, "follow_me": false}, "text": "\u56de\u590d<a href='https://m.weibo.cn/n/viven\u7ef4\u7ef4\u7ef4'>@viven\u7ef4\u7ef4\u7ef4</a>:\u4ed6\u4e0d\u544a\u8bc9\u4ed6\u662f\u54ea\u91cc\u4eba\uff0c\u4f60\u9001\u4ed6\u53bb\u54ea\u91cc\u554a\u8fd8\u6709\u522b\u4eba\u4f1a\u8bf4\u4e2d\u56fd\u4e0d\u6536\u7559\u96be\u6c11\u554a\uff0c\u4ec0\u4e48\u4ec0\u4e48\u4ec0\u4e48\u7684\uff0c\u9053\u5fb7\u8c34\u8d23\u4e4b\u7c7b\u7684\u3002", "reply_id": 4493679848691630, "reply_text": "\u56de\u590d<a href='https://m.weibo.cn/n/\u8eab\u6000\u7edd\u4e16\u6b66\u529f\u7684\u5154\u5b50'>@\u8eab\u6000\u7edd\u4e16\u6b66\u529f\u7684\u5154\u5b50</a>:\u5bf9\uff0c\u6211\u5c31\u662f\u4e0d\u592a\u61c2\u8fd9\u91cc\uff0c\u5c31\u662f\u5982\u679c\u4ed6\u6495\u4e86\u62a4\u7167\uff0c\u90a3\u4ed6\u5c31\u662f\u6ca1\u6709\u8eab\u4efd\u7684\u9ed1\u6237\uff0c\u8fd9\u79cd\u4eba\u4e0d\u80fd\u76f4\u63a5\u6309\u7167\u975e\u6cd5\u5077\u6e21\u9063\u8fd4\u5417\uff1f", "like_counts": 0, "liked": false}, {"id": 4493924737998181, "created_at": "2020-04-15", "source": "", "user": {"id": 1101645684, "screen_name": "\u4e00\u9053\u560e\u5c71\u6e56", "profile_image_url": "https://tvax2.sinaimg.cn/crop.0.0.896.896.180/41a9c774ly8gdfqe7gdqnj20ow0ow0vk.jpg?KID=imgbed,tva&Expires=1619216401&ssig=wstlJPY2IV", "verified": false, "verified_type": -1, "followers_count": 7, "mbtype": 0, "profile_url": "https://m.weibo.cn/u/1101645684?uid=1101645684", "remark": "", "following": false, "follow_me": false}, "text": "\u56de\u590d<a href='https://m.weibo.cn/n/viven\u7ef4\u7ef4\u7ef4'>@viven\u7ef4\u7ef4\u7ef4</a>:\u5047\u8bbe\uff0c\u6d3e\u4f60\u53bb\u5bf9\u4ed8\u86ee\u6a2a\u65e0\u7406\u7684\u4eba\uff0c\u4f60\u4e0d\u60f3\u62a5\u8b66\u4e5f\u4e0d\u613f\u610f\u6b66\u529b\u89e3\u51b3\uff0c\u4e0d\u80fd\u82b1\u94b1\u6216\u8005\u5c11\u82b1\u94b1\u6700\u597d\u4f4e\u8c03\u5904\u7406\u4e0d\u80fd\u516c\u5f00\uff0c\u4f60\u80fd\u7528\u4ec0\u4e48\u529e\u6cd5\uff1f\u6765\uff0c\u60f3\u60f3\uff1f", "reply_id": 4493760748580675, "reply_text": "\u56de\u590d<a href='https://m.weibo.cn/n/\u4e00\u9053\u560e\u5c71\u6e56'>@\u4e00\u9053\u560e\u5c71\u6e56</a>:\u77e5\u9053\u662f\u77e5\u9053\u53ef\u80fd\u4f1a\u6709\u8fd9\u79cd\u60c5\u51b5\uff0c\u6211\u662f\u5728\u60f3\u6211\u4eec\u56fd\u5bb6\u5c31\u5bf9\u8fd9\u79cd\u975e\u6cd5\u79fb\u6c11\u6ede\u7559\u7684\u4eba\u6ca1\u6709\u529e\u6cd5\u5417\uff1f", "like_counts": 0, "liked": false}, {"id": 4493876758810248, "created_at": "2020-04-15", "source": "", "user": {"id": 3567068205, "screen_name": "Min\u5440\u54bf\u5440\u54df", "profile_image_url": "https://tvax4.sinaimg.cn/crop.0.0.996.996.180/d49d242dly8go4fjvfotbj20ro0ro0wh.jpg?KID=imgbed,tva&Expires=1619216401&ssig=07%2F4LRU4a3", "verified": false, "verified_type": -1, "followers_count": 78, "mbtype": 11, "profile_url": "https://m.weibo.cn/u/3567068205?uid=3567068205", "remark": "", "following": false, "follow_me": false}, "text": "<a href='https://m.weibo.cn/n/\u75af\u725b\u5251\u5ba2-\u6b66\u658c'>@\u75af\u725b\u5251\u5ba2-\u6b66\u658c</a>", "like_counts": 0, "liked": false}, {"id": 4493760748580675, "created_at": "2020-04-14", "source": "", "user": {"id": 5597123473, "screen_name": "viven\u7ef4\u7ef4\u7ef4", "profile_image_url": "https://tvax3.sinaimg.cn/crop.0.0.512.512.180/0066MXv3ly8g31se1j6qrj30e80e8aae.jpg?KID=imgbed,tva&Expires=1619216401&ssig=AF0quYTppC", "verified": false, "verified_type": -1, "followers_count": 98, "mbtype": 0, "profile_url": "https://m.weibo.cn/u/5597123473?uid=5597123473", "remark": "", "following": false, "follow_me": false}, "text": "\u56de\u590d<a href='https://m.weibo.cn/n/\u4e00\u9053\u560e\u5c71\u6e56'>@\u4e00\u9053\u560e\u5c71\u6e56</a>:\u77e5\u9053\u662f\u77e5\u9053\u53ef\u80fd\u4f1a\u6709\u8fd9\u79cd\u60c5\u51b5\uff0c\u6211\u662f\u5728\u60f3\u6211\u4eec\u56fd\u5bb6\u5c31\u5bf9\u8fd9\u79cd\u975e\u6cd5\u79fb\u6c11\u6ede\u7559\u7684\u4eba\u6ca1\u6709\u529e\u6cd5\u5417\uff1f", "reply_id": 4493750094748449, "reply_text": "\u56de\u590d<a href='https://m.weibo.cn/n/viven\u7ef4\u7ef4\u7ef4'>@viven\u7ef4\u7ef4\u7ef4</a>:\u56de\u53bb\u529e\u597d\u62a4\u7167\uff0c\u6765\u4e2d\u56fd\u51fa\u4e86\u5173\u5c31\u628a\u62a4\u7167\u6bc1\u4e86\uff0c\u8b66\u5bdf\u518d\u902e\u5230\u4ed6\u65f6\uff0c\u4ed6\u6ca1\u62a4\u7167\u5c31\u53d8\u9ed1\u6237\u4e86\uff0c\u60f3\u9063\u9001\u5c31\u6ca1\u5730\u65b9\u9063\uff01\u8fd9\u90fd\u4e0d\u61c2\uff01", "like_counts": 0, "liked": false}, {"id": 4493751244543877, "created_at": "2020-04-14", "source": "", "user": {"id": 1614453075, "screen_name": "\u6e29\u60c5\u673a\u68b0\u5e08x", "profile_image_url": "https://tvax4.sinaimg.cn/crop.0.0.512.512.180/603a9953ly8ggym2kfx0hj20e80e8t9p.jpg?KID=imgbed,tva&Expires=1619216401&ssig=b6p%2BZxE3yb", "verified": false, "verified_type": -1, "followers_count": 343, "mbtype": 0, "profile_url": "https://m.weibo.cn/u/1614453075?uid=1614453075", "remark": "", "following": false, "follow_me": false}, "text": "\u5b66\u7f8e\u56fd\u554a\uff01\u6ca1\u8eab\u4efd\u7684\u5168\u90e8\u6293\u8d77\u6765\u5173\u4f4f\uff0c\u5173\u5230\u53d7\u4e0d\u4e86\u4e86\u81ea\u5df1\u8981\u56de\u53bb\u518d\u56de\u53bb", "like_counts": 2, "liked": false}, {"id": 4493750094748449, "created_at": "2020-04-14", "source": "", "user": {"id": 1101645684, "screen_name": "\u4e00\u9053\u560e\u5c71\u6e56", "profile_image_url": "https://tvax2.sinaimg.cn/crop.0.0.896.896.180/41a9c774ly8gdfqe7gdqnj20ow0ow0vk.jpg?KID=imgbed,tva&Expires=1619216401&ssig=wstlJPY2IV", "verified": false, "verified_type": -1, "followers_count": 7, "mbtype": 0, "profile_url": "https://m.weibo.cn/u/1101645684?uid=1101645684", "remark": "", "following": false, "follow_me": false}, "text": "\u56de\u590d<a href='https://m.weibo.cn/n/viven\u7ef4\u7ef4\u7ef4'>@viven\u7ef4\u7ef4\u7ef4</a>:\u56de\u53bb\u529e\u597d\u62a4\u7167\uff0c\u6765\u4e2d\u56fd\u51fa\u4e86\u5173\u5c31\u628a\u62a4\u7167\u6bc1\u4e86\uff0c\u8b66\u5bdf\u518d\u902e\u5230\u4ed6\u65f6\uff0c\u4ed6\u6ca1\u62a4\u7167\u5c31\u53d8\u9ed1\u6237\u4e86\uff0c\u60f3\u9063\u9001\u5c31\u6ca1\u5730\u65b9\u9063\uff01\u8fd9\u90fd\u4e0d\u61c2\uff01", "reply_id": 4493629248811504, "reply_text": "\u56de\u590d<a href='https://m.weibo.cn/n/\u5f71\u6c89\u6eaa'>@\u5f71\u6c89\u6eaa</a>:\u9001\u8d70\u4e86\u4ed6\u4eec\u53c8\u56de\u6765\u600e\u4e48\u529e\uff0c\u6211\u6709\u70b9\u4e0d\u660e\u767d\uff0c\u975e\u6cd5\u7684\uff0c\u662f\u600e\u4e48\u5165\u5883\u7684\uff1f\u5728\u5c3c\u65e5\u5229\u4e9a\u4e0a\u98de\u673a\u4e0d\u4e5f\u9700\u8981\u62a4\u7167\u5417", "like_counts": 0, "liked": false}, {"id": 4493738304537117, "created_at": "2020-04-14", "source": "", "user": {"id": 1444143982, "screen_name": "Zlxtqb", "profile_image_url": "https://tva3.sinaimg.cn/crop.0.0.512.512.180/5613e36ejw8etrpt8xjxkj20e80e8js0.jpg?KID=imgbed,tva&Expires=1619216401&ssig=XCpDumALqp", "verified": false, "verified_type": -1, "followers_count": 61, "mbtype": 0, "profile_url": "https://m.weibo.cn/u/1444143982?uid=1444143982", "remark": "", "following": false, "follow_me": false}, "text": "\u975e\u6cd5\u5c45\u7559\u7684\uff0c\u51fa\u79df\u623f\u4e3b\u9152\u5e97\u8d1f\u6cd5\u5f8b\u8d23\u4efb", "like_counts": 1, "liked": false}, {"id": 4493729908102686, "created_at": "2020-04-14", "source": "", "user": {"id": 2087324055, "screen_name": "\u5411t\u65e5l\u8475g", "profile_image_url": "https://tvax1.sinaimg.cn/crop.0.0.750.750.180/7c6a0997ly8gdq8tt70lmj20ku0kuwfn.jpg?KID=imgbed,tva&Expires=1619216401&ssig=a%2BF%2BujzpsJ", "verified": false, "verified_type": -1, "followers_count": 192, "mbtype": 0, "profile_url": "https://m.weibo.cn/u/2087324055?uid=2087324055", "remark": "", "following": false, "follow_me": false}, "text": "\u8fd9\u7b97\u662f\u6562\u8bb2\u7684\u90a3\u7c7b\u4e86", "like_counts": 3, "liked": false}, {"id": 4493720332203265, "created_at": "2020-04-14", "source": "", "user": {"id": 2414409955, "screen_name": "\u4e91\u6765\u4e91\u5f52", "profile_image_url": "https://tvax1.sinaimg.cn/default/images/default_avatar_male_180.gif?KID=imgbed,tva&Expires=1619216413&ssig=xZxSRdMD0t", "verified": false, "verified_type": -1, "followers_count": 27, "mbtype": 0, "profile_url": "https://m.weibo.cn/u/2414409955?uid=2414409955", "remark": "", "following": false, "follow_me": false}, "text": "\u8ba9\u6240\u6709\u975e\u6cd5\u7684\u4eba\u5728\u4e2d\u56fd\u5bf8\u6b65\u96be\u884c\uff0c\u533b\u9662\u9152\u5e97\u623f\u4e3b\u5927\u5c0f\u516c\u53f8\u7269\u4e1a\u5b66\u6821\u4e25\u683c\u6267\u884c\u56fd\u5bb6\u7684\u6cd5\u5f8b\uff0c\u4e25\u67e5\u6709\u6548\u8bc1\u4ef6\uff0c\u6ca1\u6709\u7684\u8fc7\u671f\u7684\uff5e\u62a5\u8b66\uff0c\u5173\u4e4e\u56fd\u5bb6\u5b89\u5168\uff0c\u4e00\u5b9a\u4e0d\u80fd\u7a9d\u85cf\u3002\u5916\u56fd\u4eba\u5f00\u7684\u516c\u53f8\u8981\u6709\u653f\u5e9c\u90e8\u95e8\u4e25\u67e5\u5e38\u67e5\u62bd\u67e5\uff0c\u4e25\u9632\u7a9d\u85cf\u975e\u6cd5\u4eba\u5458\uff0c\u67e5\u4e00\u4e2a\u529e\u4e00\u4e2a\uff0c\u505a\u51fa\u793a\u8303\u4ee5\u5106\u6548\u5c24\u3002", "like_counts": 0, "liked": false}, {"id": 4493685192592822, "created_at": "2020-04-14", "source": "", "user": {"id": 5326915288, "screen_name": "\u4e0d\u89c1\u72ec\u914c", "profile_image_url": "https://tvax2.sinaimg.cn/crop.0.0.1002.1002.180/005Ovc0wly8g6m2or9wplj30ru0ruabd.jpg?KID=imgbed,tva&Expires=1619216413&ssig=rcTiCXQCzi", "verified": false, "verified_type": -1, "followers_count": 57, "mbtype": 0, "profile_url": "https://m.weibo.cn/u/5326915288?uid=5326915288", "remark": "", "following": false, "follow_me": false}, "text": "\u56de\u590d<a href='https://m.weibo.cn/n/\u7e41\u534e\u82e5\u68a6wei'>@\u7e41\u534e\u82e5\u68a6wei</a>:\u641e\u7b11\uff01\u4f60\u770b\u7684\uff0c\u542c\u7684\u90a3\u4e9b\u4eba\u6709\u591a\u5c11\u662f\u6b63\u771f\u53bb\u8fc7\u5e7f\u5dde\u7684\uff1f\u542c\u98ce\u5c31\u662f\u96e8", "reply_id": 4493677818679562, "reply_text": "\u56de\u590d<a href='https://m.weibo.cn/n/\u4e0d\u89c1\u72ec\u914c'>@\u4e0d\u89c1\u72ec\u914c</a>:\u6211\u770b\u5927\u5bb6\u90fd\u5728\u8bf4\u5e7f\u5dde\u975e\u6cd5\u79fb\u6c11\u592a\u591a\u5b89\u5168\u9690\u60a3\u7279\u522b\u4e25\u91cd\uff01\u4f60\u89c9\u5f97\u8fd9\u4e48\u5b89\u5168\u9ed1\u4eba\u90fd\u4f60\u5bb6\u4eb2\u621a\u5427\uff01", "like_counts": 0, "liked": false}, {"id": 4493684764209563, "created_at": "2020-04-14", "source": "", "user": {"id": 5597123473, "screen_name": "viven\u7ef4\u7ef4\u7ef4", "profile_image_url": "https://tvax3.sinaimg.cn/crop.0.0.512.512.180/0066MXv3ly8g31se1j6qrj30e80e8aae.jpg?KID=imgbed,tva&Expires=1619216413&ssig=%2FnfRUXHJZT", "verified": false, "verified_type": -1, "followers_count": 98, "mbtype": 0, "profile_url": "https://m.weibo.cn/u/5597123473?uid=5597123473", "remark": "", "following": false, "follow_me": false}, "text": "\u56de\u590d<a href='https://m.weibo.cn/n/\u662f\u831c\u831c\u4e0d\u662f\u5029\u5029yo'>@\u662f\u831c\u831c\u4e0d\u662f\u5029\u5029yo</a>:\u4f30\u8ba1\u4e5f\u662f\u5728\u81ea\u5df1\u56fd\u5bb6\u8fc7\u7684\u4e0d\u597d\u7684\uff0c\u4f46\u662f\u4e5f\u4e0d\u80fd\u5f80\u6211\u4eec\u56fd\u5bb6\u8dd1\uff0c\u76ef\u7740\u4e2d\u56fd\u800d\u65e0\u8d56\u5427\uff0c\u6bd5\u7adf\u4e2d\u56fd\u4eba\u53e3\u5df2\u7ecf\u591f\u591a\u4e86\uff0c\u800c\u4e14\u4e2d\u56fd\u4ece\u6765\u4e0d\u662f\u4e00\u4e2a\u79fb\u6c11\u56fd\u5bb6\uff0c\u4f46\u662f\u73b0\u5728\u5e7f\u5dde\u7684\u9ed1\u4eba\u771f\u7684\u592a\u591a\u4e86\uff0c\u6ca1\u6709\u8eab\u4efd\u7684\uff0c\u975e\u6cd5\u5077\u6e21\u7684\uff0c\u884d\u751f\u4e86\u592a\u591a\u7684\u793e\u4f1a\u95ee\u9898\uff0c\u4e5f\u662f\u5a01\u80c1\u793e\u4f1a\u7a33\u5b9a\u7684\u4e00\u5927\u56e0\u7d20\u5440\uff0c\u6211\u89c9\u5f97\u771f\u7684\u5e94\u8be5\u597d\u597d\u89e3\u51b3\u4e00\u4e0b\u8fd9\u4e2a\u95ee\u9898\u3002", "reply_id": 4493631408324271, "reply_text": "\u56de\u590d<a href='https://m.weibo.cn/n/viven\u7ef4\u7ef4\u7ef4'>@viven\u7ef4\u7ef4\u7ef4</a>:\u4e00\u5165\u5883\u5c31\u628a\u62a4\u7167\u6495\u4e86", "like_counts": 0, "liked": false}, {"id": 4493683820887904, "created_at": "2020-04-14", "source": "", "user": {"id": 5597123473, "screen_name": "viven\u7ef4\u7ef4\u7ef4", "profile_image_url": "https://tvax3.sinaimg.cn/crop.0.0.512.512.180/0066MXv3ly8g31se1j6qrj30e80e8aae.jpg?KID=imgbed,tva&Expires=1619216413&ssig=%2FnfRUXHJZT", "verified": false, "verified_type": -1, "followers_count": 98, "mbtype": 0, "profile_url": "https://m.weibo.cn/u/5597123473?uid=5597123473", "remark": "", "following": false, "follow_me": false}, "text": "\u56de\u590d<a href='https://m.weibo.cn/n/Nothing21ose'>@Nothing21ose</a>:\u7b7e\u8bc1\u8fc7\u671f\u8fd9\u79cd\u60c5\u51b5\uff0c\u4e0d\u662f\u5c31\u76f4\u63a5\u9063\u8fd4\u4e86\u5417\uff0c\u6211\u4eec\u56fd\u5bb6\u4e5f\u4e0d\u80fd\u5904\u5904\u901a\u878d\u5427\uff0c\u611f\u89c9\u9047\u5230\u4e0d\u5408\u6cd5\u7684\u60c5\u51b5\uff0c\u8fd8\u662f\u5e94\u8be5\u4e25\u683c\u6267\u6cd5\u554a\uff0c\u4e0d\u5408\u89c4\u77e9\u5c31\u5904\u7406\u5440\uff0c\u5426\u5219\u8fd9\u6837\u7684\u60c5\u51b5\u4e00\u76f4\u589e\u957f\uff0c\u4e0d\u5408\u6cd5\u7684\u4eba\u4e0d\u5c31\u8d8a\u6765\u8d8a\u591a\uff0c\u4e5f\u662f\u793e\u4f1a\u4e00\u4e2a\u4e0d\u7a33\u5b9a\u56e0\u7d20\u5440", "reply_id": 4493631660938861, "reply_text": "\u56de\u590d<a href='https://m.weibo.cn/n/viven\u7ef4\u7ef4\u7ef4'>@viven\u7ef4\u7ef4\u7ef4</a>:\u8fd8\u6709\u7b7e\u8bc1\u8fc7\u671f\u6ede\u7559\u7684\uff0c\u4e0d\u8fc7\u5927\u6982\u4ed6\u4eec\u5c31\u6ca1\u60f3\u7740\u8981\u8d70\u5427", "like_counts": 0, "liked": false}, {"id": 4493680096033967, "created_at": "2020-04-14", "source": "", "user": {"id": 5597123473, "screen_name": "viven\u7ef4\u7ef4\u7ef4", "profile_image_url": "https://tvax3.sinaimg.cn/crop.0.0.512.512.180/0066MXv3ly8g31se1j6qrj30e80e8aae.jpg?KID=imgbed,tva&Expires=1619216413&ssig=%2FnfRUXHJZT", "verified": false, "verified_type": -1, "followers_count": 98, "mbtype": 0, "profile_url": "https://m.weibo.cn/u/5597123473?uid=5597123473", "remark": "", "following": false, "follow_me": false}, "text": "\u56de\u590d<a href='https://m.weibo.cn/n/\u843d\u53f6\u5439\u8fdb\u6df1\u8c371457'>@\u843d\u53f6\u5439\u8fdb\u6df1\u8c371457</a>:\u5bf9\u5440\uff0c\u600e\u4e48\u4f1a\u6709\u9063\u8fd4\u4e86\u53c8\u56de\u6765\u4e86\u7684\u60c5\u51b5\uff0c\u4e0d\u80fd\u76f4\u63a5\u62d2\u7edd\u5165\u5883\u5417\uff1f", "reply_id": 4493633153199686, "reply_text": "\u56de\u590d<a href='https://m.weibo.cn/n/viven\u7ef4\u7ef4\u7ef4'>@viven\u7ef4\u7ef4\u7ef4</a>:\u4e0d\u8ba9\u5165\u955c\u4e0d\u5c31\u597d\u4e86\u3002", "like_counts": 0, "liked": false}, {"id": 4493679848691630, "created_at": "2020-04-14", "source": "", "user": {"id": 5597123473, "screen_name": "viven\u7ef4\u7ef4\u7ef4", "profile_image_url": "https://tvax3.sinaimg.cn/crop.0.0.512.512.180/0066MXv3ly8g31se1j6qrj30e80e8aae.jpg?KID=imgbed,tva&Expires=1619216413&ssig=%2FnfRUXHJZT", "verified": false, "verified_type": -1, "followers_count": 98, "mbtype": 0, "profile_url": "https://m.weibo.cn/u/5597123473?uid=5597123473", "remark": "", "following": false, "follow_me": false}, "text": "\u56de\u590d<a href='https://m.weibo.cn/n/\u8eab\u6000\u7edd\u4e16\u6b66\u529f\u7684\u5154\u5b50'>@\u8eab\u6000\u7edd\u4e16\u6b66\u529f\u7684\u5154\u5b50</a>:\u5bf9\uff0c\u6211\u5c31\u662f\u4e0d\u592a\u61c2\u8fd9\u91cc\uff0c\u5c31\u662f\u5982\u679c\u4ed6\u6495\u4e86\u62a4\u7167\uff0c\u90a3\u4ed6\u5c31\u662f\u6ca1\u6709\u8eab\u4efd\u7684\u9ed1\u6237\uff0c\u8fd9\u79cd\u4eba\u4e0d\u80fd\u76f4\u63a5\u6309\u7167\u975e\u6cd5\u5077\u6e21\u9063\u8fd4\u5417\uff1f", "reply_id": 4493633488901916, "reply_text": "\u56de\u590d<a href='https://m.weibo.cn/n/viven\u7ef4\u7ef4\u7ef4'>@viven\u7ef4\u7ef4\u7ef4</a>:\u4ed6\u4eec\u662f\u4e0b\u98de\u673a\u76f4\u63a5\u6495\u62a4\u7167", "like_counts": 0, "liked": false}, {"id": 4493678527743600, "created_at": "2020-04-14", "source": "", "user": {"id": 2171590917, "screen_name": "\u7e41\u534e\u82e5\u68a6wei", "profile_image_url": "https://tvax3.sinaimg.cn/crop.0.0.996.996.180/816fd905ly8gctvnkkqu6j20ro0ro0u4.jpg?KID=imgbed,tva&Expires=1619216413&ssig=vNq3uQiJWT", "verified": false, "verified_type": -1, "followers_count": 221, "mbtype": 0, "profile_url": "https://m.weibo.cn/u/2171590917?uid=2171590917", "remark": "", "following": false, "follow_me": false}, "text": "\u56de\u590d<a href='https://m.weibo.cn/n/\u6ca1\u6709\u4f60\u7684\u590f\u5929\u4e40'>@\u6ca1\u6709\u4f60\u7684\u590f\u5929\u4e40</a>:\u662f\u7684\u554a\uff01\u770b\u5230\u5c31\u6bd4\u8f83\u5bb3\u6015\uff01\u4e0d\u662f\u79cd\u65cf\u6b67\u89c6\u5c31\u662f\u4e0d\u7531\u81ea\u4e3b\u89c9\u5f97\u5bb3\u6015", "reply_id": 4493634072292009, "reply_text": "\u56de\u590d<a href='https://m.weibo.cn/n/\u7e41\u534e\u82e5\u68a6wei'>@\u7e41\u534e\u82e5\u68a6wei</a>:\u54ea\u4e2a\u5730\u65b9\u9ed1\u76ae\u4e00\u591a\uff0c\u90a3\u4e2a\u5730\u65b9\u5c31\u79bb\u6df7\u4e71\u4e0d\u8fdc\u4e86", "like_counts": 0, "liked": false}, {"id": 4493668012348663, "created_at": "2020-04-14", "source": "", "user": {"id": 5504671018, "screen_name": "\u5931\u683c\u8005\u4e5f", "profile_image_url": "https://tvax3.sinaimg.cn/crop.0.0.1080.1080.180/0060x2oqly8gl07irksb3j30u00u03zi.jpg?KID=imgbed,tva&Expires=1619216413&ssig=hflhZ2P%2B8m", "verified": false, "verified_type": -1, "followers_count": 2, "mbtype": 0, "profile_url": "https://m.weibo.cn/u/5504671018?uid=5504671018", "remark": "", "following": false, "follow_me": false}, "text": "\u5c31\u5e94\u8be5\u76f4\u63a5\u8d76\u51fa\u53bb", "like_counts": 0, "liked": false}, {"id": 4493657887510895, "created_at": "2020-04-14", "source": "", "user": {"id": 2735977344, "screen_name": "\u590f\u5929\u7684\u5c0f\u68a6\u4e36\u4e0d\u4e00\u6837", "profile_image_url": "https://tva4.sinaimg.cn/crop.0.120.480.480.180/a313b380jw8ed6lqcaokgj20dc0k0aar.jpg?KID=imgbed,tva&Expires=1619216413&ssig=hr7%2FfTs9AW", "verified": false, "verified_type": -1, "followers_count": 313, "mbtype": 0, "profile_url": "https://m.weibo.cn/u/2735977344?uid=2735977344", "remark": "", "following": false, "follow_me": false}, "text": "\u56de\u590d<a href='https://m.weibo.cn/n/\u5c0f\u9a6c\u9a79\u548c\u5154\u5b9d\u5b9d'>@\u5c0f\u9a6c\u9a79\u548c\u5154\u5b9d\u5b9d</a>:\u5408\u6cd5\u6ca1\u6709\u95ee\u9898\u554a\uff0c\u95ee\u9898\u662f\u90a3\u4e9b\u975e\u6cd5\u7684\uff0c\u5077\u6e21\u8fc7\u6765\u7684", "reply_id": 4493644595617353, "reply_text": "\u56de\u590d<a href='https://m.weibo.cn/n/\u5f71\u6c89\u6eaa'>@\u5f71\u6c89\u6eaa</a>:\u4eba\u5bb6\u9ed1\u4eba\u5144\u5f1f\u5728\u8054\u5408\u56fd\u7ed9\u4e2d\u56fd\u6295\u7968\uff0c\u8ba9\u4e2d\u56fd\u4eba\u5f00\u53d1\u975e\u6d32\u8d44\u6e90\u2026\u2026\u4e2d\u56fd\u592a\u5f3a\u786c\uff0c\u8981\u4e0d\u5931\u4e86\u975e\u6d32\u4eba\u6c11\u5fc3\u53ef\u62c9\u4e0d\u56de\u6765\uff0c\u56e0\u5c0f\u5931\u5927\u3002", "like_counts": 0, "liked": false}, {"id": 4493657527005347, "created_at": "2020-04-14", "source": "", "user": {"id": 2735977344, "screen_name": "\u590f\u5929\u7684\u5c0f\u68a6\u4e36\u4e0d\u4e00\u6837", "profile_image_url": "https://tva4.sinaimg.cn/crop.0.120.480.480.180/a313b380jw8ed6lqcaokgj20dc0k0aar.jpg?KID=imgbed,tva&Expires=1619216426&ssig=GBmtXT0jtZ", "verified": false, "verified_type": -1, "followers_count": 313, "mbtype": 0, "profile_url": "https://m.weibo.cn/u/2735977344?uid=2735977344", "remark": "", "following": false, "follow_me": false}, "text": "\u56de\u590d<a href='https://m.weibo.cn/n/\u5f71\u6c89\u6eaa'>@\u5f71\u6c89\u6eaa</a>:\u5927\u54e5\uff0c\u6211\u8bf4\u7684\u662f\u7ba1\u63a7\u5077\u6e21\u4eba\u5458\uff0c\u4f60\u8fd9\u4e48\u7d27\u5f20\u5e72\u561b<span class=\"url-icon\"><img alt=[\u7b11cry] src=\"https://h5.sinaimg.cn/m/emoticon/icon/default/d_xiaoku-f2bd11b506.png\" style=\"width:1em; height:1em;\" /></span>", "reply_id": 4493628929711877, "reply_text": "\u6709\u7b7e\u8bc1\uff0c\u9075\u5b88\u6cd5\u5f8b\u6cd5\u89c4\uff0c\u6ca1\u610f\u89c1\uff0c\u6ca1\u6709\u7b7e\u8bc1\u4e0d\u5408\u6cd5\u7684\u88ab\u9001\u8d70\u6d3b\u8be5\uff0c\u4e0d\u7ba1\u54ea\u56fd\u4eba  \u5e7f\u5dde\u653f\u5e9c\u80fd\u4e0d\u80fd\u5e72\u70b9\u4eba\u4e8b\uff0c\u5c3c\u65e5\u5c3c\u4e9a\u662f\u4f60\u4eec\u7684\u7239\u5417\uff0c\u5fc5\u987b\u4f9b\u7740\uff1f\uff1f\uff1f\uff1f\uff1f  \u5c31\u8fd9\u8f6f\u9aa8\u5934\uff0c\u8fd8\u6562\u641e\u5916\u56fd\u4eba\u6c38\u5c45\uff0c\u771f\u8e0f\u9a6c\u670d\u4e86", "like_counts": 0, "liked": false}, {"id": 4493646663102524, "created_at": "2020-04-14", "source": "", "user": {"id": 7144841122, "screen_name": "\u5c0f\u9a6c\u9a79\u548c\u5154\u5b9d\u5b9d", "profile_image_url": "https://tvax3.sinaimg.cn/crop.0.0.664.664.180/007Nx1yWly8g4o6jnn2j2j30ig0ih3yz.jpg?KID=imgbed,tva&Expires=1619216426&ssig=YgOrXaPm5X", "verified": false, "verified_type": -1, "followers_count": 66, "mbtype": 2, "profile_url": "https://m.weibo.cn/u/7144841122?uid=7144841122", "remark": "", "following": false, "follow_me": false}, "text": "\u56de\u590d<a href='https://m.weibo.cn/n/\u5c0f\u5929\u4f7f\u60ca\u68a6'>@\u5c0f\u5929\u4f7f\u60ca\u68a6</a>:\u8c22\u8c22\u4f60\u770b\u5f97\u8d77\uff0c\u6211\u5bb6\u5c31\u662f\u4f60\u5bb6\uff0c\u5c31\u662f\u6211\u4eec\u56fd\u5bb6\u3002", "reply_id": 4493643408552385, "reply_text": "\u56de\u590d<a href='https://m.weibo.cn/n/\u5c0f\u9a6c\u9a79\u548c\u5154\u5b9d\u5b9d'>@\u5c0f\u9a6c\u9a79\u548c\u5154\u5b9d\u5b9d</a>:\u5168\u975e\u6d32\u4eba\u53bb\u4f60\u5bb6", "like_counts": 0, "liked": false}, {"id": 4493643408552385, "created_at": "2020-04-14", "source": "", "user": {"id": 6020583269, "screen_name": "\u5c0f\u5929\u4f7f\u60ca\u68a6", "profile_image_url": "https://tvax1.sinaimg.cn/crop.0.0.996.996.180/006zrKJLly8g5lgeithjbj30ro0ro76l.jpg?KID=imgbed,tva&Expires=1619216426&ssig=I9De028c89", "verified": false, "verified_type": -1, "followers_count": 58, "mbtype": 0, "profile_url": "https://m.weibo.cn/u/6020583269?uid=6020583269", "remark": "", "following": false, "follow_me": false}, "text": "\u56de\u590d<a href='https://m.weibo.cn/n/\u5c0f\u9a6c\u9a79\u548c\u5154\u5b9d\u5b9d'>@\u5c0f\u9a6c\u9a79\u548c\u5154\u5b9d\u5b9d</a>:\u5168\u975e\u6d32\u4eba\u53bb\u4f60\u5bb6", "reply_id": 4493632255987201, "reply_text": "\u4e2d\u56fd\u5728\u5c3c\u65e5\u5229\u4e9a\u90a3\u4e48\u591a\u9879\u76ee\u2026\u2026\u80fd\u5bf9\u4eba\u5bb6\u600e\u6837\uff1f\u4e2d\u56fd\u4eba\u5230\u975e\u6d32\u968f\u4fbf\u53bb\uff0c\u5bf9\u7b49\uff0c\u4eba\u5bb6\u975e\u6d32\u4eba\u4e0d\u80fd\u6765\u4e86\u5417\uff1f", "like_counts": 1, "liked": false}, {"id": 4493642481467495, "created_at": "2020-04-14", "source": "", "user": {"id": 2735977344, "screen_name": "\u590f\u5929\u7684\u5c0f\u68a6\u4e36\u4e0d\u4e00\u6837", "profile_image_url": "https://tva4.sinaimg.cn/crop.0.120.480.480.180/a313b380jw8ed6lqcaokgj20dc0k0aar.jpg?KID=imgbed,tva&Expires=1619216426&ssig=GBmtXT0jtZ", "verified": false, "verified_type": -1, "followers_count": 313, "mbtype": 0, "profile_url": "https://m.weibo.cn/u/2735977344?uid=2735977344", "remark": "", "following": false, "follow_me": false}, "text": "\u56de\u590d<a href='https://m.weibo.cn/n/\u5f71\u6c89\u6eaa'>@\u5f71\u6c89\u6eaa</a>:\u662f\u5440\uff0c\u8fd8\u662f\u8981\u9760\u56fd\u5bb6\u7ba1\u5236\u4e25\u4e00\u70b9\uff0c\u8d8a\u5357\u90a3\u8fb9\u5973\u7684\u6709\u4e9b\u8fc7\u6765\u5c31\u627e\u4e2a\u4e2d\u56fd\u4eba\u5ac1\u4e86<span class=\"url-icon\"><img alt=[\u7b11cry] src=\"https://h5.sinaimg.cn/m/emoticon/icon/default/d_xiaoku-f2bd11b506.png\" style=\"width:1em; height:1em;\" /></span>\uff0c\u90a3\u4e9b\u6ca1\u53d6\u5230\u8001\u5a46\u7684\u5c31\u2026\u2026\u4f60\u61c2\u7684\uff0c\u8fb9\u754c\u8fd8\u662f\u9700\u8981\u56fd\u5bb6\u7ba1\u5236\u4e25\u4e00\u70b9", "reply_id": 4493628929711877, "reply_text": "\u6709\u7b7e\u8bc1\uff0c\u9075\u5b88\u6cd5\u5f8b\u6cd5\u89c4\uff0c\u6ca1\u610f\u89c1\uff0c\u6ca1\u6709\u7b7e\u8bc1\u4e0d\u5408\u6cd5\u7684\u88ab\u9001\u8d70\u6d3b\u8be5\uff0c\u4e0d\u7ba1\u54ea\u56fd\u4eba  \u5e7f\u5dde\u653f\u5e9c\u80fd\u4e0d\u80fd\u5e72\u70b9\u4eba\u4e8b\uff0c\u5c3c\u65e5\u5c3c\u4e9a\u662f\u4f60\u4eec\u7684\u7239\u5417\uff0c\u5fc5\u987b\u4f9b\u7740\uff1f\uff1f\uff1f\uff1f\uff1f  \u5c31\u8fd9\u8f6f\u9aa8\u5934\uff0c\u8fd8\u6562\u641e\u5916\u56fd\u4eba\u6c38\u5c45\uff0c\u771f\u8e0f\u9a6c\u670d\u4e86", "like_counts": 0, "liked": false}, {"id": 4493640271118036, "created_at": "2020-04-14", "source": "", "user": {"id": 5655951730, "screen_name": "\u4e0d\u8981\u4fe1\u5192\u5145\u6211\u7684\u4eba", "profile_image_url": "https://tvax2.sinaimg.cn/crop.0.0.1080.1080.180/006aLNpUly8gpf8zaf7rhj30u00u0juv.jpg?KID=imgbed,tva&Expires=1619216426&ssig=rWxLRZ6QfB", "verified": false, "verified_type": -1, "followers_count": 286, "mbtype": 12, "profile_url": "https://m.weibo.cn/u/5655951730?uid=5655951730", "remark": "", "following": false, "follow_me": false}, "text": "<a href='https://m.weibo.cn/n/tagcleaner'>@tagcleaner</a>", "like_counts": 1, "liked": false}, {"id": 4493639889305594, "created_at": "2020-04-14", "source": "", "user": {"id": 5326915288, "screen_name": "\u4e0d\u89c1\u72ec\u914c", "profile_image_url": "https://tvax2.sinaimg.cn/crop.0.0.1002.1002.180/005Ovc0wly8g6m2or9wplj30ru0ruabd.jpg?KID=imgbed,tva&Expires=1619216426&ssig=y2jA11QYyG", "verified": false, "verified_type": -1, "followers_count": 57, "mbtype": 0, "profile_url": "https://m.weibo.cn/u/5326915288?uid=5326915288", "remark": "", "following": false, "follow_me": false}, "text": "\u56de\u590d<a href='https://m.weibo.cn/n/\u7e41\u534e\u82e5\u68a6wei'>@\u7e41\u534e\u82e5\u68a6wei</a>:\u4e0d\u597d\u610f\u601d\uff0c\u5e7f\u5dde\u5e38\u4f4f\u4eba\u53e31\u5343\u591a\u4e07\uff0c\u4e5f\u6ca1\u89c1\u53d1\u751f\u4ec0\u4e48\u5927\u89c4\u6a21\u7684\u6050\u6016\u4e8b\u4ef6\uff0c\u8bf7\u522b\u9053\u542c\u9014\u8bf4\u3002", "reply_id": 4493627940590758, "reply_text": "\u4ed6\u4eec\u770b\u4ec0\u4e48\u751f\u6d3b\u554a\uff01\u4f1a\u4e0d\u4f1a\u5f88\u4e0d\u5b89\u5168\u5e7f\u5dde\u6050\u6016", "like_counts": 0, "liked": false}, {"id": 4493639709331317, "created_at": "2020-04-14", "source": "", "user": {"id": 2411628133, "screen_name": "\u5bb9\u989c\u7d20\u88f9", "profile_image_url": "https://tvax1.sinaimg.cn/crop.0.0.1002.1002.180/8fbe8665ly8gebm5rtn4dj20ru0rutaq.jpg?KID=imgbed,tva&Expires=1619216426&ssig=Ompjk07tDT", "verified": false, "verified_type": -1, "followers_count": 111, "mbtype": 0, "profile_url": "https://m.weibo.cn/u/2411628133?uid=2411628133", "remark": "", "following": false, "follow_me": false}, "text": "\u4ed6\u4eec\u662f\u548b\u6765\u7684\u5440\u2026", "like_counts": 0, "liked": false}, {"id": 4493639658745602, "created_at": "2020-04-14", "source": "", "user": {"id": 5343723164, "screen_name": "kidding-murder", "profile_image_url": "https://tva3.sinaimg.cn/crop.0.1.750.750.180/005PDIvijw8eze0leduu2j30ku0kwq5d.jpg?KID=imgbed,tva&Expires=1619216426&ssig=TtvYCBLgsq", "verified": false, "verified_type": -1, "followers_count": 142, "mbtype": 0, "profile_url": "https://m.weibo.cn/u/5343723164?uid=5343723164", "remark": "", "following": false, "follow_me": false}, "text": "\u56de\u590d<a href='https://m.weibo.cn/n/Dormiveglia\u9e7f'>@Dormiveglia\u9e7f</a>:\u5f88\u9057\u61be\uff0c\u6ca1\u6709\u8fd9\u4e48\u786c\u6c14<span class=\"url-icon\"><img alt=[\u62dc\u62dc] src=\"https://h5.sinaimg.cn/m/emoticon/icon/default/d_baibai-8bfa9c2a4f.png\" style=\"width:1em; height:1em;\" /></span>", "reply_id": 4493631656709623, "reply_text": "\u6211\u89c9\u5f97\u4e2d\u56fd\u5c31\u5e94\u8be5\u50cf\u7279\u6717\u666e\u4e00\u6837\uff0c\u522b\u7ba1\u8fd9\u4e9b\uff0c\u4e0d\u9075\u5b88\u4e2d\u56fd\u6cd5\u5f8b\u3001\u6ca1\u6709\u5408\u6cd5\u6765\u6e90\u5c31\u662f\u73b0\u5b9e\uff0c\u76f4\u63a5\u9a71\u9010\u51fa\u5883\uff01\u4e2d\u56fd\u80a9\u8d1f\u7684\u662f\u7ef4\u62a4\u6574\u4e2a\u56fd\u6c11\u7684\u5b89\u5168\uff01", "like_counts": 2, "liked": false}, {"id": 4493639256058376, "created_at": "2020-04-14", "source": "", "user": {"id": 5326915288, "screen_name": "\u4e0d\u89c1\u72ec\u914c", "profile_image_url": "https://tvax2.sinaimg.cn/crop.0.0.1002.1002.180/005Ovc0wly8g6m2or9wplj30ru0ruabd.jpg?KID=imgbed,tva&Expires=1619216426&ssig=y2jA11QYyG", "verified": false, "verified_type": -1, "followers_count": 57, "mbtype": 0, "profile_url": "https://m.weibo.cn/u/5326915288?uid=5326915288", "remark": "", "following": false, "follow_me": false}, "text": "\u4e8c\u5341\u591a\u4e07\uff1f\uff1f\uff1f \u600e\u4e48\u8c03\u67e5\u6765\u7684\u554a\uff0c\u7ed9\u70b9\u771f\u51ed\u5b9e\u636e\u554a\uff0c\u8fd9\u5e74\u5934\u7a7a\u53e3\u65e0\u51ed\u53d1\u8868\u7684\u6559\u6388\u4e5f\u4e0d\u5c11<span class=\"url-icon\"><img alt=[\u5403\u74dc] src=\"https://h5.sinaimg.cn/m/emoticon/icon/default/d_chigua-7a95e6efc4.png\" style=\"width:1em; height:1em;\" /></span>", "like_counts": 2, "liked": false}, {"id": 4493638409490948, "created_at": "2020-04-14", "source": "", "user": {"id": 2735977344, "screen_name": "\u590f\u5929\u7684\u5c0f\u68a6\u4e36\u4e0d\u4e00\u6837", "profile_image_url": "https://tva4.sinaimg.cn/crop.0.120.480.480.180/a313b380jw8ed6lqcaokgj20dc0k0aar.jpg?KID=imgbed,tva&Expires=1619216438&ssig=5wvcthQpvH", "verified": false, "verified_type": -1, "followers_count": 313, "mbtype": 0, "profile_url": "https://m.weibo.cn/u/2735977344?uid=2735977344", "remark": "", "following": false, "follow_me": false}, "text": "\u56de\u590d<a href='https://m.weibo.cn/n/\u5f71\u6c89\u6eaa'>@\u5f71\u6c89\u6eaa</a>:\u8d8a\u5357\u4e5f\u6709\u975e\u6cd5\u7684\u8fc7\u6765\uff0c\u4ece\u5e7f\u897f\u90a3\u8fb9\u5077\u6e21\u8fc7\u6765\u7684<span class=\"url-icon\"><img alt=[\u7b11cry] src=\"https://h5.sinaimg.cn/m/emoticon/icon/default/d_xiaoku-f2bd11b506.png\" style=\"width:1em; height:1em;\" /></span>\u8fd9\u4e9b\u4eba\u5077\u6e21\u5f88\u5389\u5bb3\u7684", "reply_id": 4493628929711877, "reply_text": "\u6709\u7b7e\u8bc1\uff0c\u9075\u5b88\u6cd5\u5f8b\u6cd5\u89c4\uff0c\u6ca1\u610f\u89c1\uff0c\u6ca1\u6709\u7b7e\u8bc1\u4e0d\u5408\u6cd5\u7684\u88ab\u9001\u8d70\u6d3b\u8be5\uff0c\u4e0d\u7ba1\u54ea\u56fd\u4eba  \u5e7f\u5dde\u653f\u5e9c\u80fd\u4e0d\u80fd\u5e72\u70b9\u4eba\u4e8b\uff0c\u5c3c\u65e5\u5c3c\u4e9a\u662f\u4f60\u4eec\u7684\u7239\u5417\uff0c\u5fc5\u987b\u4f9b\u7740\uff1f\uff1f\uff1f\uff1f\uff1f  \u5c31\u8fd9\u8f6f\u9aa8\u5934\uff0c\u8fd8\u6562\u641e\u5916\u56fd\u4eba\u6c38\u5c45\uff0c\u771f\u8e0f\u9a6c\u670d\u4e86", "like_counts": 0, "liked": false}, {"id": 4493635498253720, "created_at": "2020-04-14", "source": "", "user": {"id": 6046114188, "screen_name": "\u51b7\u65f6\u5149\u5012\u6d41", "profile_image_url": "https://tvax4.sinaimg.cn/crop.0.0.1080.1080.180/006BaSuMly8gc85d3u3hoj30u00u0gr9.jpg?KID=imgbed,tva&Expires=1619216438&ssig=J0MjKu2dJQ", "verified": false, "verified_type": -1, "followers_count": 127, "mbtype": 0, "profile_url": "https://m.weibo.cn/u/6046114188?uid=6046114188", "remark": "", "following": false, "follow_me": false}, "text": "\u4e0d\u7ed9\u5c31\u4e1a\u673a\u4f1a\uff0c\u6240\u6709\u6709\u5173\u4e8b\u4e1a\u5355\u4f4d\u6ca1\u6709\u8bc1\u4ef6\u4e0d\u80fd\u4e0a\u5c97\uff0c\u8ba9\u4ed6\u4eec\u77e5\u96be\u800c\u9000", "like_counts": 16, "liked": false}, {"id": 4493634969761843, "created_at": "2020-04-14", "source": "", "user": {"id": 6046114188, "screen_name": "\u51b7\u65f6\u5149\u5012\u6d41", "profile_image_url": "https://tvax4.sinaimg.cn/crop.0.0.1080.1080.180/006BaSuMly8gc85d3u3hoj30u00u0gr9.jpg?KID=imgbed,tva&Expires=1619216438&ssig=J0MjKu2dJQ", "verified": false, "verified_type": -1, "followers_count": 127, "mbtype": 0, "profile_url": "https://m.weibo.cn/u/6046114188?uid=6046114188", "remark": "", "following": false, "follow_me": false}, "text": "\u4e0d\u7ed9\u5c31\u4e1a\u673a\u4f1a\u5c31\u53ef\u4ee5\u4e86", "like_counts": 12, "liked": false}, {"id": 4493633921300491, "created_at": "2020-04-14", "source": "", "user": {"id": 5309333483, "screen_name": "Sandy-\u8449", "profile_image_url": "https://tvax3.sinaimg.cn/crop.0.0.996.996.180/005Njqb1ly8fxldjwgm8tj30ro0rodim.jpg?KID=imgbed,tva&Expires=1619216438&ssig=Rm4OYflG6G", "verified": false, "verified_type": -1, "followers_count": 150, "mbtype": 2, "profile_url": "https://m.weibo.cn/u/5309333483?uid=5309333483", "remark": "", "following": false, "follow_me": false}, "text": "\u4e09\u5143\u91cc\u968f\u4fbf\u90fd\u53ef\u4ee5\u770b\u5230\u9ed1\u4eba", "like_counts": 1, "liked": false}, {"id": 4493633153199686, "created_at": "2020-04-14", "source": "", "user": {"id": 6036100492, "screen_name": "\u843d\u53f6\u5439\u8fdb\u6df1\u8c371457", "profile_image_url": "https://tvax3.sinaimg.cn/crop.0.0.664.664.180/006AuRtyly8fxp87sc4yzj30ig0igt9y.jpg?KID=imgbed,tva&Expires=1619216438&ssig=km4GuEYJIi", "verified": false, "verified_type": -1, "followers_count": 221, "mbtype": 2, "profile_url": "https://m.weibo.cn/u/6036100492?uid=6036100492", "remark": "", "following": false, "follow_me": false}, "text": "\u56de\u590d<a href='https://m.weibo.cn/n/viven\u7ef4\u7ef4\u7ef4'>@viven\u7ef4\u7ef4\u7ef4</a>:\u4e0d\u8ba9\u5165\u955c\u4e0d\u5c31\u597d\u4e86\u3002", "reply_id": 4493629248811504, "reply_text": "\u56de\u590d<a href='https://m.weibo.cn/n/\u5f71\u6c89\u6eaa'>@\u5f71\u6c89\u6eaa</a>:\u9001\u8d70\u4e86\u4ed6\u4eec\u53c8\u56de\u6765\u600e\u4e48\u529e\uff0c\u6211\u6709\u70b9\u4e0d\u660e\u767d\uff0c\u975e\u6cd5\u7684\uff0c\u662f\u600e\u4e48\u5165\u5883\u7684\uff1f\u5728\u5c3c\u65e5\u5229\u4e9a\u4e0a\u98de\u673a\u4e0d\u4e5f\u9700\u8981\u62a4\u7167\u5417", "like_counts": 1, "liked": false}, {"id": 4493632146945205, "created_at": "2020-04-14", "source": "", "user": {"id": 5710745964, "screen_name": "\u6f47\u6d12\u6765\u53bb\u4e5f", "profile_image_url": "https://tva1.sinaimg.cn/crop.0.291.750.750.180/006etHTSjw8ewfjgo5mq8j30ku110tav.jpg?KID=imgbed,tva&Expires=1619216438&ssig=Yun71j5FCK", "verified": false, "verified_type": -1, "followers_count": 180, "mbtype": 0, "profile_url": "https://m.weibo.cn/u/5710745964?uid=5710745964", "remark": "", "following": false, "follow_me": false}, "text": "\u53ef\u6015\u3002", "like_counts": 0, "liked": false}, {"id": 4493631886993330, "created_at": "2020-04-14", "source": "", "user": {"id": 5430901791, "screen_name": "\u52ff\u685061687", "profile_image_url": "https://tva3.sinaimg.cn/crop.0.0.100.100.180/005VxvEbjw8encrrw06t7j302s02s0sk.jpg?KID=imgbed,tva&Expires=1619216438&ssig=Lvri7%2Bp1Fg", "verified": false, "verified_type": -1, "followers_count": 12, "mbtype": 0, "profile_url": "https://m.weibo.cn/u/5430901791?uid=5430901791", "remark": "", "following": false, "follow_me": false}, "text": "\u56de\u590d<a href='https://m.weibo.cn/n/awayCeline'>@awayCeline</a>:\u4e0d\u7136\u5462\uff1f\u80af\u5b9a\u6740\u6389", "reply_id": 4493629126921369, "reply_text": "\u53ef\u4e0d\u53ef\u4ee5\u6740\u6389\u5440", "like_counts": 0, "liked": false}, {"id": 4493631673585160, "created_at": "2020-04-14", "source": "", "user": {"id": 7144841122, "screen_name": "\u5c0f\u9a6c\u9a79\u548c\u5154\u5b9d\u5b9d", "profile_image_url": "https://tvax3.sinaimg.cn/crop.0.0.664.664.180/007Nx1yWly8g4o6jnn2j2j30ig0ih3yz.jpg?KID=imgbed,tva&Expires=1619216438&ssig=gbs42hN006", "verified": false, "verified_type": -1, "followers_count": 66, "mbtype": 2, "profile_url": "https://m.weibo.cn/u/7144841122?uid=7144841122", "remark": "", "following": false, "follow_me": false}, "text": "\u56de\u590d<a href='https://m.weibo.cn/n/awayCeline'>@awayCeline</a>:\u5220\u4e86\u5427\uff0c\u8bf4\u8fd9\u79cd\u8bdd", "reply_id": 4493629126921369, "reply_text": "\u53ef\u4e0d\u53ef\u4ee5\u6740\u6389\u5440", "like_counts": 0, "liked": false}, {"id": 4493631673574059, "created_at": "2020-04-14", "source": "", "user": {"id": 7406434270, "screen_name": "\u88ab\u9057\u5fd8\u4e86\u7684\u53f7aaa", "profile_image_url": "https://tvax1.sinaimg.cn/default/images/default_avatar_male_180.gif?KID=imgbed,tva&Expires=1619216438&ssig=0ynBbGntuY", "verified": false, "verified_type": -1, "followers_count": 1, "mbtype": 0, "profile_url": "https://m.weibo.cn/u/7406434270?uid=7406434270", "remark": "", "following": false, "follow_me": false}, "text": "\u56de\u590d<a href='https://m.weibo.cn/n/\u6770\u897f\u54bb\u54bb'>@\u6770\u897f\u54bb\u54bb</a>:\u5f88\u591a\u6ca1\u6709\u7684\u3002", "reply_id": 4493626790669868, "reply_text": "\u4e2d\u56fd\u57ce\u7684\u4e2d\u56fd\u4eba\u6709\u7b7e\u8bc1\u5417\uff1f\u5e94\u8be5\u6709\u5427\uff0c\u8bf7\u5927\u795e\u5e2e\u52a9\u89e3\u51b3\u7591\u60d1\u3002", "like_counts": 0, "liked": false}, {"id": 4493631660938861, "created_at": "2020-04-14", "source": "", "user": {"id": 2438981717, "screen_name": "Nothing21ose", "profile_image_url": "https://tvax4.sinaimg.cn/crop.0.0.996.996.180/915fe855ly8ggoqtv095ej20ro0ro3zo.jpg?KID=imgbed,tva&Expires=1619216438&ssig=T0ifgEnjZc", "verified": false, "verified_type": -1, "followers_count": 315, "mbtype": 2, "profile_url": "https://m.weibo.cn/u/2438981717?uid=2438981717", "remark": "", "following": false, "follow_me": false}, "text": "\u56de\u590d<a href='https://m.weibo.cn/n/viven\u7ef4\u7ef4\u7ef4'>@viven\u7ef4\u7ef4\u7ef4</a>:\u8fd8\u6709\u7b7e\u8bc1\u8fc7\u671f\u6ede\u7559\u7684\uff0c\u4e0d\u8fc7\u5927\u6982\u4ed6\u4eec\u5c31\u6ca1\u60f3\u7740\u8981\u8d70\u5427", "reply_id": 4493629248811504, "reply_text": "\u56de\u590d<a href='https://m.weibo.cn/n/\u5f71\u6c89\u6eaa'>@\u5f71\u6c89\u6eaa</a>:\u9001\u8d70\u4e86\u4ed6\u4eec\u53c8\u56de\u6765\u600e\u4e48\u529e\uff0c\u6211\u6709\u70b9\u4e0d\u660e\u767d\uff0c\u975e\u6cd5\u7684\uff0c\u662f\u600e\u4e48\u5165\u5883\u7684\uff1f\u5728\u5c3c\u65e5\u5229\u4e9a\u4e0a\u98de\u673a\u4e0d\u4e5f\u9700\u8981\u62a4\u7167\u5417", "like_counts": 2, "liked": false}, {"id": 4493631660741042, "created_at": "2020-04-14", "source": "", "user": {"id": 6030766576, "screen_name": "\u732a\u599605", "profile_image_url": "https://tvax2.sinaimg.cn/crop.0.0.1080.1080.180/006A8tSEly8gfl6c44ti3j30u00u0wi4.jpg?KID=imgbed,tva&Expires=1619216451&ssig=q1LLhplR47", "verified": false, "verified_type": -1, "followers_count": 27, "mbtype": 0, "profile_url": "https://m.weibo.cn/u/6030766576?uid=6030766576", "remark": "", "following": false, "follow_me": false}, "text": "\u600e\u4e48\u6765\u7684\u600e\u4e48\u6eda\uff01 \u600e\u4e48\u9001\u4f60\u56de\u53bb\uff01\u9001\u4f60\u56de\u53bb\u5c31\u5168\u90e8\u5728\u4e2d\u56fd\u67aa\u6bd9\uff01", "like_counts": 5, "liked": false}, {"id": 4493631656709623, "created_at": "2020-04-14", "source": "", "user": {"id": 2476876702, "screen_name": "Dormiveglia\u9e7f", "profile_image_url": "https://tvax3.sinaimg.cn/crop.0.0.996.996.180/93a2239ely8gdea6i86a5j20ro0rotaf.jpg?KID=imgbed,tva&Expires=1619216451&ssig=emoCn%2BgmUD", "verified": false, "verified_type": -1, "followers_count": 63, "mbtype": 2, "profile_url": "https://m.weibo.cn/u/2476876702?uid=2476876702", "remark": "", "following": false, "follow_me": false}, "text": "\u6211\u89c9\u5f97\u4e2d\u56fd\u5c31\u5e94\u8be5\u50cf\u7279\u6717\u666e\u4e00\u6837\uff0c\u522b\u7ba1\u8fd9\u4e9b\uff0c\u4e0d\u9075\u5b88\u4e2d\u56fd\u6cd5\u5f8b\u3001\u6ca1\u6709\u5408\u6cd5\u6765\u6e90\u5c31\u662f\u73b0\u5b9e\uff0c\u76f4\u63a5\u9a71\u9010\u51fa\u5883\uff01\u4e2d\u56fd\u80a9\u8d1f\u7684\u662f\u7ef4\u62a4\u6574\u4e2a\u56fd\u6c11\u7684\u5b89\u5168\uff01", "like_counts": 69, "liked": false}, {"id": 4493631442306496, "created_at": "2020-04-14", "source": "", "user": {"id": 5325808926, "screen_name": "\u5b9c\u4e2a\u67d1\u6a58\u67e0\u6aac\u554a", "profile_image_url": "https://tvax4.sinaimg.cn/crop.0.0.996.996.180/005OqybYly8fniaymg2u4j30ro0ro0tn.jpg?KID=imgbed,tva&Expires=1619216451&ssig=4UZuzoMOnP", "verified": false, "verified_type": -1, "followers_count": 197, "mbtype": 0, "profile_url": "https://m.weibo.cn/u/5325808926?uid=5325808926", "remark": "", "following": false, "follow_me": false}, "text": "\u60f3\u60f3\u529e\u6cd5\u5427\uff0c\u5e7f\u5dde\uff01", "like_counts": 1, "liked": false}, {"id": 4493631434249718, "created_at": "2020-04-14", "source": "", "user": {"id": 2350840175, "screen_name": "Dob1n_LINE", "profile_image_url": "https://tvax2.sinaimg.cn/crop.0.0.996.996.180/8c1ef96fly8g89e2su7z8j20ro0ro41t.jpg?KID=imgbed,tva&Expires=1619216451&ssig=CIK6iQ58NK", "verified": false, "verified_type": -1, "followers_count": 186, "mbtype": 2, "profile_url": "https://m.weibo.cn/u/2350840175?uid=2350840175", "remark": "", "following": false, "follow_me": false}, "text": "<a href='https://m.weibo.cn/n/\u6728\u6728hhxl'>@\u6728\u6728hhxl</a>", "like_counts": 0, "liked": false}, {"id": 4493631408324271, "created_at": "2020-04-14", "source": "", "user": {"id": 5404511676, "screen_name": "\u5218\u4ea6\u83f2\u4eca\u5929\u544a\u9ed1\u4e86\u5417", "profile_image_url": "https://tvax2.sinaimg.cn/crop.0.0.996.996.180/005TKMnaly8gaxecz6u42j30ro0rot9k.jpg?KID=imgbed,tva&Expires=1619216451&ssig=yMOl29N5AB", "verified": false, "verified_type": -1, "followers_count": 117, "mbtype": 2, "profile_url": "https://m.weibo.cn/u/5404511676?uid=5404511676", "remark": "", "following": false, "follow_me": false}, "text": "\u56de\u590d<a href='https://m.weibo.cn/n/viven\u7ef4\u7ef4\u7ef4'>@viven\u7ef4\u7ef4\u7ef4</a>:\u4e00\u5165\u5883\u5c31\u628a\u62a4\u7167\u6495\u4e86", "reply_id": 4493629248811504, "reply_text": "\u56de\u590d<a href='https://m.weibo.cn/n/\u5f71\u6c89\u6eaa'>@\u5f71\u6c89\u6eaa</a>:\u9001\u8d70\u4e86\u4ed6\u4eec\u53c8\u56de\u6765\u600e\u4e48\u529e\uff0c\u6211\u6709\u70b9\u4e0d\u660e\u767d\uff0c\u975e\u6cd5\u7684\uff0c\u662f\u600e\u4e48\u5165\u5883\u7684\uff1f\u5728\u5c3c\u65e5\u5229\u4e9a\u4e0a\u98de\u673a\u4e0d\u4e5f\u9700\u8981\u62a4\u7167\u5417", "like_counts": 1, "liked": false}, {"id": 4493631270656373, "created_at": "2020-04-14", "source": "", "user": {"id": 6984443630, "screen_name": "\u8150\u6f2b\u52a9\u624b", "profile_image_url": "https://tvax3.sinaimg.cn/crop.0.0.996.996.180/007CG0QCly8gi5pvnih8lj30ro0rowfk.jpg?KID=imgbed,tva&Expires=1619216451&ssig=OkY4lnNMFw", "verified": true, "verified_type": 0, "followers_count": 26091, "verified_type_ext": 0, "mbtype": 2, "profile_url": "https://m.weibo.cn/u/6984443630?uid=6984443630", "remark": "", "following": false, "follow_me": false}, "text": "\u5165\u5883\u5c31\u628a\u62a4\u7167\u6495\u6bc1\u4e86\uff0c\u9001\u4e0d\u56de\u53bb\uff1f\u6ca1\u62a4\u7167\u4f60\u4e0d\u8ba9\u79df\u623f\uff0c\u4e0d\u8ba9\u8bfb\u4e66\uff0c\u4e0d\u8ba9\u53bb\u533b\u9662\u770b\u770b\u8fd8\u6709\u6495\u6bc1\u7684\u4e0d\u3002\u67e5\u5230\u4e00\u4e2a\u5904\u7406\u4e00\u4e2a", "like_counts": 44, "liked": false}, {"id": 4493631069543847, "created_at": "2020-04-14", "source": "", "user": {"id": 1949750163, "screen_name": "\u66b4\u8e81\u7684\u6d90\u53ef\u7231\u7684\u4f60", "profile_image_url": "https://tvax4.sinaimg.cn/crop.0.0.996.996.180/7436d393ly8gm7eb7mv1xj20ro0roaam.jpg?KID=imgbed,tva&Expires=1619216451&ssig=50JkX4Embh", "verified": false, "verified_type": -1, "followers_count": 44, "mbtype": 2, "profile_url": "https://m.weibo.cn/u/1949750163?uid=1949750163", "remark": "", "following": false, "follow_me": false}, "text": "\u592a\u6050\u6016\u4e86\u5427", "like_counts": 0, "liked": false}, {"id": 4493630024523043, "created_at": "2020-04-14", "source": "", "user": {"id": 6277520104, "screen_name": "\u6233\u7237\u8ff7\u59b9\u5440", "profile_image_url": "https://tvax3.sinaimg.cn/crop.0.0.996.996.180/006QPPKgly8gab6widjv3j30ro0rowgw.jpg?KID=imgbed,tva&Expires=1619216451&ssig=dbALro9Zyw", "verified": false, "verified_type": -1, "followers_count": 43, "mbtype": 0, "profile_url": "https://m.weibo.cn/u/6277520104?uid=6277520104", "remark": "", "following": false, "follow_me": false}, "text": "\u975e\u6cd5\u7684\u4e0d\u662f\u53ef\u4ee5\u9063\u8fd4\u5417", "like_counts": 2, "liked": false}, {"id": 4493629248811504, "created_at": "2020-04-14", "source": "", "user": {"id": 5597123473, "screen_name": "viven\u7ef4\u7ef4\u7ef4", "profile_image_url": "https://tvax3.sinaimg.cn/crop.0.0.512.512.180/0066MXv3ly8g31se1j6qrj30e80e8aae.jpg?KID=imgbed,tva&Expires=1619216451&ssig=31MoJGWv6r", "verified": false, "verified_type": -1, "followers_count": 98, "mbtype": 0, "profile_url": "https://m.weibo.cn/u/5597123473?uid=5597123473", "remark": "", "following": false, "follow_me": false}, "text": "\u56de\u590d<a href='https://m.weibo.cn/n/\u5f71\u6c89\u6eaa'>@\u5f71\u6c89\u6eaa</a>:\u9001\u8d70\u4e86\u4ed6\u4eec\u53c8\u56de\u6765\u600e\u4e48\u529e\uff0c\u6211\u6709\u70b9\u4e0d\u660e\u767d\uff0c\u975e\u6cd5\u7684\uff0c\u662f\u600e\u4e48\u5165\u5883\u7684\uff1f\u5728\u5c3c\u65e5\u5229\u4e9a\u4e0a\u98de\u673a\u4e0d\u4e5f\u9700\u8981\u62a4\u7167\u5417", "reply_id": 4493628929711877, "reply_text": "\u6709\u7b7e\u8bc1\uff0c\u9075\u5b88\u6cd5\u5f8b\u6cd5\u89c4\uff0c\u6ca1\u610f\u89c1\uff0c\u6ca1\u6709\u7b7e\u8bc1\u4e0d\u5408\u6cd5\u7684\u88ab\u9001\u8d70\u6d3b\u8be5\uff0c\u4e0d\u7ba1\u54ea\u56fd\u4eba  \u5e7f\u5dde\u653f\u5e9c\u80fd\u4e0d\u80fd\u5e72\u70b9\u4eba\u4e8b\uff0c\u5c3c\u65e5\u5c3c\u4e9a\u662f\u4f60\u4eec\u7684\u7239\u5417\uff0c\u5fc5\u987b\u4f9b\u7740\uff1f\uff1f\uff1f\uff1f\uff1f  \u5c31\u8fd9\u8f6f\u9aa8\u5934\uff0c\u8fd8\u6562\u641e\u5916\u56fd\u4eba\u6c38\u5c45\uff0c\u771f\u8e0f\u9a6c\u670d\u4e86", "like_counts": 7, "liked": false}, {"id": 4493628216927053, "created_at": "2020-04-14", "source": "", "user": {"id": 3181215050, "screen_name": "\u51ccEileen\u6676", "profile_image_url": "https://tvax2.sinaimg.cn/crop.0.0.751.751.180/bd9d7d4aly8gecstvui42j20kv0kvtab.jpg?KID=imgbed,tva&Expires=1619216465&ssig=ZFLInIeWtq", "verified": false, "verified_type": -1, "followers_count": 106, "mbtype": 0, "profile_url": "https://m.weibo.cn/u/3181215050?uid=3181215050", "remark": "", "following": false, "follow_me": false}, "text": "<a class='k' href='https://m.weibo.cn/search?containerid=231522type%3D1%26t%3D10%26q%3D%23%E5%B9%BF%E5%B7%9E111%E5%90%8D%E9%9D%9E%E6%B4%B2%E7%B1%8D%E4%BA%BA%E5%A3%AB%E6%96%B0%E5%86%A0%E6%A3%80%E6%B5%8B%E5%91%88%E9%98%B3%E6%80%A7%23'>#\u5e7f\u5dde111\u540d\u975e\u6d32\u7c4d\u4eba\u58eb\u65b0\u51a0\u68c0\u6d4b\u5448\u9633\u6027#</a>", "like_counts": 0, "liked": false}, {"id": 4493627641832551, "created_at": "2020-04-14", "source": "", "user": {"id": 2171590917, "screen_name": "\u7e41\u534e\u82e5\u68a6wei", "profile_image_url": "https://tvax3.sinaimg.cn/crop.0.0.996.996.180/816fd905ly8gctvnkkqu6j20ro0ro0u4.jpg?KID=imgbed,tva&Expires=1619216465&ssig=y9DAvvwulZ", "verified": false, "verified_type": -1, "followers_count": 221, "mbtype": 0, "profile_url": "https://m.weibo.cn/u/2171590917?uid=2171590917", "remark": "", "following": false, "follow_me": false}, "text": "\u8fd9\u4e48\u6050\u6016", "like_counts": 0, "liked": false}, {"id": 4493627479019733, "created_at": "2020-04-14", "source": "", "user": {"id": 7144841122, "screen_name": "\u5c0f\u9a6c\u9a79\u548c\u5154\u5b9d\u5b9d", "profile_image_url": "https://tvax3.sinaimg.cn/crop.0.0.664.664.180/007Nx1yWly8g4o6jnn2j2j30ig0ih3yz.jpg?KID=imgbed,tva&Expires=1619216465&ssig=AA%2F8bzhLt6", "verified": false, "verified_type": -1, "followers_count": 66, "mbtype": 2, "profile_url": "https://m.weibo.cn/u/7144841122?uid=7144841122", "remark": "", "following": false, "follow_me": false}, "text": "\u8d56\u4e0a\u4e86\uff0c\u600e\u4e48\u529e\uff1f", "like_counts": 9, "liked": false}, {"id": 4493627058941657, "created_at": "2020-04-14", "source": "", "user": {"id": 1934797810, "screen_name": "\u660e\u6708\u67d3\u971c\u8863", "profile_image_url": "https://tva3.sinaimg.cn/crop.0.0.1080.1080.180/7352abf2jw8f11lrbhfbgj20u00u0403.jpg?KID=imgbed,tva&Expires=1619216465&ssig=ENdjmkAY6l", "verified": false, "verified_type": -1, "followers_count": 281, "mbtype": 2, "profile_url": "https://m.weibo.cn/u/1934797810?uid=1934797810", "remark": "", "following": false, "follow_me": false}, "text": "\u7279\u4e48\u7684\uff0c\u4f60\u628a\u7b7e\u8bc1\u529e\u4e0b\u6765\u554a\uff1f\uff1f\uff1f\u55b5\u55b5\u55b5\uff1f\uff1f\uff1f\u8bf4\u7684\u6211\u4eec\u4e2d\u56fd\u4eba\u90fd\u5077\u6e21\u51fa\u53bb\u4f3c\u7684", "like_counts": 36, "liked": false}, {"id": 4493626790669868, "created_at": "2020-04-14", "source": "", "user": {"id": 5847725114, "screen_name": "\u6770\u897f\u54bb\u54bb", "profile_image_url": "https://tvax3.sinaimg.cn/crop.0.0.996.996.180/006nKsr0ly8ged4w20yi9j30ro0roab8.jpg?KID=imgbed,tva&Expires=1619216465&ssig=%2FAJOvzM97q", "verified": false, "verified_type": -1, "followers_count": 24, "mbtype": 2, "profile_url": "https://m.weibo.cn/u/5847725114?uid=5847725114", "remark": "", "following": false, "follow_me": false}, "text": "\u4e2d\u56fd\u57ce\u7684\u4e2d\u56fd\u4eba\u6709\u7b7e\u8bc1\u5417\uff1f\u5e94\u8be5\u6709\u5427\uff0c\u8bf7\u5927\u795e\u5e2e\u52a9\u89e3\u51b3\u7591\u60d1\u3002", "like_counts": 3, "liked": false}]