{"visible": {"type": 0, "list_id": 0}, "created_at": "Tue Apr 14 14:56:11 +0800 2020", "id": "4493625926625860", "mid": "4493625926625860", "can_edit": false, "version": 2, "show_additional_indication": 0, "text": "\u4e2d\u56fd\u4eba\u6c11\u5927\u5b66\u91d1\u707f\u8363\u6559\u6388\uff1a\u5e7f\u5dde\u6709\u4e8c\u5341\u591a\u4e07\u9ed1\u4eba\u5144\u5f1f\uff0c\u53ea\u6709\u4e00\u4e07\u591a\u5408\u6cd5\uff0c\u9001\u4e0d\u56de\u53bb\u4e86\uff01\u6ede\u7559\u4e2d\u56fd\u7684\u975e\u6cd5\u79fb\u6c11\u5f88\u591a\u90fd\u662f\u5c3c\u65e5\u5229\u4e9a\u7c4d\uff0c\u6211\u4eec\u4e13\u95e8\u627e\u5c3c\u65e5\u5229\u4e9a\u5927\u4f7f\u8c08\uff0c\u8bf4\u6211\u4eec\u51fa\u673a\u7968\u8fd8\u7ed9\u5b89\u5bb6\u8d39\uff0c\u9ebb\u70e6\u4f60\u4eec\u505a\u505a\u5de5\u4f5c\u628a\u4ed6\u4eec\u63a5\u8d70\u3002\u7ed3\u679c\u5c3c\u65e5\u5229\u4e9a\u5927\u4f7f\u5f88\u751f\u6c14\u7684\u8bf4\uff1a\u201c\u5168\u4e16\u754c\u90fd\u6709\u4e2d\u56fd\u57ce\uff0c\u51ed\u4ec0\u4e48\u4e2d\u56fd\u4e0d\u80fd\u6709\u5c3c\u65e5\u5229\u4e9a\u57ce\uff01\u201d<span class=\"url-icon\"><img alt=[\u644a\u624b] src=\"https://h5.sinaimg.cn/m/emoticon/icon/default/d_tanshou-fa05d4eacf.png\" style=\"width:1em; height:1em;\" /></span><br /><a  href=\"https://m.weibo.cn/search?containerid=231522type%3D1%26t%3D10%26q%3D%23%E5%B9%BF%E5%B7%9E111%E5%90%8D%E9%9D%9E%E6%B4%B2%E7%B1%8D%E4%BA%BA%E5%A3%AB%E6%96%B0%E5%86%A0%E6%A3%80%E6%B5%8B%E5%91%88%E9%98%B3%E6%80%A7%23&extparam=%23%E5%B9%BF%E5%B7%9E111%E5%90%8D%E9%9D%9E%E6%B4%B2%E7%B1%8D%E4%BA%BA%E5%A3%AB%E6%96%B0%E5%86%A0%E6%A3%80%E6%B5%8B%E5%91%88%E9%98%B3%E6%80%A7%23&luicode=20000061&lfid=4493625926625860\" data-hide=\"\"><span class=\"surl-text\">#\u5e7f\u5dde111\u540d\u975e\u6d32\u7c4d\u4eba\u58eb\u65b0\u51a0\u68c0\u6d4b\u5448\u9633\u6027#</span></a> <a data-url=\"http://t.cn/A6wIAq2Q\" href=\"https://video.weibo.com/show?fid=1034:4493625791545362\" data-hide=\"\"><span class='url-icon'><img style='width: 1rem;height: 1rem' src='https://h5.sinaimg.cn/upload/2015/09/25/3/timeline_card_small_video_default.png'></span><span class=\"surl-text\">\u53f6\u8d85\u7136\u7684\u5fae\u535a\u89c6\u9891</span></a>", "textLength": 333, "source": "\u5fae\u535a\u89c6\u9891\u53f7", "favorited": false, "pic_ids": [], "pic_types": "", "is_paid": false, "mblog_vip_type": 0, "user": {"id": 1617469411, "screen_name": "\u53f6\u8d85\u7136", "profile_image_url": "https://tvax1.sinaimg.cn/crop.0.0.1080.1080.180/60689fe3ly8gphgd8nl71j20u00u0abr.jpg?KID=imgbed,tva&Expires=1619695355&ssig=gVWPZO8Tc4", "profile_url": "https://m.weibo.cn/u/1617469411?uid=1617469411&luicode=20000061&lfid=4493625926625860", "statuses_count": 1191, "verified": true, "verified_type": 0, "verified_type_ext": 0, "verified_reason": "\u97f3\u4e50\u535a\u4e3b", "close_blue_v": false, "description": "\u6587\u76f2", "gender": "m", "mbtype": 2, "urank": 14, "mbrank": 6, "follow_me": false, "following": false, "followers_count": 44021, "follow_count": 219, "cover_image_phone": "https://tva1.sinaimg.cn/crop.0.0.640.640.640/9d44112bjw1f1xl1c10tuj20hs0hs0tw.jpg", "avatar_hd": "https://wx1.sinaimg.cn/orj480/60689fe3ly8gphgd8nl71j20u00u0abr.jpg", "like": false, "like_me": false, "badge": {"bind_taobao": 1, "unread_pool": 1, "unread_pool_ext": 1, "user_name_certificate": 1, "worldcup_2018": 9, "wenda_v2": 1, "china_2019": 1, "rrgyj_2019": 1, "gongjiri_2019": 1, "hongbao_2020": 2, "feiyan_2020": 1, "daka_2020": 1, "hongbaofeifuniu_2021": 1, "hongbaofeijika_2021": 1}}, "reposts_count": 53, "comments_count": 72, "attitudes_count": 448, "pending_approval_count": 0, "isLongText": true, "reward_exhibition_type": 2, "reward_scheme": "sinaweibo://reward?bid=1000293251&enter_id=1000293251&enter_type=1&oid=4493625926625860&seller=1617469411&share=18cb5613ebf3d8aadd9975c1036ab1f47&sign=1b67f5189170de058991106d69753a08", "hide_flag": 0, "mlevel": 10240, "darwin_tags": [], "mblogtype": 0, "mlevelSource": "monitor", "more_info_type": 0, "cardid": "star_1060", "number_display_strategy": {"apply_scenario_flag": 3, "display_text_min_number": 1000000, "display_text": "100\u4e07+"}, "content_auth": 0, "pic_num": 0, "fid": 4493625839845678, "alchemy_params": {"ug_red_envelope": false}, "page_info": {"type": "video", "object_type": 11, "url_ori": "http://t.cn/A6wIAq2Q", "page_pic": {"width": 864, "url": "https://wx3.sinaimg.cn/orj480/60689fe3ly1gdtawtvt5wj20o00djgug.jpg", "height": 487}, "page_url": "https://video.weibo.com/show?fid=1034%3A4493625791545362&luicode=20000061&lfid=4493625926625860", "object_id": "1034:4493625791545362", "page_title": "\u53f6\u8d85\u7136\u7684\u5fae\u535a\u89c6\u9891", "title": "", "content1": "\u53f6\u8d85\u7136\u7684\u5fae\u535a\u89c6\u9891", "content2": "\u4e2d\u56fd\u4eba\u6c11\u5927\u5b66\u91d1\u707f\u8363\u6559\u6388\uff1a\u5e7f\u5dde\u6709\u4e8c\u5341\u591a\u4e07\u9ed1\u4eba\u5144\u5f1f\uff0c\u53ea\u6709\u4e00\u4e07\u591a\u5408\u6cd5\uff0c\u9001\u4e0d\u56de\u53bb\u4e86\uff01\u6ede\u7559\u4e2d\u56fd\u7684\u975e\u6cd5\u79fb\u6c11\u5f88\u591a\u90fd\u662f\u5c3c\u65e5\u5229\u4e9a\u7c4d\uff0c\u6211\u4eec\u4e13\u95e8\u627e\u5c3c\u65e5\u5229\u4e9a\u5927\u4f7f\u8c08\uff0c\u8bf4\u6211\u4eec\u51fa\u673a\u7968\u8fd8\u7ed9\u5b89\u5bb6\u8d39\uff0c\u9ebb\u70e6\u4f60\u4eec\u505a\u505a\u5de5\u4f5c\u628a\u4ed6\u4eec\u63a5\u8d70\u3002\u7ed3\u679c\u5c3c\u65e5\u5229\u4e9a\u5927\u4f7f\u5f88\u751f\u6c14\u7684\u8bf4\uff1a\u201c\u5168\u4e16\u754c\u90fd\u6709\u4e2d\u56fd\u57ce\uff0c\u51ed\u4ec0\u4e48\u4e2d\u56fd\u4e0d\u80fd\u6709\u5c3c\u65e5\u5229\u4e9a\u57ce\uff01\u201d[\u644a\u624b]", "video_orientation": "horizontal", "play_count": "5\u4e07\u6b21\u64ad\u653e", "media_info": {"stream_url": "https://f.video.weibocdn.com/bIk88xfBlx07Cuq9QDWM01041200a7ln0E010.mp4?label=mp4_ld&template=648x360.25.0&trans_finger=40a32e8439c5409a63ccf853562a60ef&ori=0&ps=1BThihd3VLAY5R&Expires=1619688155&ssig=AcYfriIH4W&KID=unistore,video", "stream_url_hd": "https://f.video.weibocdn.com/ElO0DcWhlx07Cuqa2c3C01041200gT1p0E010.mp4?label=mp4_hd&template=864x480.25.0&trans_finger=62b30a3f061b162e421008955c73f536&ori=0&ps=1BThihd3VLAY5R&Expires=1619688155&ssig=xIvxDhshxz&KID=unistore,video", "duration": 167.74}, "urls": {"mp4_hd_mp4": "https://f.video.weibocdn.com/ElO0DcWhlx07Cuqa2c3C01041200gT1p0E010.mp4?label=mp4_hd&template=864x480.25.0&trans_finger=62b30a3f061b162e421008955c73f536&ori=0&ps=1BThihd3VLAY5R&Expires=1619688155&ssig=xIvxDhshxz&KID=unistore,video", "mp4_ld_mp4": "https://f.video.weibocdn.com/bIk88xfBlx07Cuq9QDWM01041200a7ln0E010.mp4?label=mp4_ld&template=648x360.25.0&trans_finger=40a32e8439c5409a63ccf853562a60ef&ori=0&ps=1BThihd3VLAY5R&Expires=1619688155&ssig=AcYfriIH4W&KID=unistore,video"}}, "bid": "IDhDyrNGI", "buttons": [{"type": "follow", "name": "\u5173\u6ce8", "sub_type": 0, "params": {"uid": 1617469411}}], "status_title": "\u5e7f\u5dde111\u540d\u975e\u6d32\u7c4d\u4eba\u58eb\u65b0\u51a0\u68c0\u6d4b\u5448\u9633\u6027", "ok": 1, "scheme": "https://weibo.cn/appurl?scheme=sinaweibo%3A%2F%2Fdetail%3Fmblogid%3D4493625926625860%26luicode%3D20000061%26lfid%3D4493625926625860&luicode=20000061&lfid=4493625926625860", "tipScheme": "https://weibo.cn/appurl?scheme=sinaweibo%3A%2F%2Fdetail%3Fmblogid%3D4493625926625860%26luicode%3D20000061%26lfid%3D4493625926625860&luicode=20000061&lfid=4493625926625860"}