[{"visible": {"type": 0, "list_id": 0}, "created_at": "Tue Jul 14 09:01:51 +0800 2020", "id": "4526514051867407", "mid": "4526514051867407", "can_edit": false, "show_additional_indication": 0, "text": "<a  href=\"https://m.weibo.cn/search?containerid=231522type%3D1%26t%3D10%26q%3D%23%E6%B5%99%E6%B1%9F%E9%A6%96%E4%B8%AA%E6%96%B0%E5%86%A0%E7%96%AB%E8%8B%97%E7%94%9F%E4%BA%A7%E5%9F%BA%E5%9C%B0%E5%8A%A8%E5%B7%A5%23&extparam=%23%E6%B5%99%E6%B1%9F%E9%A6%96%E4%B8%AA%E6%96%B0%E5%86%A0%E7%96%AB%E8%8B%97%E7%94%9F%E4%BA%A7%E5%9F%BA%E5%9C%B0%E5%8A%A8%E5%B7%A5%23\" data-hide=\"\"><span class=\"surl-text\">#\u6d59\u6c5f\u9996\u4e2a\u65b0\u51a0\u75ab\u82d7\u751f\u4ea7\u57fa\u5730\u52a8\u5de5#</span></a>\u6d59\u6c5f\u5c31\u662f\u8fd9\u6837\uff0c\u901f\u5ea6\uff0c\u6548\u7387\uff0c\u4e13\u4e1a<span class=\"url-icon\"><img alt=[\u9c9c\u82b1] src=\"https://h5.sinaimg.cn/m/emoticon/icon/others/w_xianhua-f902c37199.png\" style=\"width:1em; height:1em;\" /></span><span class=\"url-icon\"><img alt=[\u9c9c\u82b1] src=\"https://h5.sinaimg.cn/m/emoticon/icon/others/w_xianhua-f902c37199.png\" style=\"width:1em; height:1em;\" /></span>\uff0c\u8ba9\u4eba\u773c\u7ea2<span class=\"url-icon\"><img alt=[\u9c9c\u82b1] src=\"https://h5.sinaimg.cn/m/emoticon/icon/others/w_xianhua-f902c37199.png\" style=\"width:1em; height:1em;\" /></span> ", "textLength": 88, "source": "\u706b\u661fAndroid", "favorited": false, "pic_ids": ["62672338ly1ggq82iqt3yj20u00jyju6"], "pic_types": "0", "thumbnail_pic": "https://wx4.sinaimg.cn/thumbnail/62672338ly1ggq82iqt3yj20u00jyju6.jpg", "bmiddle_pic": "http://wx4.sinaimg.cn/bmiddle/62672338ly1ggq82iqt3yj20u00jyju6.jpg", "original_pic": "https://wx4.sinaimg.cn/large/62672338ly1ggq82iqt3yj20u00jyju6.jpg", "is_paid": false, "mblog_vip_type": 0, "user": {"id": 1650926392, "screen_name": "\u5927\u5343\u5c0f\u5c0f", "profile_image_url": "https://tvax4.sinaimg.cn/crop.0.0.996.996.180/62672338ly8gnviadizk6j20ro0rogn9.jpg?KID=imgbed,tva&Expires=1619180052&ssig=0cXsJrdRAb", "profile_url": "https://m.weibo.cn/u/1650926392?uid=1650926392", "statuses_count": 17544, "verified": true, "verified_type": 0, "verified_type_ext": 0, "verified_reason": "\u5a31\u4e50\u535a\u4e3b", "close_blue_v": false, "description": "\u5e7d\u9ed8\u8bd9\u8c10\u4e2d\u5e26\u6765\u4e00\u4e01\u70b9\u7684\u601d\u8003", "gender": "m", "mbtype": 12, "urank": 14, "mbrank": 5, "follow_me": false, "following": false, "followers_count": 175426, "follow_count": 4513, "cover_image_phone": "https://wx3.sinaimg.cn/crop.0.0.640.640.640/62672338ly1gcmyt7jvukj20u00u01g4.jpg", "avatar_hd": "https://wx4.sinaimg.cn/orj480/62672338ly8gnviadizk6j20ro0rogn9.jpg", "like": false, "like_me": false, "badge": {"bind_taobao": 1, "unread_pool": 1, "user_name_certificate": 1, "wenda_v2": 1, "relation_display": 1, "china_2019": 1, "hongkong_2019": 1, "dzwbqlx_2019": 1, "shuang11_2019": 1, "wbzy_2019": 1, "macao_2019": 1, "china_2019_2": 1, "hongbao_2020": 2, "feiyan_2020": 1, "daka_2020": 1, "china_2020": 1, "zjszgf_2020": 1, "hongbaofeifuniu_2021": 1}}, "picStatus": "0:1", "reposts_count": 2, "comments_count": 6, "attitudes_count": 3, "pending_approval_count": 0, "isLongText": false, "reward_exhibition_type": 0, "hide_flag": 0, "mlevel": 0, "darwin_tags": [], "mblogtype": 0, "more_info_type": 0, "cardid": "star_1219", "number_display_strategy": {"apply_scenario_flag": 3, "display_text_min_number": 1000000, "display_text": "100\u4e07+"}, "content_auth": 0, "pic_num": 1, "page_info": {"type": "search_topic", "object_type": 0, "page_pic": {"url": "https://wx2.sinaimg.cn/large/61add7e3ly1ggpa9a3zqcj208c08c3yp.jpg"}, "page_url": "https://m.weibo.cn/search?containerid=231522type%3D1%26t%3D10%26q%3D%23%E6%B5%99%E6%B1%9F%E9%A6%96%E4%B8%AA%E6%96%B0%E5%86%A0%E7%96%AB%E8%8B%97%E7%94%9F%E4%BA%A7%E5%9F%BA%E5%9C%B0%E5%8A%A8%E5%B7%A5%23&extparam=%23%E6%B5%99%E6%B1%9F%E9%A6%96%E4%B8%AA%E6%96%B0%E5%86%A0%E7%96%AB%E8%8B%97%E7%94%9F%E4%BA%A7%E5%9F%BA%E5%9C%B0%E5%8A%A8%E5%B7%A5%23", "page_title": "#\u6d59\u6c5f\u9996\u4e2a\u65b0\u51a0\u75ab\u82d7\u751f\u4ea7\u57fa\u5730\u52a8\u5de5#", "content1": "0\u8ba8\u8bba 0\u9605\u8bfb "}, "pics": [{"pid": "62672338ly1ggq82iqt3yj20u00jyju6", "url": "https://wx4.sinaimg.cn/orj360/62672338ly1ggq82iqt3yj20u00jyju6.jpg", "size": "orj360", "geo": {"width": 406, "height": 270, "croped": false}, "large": {"size": "large", "url": "https://wx4.sinaimg.cn/large/62672338ly1ggq82iqt3yj20u00jyju6.jpg", "geo": {"width": "1080", "height": "718", "croped": false}}}], "bid": "Jb7KB7PNt"}, {"visible": {"type": 0, "list_id": 0}, "created_at": "Tue Jul 14 12:15:25 +0800 2020", "id": "4526562765017865", "mid": "4526562765017865", "can_edit": false, "show_additional_indication": 0, "text": "\u8f6c\u53d1\u5fae\u535a", "source": "360\u5b89\u5168\u6d4f\u89c8\u5668", "favorited": false, "pic_ids": [], "pic_types": "", "is_paid": false, "mblog_vip_type": 0, "user": {"id": 3316028700, "screen_name": "1993\u7a0bY", "profile_image_url": "https://tva1.sinaimg.cn/crop.0.0.180.180.180/c5a6951cjw8f4ztixr1glj2050050mx2.jpg?KID=imgbed,tva&Expires=1619180052&ssig=I24qesR6UL", "profile_url": "https://m.weibo.cn/u/3316028700?uid=3316028700", "statuses_count": 9724, "verified": false, "verified_type": -1, "close_blue_v": false, "description": "", "gender": "m", "mbtype": 0, "urank": 4, "mbrank": 0, "follow_me": false, "following": false, "followers_count": 97, "follow_count": 55, "cover_image_phone": "https://tva1.sinaimg.cn/crop.0.0.640.640.640/549d0121tw1egm1kjly3jj20hs0hsq4f.jpg", "avatar_hd": "https://ww1.sinaimg.cn/orj480/c5a6951cjw8f4ztixr1glj2050050mx2.jpg", "like": false, "like_me": false, "badge": {"user_name_certificate": 1, "suishoupai_2018": 1, "qixi_2018": 1, "fu_2019": 1, "hongrenjie_2019": 1, "hongrenjie_2020": 1, "china_2020": 1}}, "reposts_count": 0, "comments_count": 0, "attitudes_count": 0, "pending_approval_count": 0, "isLongText": false, "reward_exhibition_type": 0, "hide_flag": 0, "mlevel": 0, "darwin_tags": [], "mblogtype": 0, "more_info_type": 0, "number_display_strategy": {"apply_scenario_flag": 3, "display_text_min_number": 1000000, "display_text": "100\u4e07+"}, "content_auth": 0, "repost_type": 1, "pic_num": 0, "alchemy_params": {"ug_red_envelope": false}, "raw_text": "\u8f6c\u53d1\u5fae\u535a", "bid": "Jb91al3nj"}, {"visible": {"type": 0, "list_id": 0}, "created_at": "Tue Jul 14 09:11:39 +0800 2020", "id": "4526516518363281", "mid": "4526516518363281", "can_edit": false, "show_additional_indication": 0, "text": "\u8f6c\u53d1\u5fae\u535a", "source": "\u5c0f\u7c736 \u62cd\u4eba\u66f4\u7f8e", "favorited": false, "pic_ids": [], "pic_types": "", "is_paid": false, "mblog_vip_type": 0, "user": {"id": 7470955234, "screen_name": "\u751c\u4e2d\u4e66LEKw", "profile_image_url": "https://tvax1.sinaimg.cn/default/images/default_avatar_male_180.gif?KID=imgbed,tva&Expires=1619180052&ssig=%2FM6QktG%2FkM", "profile_url": "https://m.weibo.cn/u/7470955234?uid=7470955234", "statuses_count": 20, "verified": false, "verified_type": -1, "close_blue_v": false, "description": "", "gender": "m", "mbtype": 0, "urank": 0, "mbrank": 0, "follow_me": false, "following": false, "followers_count": 1, "follow_count": 67, "cover_image_phone": "https://tva1.sinaimg.cn/crop.0.0.640.640.640/549d0121tw1egm1kjly3jj20hs0hsq4f.jpg", "avatar_hd": "https://ss1.sinaimg.cn/orj480/default_avatar_male_180&690", "like": false, "like_me": false, "badge": {"user_name_certificate": 1}}, "reposts_count": 0, "comments_count": 0, "attitudes_count": 0, "pending_approval_count": 0, "isLongText": false, "reward_exhibition_type": 0, "hide_flag": 0, "mlevel": 0, "darwin_tags": [], "mblogtype": 0, "more_info_type": 0, "number_display_strategy": {"apply_scenario_flag": 3, "display_text_min_number": 1000000, "display_text": "100\u4e07+"}, "content_auth": 0, "repost_type": 1, "pic_num": 0, "alchemy_params": {"ug_red_envelope": false}, "raw_text": "\u8f6c\u53d1\u5fae\u535a", "bid": "Jb7Ozz5FD"}]