[{"visible": {"type": 0, "list_id": 0}, "created_at": "Sat Mar 07 08:32:24 +0800 2020", "id": "4479758609739025", "mid": "4479758609739025", "can_edit": false, "show_additional_indication": 0, "text": "\u6ca1\u89c1\u4f60\u9886\u56de\u5bb6\u6551\u6cbb\u554a\uff01\u6d41\u6d6a\u72d7\u3002", "source": "\u5c0f\u7c73Max3 \u5927\u5c4f\u5927\u7535\u91cf", "favorited": false, "pic_ids": [], "pic_types": "", "is_paid": false, "mblog_vip_type": 0, "user": {"id": 5616425377, "screen_name": "\u5b50\u76bf\u7684\u5929\u7a7a", "profile_image_url": "https://tva4.sinaimg.cn/crop.40.0.640.640.180/00685WO5jw8esenx6j8wyj30k00hs74l.jpg?KID=imgbed,tva&Expires=1619049132&ssig=zrTDSqsKaf", "profile_url": "https://m.weibo.cn/u/5616425377?uid=5616425377", "statuses_count": 24142, "verified": false, "verified_type": -1, "close_blue_v": false, "description": "", "gender": "m", "mbtype": 0, "urank": 9, "mbrank": 0, "follow_me": false, "following": false, "followers_count": 344, "follow_count": 256, "cover_image_phone": "https://tva1.sinaimg.cn/crop.0.0.640.640.640/549d0121tw1egm1kjly3jj20hs0hsq4f.jpg", "avatar_hd": "https://ww4.sinaimg.cn/orj480/00685WO5jw8esenx6j8wyj30k00hs74l.jpg", "like": false, "like_me": false, "badge": {"unread_pool": 1, "unread_pool_ext": 1, "user_name_certificate": 1, "wenda_v2": 1, "memorial_2018": 1, "suishoupai_2019": 2, "hongrenjie_2019": 1, "china_2019": 1, "hongkong_2019": 1, "gongjiri_2019": 1, "hongbao_2020": 2, "feiyan_2020": 1, "school_2020": 1}}, "reposts_count": 0, "comments_count": 0, "attitudes_count": 0, "pending_approval_count": 0, "isLongText": false, "reward_exhibition_type": 0, "hide_flag": 0, "mlevel": 0, "darwin_tags": [], "mblogtype": 0, "more_info_type": 0, "number_display_strategy": {"apply_scenario_flag": 3, "display_text_min_number": 1000000, "display_text": "100\u4e07+"}, "content_auth": 0, "repost_type": 3, "pic_num": 0, "alchemy_params": {"ug_red_envelope": false}, "raw_text": "\u6ca1\u89c1\u4f60\u9886\u56de\u5bb6\u6551\u6cbb\u554a\uff01\u6d41\u6d6a\u72d7\u3002", "bid": "IxsSUERz3"}, {"visible": {"type": 0, "list_id": 0}, "created_at": "Mon Mar 02 20:01:29 +0800 2020", "id": "4478120079914729", "mid": "4478120079914729", "can_edit": false, "show_additional_indication": 0, "text": "//<a href='/n/\u7528\u62377254294276'>@\u7528\u62377254294276</a>:\u4e0d\u8ba9\u905b\u72d7\u5c31\u522b\u517b\u4e86\uff0c\u8bf4\u662f\u6709\u7231\u5fc3\uff0c\u628a\u517b\u72d7\u7684\u94b1\u6350\u7ed9\u7247\u5c71\u533a\u5c0f\u670b\u53cb\u76d6\u5b66\u6821\u5427\uff0c", "source": "HUAWEI P20", "favorited": false, "pic_ids": [], "pic_types": "", "is_paid": false, "mblog_vip_type": 0, "user": {"id": 7254294276, "screen_name": "\u7528\u62377254294276", "profile_image_url": "https://tvax1.sinaimg.cn/default/images/default_avatar_female_180.gif?KID=imgbed,tva&Expires=1619049132&ssig=NhOLZ%2B4jw4", "profile_url": "https://m.weibo.cn/u/7254294276?uid=7254294276", "statuses_count": 2, "verified": false, "verified_type": -1, "close_blue_v": false, "description": "", "gender": "f", "mbtype": 0, "urank": 0, "mbrank": 0, "follow_me": false, "following": false, "followers_count": 8, "follow_count": 322, "cover_image_phone": "https://tva1.sinaimg.cn/crop.0.0.640.640.640/549d0121tw1egm1kjly3jj20hs0hsq4f.jpg", "avatar_hd": "https://ss1.sinaimg.cn/orj480/default_avatar_female_180&690", "like": false, "like_me": false, "badge": {"user_name_certificate": 1}}, "reposts_count": 0, "comments_count": 0, "attitudes_count": 0, "pending_approval_count": 0, "isLongText": false, "reward_exhibition_type": 0, "hide_flag": 0, "mlevel": 0, "darwin_tags": [], "mblogtype": 0, "more_info_type": 0, "number_display_strategy": {"apply_scenario_flag": 3, "display_text_min_number": 1000000, "display_text": "100\u4e07+"}, "content_auth": 0, "repost_type": 5, "pic_num": 0, "alchemy_params": {"ug_red_envelope": false}, "raw_text": "//@\u7528\u62377254294276:\u4e0d\u8ba9\u905b\u72d7\u5c31\u522b\u517b\u4e86\uff0c\u8bf4\u662f\u6709\u7231\u5fc3\uff0c\u628a\u517b\u72d7\u7684\u94b1\u6350\u7ed9\u7247\u5c71\u533a\u5c0f\u670b\u53cb\u76d6\u5b66\u6821\u5427\uff0c", "bid": "IwMg7FBgZ"}, {"visible": {"type": 0, "list_id": 0}, "created_at": "Mon Mar 02 13:01:09 +0800 2020", "id": "4478014299775635", "mid": "4478014299775635", "can_edit": false, "show_additional_indication": 0, "text": "\u6ca1\u89c1\u4f60\u9886\u56de\u5bb6\u6551\u6cbb\u554a\uff01\u6d41\u6d6a\u72d7\u3002", "source": "\u5c0f\u7c73Max3 \u5927\u5c4f\u5927\u7535\u91cf", "favorited": false, "pic_ids": [], "pic_types": "", "is_paid": false, "mblog_vip_type": 0, "user": {"id": 5616425377, "screen_name": "\u5b50\u76bf\u7684\u5929\u7a7a", "profile_image_url": "https://tva4.sinaimg.cn/crop.40.0.640.640.180/00685WO5jw8esenx6j8wyj30k00hs74l.jpg?KID=imgbed,tva&Expires=1619049132&ssig=zrTDSqsKaf", "profile_url": "https://m.weibo.cn/u/5616425377?uid=5616425377", "statuses_count": 24142, "verified": false, "verified_type": -1, "close_blue_v": false, "description": "", "gender": "m", "mbtype": 0, "urank": 9, "mbrank": 0, "follow_me": false, "following": false, "followers_count": 344, "follow_count": 256, "cover_image_phone": "https://tva1.sinaimg.cn/crop.0.0.640.640.640/549d0121tw1egm1kjly3jj20hs0hsq4f.jpg", "avatar_hd": "https://ww4.sinaimg.cn/orj480/00685WO5jw8esenx6j8wyj30k00hs74l.jpg", "like": false, "like_me": false, "badge": {"unread_pool": 1, "unread_pool_ext": 1, "user_name_certificate": 1, "wenda_v2": 1, "memorial_2018": 1, "suishoupai_2019": 2, "hongrenjie_2019": 1, "china_2019": 1, "hongkong_2019": 1, "gongjiri_2019": 1, "hongbao_2020": 2, "feiyan_2020": 1, "school_2020": 1}}, "reposts_count": 0, "comments_count": 0, "attitudes_count": 0, "pending_approval_count": 0, "isLongText": false, "reward_exhibition_type": 0, "hide_flag": 0, "mlevel": 0, "darwin_tags": [], "mblogtype": 0, "more_info_type": 0, "number_display_strategy": {"apply_scenario_flag": 3, "display_text_min_number": 1000000, "display_text": "100\u4e07+"}, "content_auth": 0, "repost_type": 3, "pic_num": 0, "alchemy_params": {"ug_red_envelope": false}, "raw_text": "\u6ca1\u89c1\u4f60\u9886\u56de\u5bb6\u6551\u6cbb\u554a\uff01\u6d41\u6d6a\u72d7\u3002", "bid": "IwJvvF15x"}, {"visible": {"type": 0, "list_id": 0}, "created_at": "Mon Mar 02 00:08:43 +0800 2020", "id": "4477819910773362", "mid": "4477819910773362", "can_edit": false, "show_additional_indication": 0, "text": "\u8f6c\u53d1\u5fae\u535a", "source": "nova5Pro\u4eba\u50cf\u8d85\u7ea7\u591c\u666f", "favorited": false, "pic_ids": [], "pic_types": "", "is_paid": false, "mblog_vip_type": 0, "user": {"id": 6211176163, "screen_name": "\u6b63\u4e49\u53ef\u80fd\u4f1a\u8fdf\u5230", "profile_image_url": "https://tvax2.sinaimg.cn/crop.0.0.960.960.180/006MlsEHly8ftzx2llougj30qo0qo75u.jpg?KID=imgbed,tva&Expires=1619049132&ssig=TGUihdrzKk", "profile_url": "https://m.weibo.cn/u/6211176163?uid=6211176163", "statuses_count": 32, "verified": false, "verified_type": -1, "close_blue_v": false, "description": "", "gender": "m", "mbtype": 0, "urank": 4, "mbrank": 0, "follow_me": false, "following": false, "followers_count": 62, "follow_count": 113, "cover_image_phone": "https://tva1.sinaimg.cn/crop.0.0.640.640.640/549d0121tw1egm1kjly3jj20hs0hsq4f.jpg", "avatar_hd": "https://wx2.sinaimg.cn/orj480/006MlsEHly8ftzx2llougj30qo0qo75u.jpg", "like": false, "like_me": false, "badge": {"user_name_certificate": 1, "hongbao_2020": 2, "feiyan_2020": 1}}, "reposts_count": 1, "comments_count": 0, "attitudes_count": 0, "pending_approval_count": 0, "isLongText": false, "reward_exhibition_type": 0, "hide_flag": 0, "mlevel": 0, "darwin_tags": [], "mblogtype": 0, "more_info_type": 0, "number_display_strategy": {"apply_scenario_flag": 3, "display_text_min_number": 1000000, "display_text": "100\u4e07+"}, "content_auth": 0, "repost_type": 1, "pic_num": 0, "alchemy_params": {"ug_red_envelope": false}, "raw_text": "\u8f6c\u53d1\u5fae\u535a", "bid": "IwErZ3fbA"}, {"visible": {"type": 0, "list_id": 0}, "created_at": "Sun Mar 01 15:59:02 +0800 2020", "id": "4477696677705405", "mid": "4477696677705405", "can_edit": false, "show_additional_indication": 0, "text": "\u8f6c\u53d1\u5fae\u535a", "source": "iPhone\u5ba2\u6237\u7aef", "favorited": false, "pic_ids": [], "pic_types": "", "is_paid": false, "mblog_vip_type": 0, "user": {"id": 5790893050, "screen_name": "\u5c0f\u8c46\u8c46\u7684\u8c46\u8c46\u7cd6", "profile_image_url": "https://tvax1.sinaimg.cn/crop.0.0.829.829.180/006jTZOOly8gl4wd5n41pj30n10n1gnf.jpg?KID=imgbed,tva&Expires=1619049132&ssig=THSfXqZy4Z", "profile_url": "https://m.weibo.cn/u/5790893050?uid=5790893050", "statuses_count": 1110, "verified": false, "verified_type": -1, "close_blue_v": false, "description": "", "gender": "f", "mbtype": 2, "urank": 9, "mbrank": 2, "follow_me": false, "following": false, "followers_count": 106, "follow_count": 127, "cover_image_phone": "https://tva1.sinaimg.cn/crop.0.0.640.640.640/9d44112bjw1f1xl1c10tuj20hs0hs0tw.jpg", "avatar_hd": "https://wx1.sinaimg.cn/orj480/006jTZOOly8gl4wd5n41pj30n10n1gnf.jpg", "like": false, "like_me": false, "badge": {"user_name_certificate": 1, "wenda_v2": 1, "wusi_2019": 1, "china_2019": 1, "hongbao_2020": 2, "hongbaofeifuniu_2021": 1}}, "reposts_count": 0, "comments_count": 0, "attitudes_count": 0, "pending_approval_count": 0, "isLongText": false, "reward_exhibition_type": 0, "hide_flag": 0, "mlevel": 0, "darwin_tags": [], "mblogtype": 0, "more_info_type": 0, "number_display_strategy": {"apply_scenario_flag": 3, "display_text_min_number": 1000000, "display_text": "100\u4e07+"}, "content_auth": 0, "repost_type": 1, "pic_num": 0, "alchemy_params": {"ug_red_envelope": false}, "raw_text": "\u8f6c\u53d1\u5fae\u535a", "bid": "IwBfdwkwJ"}, {"visible": {"type": 0, "list_id": 0}, "created_at": "Sun Mar 01 13:16:05 +0800 2020", "id": "4477655669594071", "mid": "4477655669594071", "can_edit": false, "show_additional_indication": 0, "text": "\u8f6c\u53d1\u5fae\u535a", "source": "OnePlus 5T", "favorited": false, "pic_ids": [], "pic_types": "", "is_paid": false, "mblog_vip_type": 0, "user": {"id": 7271179657, "screen_name": "\u7528\u62377271179657", "profile_image_url": "https://tvax1.sinaimg.cn/default/images/default_avatar_male_180.gif?KID=imgbed,tva&Expires=1619049132&ssig=udTNde85K6", "profile_url": "https://m.weibo.cn/u/7271179657?uid=7271179657", "statuses_count": 7, "verified": false, "verified_type": -1, "close_blue_v": false, "description": "", "gender": "m", "mbtype": 0, "urank": 4, "mbrank": 0, "follow_me": false, "following": false, "followers_count": 27, "follow_count": 153, "cover_image_phone": "https://tva1.sinaimg.cn/crop.0.0.640.640.640/549d0121tw1egm1kjly3jj20hs0hsq4f.jpg", "avatar_hd": "https://ss1.sinaimg.cn/orj480/default_avatar_male_180&690", "like": false, "like_me": false, "badge": {"user_name_certificate": 1}}, "reposts_count": 0, "comments_count": 0, "attitudes_count": 0, "pending_approval_count": 0, "isLongText": false, "reward_exhibition_type": 0, "hide_flag": 0, "mlevel": 0, "darwin_tags": [], "mblogtype": 0, "more_info_type": 0, "number_display_strategy": {"apply_scenario_flag": 3, "display_text_min_number": 1000000, "display_text": "100\u4e07+"}, "content_auth": 0, "repost_type": 1, "pic_num": 0, "alchemy_params": {"ug_red_envelope": false}, "raw_text": "\u8f6c\u53d1\u5fae\u535a", "bid": "IwAb4EfR5"}, {"visible": {"type": 0, "list_id": 0}, "created_at": "Sat Feb 29 23:54:36 +0800 2020", "id": "4477453970384156", "mid": "4477453970384156", "can_edit": false, "show_additional_indication": 0, "text": "\u8fd9\u79cd\u8d27\u5b58\u5728\u4e8e\u4e16\u4e0a\u5c31\u662f\u4e00\u4e2a\u5929\u5927\u7684\u9519\u8bef\u3002", "source": "\u4e09\u661fA9s \u98a0\u8986\u6027\u56db\u6444", "favorited": false, "pic_ids": [], "pic_types": "", "is_paid": false, "mblog_vip_type": 0, "user": {"id": 6103140897, "screen_name": "\u95ed\u95e8\u79cd\u83dcA", "profile_image_url": "https://tvax1.sinaimg.cn/default/images/default_avatar_male_180.gif?KID=imgbed,tva&Expires=1619049132&ssig=udTNde85K6", "profile_url": "https://m.weibo.cn/u/6103140897?uid=6103140897", "statuses_count": 1867, "verified": false, "verified_type": -1, "close_blue_v": false, "description": "\u8bf4\u8bf4\u771f\u8bdd\u80fd\u6b7b\u4eba\u4e48\uff1f", "gender": "m", "mbtype": 0, "urank": 9, "mbrank": 0, "follow_me": false, "following": false, "followers_count": 48, "follow_count": 428, "cover_image_phone": "https://tva1.sinaimg.cn/crop.0.0.640.640.640/549d0121tw1egm1kjly3jj20hs0hsq4f.jpg", "avatar_hd": "https://ss1.sinaimg.cn/orj480/default_avatar_male_180&690", "like": false, "like_me": false, "badge": {"user_name_certificate": 1, "wenda_v2": 1, "feiyan_2020": 1}}, "reposts_count": 0, "comments_count": 0, "attitudes_count": 0, "pending_approval_count": 0, "isLongText": false, "reward_exhibition_type": 0, "hide_flag": 0, "mlevel": 0, "darwin_tags": [], "mblogtype": 0, "more_info_type": 0, "number_display_strategy": {"apply_scenario_flag": 3, "display_text_min_number": 1000000, "display_text": "100\u4e07+"}, "content_auth": 0, "repost_type": 4, "pic_num": 0, "alchemy_params": {"ug_red_envelope": false}, "raw_text": "\u8fd9\u79cd\u8d27\u5b58\u5728\u4e8e\u4e16\u4e0a\u5c31\u662f\u4e00\u4e2a\u5929\u5927\u7684\u9519\u8bef\u3002", "bid": "IwuVL1BW4"}, {"visible": {"type": 0, "list_id": 0}, "created_at": "Sat Feb 29 23:52:39 +0800 2020", "id": "4477453483867806", "mid": "4477453483867806", "can_edit": false, "show_additional_indication": 0, "text": "\u8fd9\u54ea\u91cc\u662f\u9632\u75ab\u4eba\u5458\uff1f\u8fd9\u662f\u4e00\u5934\u755c\u751f\uff01", "source": "\u4e09\u661fA9s \u98a0\u8986\u6027\u56db\u6444", "favorited": false, "pic_ids": [], "pic_types": "", "is_paid": false, "mblog_vip_type": 0, "user": {"id": 6103140897, "screen_name": "\u95ed\u95e8\u79cd\u83dcA", "profile_image_url": "https://tvax1.sinaimg.cn/default/images/default_avatar_male_180.gif?KID=imgbed,tva&Expires=1619049132&ssig=udTNde85K6", "profile_url": "https://m.weibo.cn/u/6103140897?uid=6103140897", "statuses_count": 1867, "verified": false, "verified_type": -1, "close_blue_v": false, "description": "\u8bf4\u8bf4\u771f\u8bdd\u80fd\u6b7b\u4eba\u4e48\uff1f", "gender": "m", "mbtype": 0, "urank": 9, "mbrank": 0, "follow_me": false, "following": false, "followers_count": 48, "follow_count": 428, "cover_image_phone": "https://tva1.sinaimg.cn/crop.0.0.640.640.640/549d0121tw1egm1kjly3jj20hs0hsq4f.jpg", "avatar_hd": "https://ss1.sinaimg.cn/orj480/default_avatar_male_180&690", "like": false, "like_me": false, "badge": {"user_name_certificate": 1, "wenda_v2": 1, "feiyan_2020": 1}}, "reposts_count": 0, "comments_count": 0, "attitudes_count": 0, "pending_approval_count": 0, "isLongText": false, "reward_exhibition_type": 0, "hide_flag": 0, "mlevel": 0, "darwin_tags": [], "mblogtype": 0, "more_info_type": 0, "number_display_strategy": {"apply_scenario_flag": 3, "display_text_min_number": 1000000, "display_text": "100\u4e07+"}, "content_auth": 0, "repost_type": 3, "pic_num": 0, "alchemy_params": {"ug_red_envelope": false}, "raw_text": "\u8fd9\u54ea\u91cc\u662f\u9632\u75ab\u4eba\u5458\uff1f\u8fd9\u662f\u4e00\u5934\u755c\u751f\uff01", "bid": "IwuUYgebY"}, {"visible": {"type": 0, "list_id": 0}, "created_at": "Sat Feb 29 02:36:11 +0800 2020", "id": "4477132245761565", "mid": "4477132245761565", "can_edit": false, "show_additional_indication": 0, "text": "\u8f6c\u53d1\u5fae\u535a", "source": "vivo X27", "favorited": false, "pic_ids": [], "pic_types": "", "is_paid": false, "mblog_vip_type": 0, "user": {"id": 3815116365, "screen_name": "\u4f60\u6211\u76f8\u9694\u7a7a\u8c37\u957f\u98ce", "profile_image_url": "https://tvax1.sinaimg.cn/crop.0.0.996.996.180/e3660e4dly8gcqh9oxiijj20ro0romzb.jpg?KID=imgbed,tva&Expires=1619049135&ssig=gc9oUiULdH", "profile_url": "https://m.weibo.cn/u/3815116365?uid=3815116365", "statuses_count": 8654, "verified": false, "verified_type": -1, "close_blue_v": false, "description": "", "gender": "f", "mbtype": 2, "urank": 9, "mbrank": 1, "follow_me": false, "following": false, "followers_count": 188, "follow_count": 966, "cover_image_phone": "https://tva1.sinaimg.cn/crop.0.0.640.640.640/9d44112bjw1f1xl1c10tuj20hs0hs0tw.jpg", "avatar_hd": "https://wx1.sinaimg.cn/orj480/e3660e4dly8gcqh9oxiijj20ro0romzb.jpg", "like": false, "like_me": false, "badge": {"gongyi_level": 1, "unread_pool": 1, "unread_pool_ext": 1, "dzwbqlx_2016": 1, "super_star_2017": 1, "travel_2017": 1, "lol_gm_2017": 1, "user_name_certificate": 1, "worldcup_2018": 34, "dailv_2018": 1, "lol_s8": 1, "hongrenjie_2019": 1, "china_2019": 1, "hongkong_2019": 1, "hongbao_2020": 2, "weibozhiye_2020": 1}}, "reposts_count": 0, "comments_count": 0, "attitudes_count": 0, "pending_approval_count": 0, "isLongText": false, "reward_exhibition_type": 0, "hide_flag": 0, "mlevel": 0, "darwin_tags": [], "mblogtype": 0, "more_info_type": 0, "number_display_strategy": {"apply_scenario_flag": 3, "display_text_min_number": 1000000, "display_text": "100\u4e07+"}, "content_auth": 0, "repost_type": 1, "pic_num": 0, "alchemy_params": {"ug_red_envelope": false}, "raw_text": "\u8f6c\u53d1\u5fae\u535a", "bid": "IwmyQoaQt"}, {"visible": {"type": 0, "list_id": 0}, "created_at": "Sat Feb 29 01:20:09 +0800 2020", "id": "4477113115928049", "mid": "4477113115928049", "can_edit": false, "show_additional_indication": 0, "text": "\u4eba\u6e23\uff01\u4eba\u6e23\uff01\u8fd9\u4ed6\u5988\u662f\u4ec0\u4e48\u4e16\u9053\uff01//<a href='/n/\u82b1\u9999\u6ee1\u5f84\u7684\u5929\u7a7a'>@\u82b1\u9999\u6ee1\u5f84\u7684\u5929\u7a7a</a>:\u4eba\u90fd\u8eb2\u4e0d\u8fc7\u66f4\u4f55\u51b5\u4e00\u6761\u72d7\uff01<span class=\"url-icon\"><img alt=[\u6cea] src=\"https://h5.sinaimg.cn/m/emoticon/icon/default/d_lei-4cdf6ee412.png\" style=\"width:1em; height:1em;\" /></span><span class=\"url-icon\"><img alt=[\u6cea] src=\"https://h5.sinaimg.cn/m/emoticon/icon/default/d_lei-4cdf6ee412.png\" style=\"width:1em; height:1em;\" /></span>", "source": "OPPO R9", "favorited": false, "pic_ids": [], "pic_types": "", "is_paid": false, "mblog_vip_type": 0, "user": {"id": 1567786790, "screen_name": "Mafaldavsme", "profile_image_url": "https://tvax4.sinaimg.cn/crop.0.0.996.996.180/5d728726ly8fpguixiyp4j20ro0rowjz.jpg?KID=imgbed,tva&Expires=1619049135&ssig=%2BW8lPhjtYq", "profile_url": "https://m.weibo.cn/u/1567786790?uid=1567786790", "statuses_count": 1675, "verified": false, "verified_type": -1, "close_blue_v": false, "description": "", "gender": "f", "mbtype": 0, "urank": 12, "mbrank": 0, "follow_me": false, "following": false, "followers_count": 235, "follow_count": 376, "cover_image_phone": "https://tva1.sinaimg.cn/crop.0.0.640.640.640/549d0121tw1egm1kjly3jj20hs0hsq4f.jpg", "avatar_hd": "https://wx4.sinaimg.cn/orj480/5d728726ly8fpguixiyp4j20ro0rowjz.jpg", "like": false, "like_me": false, "badge": {"bind_taobao": 1, "unread_pool": 1, "user_name_certificate": 1, "super_star_2018": 1, "starlight_2019": 1, "hongbao_2020": 2, "kangyi_2020": 1}}, "pid": 4477029858557597, "pidstr": "4477029858557597", "reposts_count": 0, "comments_count": 0, "attitudes_count": 0, "pending_approval_count": 0, "isLongText": false, "reward_exhibition_type": 0, "hide_flag": 0, "mlevel": 0, "darwin_tags": [], "mblogtype": 0, "more_info_type": 0, "number_display_strategy": {"apply_scenario_flag": 3, "display_text_min_number": 1000000, "display_text": "100\u4e07+"}, "content_auth": 0, "repost_type": 1, "pic_num": 0, "alchemy_params": {"ug_red_envelope": false}, "raw_text": "\u4eba\u6e23\uff01\u4eba\u6e23\uff01\u8fd9\u4ed6\u5988\u662f\u4ec0\u4e48\u4e16\u9053\uff01//@\u82b1\u9999\u6ee1\u5f84\u7684\u5929\u7a7a:\u4eba\u90fd\u8eb2\u4e0d\u8fc7\u66f4\u4f55\u51b5\u4e00\u6761\u72d7\uff01[\u6cea][\u6cea]", "bid": "Iwm3ZoS9H"}, {"visible": {"type": 0, "list_id": 0}, "created_at": "Fri Feb 28 22:38:59 +0800 2020", "id": "4477072552727093", "mid": "4477072552727093", "can_edit": false, "show_additional_indication": 0, "text": "\u5b8c\u5168\u4e0d\u80fd\u5bb9\u5fcd\u3002\u89c9\u5f97\u52a8\u7269\u4e0d\u5b89\u5168\u5c31\u6253\u6b7b\uff1f\u8fd8\u529d\u522b\u4eba\u4e0d\u8981\u517b\uff1f \u5c31\u60f3\u8bf4\u4e00\u53e5\uff1a\u65e0\u8f9c\u6253\u52a8\u7269\u7684\u4eba\uff0c\u517b\u4f60\u4e0d\u5b89\u5168\uff0c\u6211\u529d\u4f60\u7236\u6bcd\u4e86\u5417\uff1f", "source": "", "favorited": false, "pic_ids": [], "pic_types": "", "is_paid": false, "mblog_vip_type": 0, "user": {"id": 2954078657, "screen_name": "\u9020\u7269\u4e3bvo\u6653\u7433_\u795e\u901a\u5e7f\u5927\u62a5\u6069\u62a5\u4ec7", "profile_image_url": "https://tvax1.sinaimg.cn/crop.0.0.996.996.180/b013a9c1ly8gdicco4nlyj20ro0rowij.jpg?KID=imgbed,tva&Expires=1619049135&ssig=e5JT%2BfwrmG", "profile_url": "https://m.weibo.cn/u/2954078657?uid=2954078657", "statuses_count": 2316, "verified": false, "verified_type": -1, "close_blue_v": false, "description": "\u6211\u662f\u5b87\u5b99\u662f\u6211\u4ee3\u8a00\u4eba\u3002\u522b\u7528\u4f60\u7684\u5883\u754c\u6765\u7406\u89e3\u6211\u7684\u610f\u601d\u3002\u5168\u7403\u6c90\u6d74\u9633\u5149\u3002\u4e16\u754c\u7684\u5c3d\u5934\u662f\u6211\u5fc3\u91cc\u5439\u4e0d\u6563\u7684\u9b42\u3002", "gender": "f", "mbtype": 11, "urank": 9, "mbrank": 4, "follow_me": false, "following": false, "followers_count": 11359, "follow_count": 33, "cover_image_phone": "https://wx3.sinaimg.cn/crop.0.0.640.640.640/b013a9c1gy1go24xza78vj20u00u0772.jpg", "avatar_hd": "https://wx1.sinaimg.cn/orj480/b013a9c1ly8gdicco4nlyj20ro0rowij.jpg", "like": false, "like_me": false, "badge": {"user_name_certificate": 1, "wenda_v2": 1, "hongbaofei_2019": 1, "hongbao_2020": 2, "feiyan_2020": 1, "hongbaofeijika_2021": 1}}, "reposts_count": 0, "comments_count": 0, "attitudes_count": 0, "pending_approval_count": 0, "isLongText": false, "reward_exhibition_type": 0, "hide_flag": 0, "mlevel": 0, "darwin_tags": [], "mblogtype": 0, "more_info_type": 0, "cardid": "star_540", "number_display_strategy": {"apply_scenario_flag": 3, "display_text_min_number": 1000000, "display_text": "100\u4e07+"}, "content_auth": 0, "repost_type": 1, "pic_num": 0, "alchemy_params": {"ug_red_envelope": false}, "raw_text": "\u5b8c\u5168\u4e0d\u80fd\u5bb9\u5fcd\u3002\u89c9\u5f97\u52a8\u7269\u4e0d\u5b89\u5168\u5c31\u6253\u6b7b\uff1f\u8fd8\u529d\u522b\u4eba\u4e0d\u8981\u517b\uff1f \u5c31\u60f3\u8bf4\u4e00\u53e5\uff1a\u65e0\u8f9c\u6253\u52a8\u7269\u7684\u4eba\uff0c\u517b\u4f60\u4e0d\u5b89\u5168\uff0c\u6211\u529d\u4f60\u7236\u6bcd\u4e86\u5417\uff1f", "bid": "Iwl0zbrrn"}, {"visible": {"type": 0, "list_id": 0}, "created_at": "Fri Feb 28 20:53:36 +0800 2020", "id": "4477046031589116", "mid": "4477046031589116", "can_edit": false, "show_additional_indication": 0, "text": "\u8f6c\u53d1\u5fae\u535a", "source": "iPhone\u5ba2\u6237\u7aef", "favorited": false, "pic_ids": [], "pic_types": "", "is_paid": false, "mblog_vip_type": 0, "user": {"id": 6859015304, "screen_name": "\u5bfb\u89c5\u7231\u4e0e\u65f6\u5149", "profile_image_url": "https://tvax4.sinaimg.cn/crop.0.0.1080.1080.180/007ubJd6ly8ggn8ao5k32j30u00u07jq.jpg?KID=imgbed,tva&Expires=1619049135&ssig=JDMRxqFFS3", "profile_url": "https://m.weibo.cn/u/6859015304?uid=6859015304", "statuses_count": 29319, "verified": false, "verified_type": -1, "close_blue_v": false, "description": "\u81ea\u5f8b\uff5e", "gender": "f", "mbtype": 0, "urank": 9, "mbrank": 0, "follow_me": false, "following": false, "followers_count": 163, "follow_count": 1581, "cover_image_phone": "https://tva1.sinaimg.cn/crop.0.0.640.640.640/549d0121tw1egm1kjly3jj20hs0hsq4f.jpg", "avatar_hd": "https://wx4.sinaimg.cn/orj480/007ubJd6ly8ggn8ao5k32j30u00u07jq.jpg", "like": false, "like_me": false, "badge": {"user_name_certificate": 1, "suishoupai_2019": 1, "wusi_2019": 1, "hongrenjie_2019": 1, "china_2019": 1, "hongkong_2019": 1, "rrgyj_2019": 1, "macao_2019": 1, "china_2019_2": 1, "hongbao_2020": 2, "feiyan_2020": 1, "graduation_2020": 1, "dailv_2020": 1, "school_2020": 1, "hongrenjie_2020": 1, "china_2020": 1, "zjszgf_2020": 1, "hongbaofeifuniu_2021": 1, "hongbaofeijika_2021": 1, "nihaoshenghuojie_2021": 1}}, "reposts_count": 0, "comments_count": 0, "attitudes_count": 0, "pending_approval_count": 0, "isLongText": false, "reward_exhibition_type": 0, "hide_flag": 0, "mlevel": 0, "darwin_tags": [], "mblogtype": 0, "more_info_type": 0, "number_display_strategy": {"apply_scenario_flag": 3, "display_text_min_number": 1000000, "display_text": "100\u4e07+"}, "content_auth": 0, "repost_type": 1, "pic_num": 0, "alchemy_params": {"ug_red_envelope": false}, "raw_text": "\u8f6c\u53d1\u5fae\u535a", "bid": "IwkjN6FoU"}, {"visible": {"type": 0, "list_id": 0}, "created_at": "Fri Feb 28 20:17:20 +0800 2020", "id": "4477036908880888", "mid": "4477036908880888", "can_edit": false, "show_additional_indication": 0, "text": "\u518d\u600e\u4e48\u8bf4\u4e5f\u662f\u4e00\u6761\u751f\u547d\uff0c\u6267\u6cd5\u4e5f\u8981\u6709\u5ea6<span class=\"url-icon\"><img alt=[\u6012] src=\"https://h5.sinaimg.cn/m/emoticon/icon/default/d_nu-0ddf642bed.png\" style=\"width:1em; height:1em;\" /></span>", "source": "iPhone\u5ba2\u6237\u7aef", "favorited": false, "pic_ids": [], "pic_types": "", "is_paid": false, "mblog_vip_type": 0, "user": {"id": 1512795923, "screen_name": "\u82cf\u83f2\u732a\u732a", "profile_image_url": "https://tvax2.sinaimg.cn/crop.0.0.751.751.180/5a2b6f13ly8g7akz4me86j20kv0kvaas.jpg?KID=imgbed,tva&Expires=1619049135&ssig=runz%2Fg1yjn", "profile_url": "https://m.weibo.cn/u/1512795923?uid=1512795923", "statuses_count": 9849, "verified": false, "verified_type": -1, "close_blue_v": false, "description": "", "gender": "f", "mbtype": 0, "urank": 36, "mbrank": 0, "follow_me": false, "following": false, "followers_count": 467, "follow_count": 1920, "cover_image_phone": "https://tva1.sinaimg.cn/crop.0.0.640.640.640/549d0121tw1egm1kjly3jj20hs0hsq4f.jpg", "avatar_hd": "https://wx2.sinaimg.cn/orj480/5a2b6f13ly8g7akz4me86j20kv0kvaas.jpg", "like": false, "like_me": false, "badge": {"bind_taobao": 1, "dailv": 1, "zongyiji": 1, "unread_pool": 1, "vip_activity2": 1, "unread_pool_ext": 1, "dzwbqlx_2016": 1, "super_star_2017": 1, "cz_wed_2017": 1, "panda": 1, "user_name_certificate": 1, "double11_2018": 1, "suishoupai_2019": 1, "hongrenjie_2019": 1, "dailv_2019": 1, "china_2019": 1, "hongbao_2020": 3, "feiyan_2020": 1, "kangyi_2020": 1, "daka_2020": 1, "graduation_2020": 1, "dailv_2020": 1, "weibozhiye_2020": 1, "hongbaofeifuniu_2021": 2, "hongbaofeijika_2021": 1, "lvzhilingyang_2021": 1}}, "reposts_count": 0, "comments_count": 0, "attitudes_count": 0, "pending_approval_count": 0, "isLongText": false, "reward_exhibition_type": 0, "hide_flag": 0, "mlevel": 0, "darwin_tags": [], "mblogtype": 0, "more_info_type": 0, "cardid": "star_301", "number_display_strategy": {"apply_scenario_flag": 3, "display_text_min_number": 1000000, "display_text": "100\u4e07+"}, "content_auth": 0, "repost_type": 4, "pic_num": 0, "alchemy_params": {"ug_red_envelope": false}, "raw_text": "\u518d\u600e\u4e48\u8bf4\u4e5f\u662f\u4e00\u6761\u751f\u547d\uff0c\u6267\u6cd5\u4e5f\u8981\u6709\u5ea6[\u6012]", "bid": "Iwk54Bgk8"}, {"visible": {"type": 0, "list_id": 0}, "created_at": "Fri Feb 28 19:49:19 +0800 2020", "id": "4477029858557597", "mid": "4477029858557597", "can_edit": false, "show_additional_indication": 0, "text": "\u4eba\u90fd\u8eb2\u4e0d\u8fc7\u66f4\u4f55\u51b5\u4e00\u6761\u72d7\uff01<span class=\"url-icon\"><img alt=[\u6cea] src=\"https://h5.sinaimg.cn/m/emoticon/icon/default/d_lei-4cdf6ee412.png\" style=\"width:1em; height:1em;\" /></span><span class=\"url-icon\"><img alt=[\u6cea] src=\"https://h5.sinaimg.cn/m/emoticon/icon/default/d_lei-4cdf6ee412.png\" style=\"width:1em; height:1em;\" /></span>", "source": "iPhone\u5ba2\u6237\u7aef", "favorited": false, "pic_ids": [], "pic_types": "", "is_paid": false, "mblog_vip_type": 0, "user": {"id": 1462715550, "screen_name": "\u82b1\u9999\u6ee1\u5f84\u7684\u5929\u7a7a", "profile_image_url": "https://tvax1.sinaimg.cn/crop.0.0.1080.1080.180/572f449ely8gmixhq89m8j20u00u0dhi.jpg?KID=imgbed,tva&Expires=1619049135&ssig=AuWHFRzOny", "profile_url": "https://m.weibo.cn/u/1462715550?uid=1462715550", "statuses_count": 10629, "verified": false, "verified_type": -1, "close_blue_v": false, "description": "", "gender": "f", "mbtype": 2, "urank": 14, "mbrank": 3, "follow_me": false, "following": false, "followers_count": 422, "follow_count": 1549, "cover_image_phone": "https://tva1.sinaimg.cn/crop.0.0.640.640.640/549d0121tw1egm1kjly3jj20hs0hsq4f.jpg", "avatar_hd": "https://wx1.sinaimg.cn/orj480/572f449ely8gmixhq89m8j20u00u0dhi.jpg", "like": false, "like_me": false, "badge": {"unread_pool": 1, "unread_pool_ext": 1, "user_name_certificate": 1, "suishoupai_2019": 1, "wusi_2019": 1, "hongrenjie_2019": 1, "dailv_2019": 1, "china_2019": 1, "hongkong_2019": 1, "rrgyj_2019": 1, "weishi_2019": 1, "starlight_2019": 1, "macao_2019": 1, "china_2019_2": 1, "hongbao_2020": 2, "feiyan_2020": 1, "dailv_2020": 4, "weibozhiye_2020": 1}}, "reposts_count": 1, "comments_count": 0, "attitudes_count": 0, "pending_approval_count": 0, "isLongText": false, "reward_exhibition_type": 0, "hide_flag": 0, "mlevel": 0, "darwin_tags": [], "mblogtype": 0, "more_info_type": 0, "number_display_strategy": {"apply_scenario_flag": 3, "display_text_min_number": 1000000, "display_text": "100\u4e07+"}, "content_auth": 0, "repost_type": 1, "pic_num": 0, "alchemy_params": {"ug_red_envelope": false}, "raw_text": "\u4eba\u90fd\u8eb2\u4e0d\u8fc7\u66f4\u4f55\u51b5\u4e00\u6761\u72d7\uff01[\u6cea][\u6cea]", "bid": "IwjTHzUdL"}, {"visible": {"type": 0, "list_id": 0}, "created_at": "Fri Feb 28 19:38:10 +0800 2020", "id": "4477027053128946", "mid": "4477027053128946", "can_edit": false, "show_additional_indication": 0, "text": "\u8f6c\u53d1\u5fae\u535a", "source": "HUAWEI P10 Plus", "favorited": false, "pic_ids": [], "pic_types": "", "is_paid": false, "mblog_vip_type": 0, "user": {"id": 6882196289, "screen_name": "\u7834\u6d1e\u7684\u725b\u4ed4fu", "profile_image_url": "https://tvax1.sinaimg.cn/default/images/default_avatar_male_180.gif?KID=imgbed,tva&Expires=1619049135&ssig=IkoWHj1qOa", "profile_url": "https://m.weibo.cn/u/6882196289?uid=6882196289", "statuses_count": 5, "verified": false, "verified_type": -1, "close_blue_v": false, "description": "", "gender": "m", "mbtype": 0, "urank": 4, "mbrank": 0, "follow_me": false, "following": false, "followers_count": 2, "follow_count": 31, "cover_image_phone": "https://tva1.sinaimg.cn/crop.0.0.640.640.640/549d0121tw1egm1kjly3jj20hs0hsq4f.jpg", "avatar_hd": "https://ss1.sinaimg.cn/orj480/default_avatar_male_180&690", "like": false, "like_me": false, "badge": {"user_name_certificate": 1, "hongbao_2020": 2}}, "reposts_count": 0, "comments_count": 0, "attitudes_count": 0, "pending_approval_count": 0, "isLongText": false, "reward_exhibition_type": 0, "hide_flag": 0, "mlevel": 0, "darwin_tags": [], "mblogtype": 0, "more_info_type": 0, "number_display_strategy": {"apply_scenario_flag": 3, "display_text_min_number": 1000000, "display_text": "100\u4e07+"}, "content_auth": 0, "repost_type": 1, "pic_num": 0, "alchemy_params": {"ug_red_envelope": false}, "raw_text": "\u8f6c\u53d1\u5fae\u535a", "bid": "IwjPbd7YS"}, {"visible": {"type": 0, "list_id": 0}, "created_at": "Fri Feb 28 18:04:57 +0800 2020", "id": "4477003589418954", "mid": "4477003589418954", "can_edit": false, "show_additional_indication": 0, "text": "//<a href='/n/\u5feb\u5403\u852c\u83dc\u5427'>@\u5feb\u5403\u852c\u83dc\u5427</a>:\u6240\u4ee5\u8bf4\u4e0d\u8981\u6563\u517b\u554a\uff01\uff01\u6563\u517b\u771f\u7684\u5bf9\u72d7\u72d7\u4e0d\u8d1f\u8d23\u4efb//<a href='/n/mellowyin'>@mellowyin</a>:\u4e0d\u8ba9\u905b\u72d7\u4f60\u8ba9\u5979\u7275\u56de\u53bb\u4e0d\u884c\u5417\uff1f\u4e3a\u5565\u8981\u5f53\u8857\u6253\u6b7b\u5462\uff1f", "source": "\u8363\u800020", "favorited": false, "pic_ids": [], "pic_types": "", "is_paid": false, "mblog_vip_type": 0, "user": {"id": 1810073383, "screen_name": "Limon_Y-Sal", "profile_image_url": "https://tvax2.sinaimg.cn/crop.0.0.996.996.180/6be38727ly8gjg1gtol96j20ro0rojsv.jpg?KID=imgbed,tva&Expires=1619049135&ssig=kmVLC5RyL8", "profile_url": "https://m.weibo.cn/u/1810073383?uid=1810073383", "statuses_count": 27131, "verified": false, "verified_type": 220, "close_blue_v": false, "description": "\u9886\u517b\u4ee3\u66ff\u8d2d\u4e70", "gender": "f", "mbtype": 0, "urank": 48, "mbrank": 0, "follow_me": false, "following": false, "followers_count": 1373, "follow_count": 1394, "cover_image_phone": "https://tva2.sinaimg.cn/crop.0.0.640.640.640/a1d3feabjw1ecatccqmkbj20hs0hsmzb.jpg", "avatar_hd": "https://wx2.sinaimg.cn/orj480/6be38727ly8gjg1gtol96j20ro0rojsv.jpg", "like": false, "like_me": false, "badge": {"gongyi_level": 1, "bind_taobao": 1, "dailv": 1, "zongyiji": 1, "unread_pool": 1, "unread_pool_ext": 1, "dzwbqlx_2016": 1, "super_star_2017": 1, "travel_2017": 1, "panda": 1, "user_name_certificate": 1, "suishoupai_2018": 5, "wenchuan_10th": 1, "super_star_2018": 1, "wenda_v2": 1, "dailv_2018": 1, "qixi_2018": 1, "wbzy_2018": 1, "hongbaofei_2019": 1, "wusi_2019": 1, "hongrenjie_2019": 1, "china_2019": 1, "hongkong_2019": 1, "dzwbqlx_2019": 5, "rrgyj_2019": 1, "family_2019": 1, "hongbao_2020": 2, "feiyan_2020": 1, "dailv_2020": 1, "hongrenjie_2020": 1, "china_2020": 1, "hongbaofeijika_2021": 1, "weibozhiyexianxia_2021": 1, "nihaoshenghuojie_2021": 1}}, "reposts_count": 0, "comments_count": 0, "attitudes_count": 0, "pending_approval_count": 0, "isLongText": false, "reward_exhibition_type": 0, "hide_flag": 0, "mlevel": 0, "darwin_tags": [], "mblogtype": 0, "more_info_type": 0, "number_display_strategy": {"apply_scenario_flag": 3, "display_text_min_number": 1000000, "display_text": "100\u4e07+"}, "content_auth": 0, "repost_type": 5, "pic_num": 0, "alchemy_params": {"ug_red_envelope": false}, "raw_text": "//@\u5feb\u5403\u852c\u83dc\u5427:\u6240\u4ee5\u8bf4\u4e0d\u8981\u6563\u517b\u554a\uff01\uff01\u6563\u517b\u771f\u7684\u5bf9\u72d7\u72d7\u4e0d\u8d1f\u8d23\u4efb//@mellowyin:\u4e0d\u8ba9\u905b\u72d7\u4f60\u8ba9\u5979\u7275\u56de\u53bb\u4e0d\u884c\u5417\uff1f\u4e3a\u5565\u8981\u5f53\u8857\u6253\u6b7b\u5462\uff1f", "bid": "IwjdkDwiC"}, {"visible": {"type": 0, "list_id": 0}, "created_at": "Fri Feb 28 17:50:23 +0800 2020", "id": "4476999928332659", "mid": "4476999928332659", "can_edit": false, "show_additional_indication": 0, "text": "\u755c\u751f\u771f\u7684\u662f\u755c\u751f \u5fc3\u90fd\u5728\u6ef4\u8840", "source": "vivo X27", "favorited": false, "pic_ids": [], "pic_types": "", "is_paid": false, "mblog_vip_type": 0, "user": {"id": 7239852630, "screen_name": "\u718a\u718a\u4e0d\u5403\u6a31\u6843\u963f\u5416", "profile_image_url": "https://tvax4.sinaimg.cn/crop.0.0.996.996.180/007TXGoCly8gcbj723g6nj30ro0roabq.jpg?KID=imgbed,tva&Expires=1619049135&ssig=7xM9enFvtz", "profile_url": "https://m.weibo.cn/u/7239852630?uid=7239852630", "statuses_count": 7, "verified": false, "verified_type": -1, "close_blue_v": false, "description": "", "gender": "f", "mbtype": 0, "urank": 3, "mbrank": 0, "follow_me": false, "following": false, "followers_count": 1, "follow_count": 50, "cover_image_phone": "https://tva1.sinaimg.cn/crop.0.0.640.640.640/549d0121tw1egm1kjly3jj20hs0hsq4f.jpg", "avatar_hd": "https://wx4.sinaimg.cn/orj480/007TXGoCly8gcbj723g6nj30ro0roabq.jpg", "like": false, "like_me": false, "badge": {"user_name_certificate": 1}}, "reposts_count": 0, "comments_count": 0, "attitudes_count": 0, "pending_approval_count": 0, "isLongText": false, "reward_exhibition_type": 0, "hide_flag": 0, "mlevel": 0, "darwin_tags": [], "mblogtype": 0, "more_info_type": 0, "number_display_strategy": {"apply_scenario_flag": 3, "display_text_min_number": 1000000, "display_text": "100\u4e07+"}, "content_auth": 0, "repost_type": 3, "pic_num": 0, "alchemy_params": {"ug_red_envelope": false}, "raw_text": "\u755c\u751f\u771f\u7684\u662f\u755c\u751f \u5fc3\u90fd\u5728\u6ef4\u8840", "bid": "Iwj7qyXHJ"}, {"visible": {"type": 0, "list_id": 0}, "created_at": "Fri Feb 28 16:27:23 +0800 2020", "id": "4476979036557975", "mid": "4476979036557975", "can_edit": false, "show_additional_indication": 0, "text": "\u8f6c\u53d1\u5fae\u535a", "source": "OPPO\u968f\u5149\u800c\u53d8R17", "favorited": false, "pic_ids": [], "pic_types": "", "is_paid": false, "mblog_vip_type": 0, "user": {"id": 3314391743, "screen_name": "\u5929\u4e0b\u65e0\u654c\u7533\u5927\u83b9", "profile_image_url": "https://tva2.sinaimg.cn/crop.0.0.996.996.180/c58d9abfjw8f51kvds8wmj20ro0roabn.jpg?KID=imgbed,tva&Expires=1619049137&ssig=8ilxNpO%2F%2Bw", "profile_url": "https://m.weibo.cn/u/3314391743?uid=3314391743", "statuses_count": 10037, "verified": false, "verified_type": -1, "close_blue_v": false, "description": "\u4ecb\u7ecd\u4e0b\u81ea\u5df1\uff0c\u6211\uff0c\u5c31\u662f\u6211\u3002", "gender": "f", "mbtype": 0, "urank": 37, "mbrank": 0, "follow_me": false, "following": false, "followers_count": 576, "follow_count": 714, "cover_image_phone": "https://tva2.sinaimg.cn/crop.0.0.640.640.640/a1d3feabjw1ecasunmkncj20hs0hsq4j.jpg", "avatar_hd": "https://ww2.sinaimg.cn/orj480/c58d9abfjw8f51kvds8wmj20ro0roabn.jpg", "like": false, "like_me": false, "badge": {"bind_taobao": 1, "zongyiji": 1, "unread_pool": 1, "unread_pool_ext": 1, "dzwbqlx_2016": 1, "super_star_2017": 1, "user_name_certificate": 1, "wusi_2019": 1, "hongrenjie_2019": 1, "china_2019": 1, "hongbao_2020": 2, "feiyan_2020": 1}}, "reposts_count": 0, "comments_count": 0, "attitudes_count": 0, "pending_approval_count": 0, "isLongText": false, "reward_exhibition_type": 0, "hide_flag": 0, "mlevel": 0, "darwin_tags": [], "mblogtype": 0, "more_info_type": 0, "number_display_strategy": {"apply_scenario_flag": 3, "display_text_min_number": 1000000, "display_text": "100\u4e07+"}, "content_auth": 0, "repost_type": 1, "pic_num": 0, "alchemy_params": {"ug_red_envelope": false}, "raw_text": "\u8f6c\u53d1\u5fae\u535a", "bid": "IwizJrw1N"}, {"visible": {"type": 0, "list_id": 0}, "created_at": "Fri Feb 28 16:17:00 +0800 2020", "id": "4476976427567199", "mid": "4476976427567199", "can_edit": false, "show_additional_indication": 0, "text": "//<a href='/n/\u5ba3\u5fb7'>@\u5ba3\u5fb7</a>:\u8fd9\u51e0\u4e2a\u9632\u75ab\u4eba\u5458\u624d\u662f\u771f\u6b63\u7684\u72d7\u4ed7\u4eba\u52bf\u5427\uff01<span class=\"url-icon\"><img alt=[\u6012] src=\"https://h5.sinaimg.cn/m/emoticon/icon/default/d_nu-0ddf642bed.png\" style=\"width:1em; height:1em;\" /></span><span class=\"url-icon\"><img alt=[\u6012] src=\"https://h5.sinaimg.cn/m/emoticon/icon/default/d_nu-0ddf642bed.png\" style=\"width:1em; height:1em;\" /></span><span class=\"url-icon\"><img alt=[\u6012] src=\"https://h5.sinaimg.cn/m/emoticon/icon/default/d_nu-0ddf642bed.png\" style=\"width:1em; height:1em;\" /></span>", "source": "iPhone\u5ba2\u6237\u7aef", "favorited": false, "pic_ids": [], "pic_types": "", "is_paid": false, "mblog_vip_type": 0, "user": {"id": 2105580727, "screen_name": "\u5929\u653ez", "profile_image_url": "https://tva4.sinaimg.cn/crop.0.0.180.180.180/7d809cb7jw1e8qgp5bmzyj2050050aa8.jpg?KID=imgbed,tva&Expires=1619049137&ssig=Np9S8Mq1AR", "profile_url": "https://m.weibo.cn/u/2105580727?uid=2105580727", "statuses_count": 4613, "verified": false, "verified_type": -1, "close_blue_v": false, "description": "\u6d3b\u7684\u7b80\u5355\u4e00\u70b9\uff0c\u81ea\u6211\u4e00\u70b9\u3002", "gender": "m", "mbtype": 0, "urank": 29, "mbrank": 0, "follow_me": false, "following": false, "followers_count": 462, "follow_count": 357, "cover_image_phone": "https://tva1.sinaimg.cn/crop.0.0.640.640.640/549d0121tw1egm1kjly3jj20hs0hsq4f.jpg", "avatar_hd": "https://ww4.sinaimg.cn/orj480/7d809cb7jw1e8qgp5bmzyj2050050aa8.jpg", "like": false, "like_me": false, "badge": {"unread_pool": 1, "unread_pool_ext": 1, "user_name_certificate": 1, "wenda_v2": 1, "double11_2018": 1, "hongrenjie_2019": 1, "hongbao_2020": 2, "feiyan_2020": 1}}, "pid": 4476969636951334, "pidstr": "4476969636951334", "reposts_count": 0, "comments_count": 0, "attitudes_count": 0, "pending_approval_count": 0, "isLongText": false, "reward_exhibition_type": 0, "hide_flag": 0, "mlevel": 0, "darwin_tags": [], "mblogtype": 0, "more_info_type": 0, "number_display_strategy": {"apply_scenario_flag": 3, "display_text_min_number": 1000000, "display_text": "100\u4e07+"}, "content_auth": 0, "repost_type": 1, "pic_num": 0, "alchemy_params": {"ug_red_envelope": false}, "raw_text": "//@\u5ba3\u5fb7:\u8fd9\u51e0\u4e2a\u9632\u75ab\u4eba\u5458\u624d\u662f\u771f\u6b63\u7684\u72d7\u4ed7\u4eba\u52bf\u5427\uff01[\u6012][\u6012][\u6012]", "bid": "IwivwvKzB"}, {"visible": {"type": 0, "list_id": 0}, "created_at": "Fri Feb 28 16:15:45 +0800 2020", "id": "4476976108817685", "mid": "4476976108817685", "can_edit": false, "show_additional_indication": 0, "text": "\u8f6c\u53d1\u5fae\u535a", "source": "Share\u5fae\u535a\u5ba2\u6237\u7aef", "favorited": false, "pic_ids": [], "pic_types": "", "is_paid": false, "mblog_vip_type": 0, "user": {"id": 5649988978, "screen_name": "\u674e\u6708\u6708\u9e1f\u91d1", "profile_image_url": "https://tvax1.sinaimg.cn/crop.0.0.806.806.180/006amMeuly8gprmv45em2j30me0medkj.jpg?KID=imgbed,tva&Expires=1619049137&ssig=omK1lDwtjX", "profile_url": "https://m.weibo.cn/u/5649988978?uid=5649988978", "statuses_count": 2768, "verified": false, "verified_type": -1, "close_blue_v": false, "description": "\u77e5\u803b\u800c\u540e\u52c7\uff01", "gender": "m", "mbtype": 0, "urank": 14, "mbrank": 0, "follow_me": false, "following": false, "followers_count": 265, "follow_count": 566, "cover_image_phone": "https://tva1.sinaimg.cn/crop.0.0.640.640.640/549d0121tw1egm1kjly3jj20hs0hsq4f.jpg", "avatar_hd": "https://wx1.sinaimg.cn/orj480/006amMeuly8gprmv45em2j30me0medkj.jpg", "like": false, "like_me": false, "badge": {"bind_taobao": 1, "unread_pool": 1, "unread_pool_ext": 1, "league_badge": 1, "user_name_certificate": 1, "wenchuan_10th": 1, "qixi_2018": 1, "hongrenjie_2019": 1, "china_2019": 1, "hongbao_2020": 2, "feiyan_2020": 1}}, "reposts_count": 0, "comments_count": 0, "attitudes_count": 0, "pending_approval_count": 0, "isLongText": false, "reward_exhibition_type": 0, "hide_flag": 0, "mlevel": 0, "darwin_tags": [], "mblogtype": 0, "more_info_type": 0, "number_display_strategy": {"apply_scenario_flag": 3, "display_text_min_number": 1000000, "display_text": "100\u4e07+"}, "content_auth": 0, "repost_type": 1, "pic_num": 0, "alchemy_params": {"ug_red_envelope": false}, "raw_text": "\u8f6c\u53d1\u5fae\u535a", "bid": "Iwiv0AZSJ"}, {"visible": {"type": 0, "list_id": 0}, "created_at": "Fri Feb 28 15:56:56 +0800 2020", "id": "4476971372953371", "mid": "4476971372953371", "can_edit": false, "show_additional_indication": 0, "text": "<span class=\"url-icon\"><img alt=[\u5410] src=\"https://h5.sinaimg.cn/m/emoticon/icon/default/d_tu-cfbe704573.png\" style=\"width:1em; height:1em;\" /></span><span class=\"url-icon\"><img alt=[\u5410] src=\"https://h5.sinaimg.cn/m/emoticon/icon/default/d_tu-cfbe704573.png\" style=\"width:1em; height:1em;\" /></span><span class=\"url-icon\"><img alt=[\u5410] src=\"https://h5.sinaimg.cn/m/emoticon/icon/default/d_tu-cfbe704573.png\" style=\"width:1em; height:1em;\" /></span>", "source": "OPPO R11 Plus", "favorited": false, "pic_ids": [], "pic_types": "", "is_paid": false, "mblog_vip_type": 0, "user": {"id": 5313050135, "screen_name": "zyk1305", "profile_image_url": "https://tvax3.sinaimg.cn/crop.0.0.996.996.180/005Nz131ly8g24ckwbf7gj30ro0roab6.jpg?KID=imgbed,tva&Expires=1619049137&ssig=9UQ7Qa9rLm", "profile_url": "https://m.weibo.cn/u/5313050135?uid=5313050135", "statuses_count": 85, "verified": false, "verified_type": -1, "close_blue_v": false, "description": "", "gender": "m", "mbtype": 0, "urank": 9, "mbrank": 0, "follow_me": false, "following": false, "followers_count": 40, "follow_count": 42, "cover_image_phone": "https://tva1.sinaimg.cn/crop.0.0.640.640.640/549d0121tw1egm1kjly3jj20hs0hsq4f.jpg", "avatar_hd": "https://wx3.sinaimg.cn/orj480/005Nz131ly8g24ckwbf7gj30ro0roab6.jpg", "like": false, "like_me": false, "badge": {"unread_pool": 1, "unread_pool_ext": 1, "cz_wed_2017": 1, "user_name_certificate": 1, "hongbaofei_2019": 1, "china_2019": 1, "gongjiri_2019": 1, "hongbao_2020": 2, "feiyan_2020": 1, "hongbaofeifuniu_2021": 2, "hongbaofeijika_2021": 1}}, "reposts_count": 0, "comments_count": 0, "attitudes_count": 0, "pending_approval_count": 0, "isLongText": false, "reward_exhibition_type": 0, "hide_flag": 0, "mlevel": 0, "darwin_tags": [], "mblogtype": 0, "more_info_type": 0, "number_display_strategy": {"apply_scenario_flag": 3, "display_text_min_number": 1000000, "display_text": "100\u4e07+"}, "content_auth": 0, "repost_type": 1, "pic_num": 0, "alchemy_params": {"ug_red_envelope": false}, "raw_text": "[\u5410][\u5410][\u5410]", "bid": "Iwinncoj1"}, {"visible": {"type": 0, "list_id": 0}, "created_at": "Fri Feb 28 15:55:49 +0800 2020", "id": "4476971092621537", "mid": "4476971092621537", "can_edit": false, "show_additional_indication": 0, "text": "\u6076\u68cd\u5c0f\u6df7\u6df7\u6709\u4e86\u4e01\u4e01\u5927\u70b9\u6743\u529b\u7b80\u76f4\u8981\u5347\u5929\u3002", "source": "\u5fae\u535a\u641c\u7d22", "favorited": false, "pic_ids": [], "pic_types": "", "is_paid": false, "mblog_vip_type": 0, "user": {"id": 1074494011, "screen_name": "\u6709\u70b9\u4e45\u7761\u6210\u763e\u4e86", "profile_image_url": "https://tvax2.sinaimg.cn/crop.0.0.512.512.180/400b7a3bly8fsaz7qoafuj20e80e875k.jpg?KID=imgbed,tva&Expires=1619049137&ssig=t5Ap2lmN7O", "profile_url": "https://m.weibo.cn/u/1074494011?uid=1074494011", "statuses_count": 1699, "verified": false, "verified_type": 220, "close_blue_v": false, "description": "\u4f5b\u7cfb\u800c\u5df2\uff0c\u800c\u5df2\u2026\u2026", "gender": "m", "mbtype": 0, "urank": 21, "mbrank": 0, "follow_me": false, "following": false, "followers_count": 690, "follow_count": 504, "cover_image_phone": "https://tva1.sinaimg.cn/crop.0.0.640.640.640/a1d3feabjw1ecat4uqw77j20hs0hsacp.jpg", "avatar_hd": "https://wx2.sinaimg.cn/orj480/400b7a3bly8fsaz7qoafuj20e80e875k.jpg", "like": false, "like_me": false, "badge": {"bind_taobao": 1, "unread_pool": 1, "unread_pool_ext": 1, "user_name_certificate": 1}}, "reposts_count": 0, "comments_count": 0, "attitudes_count": 0, "pending_approval_count": 0, "isLongText": false, "reward_exhibition_type": 0, "hide_flag": 0, "mlevel": 0, "darwin_tags": [], "mblogtype": 0, "more_info_type": 0, "number_display_strategy": {"apply_scenario_flag": 3, "display_text_min_number": 1000000, "display_text": "100\u4e07+"}, "content_auth": 0, "repost_type": 3, "pic_num": 0, "alchemy_params": {"ug_red_envelope": false}, "raw_text": "\u6076\u68cd\u5c0f\u6df7\u6df7\u6709\u4e86\u4e01\u4e01\u5927\u70b9\u6743\u529b\u7b80\u76f4\u8981\u5347\u5929\u3002", "bid": "IwimVaZYR"}, {"visible": {"type": 0, "list_id": 0}, "created_at": "Fri Feb 28 15:50:02 +0800 2020", "id": "4476969636951334", "mid": "4476969636951334", "can_edit": false, "show_additional_indication": 0, "text": "\u8fd9\u51e0\u4e2a\u9632\u75ab\u4eba\u5458\u624d\u662f\u771f\u6b63\u7684\u72d7\u4ed7\u4eba\u52bf\u5427\uff01<span class=\"url-icon\"><img alt=[\u6012] src=\"https://h5.sinaimg.cn/m/emoticon/icon/default/d_nu-0ddf642bed.png\" style=\"width:1em; height:1em;\" /></span><span class=\"url-icon\"><img alt=[\u6012] src=\"https://h5.sinaimg.cn/m/emoticon/icon/default/d_nu-0ddf642bed.png\" style=\"width:1em; height:1em;\" /></span><span class=\"url-icon\"><img alt=[\u6012] src=\"https://h5.sinaimg.cn/m/emoticon/icon/default/d_nu-0ddf642bed.png\" style=\"width:1em; height:1em;\" /></span>", "source": "\u4f60\u4e0d\u80fd\u9519\u8fc7\u7684\u5fae\u535a", "favorited": false, "pic_ids": [], "pic_types": "", "is_paid": false, "mblog_vip_type": 0, "user": {"id": 6657315700, "screen_name": "\u5ba3\u5fb7", "profile_image_url": "https://tvax4.sinaimg.cn/crop.0.0.1008.1008.180/007gxpVGly8gpi75plui1j30s00s0jua.jpg?KID=imgbed,tva&Expires=1619049137&ssig=MI7rcxOaEh", "profile_url": "https://m.weibo.cn/u/6657315700?uid=6657315700", "statuses_count": 3862, "verified": true, "verified_type": 0, "verified_type_ext": 0, "verified_reason": "\u5386\u53f2\u535a\u4e3b \u8d85\u8bdd\u4e3b\u6301\u4eba\uff08\u4e2d\u534e\u8d85\u8bdd\uff09", "close_blue_v": false, "description": "\u7231\u5386\u53f2\uff0c\u7231\u8bd7\u8bcd\uff0c\u7231\u56fd\u98ce\uff0c\u7231\u5927\u660e\uff01", "gender": "m", "mbtype": 12, "urank": 24, "mbrank": 6, "follow_me": false, "following": false, "followers_count": 173576, "follow_count": 977, "cover_image_phone": "https://wx1.sinaimg.cn/crop.0.0.640.640.640/007gxpVGly1fyzc5jxgt3j30u00u07j2.jpg", "avatar_hd": "https://wx4.sinaimg.cn/orj480/007gxpVGly8gpi75plui1j30s00s0jua.jpg", "like": false, "like_me": false, "badge": {"bind_taobao": 1, "user_name_certificate": 1, "wenda_v2": 1, "dailv_2018": 1, "lol_s8": 1, "double11_2018": 1, "weibo_display_fans": 1, "relation_display": 1, "wbzy_2018": 1, "hongbaofei_2019": 1, "fu_2019": 1, "hongrenjie_2019": 1, "china_2019": 1, "hongkong_2019": 1, "rrgyj_2019": 1, "wbzy_2019": 1, "gongjiri_2019": 1, "hongbao_2020": 2}}, "reposts_count": 1, "comments_count": 0, "attitudes_count": 0, "pending_approval_count": 0, "isLongText": false, "reward_exhibition_type": 0, "hide_flag": 0, "mlevel": 0, "darwin_tags": [], "mblogtype": 0, "more_info_type": 0, "cardid": "star_1094", "number_display_strategy": {"apply_scenario_flag": 3, "display_text_min_number": 1000000, "display_text": "100\u4e07+"}, "content_auth": 0, "repost_type": 4, "pic_num": 0, "alchemy_params": {"ug_red_envelope": false}, "raw_text": "\u8fd9\u51e0\u4e2a\u9632\u75ab\u4eba\u5458\u624d\u662f\u771f\u6b63\u7684\u72d7\u4ed7\u4eba\u52bf\u5427\uff01[\u6012][\u6012][\u6012]", "bid": "Iwikztami"}, {"visible": {"type": 0, "list_id": 0}, "created_at": "Fri Feb 28 15:45:20 +0800 2020", "id": "4476968453839407", "mid": "4476968453839407", "can_edit": false, "show_additional_indication": 0, "text": "\u5728\u6ca1\u6709\u786e\u5b9a\u7684\u62a5\u9053\u65f6\uff0c\u5927\u5bb6\u4e0d\u8981\u4e71\u4fe1\u4e71\u4f20\uff0c\u4ee5\u514d\u5f88\u591a\u7684\u6bdb\u5b69\u6536\u5230\u5371\u5bb3", "source": "iPhone\u5ba2\u6237\u7aef", "favorited": false, "pic_ids": [], "pic_types": "", "is_paid": false, "mblog_vip_type": 0, "user": {"id": 5076627584, "screen_name": "\u539f\u6765\u662f\u4eca\u4eca\u5440", "profile_image_url": "https://tvax4.sinaimg.cn/crop.0.0.750.750.180/005xz0K4ly8fwweuwljulj30ku0kudha.jpg?KID=imgbed,tva&Expires=1619049137&ssig=ipO%2BaFKRej", "profile_url": "https://m.weibo.cn/u/5076627584?uid=5076627584", "statuses_count": 686, "verified": false, "verified_type": -1, "close_blue_v": false, "description": "\u9b4f\u6668\u3001\u8303\u4e16\u9321xxxF\u7684\u5c0f\u7c89\u4e1d", "gender": "f", "mbtype": 2, "urank": 9, "mbrank": 1, "follow_me": false, "following": false, "followers_count": 122, "follow_count": 474, "cover_image_phone": "https://tva1.sinaimg.cn/crop.0.0.640.640.640/9d44112bjw1f1xl1c10tuj20hs0hs0tw.jpg", "avatar_hd": "https://wx4.sinaimg.cn/orj480/005xz0K4ly8fwweuwljulj30ku0kudha.jpg", "like": false, "like_me": false, "badge": {"bind_taobao": 1, "zongyiji": 1, "unread_pool": 1, "unread_pool_ext": 1, "dzwbqlx_2016": 1, "super_star_2017": 1, "panda": 1, "user_name_certificate": 1, "dailv_2018": 2, "wbzy_2018": 1, "suishoupai_2019": 1, "hongrenjie_2019": 1, "hongbao_2020": 2, "hongbaofeifuniu_2021": 1, "hongbaofeijika_2021": 1}}, "reposts_count": 0, "comments_count": 1, "attitudes_count": 2, "pending_approval_count": 0, "isLongText": false, "reward_exhibition_type": 0, "hide_flag": 0, "mlevel": 0, "darwin_tags": [], "mblogtype": 0, "more_info_type": 0, "number_display_strategy": {"apply_scenario_flag": 3, "display_text_min_number": 1000000, "display_text": "100\u4e07+"}, "content_auth": 0, "repost_type": 1, "pic_num": 0, "alchemy_params": {"ug_red_envelope": false}, "raw_text": "\u5728\u6ca1\u6709\u786e\u5b9a\u7684\u62a5\u9053\u65f6\uff0c\u5927\u5bb6\u4e0d\u8981\u4e71\u4fe1\u4e71\u4f20\uff0c\u4ee5\u514d\u5f88\u591a\u7684\u6bdb\u5b69\u6536\u5230\u5371\u5bb3", "bid": "IwiiFg6NV"}, {"visible": {"type": 0, "list_id": 0}, "created_at": "Fri Feb 28 15:34:04 +0800 2020", "id": "4476965618317105", "mid": "4476965618317105", "can_edit": false, "show_additional_indication": 0, "text": "\u8f6c\u53d1\u5fae\u535a", "source": "iPhone\u5ba2\u6237\u7aef", "favorited": false, "pic_ids": [], "pic_types": "", "is_paid": false, "mblog_vip_type": 0, "user": {"id": 5599147413, "screen_name": "\u6b66\u5fc3\u523b\u864e", "profile_image_url": "https://tvax4.sinaimg.cn/crop.0.0.1242.1242.180/0066Vs1fly8fx1ik2fvukj30yi0yiaf2.jpg?KID=imgbed,tva&Expires=1619049139&ssig=GJYoSgjjsg", "profile_url": "https://m.weibo.cn/u/5599147413?uid=5599147413", "statuses_count": 272, "verified": false, "verified_type": -1, "close_blue_v": false, "description": "", "gender": "m", "mbtype": 0, "urank": 9, "mbrank": 0, "follow_me": false, "following": false, "followers_count": 58, "follow_count": 296, "cover_image_phone": "https://tva1.sinaimg.cn/crop.0.0.640.640.640/549d0121tw1egm1kjly3jj20hs0hsq4f.jpg", "avatar_hd": "https://wx4.sinaimg.cn/orj480/0066Vs1fly8fx1ik2fvukj30yi0yiaf2.jpg", "like": false, "like_me": false, "badge": {"bind_taobao": 1, "unread_pool": 1, "unread_pool_ext": 1, "user_name_certificate": 1, "wenda_v2": 1, "lol_s8": 1, "shuang11_2019": 1, "wbzy_2019": 1, "hongbao_2020": 2}}, "reposts_count": 0, "comments_count": 0, "attitudes_count": 0, "pending_approval_count": 0, "isLongText": false, "reward_exhibition_type": 0, "hide_flag": 0, "mlevel": 0, "darwin_tags": [], "mblogtype": 0, "more_info_type": 0, "number_display_strategy": {"apply_scenario_flag": 3, "display_text_min_number": 1000000, "display_text": "100\u4e07+"}, "content_auth": 0, "repost_type": 1, "pic_num": 0, "alchemy_params": {"ug_red_envelope": false}, "raw_text": "\u8f6c\u53d1\u5fae\u535a", "bid": "Iwie5yTER"}, {"visible": {"type": 0, "list_id": 0}, "created_at": "Fri Feb 28 15:32:56 +0800 2020", "id": "4476965333542488", "mid": "4476965333542488", "can_edit": false, "show_additional_indication": 0, "text": "\u771f\u7684\u592a\u6c14\u4e86\uff01\u6709\u672c\u4e8b\u4eba\u51fa\u53bb\u6563\u6b65\uff0c\u4f60\u4e5f\u62ff\u68d2\u5b50\u524a\uff01<span class=\"url-icon\"><img alt=[\u6012] src=\"https://h5.sinaimg.cn/m/emoticon/icon/default/d_nu-0ddf642bed.png\" style=\"width:1em; height:1em;\" /></span>", "source": "\u5c0f\u7c738 SE", "favorited": false, "pic_ids": [], "pic_types": "", "is_paid": false, "mblog_vip_type": 0, "user": {"id": 5213541517, "screen_name": "Lighttenee", "profile_image_url": "https://tvax2.sinaimg.cn/crop.0.0.1002.1002.180/005GPujjly8gowib6ng9yj30ru0ruq48.jpg?KID=imgbed,tva&Expires=1619049139&ssig=HDX1M2KMcW", "profile_url": "https://m.weibo.cn/u/5213541517?uid=5213541517", "statuses_count": 2321, "verified": false, "verified_type": -1, "close_blue_v": false, "description": "\u6df7\u4e16\u5c0f\u9b54\u738b", "gender": "f", "mbtype": 0, "urank": 9, "mbrank": 0, "follow_me": false, "following": false, "followers_count": 208, "follow_count": 869, "cover_image_phone": "https://tva1.sinaimg.cn/crop.0.0.640.640.640/9d44112bjw1f1xl1c10tuj20hs0hs0tw.jpg", "avatar_hd": "https://wx2.sinaimg.cn/orj480/005GPujjly8gowib6ng9yj30ru0ruq48.jpg", "like": false, "like_me": false, "badge": {"bind_taobao": 1, "unread_pool": 1, "unread_pool_ext": 1, "dzwbqlx_2016": 1, "cz_wed_2017": 1, "panda": 1, "user_name_certificate": 1, "suishoupai_2018": 6, "wenda_v2": 1, "national_day_2018": 1, "avengers_2019": 1, "suishoupai_2019": 1, "hongrenjie_2019": 1, "china_2019": 1, "hongkong_2019": 1, "dzwbqlx_2019": 1, "starlight_2019": 1, "hongbao_2020": 3, "dailv_2020": 1, "hongrenjie_2020": 1, "china_2020": 1, "hongbaofeifuniu_2021": 1, "nihaoshenghuojie_2021": 1}}, "reposts_count": 0, "comments_count": 0, "attitudes_count": 0, "pending_approval_count": 0, "isLongText": false, "reward_exhibition_type": 0, "hide_flag": 0, "mlevel": 0, "darwin_tags": [], "mblogtype": 0, "more_info_type": 0, "number_display_strategy": {"apply_scenario_flag": 3, "display_text_min_number": 1000000, "display_text": "100\u4e07+"}, "content_auth": 0, "repost_type": 1, "pic_num": 0, "alchemy_params": {"ug_red_envelope": false}, "raw_text": "\u771f\u7684\u592a\u6c14\u4e86\uff01\u6709\u672c\u4e8b\u4eba\u51fa\u53bb\u6563\u6b65\uff0c\u4f60\u4e5f\u62ff\u68d2\u5b50\u524a\uff01[\u6012]", "bid": "IwidDeRyU"}, {"visible": {"type": 0, "list_id": 0}, "created_at": "Fri Feb 28 15:32:21 +0800 2020", "id": "4476965186260173", "mid": "4476965186260173", "can_edit": false, "show_additional_indication": 0, "text": "\u4ec0\u4e48\u4e1c\u897f\uff1f\uff1f\uff1f\u662f\u4eba\u5417\u4f60\u600e\u4e48\u81ea\u5df1\u4e0d\u53bb\u6b7b\u5462\uff1f", "source": "vivo AI\u667a\u6167\u62cd\u7167X21", "favorited": false, "pic_ids": [], "pic_types": "", "is_paid": false, "mblog_vip_type": 0, "user": {"id": 5290195812, "screen_name": "SehunniMyx", "profile_image_url": "https://tvax1.sinaimg.cn/crop.0.0.996.996.180/005M17AUly8gphfiw1kplj30ro0rogod.jpg?KID=imgbed,tva&Expires=1619049139&ssig=FjDgnuz7GP", "profile_url": "https://m.weibo.cn/u/5290195812?uid=5290195812", "statuses_count": 3089, "verified": false, "verified_type": -1, "close_blue_v": false, "description": "ooh Sehun", "gender": "f", "mbtype": 0, "urank": 9, "mbrank": 0, "follow_me": false, "following": false, "followers_count": 29, "follow_count": 132, "cover_image_phone": "https://tva1.sinaimg.cn/crop.0.0.640.640.640/549d0121tw1egm1kjly3jj20hs0hsq4f.jpg", "avatar_hd": "https://wx1.sinaimg.cn/orj480/005M17AUly8gphfiw1kplj30ro0rogod.jpg", "like": false, "like_me": false, "badge": {"bind_taobao": 1, "unread_pool": 1, "unread_pool_ext": 1, "dzwbqlx_2016": 1, "super_star_2017": 1, "user_name_certificate": 1, "wenda_v2": 1, "china_2019": 1, "hongbao_2020": 2, "dailv_2020": 1, "china_2020": 1}}, "reposts_count": 0, "comments_count": 0, "attitudes_count": 0, "pending_approval_count": 0, "isLongText": false, "reward_exhibition_type": 0, "hide_flag": 0, "mlevel": 0, "darwin_tags": [], "mblogtype": 0, "more_info_type": 0, "number_display_strategy": {"apply_scenario_flag": 3, "display_text_min_number": 1000000, "display_text": "100\u4e07+"}, "content_auth": 0, "repost_type": 1, "pic_num": 0, "alchemy_params": {"ug_red_envelope": false}, "raw_text": "\u4ec0\u4e48\u4e1c\u897f\uff1f\uff1f\uff1f\u662f\u4eba\u5417\u4f60\u600e\u4e48\u81ea\u5df1\u4e0d\u53bb\u6b7b\u5462\uff1f", "bid": "Iwidoqgyx"}, {"visible": {"type": 0, "list_id": 0}, "created_at": "Fri Feb 28 15:16:02 +0800 2020", "id": "4476961079982886", "mid": "4476961079982886", "can_edit": false, "show_additional_indication": 0, "text": "\u9ed1\u6da9\u4f1a\u5e26\u8d77\u4e86\u7ea2\u8896\u7ae0\uff1f", "source": "\u8363\u8000Magic2 \u9b54\u6cd5\u624b\u673a", "favorited": false, "pic_ids": [], "pic_types": "", "is_paid": false, "mblog_vip_type": 0, "user": {"id": 5532813375, "screen_name": "MRWilliamgore", "profile_image_url": "https://tvax4.sinaimg.cn/crop.0.0.996.996.180/0062r7vply8getfn3icqqj30ro0rodhj.jpg?KID=imgbed,tva&Expires=1619049139&ssig=IvE%2BFkQtBJ", "profile_url": "https://m.weibo.cn/u/5532813375?uid=5532813375", "statuses_count": 428, "verified": false, "verified_type": -1, "close_blue_v": false, "description": "for real", "gender": "m", "mbtype": 0, "urank": 9, "mbrank": 0, "follow_me": false, "following": false, "followers_count": 98, "follow_count": 88, "cover_image_phone": "https://tva1.sinaimg.cn/crop.0.0.640.640.640/549d0121tw1egm1kjly3jj20hs0hsq4f.jpg", "avatar_hd": "https://wx4.sinaimg.cn/orj480/0062r7vply8getfn3icqqj30ro0rodhj.jpg", "like": false, "like_me": false, "badge": {"unread_pool": 1, "unread_pool_ext": 1, "user_name_certificate": 1, "hongbao_2020": 2}}, "reposts_count": 0, "comments_count": 0, "attitudes_count": 0, "pending_approval_count": 0, "isLongText": false, "reward_exhibition_type": 0, "hide_flag": 0, "mlevel": 0, "darwin_tags": [], "mblogtype": 0, "more_info_type": 0, "number_display_strategy": {"apply_scenario_flag": 3, "display_text_min_number": 1000000, "display_text": "100\u4e07+"}, "content_auth": 0, "repost_type": 1, "pic_num": 0, "alchemy_params": {"ug_red_envelope": false}, "raw_text": "\u9ed1\u6da9\u4f1a\u5e26\u8d77\u4e86\u7ea2\u8896\u7ae0\uff1f", "bid": "Iwi6LFT0i"}, {"visible": {"type": 0, "list_id": 0}, "created_at": "Fri Feb 28 15:11:06 +0800 2020", "id": "4476959838703827", "mid": "4476959838703827", "can_edit": false, "show_additional_indication": 0, "text": "\u6b8b\u9ab8\u5e7c\u5c0f\u751f\u547d\u7684\u6076\u4eba\uff0c\u6b64\u4eba\u5fc5\u5c06\u4e00\u751f\u75db\u75be\u7f20\u8eab\uff0c\u901d\u53bb\u7684\u52a8\u7269\u7075\u9b42\uff0c\u5c06\u6c38\u8fdc\u54c0\u6028\u7684\u7f20\u4f4f\u6b64\u6076\u4eba\u53ca\u5176\u5bb6\u4eba\u6c38\u751f\u6c38\u4e16\u3002", "source": "iPhone\u5ba2\u6237\u7aef", "favorited": false, "pic_ids": [], "pic_types": "", "is_paid": false, "mblog_vip_type": 0, "user": {"id": 6802353837, "screen_name": "\u540c\u5b50\u4e0d\u5403\u9c7c", "profile_image_url": "https://tvax4.sinaimg.cn/crop.0.0.1080.1080.180/007qlYYtly8ggu2zjnkl3j30u00u0q56.jpg?KID=imgbed,tva&Expires=1619049139&ssig=MHGCuzCC%2Ff", "profile_url": "https://m.weibo.cn/u/6802353837?uid=6802353837", "statuses_count": 59, "verified": false, "verified_type": -1, "close_blue_v": false, "description": "", "gender": "m", "mbtype": 11, "urank": 4, "mbrank": 3, "follow_me": false, "following": false, "followers_count": 1224, "follow_count": 300, "cover_image_phone": "https://tva1.sinaimg.cn/crop.0.0.640.640.640/549d0121tw1egm1kjly3jj20hs0hsq4f.jpg", "avatar_hd": "https://wx4.sinaimg.cn/orj480/007qlYYtly8ggu2zjnkl3j30u00u0q56.jpg", "like": false, "like_me": false, "badge": {"user_name_certificate": 1, "hongbao_2020": 2, "feiyan_2020": 1}}, "reposts_count": 0, "comments_count": 0, "attitudes_count": 0, "pending_approval_count": 0, "isLongText": false, "reward_exhibition_type": 0, "hide_flag": 0, "mlevel": 0, "darwin_tags": [], "mblogtype": 0, "more_info_type": 0, "number_display_strategy": {"apply_scenario_flag": 3, "display_text_min_number": 1000000, "display_text": "100\u4e07+"}, "content_auth": 0, "repost_type": 1, "pic_num": 0, "alchemy_params": {"ug_red_envelope": false}, "raw_text": "\u6b8b\u9ab8\u5e7c\u5c0f\u751f\u547d\u7684\u6076\u4eba\uff0c\u6b64\u4eba\u5fc5\u5c06\u4e00\u751f\u75db\u75be\u7f20\u8eab\uff0c\u901d\u53bb\u7684\u52a8\u7269\u7075\u9b42\uff0c\u5c06\u6c38\u8fdc\u54c0\u6028\u7684\u7f20\u4f4f\u6b64\u6076\u4eba\u53ca\u5176\u5bb6\u4eba\u6c38\u751f\u6c38\u4e16\u3002", "bid": "Iwi4LAwgj"}, {"visible": {"type": 0, "list_id": 0}, "created_at": "Fri Feb 28 15:09:39 +0800 2020", "id": "4476959478349246", "mid": "4476959478349246", "can_edit": false, "show_additional_indication": 0, "text": "<span class=\"url-icon\"><img alt=[\u5fae\u7b11] src=\"https://h5.sinaimg.cn/m/emoticon/icon/default/d_hehe-0be7e6251f.png\" style=\"width:1em; height:1em;\" /></span>\u603b\u6709\u4e9b\u4eba\uff0c\u4ee5\u9632\u75ab\u60c5\u4e3a\u540d\uff0c\u884c\u4e8b\u4e00\u4e9b\u9f8c\u9f8a\u4e4b\u4e8b\u91ca\u653e\u5fc3\u4e2d\u7684\u9ed1\u6697\u9762\uff0c\u4ee4\u4eba\u4f5c\u5455", "source": "iPhone\u5ba2\u6237\u7aef", "favorited": false, "pic_ids": [], "pic_types": "", "is_paid": false, "mblog_vip_type": 0, "user": {"id": 6534048154, "screen_name": "\u4e0d\u662f\u4ec0\u4e48\u597d\u4eba516", "profile_image_url": "https://tvax3.sinaimg.cn/crop.0.0.1125.1125.180/0078ccpsly8fqnl6myf68j30v90v9zmq.jpg?KID=imgbed,tva&Expires=1619049139&ssig=M%2F%2FDDKG0rL", "profile_url": "https://m.weibo.cn/u/6534048154?uid=6534048154", "statuses_count": 125, "verified": false, "verified_type": -1, "close_blue_v": false, "description": "", "gender": "f", "mbtype": 0, "urank": 4, "mbrank": 0, "follow_me": false, "following": false, "followers_count": 1, "follow_count": 97, "cover_image_phone": "https://tva1.sinaimg.cn/crop.0.0.640.640.640/549d0121tw1egm1kjly3jj20hs0hsq4f.jpg", "avatar_hd": "https://wx3.sinaimg.cn/orj480/0078ccpsly8fqnl6myf68j30v90v9zmq.jpg", "like": false, "like_me": false, "badge": {"user_name_certificate": 1, "china_2019": 1, "hongkong_2019": 1, "daka_2020": 1}}, "reposts_count": 0, "comments_count": 0, "attitudes_count": 0, "pending_approval_count": 0, "isLongText": false, "reward_exhibition_type": 0, "hide_flag": 0, "mlevel": 0, "darwin_tags": [], "mblogtype": 0, "more_info_type": 0, "number_display_strategy": {"apply_scenario_flag": 3, "display_text_min_number": 1000000, "display_text": "100\u4e07+"}, "content_auth": 0, "repost_type": 3, "pic_num": 0, "alchemy_params": {"ug_red_envelope": false}, "raw_text": "[\u5fae\u7b11]\u603b\u6709\u4e9b\u4eba\uff0c\u4ee5\u9632\u75ab\u60c5\u4e3a\u540d\uff0c\u884c\u4e8b\u4e00\u4e9b\u9f8c\u9f8a\u4e4b\u4e8b\u91ca\u653e\u5fc3\u4e2d\u7684\u9ed1\u6697\u9762\uff0c\u4ee4\u4eba\u4f5c\u5455", "bid": "Iwi4bz21g"}, {"visible": {"type": 0, "list_id": 0}, "created_at": "Fri Feb 28 15:08:17 +0800 2020", "id": "4476959130283701", "mid": "4476959130283701", "can_edit": false, "show_additional_indication": 0, "text": "\u6eda\uff01cnm\u3002", "source": "\u5c0f\u7c738\u5468\u5e74\u65d7\u8230\u624b\u673a", "favorited": false, "pic_ids": [], "pic_types": "", "is_paid": false, "mblog_vip_type": 0, "user": {"id": 6065926736, "screen_name": "\u9e9f\u73ba\u537f", "profile_image_url": "https://tvax3.sinaimg.cn/crop.0.0.1002.1002.180/006Cw0E0ly8g7ayi244tvj30ru0rujs9.jpg?KID=imgbed,tva&Expires=1619049142&ssig=Lb%2BwuP8Ly8", "profile_url": "https://m.weibo.cn/u/6065926736?uid=6065926736", "statuses_count": 8626, "verified": false, "verified_type": -1, "close_blue_v": false, "description": "\u4e3a\u53ca\u6240\u7231\uff0c\u594b\u4e0d\u987e\u8eab\u3002", "gender": "f", "mbtype": 2, "urank": 31, "mbrank": 1, "follow_me": false, "following": false, "followers_count": 626, "follow_count": 197, "cover_image_phone": "https://tva1.sinaimg.cn/crop.0.0.640.640.640/549d0121tw1egm1kjly3jj20hs0hsq4f.jpg", "avatar_hd": "https://wx3.sinaimg.cn/orj480/006Cw0E0ly8g7ayi244tvj30ru0rujs9.jpg", "like": false, "like_me": false, "badge": {"bind_taobao": 1, "unread_pool": 1, "unread_pool_ext": 1, "cz_wed_2017": 1, "panda": 1, "user_name_certificate": 1, "wenchuan_10th": 1, "super_star_2018": 1, "wenda_v2": 1, "dailv_2018": 7, "national_day_2018": 1, "wbzy_2018": 1, "memorial_2018": 1, "hongbaofei_2019": 1, "womensday_2018": 1, "suishoupai_2019": 1, "hongrenjie_2019": 1, "china_2019": 1, "hongkong_2019": 1, "rrgyj_2019": 1, "weishi_2019": 1, "wbzy_2019": 1, "gongjiri_2019": 1, "macao_2019": 1, "china_2019_2": 1, "hongbao_2020": 2, "hope_2020": 1, "dailv_2020": 1}}, "reposts_count": 0, "comments_count": 0, "attitudes_count": 0, "pending_approval_count": 0, "isLongText": false, "reward_exhibition_type": 0, "hide_flag": 0, "mlevel": 0, "darwin_tags": [], "mblogtype": 0, "more_info_type": 0, "cardid": "star_11247_common", "number_display_strategy": {"apply_scenario_flag": 3, "display_text_min_number": 1000000, "display_text": "100\u4e07+"}, "content_auth": 0, "repost_type": 1, "pic_num": 0, "alchemy_params": {"ug_red_envelope": false}, "raw_text": "\u6eda\uff01cnm\u3002", "bid": "Iwi3D1bNP"}, {"visible": {"type": 0, "list_id": 0}, "created_at": "Fri Feb 28 15:03:23 +0800 2020", "id": "4476957901067035", "mid": "4476957901067035", "can_edit": false, "show_additional_indication": 0, "text": "<span class=\"url-icon\"><img alt=[\u6cea] src=\"https://h5.sinaimg.cn/m/emoticon/icon/default/d_lei-4cdf6ee412.png\" style=\"width:1em; height:1em;\" /></span><span class=\"url-icon\"><img alt=[\u6cea] src=\"https://h5.sinaimg.cn/m/emoticon/icon/default/d_lei-4cdf6ee412.png\" style=\"width:1em; height:1em;\" /></span>", "source": "iPhone\u5ba2\u6237\u7aef", "favorited": false, "pic_ids": [], "pic_types": "", "is_paid": false, "mblog_vip_type": 0, "user": {"id": 7233937357, "screen_name": "\u6620\u4e4b\u96ea\u67f3\u767d\u6613", "profile_image_url": "https://tvax3.sinaimg.cn/crop.0.0.996.996.180/007TyRyZly8g4y1azo8edj30ro0roacn.jpg?KID=imgbed,tva&Expires=1619049144&ssig=IEuP8luOuj", "profile_url": "https://m.weibo.cn/u/7233937357?uid=7233937357", "statuses_count": 1968, "verified": false, "verified_type": -1, "close_blue_v": false, "description": "", "gender": "m", "mbtype": 0, "urank": 4, "mbrank": 0, "follow_me": false, "following": false, "followers_count": 133, "follow_count": 35, "cover_image_phone": "https://tva1.sinaimg.cn/crop.0.0.640.640.640/549d0121tw1egm1kjly3jj20hs0hsq4f.jpg", "avatar_hd": "https://wx3.sinaimg.cn/orj480/007TyRyZly8g4y1azo8edj30ro0roacn.jpg", "like": false, "like_me": false, "badge": {"user_name_certificate": 1, "hongrenjie_2019": 1, "china_2019": 1, "family_2019": 1, "hongbao_2020": 2}}, "reposts_count": 0, "comments_count": 0, "attitudes_count": 0, "pending_approval_count": 0, "isLongText": false, "reward_exhibition_type": 0, "hide_flag": 0, "mlevel": 0, "darwin_tags": [], "mblogtype": 0, "more_info_type": 0, "number_display_strategy": {"apply_scenario_flag": 3, "display_text_min_number": 1000000, "display_text": "100\u4e07+"}, "content_auth": 0, "repost_type": 3, "pic_num": 0, "alchemy_params": {"ug_red_envelope": false}, "raw_text": "[\u6cea][\u6cea]", "bid": "Iwi1E4tAf"}, {"visible": {"type": 0, "list_id": 0}, "created_at": "Fri Feb 28 15:03:06 +0800 2020", "id": "4476957829377795", "mid": "4476957829377795", "can_edit": false, "show_additional_indication": 0, "text": "\u5509", "source": "iPhone\u5ba2\u6237\u7aef", "favorited": false, "pic_ids": [], "pic_types": "", "is_paid": false, "mblog_vip_type": 0, "user": {"id": 7362875611, "screen_name": "\u9547\u6c5f\u5c0f\u5c0f\u4ed9\u5973", "profile_image_url": "https://tvax1.sinaimg.cn/crop.0.0.667.667.180/0082hSifly8gavse5d7cmj30ij0ijdgd.jpg?KID=imgbed,tva&Expires=1619049144&ssig=W6EGlzuQbD", "profile_url": "https://m.weibo.cn/u/7362875611?uid=7362875611", "statuses_count": 1180, "verified": false, "verified_type": -1, "close_blue_v": false, "description": "", "gender": "f", "mbtype": 0, "urank": 0, "mbrank": 0, "follow_me": false, "following": false, "followers_count": 3, "follow_count": 8, "cover_image_phone": "https://tva1.sinaimg.cn/crop.0.0.640.640.640/549d0121tw1egm1kjly3jj20hs0hsq4f.jpg", "avatar_hd": "https://wx1.sinaimg.cn/orj480/0082hSifly8gavse5d7cmj30ij0ijdgd.jpg", "like": false, "like_me": false, "badge": {"user_name_certificate": 1, "hongbao_2020": 2, "feiyan_2020": 1}}, "reposts_count": 0, "comments_count": 0, "attitudes_count": 0, "pending_approval_count": 0, "isLongText": false, "reward_exhibition_type": 0, "hide_flag": 0, "mlevel": 0, "darwin_tags": [], "mblogtype": 0, "more_info_type": 0, "number_display_strategy": {"apply_scenario_flag": 3, "display_text_min_number": 1000000, "display_text": "100\u4e07+"}, "content_auth": 0, "repost_type": 3, "pic_num": 0, "alchemy_params": {"ug_red_envelope": false}, "raw_text": "\u5509", "bid": "Iwi1wDlAL"}, {"visible": {"type": 0, "list_id": 0}, "created_at": "Fri Feb 28 15:02:50 +0800 2020", "id": "4476957762889119", "mid": "4476957762889119", "can_edit": false, "show_additional_indication": 0, "text": "\u5fc3\u75bc", "source": "iPhone\u5ba2\u6237\u7aef", "favorited": false, "pic_ids": [], "pic_types": "", "is_paid": false, "mblog_vip_type": 0, "user": {"id": 7362875792, "screen_name": "\u9547\u6c5f\u5927\u98de", "profile_image_url": "https://tvax4.sinaimg.cn/crop.0.0.667.667.180/0082hSlaly8gavshkjz9kj30ij0ijwfa.jpg?KID=imgbed,tva&Expires=1619049144&ssig=EMDtjylxIe", "profile_url": "https://m.weibo.cn/u/7362875792?uid=7362875792", "statuses_count": 1013, "verified": false, "verified_type": -1, "close_blue_v": false, "description": "", "gender": "f", "mbtype": 0, "urank": 0, "mbrank": 0, "follow_me": false, "following": false, "followers_count": 3, "follow_count": 8, "cover_image_phone": "https://tva1.sinaimg.cn/crop.0.0.640.640.640/549d0121tw1egm1kjly3jj20hs0hsq4f.jpg", "avatar_hd": "https://wx4.sinaimg.cn/orj480/0082hSlaly8gavshkjz9kj30ij0ijwfa.jpg", "like": false, "like_me": false, "badge": {"user_name_certificate": 1, "hongbao_2020": 2, "feiyan_2020": 1}}, "reposts_count": 0, "comments_count": 0, "attitudes_count": 0, "pending_approval_count": 0, "isLongText": false, "reward_exhibition_type": 0, "hide_flag": 0, "mlevel": 0, "darwin_tags": [], "mblogtype": 0, "more_info_type": 0, "number_display_strategy": {"apply_scenario_flag": 3, "display_text_min_number": 1000000, "display_text": "100\u4e07+"}, "content_auth": 0, "repost_type": 3, "pic_num": 0, "alchemy_params": {"ug_red_envelope": false}, "raw_text": "\u5fc3\u75bc", "bid": "Iwi1qc7AH"}, {"visible": {"type": 0, "list_id": 0}, "created_at": "Fri Feb 28 15:01:17 +0800 2020", "id": "4476957368595157", "mid": "4476957368595157", "can_edit": false, "show_additional_indication": 0, "text": "\u80cc\u9505", "source": "iPhone\u5ba2\u6237\u7aef", "favorited": false, "pic_ids": [], "pic_types": "", "is_paid": false, "mblog_vip_type": 0, "user": {"id": 7221966374, "screen_name": "\u9547\u6c5f\u5357\u54e5", "profile_image_url": "https://tvax2.sinaimg.cn/crop.0.0.100.100.180/007SKDmCly8g4r6ovm92mj302s02sglo.jpg?KID=imgbed,tva&Expires=1619049146&ssig=9KPZgZ69IX", "profile_url": "https://m.weibo.cn/u/7221966374?uid=7221966374", "statuses_count": 1862, "verified": false, "verified_type": -1, "close_blue_v": false, "description": "", "gender": "m", "mbtype": 0, "urank": 4, "mbrank": 0, "follow_me": false, "following": false, "followers_count": 170, "follow_count": 62, "cover_image_phone": "https://tva1.sinaimg.cn/crop.0.0.640.640.640/549d0121tw1egm1kjly3jj20hs0hsq4f.jpg", "avatar_hd": "https://wx2.sinaimg.cn/orj480/007SKDmCly8g4r6ovm92mj302s02sglo.jpg", "like": false, "like_me": false, "badge": {"user_name_certificate": 1, "hongbao_2020": 2, "feiyan_2020": 1}}, "reposts_count": 0, "comments_count": 0, "attitudes_count": 0, "pending_approval_count": 0, "isLongText": false, "reward_exhibition_type": 0, "hide_flag": 0, "mlevel": 0, "darwin_tags": [], "mblogtype": 0, "more_info_type": 0, "number_display_strategy": {"apply_scenario_flag": 3, "display_text_min_number": 1000000, "display_text": "100\u4e07+"}, "content_auth": 0, "repost_type": 3, "pic_num": 0, "alchemy_params": {"ug_red_envelope": false}, "raw_text": "\u80cc\u9505", "bid": "Iwi0MA3Zz"}]