[{"id": 4505316505087766, "created_at": "2020-05-16", "source": "", "user": {"id": 5581785513, "screen_name": "\u5fae\u535a\u62bd\u5956\u5e73\u53f0", "profile_image_url": "https://tvax1.sinaimg.cn/crop.0.0.996.996.180/0065KBoBly8gdi9pv43soj30ro0ro74y.jpg?KID=imgbed,tva&Expires=1619217347&ssig=wEEcbpkszh", "verified": true, "verified_type": 7, "followers_count": 15524778, "verified_type_ext": 0, "mbtype": 12, "profile_url": "https://m.weibo.cn/u/5581785513?uid=5581785513", "remark": "", "following": false, "follow_me": false}, "text": "\u5956\u54c1\u540d\u79f0\uff1aNima\u76f2\u76d2*1\u4eba\uff1b\u62bd\u5956\u65f6\u95f4\uff1a2020-05-16 21:30:00\uff1b\u62bd\u5956\u89c4\u5219\uff1a<a href=\"https://weibo.cn/sinaurl?f=w&amp;u=http%3A%2F%2Ft.cn%2FA6AkutJE\">\u7f51\u9875\u94fe\u63a5</a>", "like_counts": 0, "liked": false}, {"id": 4504549597113630, "created_at": "2020-05-14", "source": "", "user": {"id": 6887017753, "screen_name": "\u6d77\u7684\u90a3\u7247\u67ab", "profile_image_url": "https://tvax3.sinaimg.cn/crop.0.0.996.996.180/007w5dVvly8gobfmg2i44j30ro0rodhv.jpg?KID=imgbed,tva&Expires=1619217347&ssig=X%2FqP6iO1Cb", "verified": false, "verified_type": -1, "followers_count": 75, "mbtype": 0, "profile_url": "https://m.weibo.cn/u/6887017753?uid=6887017753", "remark": "", "following": false, "follow_me": false}, "text": "\u7f8a\u9a7c\u597d\u53ef\u7231\u554a", "like_counts": 0, "liked": false}, {"id": 4503710041125143, "created_at": "2020-05-12", "source": "", "user": {"id": 6208557924, "screen_name": "\u5207\u5207\u9e21", "profile_image_url": "https://tvax3.sinaimg.cn/crop.0.0.828.828.180/006Matx2ly8gdi9839ls5j30n00n0dh8.jpg?KID=imgbed,tva&Expires=1619217347&ssig=FHFTqBNpeJ", "verified": true, "verified_type": 0, "followers_count": 458863, "verified_type_ext": 0, "mbtype": 12, "profile_url": "https://m.weibo.cn/u/6208557924?uid=6208557924", "remark": "", "following": false, "follow_me": false}, "text": "\u56de\u590d<a href='https://m.weibo.cn/n/\u53ef\u6b21\u53ef\u6b21\u8106'>@\u53ef\u6b21\u53ef\u6b21\u8106</a>:\u54c8\u54c8\u54c8\u662f\u6211\u753b\u7684\u592a\u5306\u5fd9\u4e86", "reply_id": 4503517827574079, "reply_text": "\u6211\u7adf\u7136\u6ca1\u6709\u770b\u61c2<span class=\"url-icon\"><img alt=[\u6253\u8138] src=\"https://h5.sinaimg.cn/m/emoticon/icon/default/d_dalian-306eefb12a.png\" style=\"width:1em; height:1em;\" /></span><span class=\"url-icon\"><img alt=[\u6253\u8138] src=\"https://h5.sinaimg.cn/m/emoticon/icon/default/d_dalian-306eefb12a.png\" style=\"width:1em; height:1em;\" /></span>", "like_counts": 0, "liked": false}, {"id": 4503517827574079, "created_at": "2020-05-11", "source": "", "user": {"id": 5518939685, "screen_name": "\u53ef\u6b21\u53ef\u6b21\u8106", "profile_image_url": "https://tvax4.sinaimg.cn/crop.0.0.996.996.180/0061uUkdly8gijad66tqrj30ro0rojt9.jpg?KID=imgbed,tva&Expires=1619217347&ssig=4YPdMAoW0X", "verified": false, "verified_type": -1, "followers_count": 8, "mbtype": 0, "profile_url": "https://m.weibo.cn/u/5518939685?uid=5518939685", "remark": "", "following": false, "follow_me": false}, "text": "\u6211\u7adf\u7136\u6ca1\u6709\u770b\u61c2<span class=\"url-icon\"><img alt=[\u6253\u8138] src=\"https://h5.sinaimg.cn/m/emoticon/icon/default/d_dalian-306eefb12a.png\" style=\"width:1em; height:1em;\" /></span><span class=\"url-icon\"><img alt=[\u6253\u8138] src=\"https://h5.sinaimg.cn/m/emoticon/icon/default/d_dalian-306eefb12a.png\" style=\"width:1em; height:1em;\" /></span>", "like_counts": 0, "liked": false}, {"id": 4503181734814581, "created_at": "2020-05-10", "source": "", "user": {"id": 6208557924, "screen_name": "\u5207\u5207\u9e21", "profile_image_url": "https://tvax3.sinaimg.cn/crop.0.0.828.828.180/006Matx2ly8gdi9839ls5j30n00n0dh8.jpg?KID=imgbed,tva&Expires=1619217347&ssig=FHFTqBNpeJ", "verified": true, "verified_type": 0, "followers_count": 458863, "verified_type_ext": 0, "mbtype": 12, "profile_url": "https://m.weibo.cn/u/6208557924?uid=6208557924", "remark": "", "following": false, "follow_me": false}, "text": "\u56de\u590d<a href='https://m.weibo.cn/n/\u5927\u4e4b\u7121'>@\u5927\u4e4b\u7121</a>:[\u51b0\u96ea\u5947\u7f18\u96ea\u5b9d][\u51b0\u96ea\u5947\u7f18\u96ea\u5b9d]", "reply_id": 4502971122182753, "reply_text": "\u54c8\u54c8\u54c8\u5956\u54c1\u90fd\u662fnima\u548c\u738b\u5c3c\u739b\uff0c\u9e21\u54e5\u53ef\u592a\u4f1a\u4e86<span class=\"url-icon\"><img alt=[\u70b8\u9e21\u817f] src=\"https://h5.sinaimg.cn/m/emoticon/icon/others/cx_zhaji-0804ecfe14.png\" style=\"width:1em; height:1em;\" /></span>", "like_counts": 0, "liked": false}, {"id": 4502971122182753, "created_at": "2020-05-10", "source": "", "user": {"id": 2037808245, "screen_name": "\u5927\u4e4b\u7121", "profile_image_url": "https://tvax2.sinaimg.cn/crop.0.0.1080.1080.180/79767c75ly8gaydp3hjc9j20u00u0abk.jpg?KID=imgbed,tva&Expires=1619217347&ssig=DNuPkmOkJe", "verified": false, "verified_type": -1, "followers_count": 409, "mbtype": 0, "profile_url": "https://m.weibo.cn/u/2037808245?uid=2037808245", "remark": "", "following": false, "follow_me": false}, "text": "\u54c8\u54c8\u54c8\u5956\u54c1\u90fd\u662fnima\u548c\u738b\u5c3c\u739b\uff0c\u9e21\u54e5\u53ef\u592a\u4f1a\u4e86<span class=\"url-icon\"><img alt=[\u70b8\u9e21\u817f] src=\"https://h5.sinaimg.cn/m/emoticon/icon/others/cx_zhaji-0804ecfe14.png\" style=\"width:1em; height:1em;\" /></span>", "like_counts": 0, "liked": false}, {"id": 4502959264394100, "created_at": "2020-05-10", "source": "", "user": {"id": 7262614008, "screen_name": "\u4e45\u5c45\u6df1\u5df7\u53ea\u4e3a\u5b88\u5019\u90a3\u4e00\u4eba", "profile_image_url": "https://tvax1.sinaimg.cn/crop.0.0.996.996.180/007VvbFCly8gf28t8ufwqj30ro0roq5y.jpg?KID=imgbed,tva&Expires=1619217347&ssig=HYB%2FJHeu8t", "verified": false, "verified_type": -1, "followers_count": 499, "mbtype": 0, "profile_url": "https://m.weibo.cn/u/7262614008?uid=7262614008", "remark": "", "following": false, "follow_me": false}, "text": "\u76f2\u76d2", "like_counts": 0, "liked": false}, {"id": 4502935658414261, "created_at": "2020-05-10", "source": "", "user": {"id": 7013396654, "screen_name": "\u53ef\u7231\u4e0d\u8fc7\u80d6\u6a58", "profile_image_url": "https://tvax1.sinaimg.cn/crop.0.0.996.996.180/007EDuQSly8gh81f9j9ldj30ro0ron12.jpg?KID=imgbed,tva&Expires=1619217347&ssig=aWSNETKDq6", "verified": false, "verified_type": -1, "followers_count": 4, "mbtype": 0, "profile_url": "https://m.weibo.cn/u/7013396654?uid=7013396654", "remark": "", "following": false, "follow_me": false}, "text": "\u5495\uff5e\u771f\u7684\u840c\u5230\u4e86<span class=\"url-icon\"><img alt=[\u61a7\u61ac] src=\"https://h5.sinaimg.cn/m/emoticon/icon/default/d_xingxingyan-c64b6a744b.png\" style=\"width:1em; height:1em;\" /></span>", "like_counts": 0, "liked": false}, {"id": 4502850014648943, "created_at": "2020-05-10", "source": "", "user": {"id": 3235254122, "screen_name": "EAIEAIEAI", "profile_image_url": "https://tvax4.sinaimg.cn/crop.0.0.667.667.180/c0d60f6aly8gmr2jqf8jij20ij0ijaaa.jpg?KID=imgbed,tva&Expires=1619217347&ssig=MDEf2qY2QK", "verified": false, "verified_type": -1, "followers_count": 275, "mbtype": 2, "profile_url": "https://m.weibo.cn/u/3235254122?uid=3235254122", "remark": "", "following": false, "follow_me": false}, "text": "\u8f6c\u53d1\u5fae\u535a", "like_counts": 0, "liked": false}, {"id": 4502818486278439, "created_at": "2020-05-09", "source": "", "user": {"id": 1825254707, "screen_name": "\u840c\u732b\u4e00\u679a", "profile_image_url": "https://tvax3.sinaimg.cn/crop.0.0.828.828.180/6ccb2d33ly8gp3qus7daxj20n00n0tad.jpg?KID=imgbed,tva&Expires=1619217347&ssig=pjt1wI1wk8", "verified": false, "verified_type": -1, "followers_count": 331, "mbtype": 12, "profile_url": "https://m.weibo.cn/u/1825254707?uid=1825254707", "remark": "", "following": false, "follow_me": false}, "text": "\u9e21\u54e5\u9e21\u54e5<span class=\"url-icon\"><img alt=[\u5077\u7b11] src=\"https://h5.sinaimg.cn/m/emoticon/icon/default/d_touxiao-0d995330b6.png\" style=\"width:1em; height:1em;\" /></span>\u5495\uff1f \u9e21\u54e5\u7684\u5927\u6c05\u4e0d\u9519\u554a<span class=\"url-icon\"><img alt=[\u55b5\u55b5] src=\"https://h5.sinaimg.cn/m/emoticon/icon/others/d_miao-c1b3d563bd.png\" style=\"width:1em; height:1em;\" /></span>\u771f\u60f3\u6765\u4e2a\u540c\u6b3e", "like_counts": 0, "liked": false}, {"id": 4502813591242324, "created_at": "2020-05-09", "source": "", "user": {"id": 1646119294, "screen_name": "\u751a\u4e48\u90fd\u6ca1\u6709\u7684\u718a", "profile_image_url": "https://tva3.sinaimg.cn/crop.0.1.750.750.180/621dc97ejw8es2c9ns5f8j20ku0kxmy6.jpg?KID=imgbed,tva&Expires=1619217359&ssig=eFqX7gWnBd", "verified": false, "verified_type": -1, "followers_count": 167, "mbtype": 2, "profile_url": "https://m.weibo.cn/u/1646119294?uid=1646119294", "remark": "", "following": false, "follow_me": false}, "text": "\u6015\u53e3\u6c34\uff0c\u7ed9\u7f8a\u9a7c\u6234\u53e3\u7f69", "like_counts": 0, "liked": false}, {"id": 4502799154441346, "created_at": "2020-05-09", "source": "", "user": {"id": 6375226981, "screen_name": "\u7626\u4e86\u5c31\u8981\u5403", "profile_image_url": "https://tvax3.sinaimg.cn/crop.0.0.1080.1080.180/006XrNLDly8fythtjm4nfj30u00u0q57.jpg?KID=imgbed,tva&Expires=1619217359&ssig=f93e1mYOfu", "verified": false, "verified_type": -1, "followers_count": 46, "mbtype": 2, "profile_url": "https://m.weibo.cn/u/6375226981?uid=6375226981", "remark": "", "following": false, "follow_me": false}, "text": "<span class=\"url-icon\"><img alt=[\u5141\u60b2] src=\"https://h5.sinaimg.cn/m/emoticon/icon/default/d_yunbei-a14a649db8.png\" style=\"width:1em; height:1em;\" /></span><span class=\"url-icon\"><img alt=[\u5141\u60b2] src=\"https://h5.sinaimg.cn/m/emoticon/icon/default/d_yunbei-a14a649db8.png\" style=\"width:1em; height:1em;\" /></span><span class=\"url-icon\"><img alt=[\u5141\u60b2] src=\"https://h5.sinaimg.cn/m/emoticon/icon/default/d_yunbei-a14a649db8.png\" style=\"width:1em; height:1em;\" /></span>", "like_counts": 0, "liked": false}, {"id": 4502783628610920, "created_at": "2020-05-09", "source": "", "user": {"id": 2451847160, "screen_name": "1125090877b", "profile_image_url": "https://tvax2.sinaimg.cn/crop.0.0.996.996.180/922437f8ly8fhdifyg810j20ro0rotat.jpg?KID=imgbed,tva&Expires=1619217359&ssig=%2FjGqQMLc5N", "verified": false, "verified_type": -1, "followers_count": 71, "mbtype": 2, "profile_url": "https://m.weibo.cn/u/2451847160?uid=2451847160", "remark": "", "following": false, "follow_me": false}, "text": "\u54c8\u54c8\u54c8\u54c8\u54c8\u54c8\u54c8\u54c8\u54c8\u54c8\u54c8\u54c8\u54c8\u54c8\u54c8\uff0c\u662f\u6211\u70b9\u7684\u7f8a\u9a7c\uff0c\u6211\u6765\u5566<span class=\"url-icon\"><img alt=[\u597d\u559c\u6b22] src=\"https://h5.sinaimg.cn/m/emoticon/icon/lxh/lxh_haoxihuan-51860b62e6.png\" style=\"width:1em; height:1em;\" /></span><span class=\"url-icon\"><img alt=[\u597d\u559c\u6b22] src=\"https://h5.sinaimg.cn/m/emoticon/icon/lxh/lxh_haoxihuan-51860b62e6.png\" style=\"width:1em; height:1em;\" /></span>", "like_counts": 0, "liked": false}, {"id": 4502761805493537, "created_at": "2020-05-09", "source": "", "user": {"id": 6588703494, "screen_name": "\u6211\u548b\u8fd9\u4e48\u975e", "profile_image_url": "https://tvax2.sinaimg.cn/crop.0.0.996.996.180/007bTwLcly8geyte4wt03j30ro0ro403.jpg?KID=imgbed,tva&Expires=1619217359&ssig=diUqJjBUi8", "verified": false, "verified_type": -1, "followers_count": 87, "mbtype": 2, "profile_url": "https://m.weibo.cn/u/6588703494?uid=6588703494", "remark": "", "following": false, "follow_me": false}, "text": "\u7f8a\u9a7c\u5185\u5fc3\uff0c\u5b8c\u4e86\uff0c\u6211\u8981\u8d25\u5728\u8fd9\u6b21\u75ab\u60c5\u4e86", "like_counts": 0, "liked": false}, {"id": 4502761674482682, "created_at": "2020-05-09", "source": "", "user": {"id": 6588703494, "screen_name": "\u6211\u548b\u8fd9\u4e48\u975e", "profile_image_url": "https://tvax2.sinaimg.cn/crop.0.0.996.996.180/007bTwLcly8geyte4wt03j30ro0ro403.jpg?KID=imgbed,tva&Expires=1619217359&ssig=diUqJjBUi8", "verified": false, "verified_type": -1, "followers_count": 87, "mbtype": 2, "profile_url": "https://m.weibo.cn/u/6588703494?uid=6588703494", "remark": "", "following": false, "follow_me": false}, "text": "\u54c8\u54c8\u54c8\u54c8\u54c8", "like_counts": 0, "liked": false}, {"id": 4502746810488946, "created_at": "2020-05-09", "source": "", "user": {"id": 6208557924, "screen_name": "\u5207\u5207\u9e21", "profile_image_url": "https://tvax3.sinaimg.cn/crop.0.0.828.828.180/006Matx2ly8gdi9839ls5j30n00n0dh8.jpg?KID=imgbed,tva&Expires=1619217359&ssig=8bpJawUYMh", "verified": true, "verified_type": 0, "followers_count": 458863, "verified_type_ext": 0, "mbtype": 12, "profile_url": "https://m.weibo.cn/u/6208557924?uid=6208557924", "remark": "", "following": false, "follow_me": false}, "text": "\u56de\u590d<a href='https://m.weibo.cn/n/\u4f60\u53ef\u4e0d\u53ef\u4ee5\u9009\u6211'>@\u4f60\u53ef\u4e0d\u53ef\u4ee5\u9009\u6211</a>:y1s1\uff0c\u7f8a\u9a7c\u9a7c\u771f\u7684\u5f88\u53ef\u7231", "reply_id": 4502724216344834, "reply_text": "\u4e3a\u5565\u611f\u89c9\u7f8a\u9a7c\u6bd4\u9e21\u54e5\u53ef\u7231\u5462<span class=\"url-icon\"><img alt=[\u7b11\u54c8\u54c8] src=\"https://h5.sinaimg.cn/m/emoticon/icon/lxh/lxh_xiaohaha-56dbc288a5.png\" style=\"width:1em; height:1em;\" /></span>", "like_counts": 0, "liked": false}, {"id": 4502746717652627, "created_at": "2020-05-09", "source": "", "user": {"id": 6208557924, "screen_name": "\u5207\u5207\u9e21", "profile_image_url": "https://tvax3.sinaimg.cn/crop.0.0.828.828.180/006Matx2ly8gdi9839ls5j30n00n0dh8.jpg?KID=imgbed,tva&Expires=1619217359&ssig=8bpJawUYMh", "verified": true, "verified_type": 0, "followers_count": 458863, "verified_type_ext": 0, "mbtype": 12, "profile_url": "https://m.weibo.cn/u/6208557924?uid=6208557924", "remark": "", "following": false, "follow_me": false}, "text": "\u6b22\u8fce\u591a\u591a\u5173\u6ce8\u516c\u4f17\u53f7\u3010\u5495\u5495DAY\u7814\u7a76\u6240\u3011\uff0c\u5495\u5575=3=", "like_counts": 3, "liked": false}, {"id": 4502735590403907, "created_at": "2020-05-09", "source": "", "user": {"id": 6095769451, "screen_name": "\u53ef\u53ef\u7231\u5403\u5c0f\u9992\u5934", "profile_image_url": "https://tvax3.sinaimg.cn/crop.0.0.1008.1008.180/006Exe67ly8gnkl5w6lqkj30s00s0gmr.jpg?KID=imgbed,tva&Expires=1619217359&ssig=4CVw%2F3%2FWNm", "verified": true, "verified_type": 0, "followers_count": 601, "verified_type_ext": 0, "mbtype": 12, "profile_url": "https://m.weibo.cn/u/6095769451?uid=6095769451", "remark": "", "following": false, "follow_me": false}, "text": "\u8f6c\u53d1\u5fae\u535a", "like_counts": 0, "liked": false}, {"id": 4502724216344834, "created_at": "2020-05-09", "source": "", "user": {"id": 5543087717, "screen_name": "\u84dd\u8033\u6735\u5c0f\u7f8a\u5440", "profile_image_url": "https://tvax4.sinaimg.cn/crop.0.0.664.664.180/00638ekBly8gocsh61fi7j30ig0igt9a.jpg?KID=imgbed,tva&Expires=1619217359&ssig=DCetI28Hcs", "verified": false, "verified_type": -1, "followers_count": 80, "mbtype": 2, "profile_url": "https://m.weibo.cn/u/5543087717?uid=5543087717", "remark": "", "following": false, "follow_me": false}, "text": "\u4e3a\u5565\u611f\u89c9\u7f8a\u9a7c\u6bd4\u9e21\u54e5\u53ef\u7231\u5462<span class=\"url-icon\"><img alt=[\u7b11\u54c8\u54c8] src=\"https://h5.sinaimg.cn/m/emoticon/icon/lxh/lxh_xiaohaha-56dbc288a5.png\" style=\"width:1em; height:1em;\" /></span>", "like_counts": 0, "liked": false}, {"id": 4502714203449851, "created_at": "2020-05-09", "source": "", "user": {"id": 6459344985, "screen_name": "Misssskarry", "profile_image_url": "https://tvax4.sinaimg.cn/crop.166.163.777.777.180/00738KHDly8ge1py0usjaj30u012wdhj.jpg?KID=imgbed,tva&Expires=1619217359&ssig=HpMiZmuJst", "verified": false, "verified_type": -1, "followers_count": 0, "mbtype": 0, "profile_url": "https://m.weibo.cn/u/6459344985?uid=6459344985", "remark": "", "following": false, "follow_me": false}, "text": "\u7f8a\u9a7cos\uff1a\u770b\u6765\u6211\u771f\u7684\u662f\u795e\u517d", "like_counts": 0, "liked": false}, {"id": 4502710722616988, "created_at": "2020-05-09", "source": "", "user": {"id": 5638050534, "screen_name": "\u9ca8\u6389\u4e1c\u897fC", "profile_image_url": "https://tvax2.sinaimg.cn/crop.0.0.996.996.180/0069yGuWly8gg9kewrna5j30ro0ro0tz.jpg?KID=imgbed,tva&Expires=1619217373&ssig=Zwim31lznY", "verified": false, "verified_type": -1, "followers_count": 144, "mbtype": 0, "profile_url": "https://m.weibo.cn/u/5638050534?uid=5638050534", "remark": "", "following": false, "follow_me": false}, "text": "\u7f8a\u9a7c\u90a3\u4e48\u53ef\u7231\uff0c\u600e\u4e48\u53ef\u4ee5\u5bf9\u7f8a\u9a7c\u4e0b\u624b<span class=\"url-icon\"><img alt=[doge] src=\"https://h5.sinaimg.cn/m/emoticon/icon/others/d_doge-be7f768d78.png\" style=\"width:1em; height:1em;\" /></span><span class=\"url-icon\"><img alt=[doge] src=\"https://h5.sinaimg.cn/m/emoticon/icon/others/d_doge-be7f768d78.png\" style=\"width:1em; height:1em;\" /></span><span class=\"url-icon\"><img alt=[doge] src=\"https://h5.sinaimg.cn/m/emoticon/icon/others/d_doge-be7f768d78.png\" style=\"width:1em; height:1em;\" /></span>", "like_counts": 0, "liked": false}, {"id": 4502706196794934, "created_at": "2020-05-09", "source": "", "user": {"id": 6615921350, "screen_name": "\u9038\u5fd8\u5dcd\u6f9c", "profile_image_url": "https://tvax2.sinaimg.cn/crop.0.0.664.664.180/007dJJmSly8gppg6406fsj30ig0iggn1.jpg?KID=imgbed,tva&Expires=1619217373&ssig=9MJFqQjtAz", "verified": false, "verified_type": -1, "followers_count": 143, "mbtype": 2, "profile_url": "https://m.weibo.cn/u/6615921350?uid=6615921350", "remark": "", "following": false, "follow_me": false}, "text": "\u54c8\u54c8\u54c8\u54c8\u54c8\u597d\u6709\u7075\u6027", "like_counts": 0, "liked": false}, {"id": 4502705177716178, "created_at": "2020-05-09", "source": "", "user": {"id": 2238079345, "screen_name": "\u7fbd\u975e\u540c\u5b66", "profile_image_url": "https://tvax1.sinaimg.cn/crop.0.0.1002.1002.180/85666171ly8gc4cw5wb6rj20ru0rudi9.jpg?KID=imgbed,tva&Expires=1619217373&ssig=Xzml4ecXlK", "verified": false, "verified_type": -1, "followers_count": 128, "mbtype": 2, "profile_url": "https://m.weibo.cn/u/2238079345?uid=2238079345", "remark": "", "following": false, "follow_me": false}, "text": "\u7f8a\u9a7c\u597d\u989c\u827a<span class=\"url-icon\"><img alt=[\u7b11cry] src=\"https://h5.sinaimg.cn/m/emoticon/icon/default/d_xiaoku-f2bd11b506.png\" style=\"width:1em; height:1em;\" /></span>", "like_counts": 0, "liked": false}, {"id": 4502702200372823, "created_at": "2020-05-09", "source": "", "user": {"id": 5844201223, "screen_name": "\u667a\u866b\u54e5\u54e5\u7684\u5c0f\u5a07\u59bb", "profile_image_url": "https://tvax4.sinaimg.cn/crop.0.0.996.996.180/006nvFI3ly8gp7w66fu9cj30ro0ro41f.jpg?KID=imgbed,tva&Expires=1619217373&ssig=NZOFtcTsf1", "verified": false, "verified_type": -1, "followers_count": 43, "mbtype": 0, "profile_url": "https://m.weibo.cn/u/5844201223?uid=5844201223", "remark": "", "following": false, "follow_me": false}, "text": "<span class=\"url-icon\"><img alt=[\u7f9e\u55d2\u55d2] src=\"https://h5.sinaimg.cn/m/emoticon/icon/lxh/lxh_xiudada-e99552ddb3.png\" style=\"width:1em; height:1em;\" /></span><span class=\"url-icon\"><img alt=[\u7f9e\u55d2\u55d2] src=\"https://h5.sinaimg.cn/m/emoticon/icon/lxh/lxh_xiudada-e99552ddb3.png\" style=\"width:1em; height:1em;\" /></span>\u6765\u4e86", "like_counts": 0, "liked": false}, {"id": 4502701683351885, "created_at": "2020-05-09", "source": "", "user": {"id": 1610448264, "screen_name": "-\u5c1b\u5416\u982d-", "profile_image_url": "https://tvax3.sinaimg.cn/crop.0.0.664.664.180/5ffd7d88ly8fk6l0nxl1lj20ig0iggmp.jpg?KID=imgbed,tva&Expires=1619217373&ssig=g0023hiHpq", "verified": false, "verified_type": -1, "followers_count": 58, "mbtype": 0, "profile_url": "https://m.weibo.cn/u/1610448264?uid=1610448264", "remark": "", "following": false, "follow_me": false}, "text": "\u6765\u4e86", "like_counts": 0, "liked": false}, {"id": 4502696726497832, "created_at": "2020-05-09", "source": "", "user": {"id": 6463377236, "screen_name": "\u4e16\u754c\u5f88\u5927sjhd6", "profile_image_url": "https://tvax3.sinaimg.cn/crop.0.0.640.640.180/0073pFFWly8get7hoczehj30hs0hsjs2.jpg?KID=imgbed,tva&Expires=1619217373&ssig=Kqq6puBarK", "verified": false, "verified_type": -1, "followers_count": 149, "mbtype": 0, "profile_url": "https://m.weibo.cn/u/6463377236?uid=6463377236", "remark": "", "following": false, "follow_me": false}, "text": "\u7f8a\u9a7c\u518d\u8bf4\uff1a\u201c\u79d1\u5b66\u5bb6\u6551\u6211\uff01\u201d<span class=\"url-icon\"><img alt=[doge] src=\"https://h5.sinaimg.cn/m/emoticon/icon/others/d_doge-be7f768d78.png\" style=\"width:1em; height:1em;\" /></span><span class=\"url-icon\"><img alt=[doge] src=\"https://h5.sinaimg.cn/m/emoticon/icon/others/d_doge-be7f768d78.png\" style=\"width:1em; height:1em;\" /></span>", "like_counts": 0, "liked": false}]