{"visible": {"type": 0, "list_id": 0}, "created_at": "Mon Apr 06 18:23:06 +0800 2020", "id": "4490778896650658", "mid": "4490778896650658", "can_edit": false, "show_additional_indication": 0, "text": "\u3010\u4e13\u5bb6\uff1a<a  href=\"https://m.weibo.cn/search?containerid=231522type%3D1%26t%3D10%26q%3D%23%E6%97%A0%E8%AF%81%E6%8D%AE%E8%AF%81%E6%98%8E%E6%9D%A8%E6%9F%B3%E7%B5%AE%E4%B8%AD%E5%AD%98%E6%96%B0%E5%86%A0%E7%97%85%E6%AF%92%23&extparam=%23%E6%97%A0%E8%AF%81%E6%8D%AE%E8%AF%81%E6%98%8E%E6%9D%A8%E6%9F%B3%E7%B5%AE%E4%B8%AD%E5%AD%98%E6%96%B0%E5%86%A0%E7%97%85%E6%AF%92%23&luicode=20000061&lfid=4490778896650658\" data-hide=\"\"><span class=\"surl-text\">#\u65e0\u8bc1\u636e\u8bc1\u660e\u6768\u67f3\u7d6e\u4e2d\u5b58\u65b0\u51a0\u75c5\u6bd2#</span></a>\u30114\u67086\u65e5\uff0c\u5317\u4eac\u540c\u4ec1\u533b\u9662\u9f3b\u79d1\u526f\u4e3b\u4efb\u738b\u6210\u7855\u4ecb\u7ecd\uff0c\u5317\u4eac\u6bcf\u5e744\u6708\u81f35\u6708\u4e0a\u65ec\uff0c\u6768\u67f3\u98de\u7d6e\u98d8\u626c\uff0c\u6839\u636e\u73b0\u6709\u7814\u7a76\uff0c\u6ca1\u6709\u8bc1\u636e\u8bc1\u660e\u6768\u67f3\u7d6e\u4e2d\u5b58\u5728\u65b0\u51a0\u80ba\u708e\u75c5\u6bd2\u3002\u4f46\u6768\u67f3\u98de\u7d6e\u671f\u95f4\u4f1a\u6709\u90e8\u5206\u8fc7\u654f\u60a3\u8005\u51fa\u73b0\u9f3b\u90e8\u8fc7\u654f\u75c7\u72b6\u3002<a data-url=\"http://t.cn/A6ZryZ2N\" href=\"https://video.weibo.com/show?fid=1042163:4490758103695391\" data-hide=\"\"><span class='url-icon'><img style='width: 1rem;height: 1rem' src='https://h5.sinaimg.cn/upload/2015/09/25/3/timeline_card_small_video_default.png'></span><span class=\"surl-text\">\u4eba\u6c11\u89c6\u9891\u7684\u5fae\u535a\u89c6\u9891</span></a> <a href='/n/\u4eba\u6c11\u89c6\u9891'>@\u4eba\u6c11\u89c6\u9891</a> ", "textLength": 251, "source": "\u5fae\u535a\u89c6\u9891\u53f7", "favorited": false, "pic_ids": [], "pic_types": "", "is_paid": false, "mblog_vip_type": 0, "user": {"id": 5964184998, "screen_name": "\u5b89\u5fbd\u53cd\u90aa\u6559", "profile_image_url": "https://tvax2.sinaimg.cn/crop.0.0.996.996.180/006vD6Yely8gln22mvevnj30ro0ro757.jpg?KID=imgbed,tva&Expires=1619695347&ssig=rqVQahG3OE", "profile_url": "https://m.weibo.cn/u/5964184998?uid=5964184998&luicode=20000061&lfid=4490778896650658", "statuses_count": 78046, "verified": true, "verified_type": 1, "verified_type_ext": 0, "verified_reason": "\u4e2d\u5171\u5b89\u5fbd\u7701\u59d4\u653f\u6cd5\u59d4\u5458\u4f1a", "close_blue_v": false, "description": "\u53cd\u90aa\u6559\u5ba3\u4f20\u5de5\u4f5c\u4eba\u5458\uff0c\u4f20\u64ad\u6b63\u80fd\u91cf\u7684\u4f7f\u8005", "gender": "f", "mbtype": 12, "urank": 37, "mbrank": 4, "follow_me": false, "following": false, "followers_count": 660395, "follow_count": 1195, "cover_image_phone": "https://wx1.sinaimg.cn/crop.0.0.640.640.640/006vD6Yely1fkld0150jnj30ku0kudib.jpg", "avatar_hd": "https://wx2.sinaimg.cn/orj480/006vD6Yely8gln22mvevnj30ro0ro757.jpg", "like": false, "like_me": false, "badge": {"follow_whitelist_video": 1, "league_badge": 1, "panda": 1, "user_name_certificate": 1, "suishoupai_2018": 6, "wenchuan_10th": 1, "super_star_2018": 1, "dailv_2018": 1, "qixi_2018": 1, "meilizhongguo_2018": 1, "national_day_2018": 1, "wbzy_2018": 1, "memorial_2018": 1, "denglong_2019": 1, "fu_2019": 1, "suishoupai_2019": 1, "wusi_2019": 1, "hongrenjie_2019": 1, "china_2019": 1, "hongkong_2019": 1, "rrgyj_2019": 1, "gongjiri_2019": 1, "macao_2019": 1, "china_2019_2": 1, "hongbao_2020": 2, "feiyan_2020": 1, "graduation_2020": 1, "dailv_2020": 1, "school_2020": 1, "china_2020": 1, "hongbaofeijika_2021": 1, "lvzhilingyang_2021": 1}}, "reposts_count": 56, "comments_count": 55, "attitudes_count": 60, "pending_approval_count": 0, "isLongText": false, "reward_exhibition_type": 0, "hide_flag": 0, "mlevel": 0, "darwin_tags": [], "mblogtype": 0, "more_info_type": 0, "cardid": "star_11247_common", "content_auth": 0, "pic_num": 0, "alchemy_params": {"ug_red_envelope": false}, "page_info": {"type": "video", "object_type": 11, "url_ori": "http://t.cn/A6ZryZ2N", "page_pic": {"width": 852, "url": "https://wx4.sinaimg.cn/orj480/7aa05215ly1gdk5k0zacaj20zk0k0kes.jpg", "height": 480}, "page_url": "https://video.weibo.com/show?fid=1042163%3A4490758103695391&luicode=20000061&lfid=4490778896650658", "object_id": "1042163:4490758103695391", "page_title": "\u4eba\u6c11\u89c6\u9891\u7684\u5fae\u535a\u89c6\u9891", "title": "\u65e0\u8bc1\u636e\u8bc1\u660e\u6768\u67f3\u7d6e\u4e2d\u5b58\u65b0\u51a0\u75c5\u6bd2", "content1": "\u4eba\u6c11\u89c6\u9891\u7684\u5fae\u535a\u89c6\u9891", "content2": "\u3010\u4e13\u5bb6\uff1a#\u65e0\u8bc1\u636e\u8bc1\u660e\u6768\u67f3\u7d6e\u4e2d\u5b58\u65b0\u51a0\u75c5\u6bd2#\u30114\u67086\u65e5\uff0c\u5317\u4eac\u540c\u4ec1\u533b\u9662\u9f3b\u79d1\u526f\u4e3b\u4efb\u738b\u6210\u7855\u4ecb\u7ecd\uff0c\u5317\u4eac\u6bcf\u5e744\u6708\u81f35\u6708\u4e0a\u65ec\uff0c\u6768\u67f3\u98de\u7d6e\u98d8\u626c\uff0c\u6839\u636e\u73b0\u6709\u7814\u7a76\uff0c\u6ca1\u6709\u8bc1\u636e\u8bc1\u660e\u6768\u67f3\u7d6e\u4e2d\u5b58\u5728\u65b0\u51a0\u80ba\u708e\u75c5\u6bd2\u3002\u4f46\u6768\u67f3\u98de\u7d6e\u671f\u95f4\u4f1a\u6709\u90e8\u5206\u8fc7\u654f\u60a3\u8005\u51fa\u73b0\u9f3b\u90e8\u8fc7\u654f\u75c7\u72b6\u3002#\u4eba\u6c11\u6218\u75ab#", "video_orientation": "horizontal", "play_count": "94\u4e07\u6b21\u64ad\u653e", "media_info": {"stream_url": "https://f.video.weibocdn.com/mTSDdMHUlx07ChNAyYG4010412005njq0E010.mp4?label=mp4_ld&template=640x360.25.0&trans_finger=40a32e8439c5409a63ccf853562a60ef&ori=0&ps=1BThihd3VLAY5R&Expires=1619688147&ssig=Zz4fZx9xFt&KID=unistore,video", "stream_url_hd": "https://f.video.weibocdn.com/Oju8rYgolx07ChNAT8E8010412008Pt80E010.mp4?label=mp4_hd&template=852x480.25.0&trans_finger=62b30a3f061b162e421008955c73f536&ori=0&ps=1BThihd3VLAY5R&Expires=1619688147&ssig=%2FBXeoKPB0C&KID=unistore,video", "duration": 64.411}, "urls": {"mp4_720p_mp4": "https://f.video.weibocdn.com/azyYtTWDlx07ChNC84mA01041200kXi10E010.mp4?label=mp4_720p&template=1280x720.25.0&trans_finger=1f0da16358befad33323e3a1b7f95fc9&ori=0&ps=1BThihd3VLAY5R&Expires=1619688147&ssig=ah%2BQQZ3QkJ&KID=unistore,video", "mp4_hd_mp4": "https://f.video.weibocdn.com/Oju8rYgolx07ChNAT8E8010412008Pt80E010.mp4?label=mp4_hd&template=852x480.25.0&trans_finger=62b30a3f061b162e421008955c73f536&ori=0&ps=1BThihd3VLAY5R&Expires=1619688147&ssig=%2FBXeoKPB0C&KID=unistore,video", "mp4_ld_mp4": "https://f.video.weibocdn.com/mTSDdMHUlx07ChNAyYG4010412005njq0E010.mp4?label=mp4_ld&template=640x360.25.0&trans_finger=40a32e8439c5409a63ccf853562a60ef&ori=0&ps=1BThihd3VLAY5R&Expires=1619688147&ssig=Zz4fZx9xFt&KID=unistore,video"}}, "bid": "IC5zzrU8G", "buttons": [{"type": "follow", "name": "\u5173\u6ce8", "sub_type": 0, "params": {"uid": 5964184998}}], "status_title": "\u4e13\u5bb6\uff1a#\u65e0\u8bc1\u636e\u8bc1\u660e\u6768\u67f3\u7d6e\u4e2d\u5b58\u65b0\u51a0\u75c5\u6bd2#", "ok": 1, "scheme": "https://weibo.cn/appurl?scheme=sinaweibo%3A%2F%2Fdetail%3Fmblogid%3D4490778896650658%26luicode%3D20000061%26lfid%3D4490778896650658&luicode=20000061&lfid=4490778896650658", "tipScheme": "https://weibo.cn/appurl?scheme=sinaweibo%3A%2F%2Fdetail%3Fmblogid%3D4490778896650658%26luicode%3D20000061%26lfid%3D4490778896650658&luicode=20000061&lfid=4490778896650658"}