[{"visible": {"type": 0, "list_id": 0}, "created_at": "Thu Apr 02 20:12:36 +0800 2020", "id": "4489356905942682", "mid": "4489356905942682", "can_edit": false, "show_additional_indication": 0, "text": "\u8f6c\u53d1\u5fae\u535a", "source": "\u5c0f\u7c736 \u62cd\u4eba\u66f4\u7f8e", "favorited": false, "pic_ids": [], "pic_types": "", "is_paid": false, "mblog_vip_type": 0, "user": {"id": 3022154505, "screen_name": "COCO-\u6653\u5029\u7684FIANCE", "profile_image_url": "https://tva1.sinaimg.cn/crop.0.0.1002.1002.180/b4226b09jw8fb4ax8kuiij20ru0ruq8s.jpg?KID=imgbed,tva&Expires=1619050451&ssig=QIYEqHdOQO", "profile_url": "https://m.weibo.cn/u/3022154505?uid=3022154505", "statuses_count": 1157, "verified": false, "verified_type": -1, "close_blue_v": false, "description": "", "gender": "m", "mbtype": 0, "urank": 9, "mbrank": 0, "follow_me": false, "following": false, "followers_count": 23, "follow_count": 173, "cover_image_phone": "https://tva1.sinaimg.cn/crop.0.0.640.640.640/549d0121tw1egm1kjly3jj20hs0hsq4f.jpg", "avatar_hd": "https://ww1.sinaimg.cn/orj480/b4226b09jw8fb4ax8kuiij20ru0ruq8s.jpg", "like": false, "like_me": false, "badge": {"user_name_certificate": 1, "hongbaofei_2019": 1, "china_2019": 1}}, "reposts_count": 0, "comments_count": 0, "attitudes_count": 0, "pending_approval_count": 0, "isLongText": false, "reward_exhibition_type": 0, "hide_flag": 0, "mlevel": 0, "darwin_tags": [], "mblogtype": 0, "more_info_type": 0, "number_display_strategy": {"apply_scenario_flag": 3, "display_text_min_number": 1000000, "display_text": "100\u4e07+"}, "content_auth": 0, "repost_type": 1, "pic_num": 0, "alchemy_params": {"ug_red_envelope": false}, "raw_text": "\u8f6c\u53d1\u5fae\u535a", "bid": "IBuA2oVXI"}, {"visible": {"type": 0, "list_id": 0}, "created_at": "Thu Apr 02 19:15:36 +0800 2020", "id": "4489342556905412", "mid": "4489342556905412", "can_edit": false, "show_additional_indication": 0, "text": "\u8f6c\u53d1\u5fae\u535a", "source": "\u8363\u8000\u624b\u673a \u52c7\u6562\u505a\u81ea\u5df1", "favorited": false, "pic_ids": [], "pic_types": "", "is_paid": false, "mblog_vip_type": 0, "user": {"id": 6575796378, "screen_name": "\u57fa\u7763\u5c71\u4f2f\u7235201407", "profile_image_url": "https://tvax3.sinaimg.cn/crop.0.0.996.996.180/007b1n1Uly8fsdfpizmtlj30ro0romzm.jpg?KID=imgbed,tva&Expires=1619050451&ssig=RXxs7Iwjyw", "profile_url": "https://m.weibo.cn/u/6575796378?uid=6575796378", "statuses_count": 606, "verified": false, "verified_type": -1, "close_blue_v": false, "description": "", "gender": "m", "mbtype": 0, "urank": 4, "mbrank": 0, "follow_me": false, "following": false, "followers_count": 77, "follow_count": 121, "cover_image_phone": "https://tva1.sinaimg.cn/crop.0.0.640.640.640/549d0121tw1egm1kjly3jj20hs0hsq4f.jpg", "avatar_hd": "https://wx3.sinaimg.cn/orj480/007b1n1Uly8fsdfpizmtlj30ro0romzm.jpg", "like": false, "like_me": false, "badge": {"user_name_certificate": 1, "worldcup_2018": 34, "national_day_2018": 1, "fu_2019": 1, "hongrenjie_2019": 1, "china_2019": 1, "hongbao_2020": 2, "school_2020": 1}}, "reposts_count": 0, "comments_count": 0, "attitudes_count": 0, "pending_approval_count": 0, "isLongText": false, "reward_exhibition_type": 0, "hide_flag": 0, "mlevel": 0, "darwin_tags": [], "mblogtype": 0, "more_info_type": 0, "number_display_strategy": {"apply_scenario_flag": 3, "display_text_min_number": 1000000, "display_text": "100\u4e07+"}, "content_auth": 0, "repost_type": 1, "pic_num": 0, "alchemy_params": {"ug_red_envelope": false}, "raw_text": "\u8f6c\u53d1\u5fae\u535a", "bid": "IBucTsYpC"}, {"visible": {"type": 0, "list_id": 0}, "created_at": "Thu Apr 02 19:01:27 +0800 2020", "id": "4489338995425683", "mid": "4489338995425683", "can_edit": false, "show_additional_indication": 0, "text": "\u6700\u786c\u6838\u9632\u75ab\uff01", "source": "OPPO R11 Plus", "favorited": false, "pic_ids": [], "pic_types": "", "is_paid": false, "mblog_vip_type": 0, "user": {"id": 1450047654, "screen_name": "\u6211\u7684\u4e00\u4e16\u60c5\u7f18", "profile_image_url": "https://tva1.sinaimg.cn/crop.0.0.180.180.180/566df8a6jw1e8qgp5bmzyj2050050aa8.jpg?KID=imgbed,tva&Expires=1619050451&ssig=tiWSaKcMXp", "profile_url": "https://m.weibo.cn/u/1450047654?uid=1450047654", "statuses_count": 3201, "verified": false, "verified_type": -1, "close_blue_v": false, "description": "\u7528\u6709\u9650\u7684\u65f6\u95f4\u505a\u65e0\u9650\u7684\u4e8b\uff01\uff01", "gender": "m", "mbtype": 0, "urank": 4, "mbrank": 0, "follow_me": false, "following": false, "followers_count": 95, "follow_count": 44, "cover_image_phone": "https://tva1.sinaimg.cn/crop.0.0.640.640.640/549d0121tw1egm1kjly3jj20hs0hsq4f.jpg", "avatar_hd": "https://ww1.sinaimg.cn/orj480/566df8a6jw1e8qgp5bmzyj2050050aa8.jpg", "like": false, "like_me": false, "badge": {"unread_pool": 1, "unread_pool_ext": 1, "user_name_certificate": 1, "wenda_v2": 1, "national_day_2018": 1, "hongbaofei_2019": 1}}, "reposts_count": 0, "comments_count": 0, "attitudes_count": 0, "pending_approval_count": 0, "isLongText": false, "reward_exhibition_type": 0, "hide_flag": 0, "mlevel": 0, "darwin_tags": [], "mblogtype": 0, "more_info_type": 0, "number_display_strategy": {"apply_scenario_flag": 3, "display_text_min_number": 1000000, "display_text": "100\u4e07+"}, "content_auth": 0, "repost_type": 1, "pic_num": 0, "alchemy_params": {"ug_red_envelope": false}, "raw_text": "\u6700\u786c\u6838\u9632\u75ab\uff01", "bid": "IBu79mLt1"}, {"visible": {"type": 0, "list_id": 0}, "created_at": "Thu Apr 02 17:13:33 +0800 2020", "id": "4489311841833661", "mid": "4489311841833661", "can_edit": false, "show_additional_indication": 0, "text": "\u6709\u4e2a\u6027\u7684\u603b\u7edf", "source": "OPPO\u667a\u80fd\u624b\u673a", "favorited": false, "pic_ids": [], "pic_types": "", "is_paid": false, "mblog_vip_type": 0, "user": {"id": 2712838734, "screen_name": "\u53e4\u9053\u897f\u98ce_1970", "profile_image_url": "https://tva1.sinaimg.cn/crop.0.0.720.720.180/a1b2a24ejw8evbqt19x6pj20k00k0gmy.jpg?KID=imgbed,tva&Expires=1619050451&ssig=5rWHh4M70f", "profile_url": "https://m.weibo.cn/u/2712838734?uid=2712838734", "statuses_count": 1468, "verified": false, "verified_type": -1, "close_blue_v": false, "description": "", "gender": "m", "mbtype": 0, "urank": 9, "mbrank": 0, "follow_me": false, "following": false, "followers_count": 103, "follow_count": 219, "cover_image_phone": "https://tva2.sinaimg.cn/crop.0.0.640.640/68f96449jw1ergqx79rw4j20hs0hswh0.jpg", "avatar_hd": "https://ww1.sinaimg.cn/orj480/a1b2a24ejw8evbqt19x6pj20k00k0gmy.jpg", "like": false, "like_me": false, "badge": {"unread_pool": 1, "unread_pool_ext": 1, "dzwbqlx_2016": 1, "user_name_certificate": 1, "wenda_v2": 1, "memorial_2018": 1, "hongrenjie_2019": 1, "china_2020": 1}}, "reposts_count": 0, "comments_count": 0, "attitudes_count": 0, "pending_approval_count": 0, "isLongText": false, "reward_exhibition_type": 0, "hide_flag": 0, "mlevel": 0, "darwin_tags": [], "mblogtype": 0, "more_info_type": 0, "number_display_strategy": {"apply_scenario_flag": 3, "display_text_min_number": 1000000, "display_text": "100\u4e07+"}, "content_auth": 0, "repost_type": 1, "pic_num": 0, "alchemy_params": {"ug_red_envelope": false}, "raw_text": "\u6709\u4e2a\u6027\u7684\u603b\u7edf", "bid": "IBtpm7H1b"}, {"visible": {"type": 0, "list_id": 0}, "created_at": "Thu Apr 02 17:08:42 +0800 2020", "id": "4489310621073379", "mid": "4489310621073379", "can_edit": false, "show_additional_indication": 0, "text": "//<a href='/n/\u7259\u64e6\u82cf\u4e0e\u9f85\u7259\u73cdi'>@\u7259\u64e6\u82cf\u4e0e\u9f85\u7259\u73cdi</a>:\u8fd8\u662f\u4f60\u72e0", "source": "HUAWEI Mate 10 Pro", "favorited": false, "pic_ids": [], "pic_types": "", "is_paid": false, "mblog_vip_type": 0, "user": {"id": 6884515735, "screen_name": "\u7528\u62376884515735", "profile_image_url": "https://tvax2.sinaimg.cn/crop.0.0.664.664.180/007vUJ2nly8gocue2r05fj30ig0ig0t5.jpg?KID=imgbed,tva&Expires=1619050451&ssig=x5ZxgQJYid", "profile_url": "https://m.weibo.cn/u/6884515735?uid=6884515735", "statuses_count": 924, "verified": false, "verified_type": -1, "close_blue_v": false, "description": "", "gender": "m", "mbtype": 0, "urank": 4, "mbrank": 0, "follow_me": false, "following": false, "followers_count": 34, "follow_count": 59, "cover_image_phone": "https://tva1.sinaimg.cn/crop.0.0.640.640.640/549d0121tw1egm1kjly3jj20hs0hsq4f.jpg", "avatar_hd": "https://wx2.sinaimg.cn/orj480/007vUJ2nly8gocue2r05fj30ig0ig0t5.jpg", "like": false, "like_me": false, "badge": {"user_name_certificate": 1, "hongbao_2020": 2, "feiyan_2020": 1, "hongbaofeifuniu_2021": 1, "hongbaofeijika_2021": 1}}, "reposts_count": 0, "comments_count": 0, "attitudes_count": 0, "pending_approval_count": 0, "isLongText": false, "reward_exhibition_type": 0, "hide_flag": 0, "mlevel": 0, "darwin_tags": [], "mblogtype": 0, "more_info_type": 0, "number_display_strategy": {"apply_scenario_flag": 3, "display_text_min_number": 1000000, "display_text": "100\u4e07+"}, "content_auth": 0, "repost_type": 5, "pic_num": 0, "alchemy_params": {"ug_red_envelope": false}, "raw_text": "//@\u7259\u64e6\u82cf\u4e0e\u9f85\u7259\u73cdi:\u8fd8\u662f\u4f60\u72e0", "bid": "IBtno4vez"}, {"visible": {"type": 0, "list_id": 0}, "created_at": "Thu Apr 02 16:08:42 +0800 2020", "id": "4489295525889722", "mid": "4489295525889722", "can_edit": false, "show_additional_indication": 0, "text": "\u8f6c\u53d1\u5fae\u535a", "source": "\u8363\u8000V10 \u6211AI\u7684\u5feb", "favorited": false, "pic_ids": [], "pic_types": "", "is_paid": false, "mblog_vip_type": 0, "user": {"id": 2796249807, "screen_name": "\u5927\u7070\u72fc2796249807", "profile_image_url": "https://tvax2.sinaimg.cn/crop.0.0.996.996.180/a6ab62cfly8fy0gch1uabj20ro0rodmn.jpg?KID=imgbed,tva&Expires=1619050451&ssig=fsvHFlrW7b", "profile_url": "https://m.weibo.cn/u/2796249807?uid=2796249807", "statuses_count": 19010, "verified": false, "verified_type": -1, "close_blue_v": false, "description": "\u533b\u751f.", "gender": "m", "mbtype": 2, "urank": 39, "mbrank": 2, "follow_me": false, "following": false, "followers_count": 923, "follow_count": 5049, "cover_image_phone": "https://tva1.sinaimg.cn/crop.0.0.640.640.640/6cf8d7ebjw1ehfr4xa8psj20hs0hsgpg.jpg", "avatar_hd": "https://wx2.sinaimg.cn/orj480/a6ab62cfly8fy0gch1uabj20ro0rodmn.jpg", "like": false, "like_me": false, "badge": {"bind_taobao": 1, "unread_pool": 1, "unread_pool_ext": 1, "dzwbqlx_2016": 1, "user_name_certificate": 1, "wenchuan_10th": 1, "wenda_v2": 1, "dailv_2018": 3, "national_day_2018": 1, "memorial_2018": 1, "hongbaofei_2019": 1, "denglong_2019": 1, "hongrenjie_2019": 1, "china_2019": 1, "hongkong_2019": 1, "hongbao_2020": 3, "feiyan_2020": 1, "dailv_2020": 1, "hongbaofeifuniu_2021": 1, "hongbaofeijika_2021": 1}}, "reposts_count": 0, "comments_count": 0, "attitudes_count": 0, "pending_approval_count": 0, "isLongText": false, "reward_exhibition_type": 0, "hide_flag": 0, "mlevel": 0, "darwin_tags": [], "mblogtype": 0, "more_info_type": 0, "number_display_strategy": {"apply_scenario_flag": 3, "display_text_min_number": 1000000, "display_text": "100\u4e07+"}, "content_auth": 0, "repost_type": 1, "pic_num": 0, "alchemy_params": {"ug_red_envelope": false}, "raw_text": "\u8f6c\u53d1\u5fae\u535a", "bid": "IBsZ2oIbw"}, {"visible": {"type": 0, "list_id": 0}, "created_at": "Thu Apr 02 16:04:45 +0800 2020", "id": "4489294531597071", "mid": "4489294531597071", "can_edit": false, "show_additional_indication": 0, "text": "\u591f\u72e0", "source": "vivo\u667a\u80fd\u624b\u673a", "favorited": false, "pic_ids": [], "pic_types": "", "is_paid": false, "mblog_vip_type": 0, "user": {"id": 7374338521, "screen_name": "\u516b\u80a1\u6cb9\u6761\u548c\u9963\u5b83\u6c64\u662f\u7edd\u914d", "profile_image_url": "https://tvax2.sinaimg.cn/crop.0.0.996.996.180/00833YjTly8gpj9mkl1xyj30ro0roabq.jpg?KID=imgbed,tva&Expires=1619050451&ssig=1T8sehqNme", "profile_url": "https://m.weibo.cn/u/7374338521?uid=7374338521", "statuses_count": 1827, "verified": false, "verified_type": -1, "close_blue_v": false, "description": "", "gender": "f", "mbtype": 12, "urank": 0, "mbrank": 4, "follow_me": false, "following": false, "followers_count": 9, "follow_count": 318, "cover_image_phone": "https://wx4.sinaimg.cn/crop.0.0.640.640.640/00833YjTgy1gjsd851ncfj30u00u0jyz.jpg", "avatar_hd": "https://wx2.sinaimg.cn/orj480/00833YjTly8gpj9mkl1xyj30ro0roabq.jpg", "like": false, "like_me": false, "badge": {"user_name_certificate": 1, "hongbao_2020": 2, "feiyan_2020": 1, "hope_2020": 1, "daka_2020": 1, "china_2020": 1, "weibozhiye_2020": 1, "hongbaofeijika_2021": 1}}, "reposts_count": 0, "comments_count": 2, "attitudes_count": 1, "pending_approval_count": 0, "isLongText": false, "reward_exhibition_type": 0, "hide_flag": 0, "mlevel": 0, "darwin_tags": [], "mblogtype": 0, "more_info_type": 0, "number_display_strategy": {"apply_scenario_flag": 3, "display_text_min_number": 1000000, "display_text": "100\u4e07+"}, "content_auth": 0, "repost_type": 1, "pic_num": 0, "alchemy_params": {"ug_red_envelope": false}, "raw_text": "\u591f\u72e0", "bid": "IBsXr6Htd"}, {"visible": {"type": 0, "list_id": 0}, "created_at": "Thu Apr 02 16:03:49 +0800 2020", "id": "4489294292549876", "mid": "4489294292549876", "can_edit": false, "show_additional_indication": 0, "text": "<span class=\"url-icon\"><img alt=[\u4e8c\u54c8] src=\"https://h5.sinaimg.cn/m/emoticon/icon/others/d_erha-139d0e07bd.png\" style=\"width:1em; height:1em;\" /></span>", "source": "iPhone\u5ba2\u6237\u7aef", "favorited": false, "pic_ids": [], "pic_types": "", "is_paid": false, "mblog_vip_type": 0, "user": {"id": 2163417693, "screen_name": "\u56db\u5341forty\u8086\u62fe", "profile_image_url": "https://tvax4.sinaimg.cn/crop.0.0.1080.1080.180/80f3225dly8gdib4smtc9j20u00u0756.jpg?KID=imgbed,tva&Expires=1619050451&ssig=uDqeopqFJX", "profile_url": "https://m.weibo.cn/u/2163417693?uid=2163417693", "statuses_count": 27714, "verified": true, "verified_type": 0, "verified_type_ext": 0, "verified_reason": "\u4eba\u6587\u827a\u672f\u535a\u4e3b \u5934\u6761\u6587\u7ae0\u4f5c\u8005", "close_blue_v": false, "description": "\u5408\u9002\u81ea\u5df1\u7684\u65b9\u6cd5\u624d\u662f\u6700\u53ef\u9760\u7684\u3002", "gender": "m", "mbtype": 12, "urank": 39, "mbrank": 6, "follow_me": false, "following": false, "followers_count": 6126, "follow_count": 509, "cover_image_phone": "https://tva1.sinaimg.cn/crop.0.0.640.640.640/9d44112bjw1f1xl1c10tuj20hs0hs0tw.jpg", "avatar_hd": "https://wx4.sinaimg.cn/orj480/80f3225dly8gdib4smtc9j20u00u0756.jpg", "like": false, "like_me": false, "badge": {"bind_taobao": 1, "unread_pool": 1, "unread_pool_ext": 1, "user_name_certificate": 1, "wenchuan_10th": 1, "worldcup_2018": 34, "wenda_v2": 1, "national_day_2018": 1, "suishoupai_2019": 6, "hongrenjie_2019": 1, "china_2019": 1, "hongkong_2019": 1, "hongbao_2020": 2, "feiyan_2020": 1, "school_2020": 1}}, "reposts_count": 0, "comments_count": 0, "attitudes_count": 0, "pending_approval_count": 0, "isLongText": false, "reward_exhibition_type": 0, "hide_flag": 0, "mlevel": 0, "darwin_tags": [], "mblogtype": 0, "more_info_type": 0, "number_display_strategy": {"apply_scenario_flag": 3, "display_text_min_number": 1000000, "display_text": "100\u4e07+"}, "content_auth": 0, "repost_type": 1, "pic_num": 0, "alchemy_params": {"ug_red_envelope": false}, "raw_text": "[\u4e8c\u54c8]", "bid": "IBsX3aHl2"}, {"visible": {"type": 0, "list_id": 0}, "created_at": "Thu Apr 02 15:59:51 +0800 2020", "id": "4489293298853522", "mid": "4489293298853522", "can_edit": false, "show_additional_indication": 0, "text": "\u8f6c\u53d1\u5fae\u535a", "source": "iPhone 8", "favorited": false, "pic_ids": [], "pic_types": "", "is_paid": false, "mblog_vip_type": 0, "user": {"id": 3094497037, "screen_name": "\u4e0d\u8d1f\u65f6\u5149Air", "profile_image_url": "https://tvax4.sinaimg.cn/crop.0.0.947.947.180/b872470dly8gpgyqe78alj20qb0qbdhf.jpg?KID=imgbed,tva&Expires=1619050453&ssig=Kw8u8A17BT", "profile_url": "https://m.weibo.cn/u/3094497037?uid=3094497037", "statuses_count": 7809, "verified": true, "verified_type": 0, "verified_type_ext": 0, "verified_reason": "\u5a31\u4e50\u535a\u4e3b", "close_blue_v": false, "description": "\u672c\u547d\u6797\u4fca\u6770\uff1b\u52aa\u529b\u6210\u4e3a\u4e00\u540d\u5ba2\u6808\u638c\u67dc\u3002", "gender": "f", "mbtype": 12, "urank": 44, "mbrank": 7, "follow_me": false, "following": false, "followers_count": 769, "follow_count": 352, "cover_image_phone": "https://wx1.sinaimg.cn/crop.0.0.640.640.640/b872470dly1gmz2tc9z0ij20qq0qqwhl.jpg", "avatar_hd": "https://wx4.sinaimg.cn/orj480/b872470dly8gpgyqe78alj20qb0qbdhf.jpg", "like": false, "like_me": false, "badge": {"gongyi_level": 1, "bind_taobao": 1, "dailv": 1, "zongyiji": 1, "unread_pool": 1, "uefa_euro_2016": 9, "unread_pool_ext": 1, "dzwbqlx_2016": 1, "super_star_2017": 1, "user_name_certificate": 1, "wenda_v2": 1, "dailv_2018": 3, "asiad_2018": 1, "qixi_2018": 1, "meilizhongguo_2018": 1, "national_day_2018": 1, "wbzy_2018": 1, "memorial_2018": 1, "hongbaofei_2019": 1, "denglong_2019": 1, "fu_2019": 1, "womensday_2018": 1, "suishoupai_2019": 7, "hongrenjie_2019": 1, "dailv_2019": 1, "china_2019": 1, "hongkong_2019": 1, "rrgyj_2019": 1, "family_2019": 1, "shouhuan_2019": 1, "wbzy_2019": 1, "starlight_2019": 1, "gongjiri_2019": 1, "macao_2019": 1, "china_2019_2": 1, "hongbao_2020": 2, "feiyan_2020": 1, "kangyi_2020": 1, "daka_2020": 1, "graduation_2020": 1, "pc_new": 6, "dailv_2020": 1, "movie_2020": 1, "school_2020": 1, "hongrenjie_2020": 1, "china_2020": 1, "zjszgf_2020": 1, "weibozhiye_2020": 1, "hongbaofeifuniu_2021": 2, "hongbaofeijika_2021": 1, "shequweiyuan_2021": 1, "lvzhilingyang_2021": 1}}, "reposts_count": 0, "comments_count": 0, "attitudes_count": 0, "pending_approval_count": 0, "isLongText": false, "reward_exhibition_type": 0, "hide_flag": 0, "mlevel": 0, "darwin_tags": [], "mblogtype": 0, "more_info_type": 0, "cardid": "star_113161021018", "number_display_strategy": {"apply_scenario_flag": 3, "display_text_min_number": 1000000, "display_text": "100\u4e07+"}, "content_auth": 0, "repost_type": 1, "pic_num": 0, "alchemy_params": {"ug_red_envelope": false}, "raw_text": "\u8f6c\u53d1\u5fae\u535a", "bid": "IBsVrB9cK"}, {"visible": {"type": 0, "list_id": 0}, "created_at": "Thu Apr 02 15:59:13 +0800 2020", "id": "4489293135043340", "mid": "4489293135043340", "can_edit": false, "show_additional_indication": 0, "text": "\u8f6c\u53d1\u5fae\u535a", "source": "Redmi K30 \u5168\u901f\u70ed\u7231", "favorited": false, "pic_ids": [], "pic_types": "", "is_paid": false, "mblog_vip_type": 0, "user": {"id": 7365769233, "screen_name": "\u706b\u4e2d\u67d4\u6c34", "profile_image_url": "https://tvax3.sinaimg.cn/crop.0.0.1002.1002.180/0082u13zly8gah1jlv4hqj30ru0rutbu.jpg?KID=imgbed,tva&Expires=1619050453&ssig=P6fmfhLb43", "profile_url": "https://m.weibo.cn/u/7365769233?uid=7365769233", "statuses_count": 5528, "verified": false, "verified_type": -1, "close_blue_v": false, "description": "", "gender": "m", "mbtype": 2, "urank": 0, "mbrank": 1, "follow_me": false, "following": false, "followers_count": 19, "follow_count": 1072, "cover_image_phone": "https://tva1.sinaimg.cn/crop.0.0.640.640.640/549d0121tw1egm1kjly3jj20hs0hsq4f.jpg", "avatar_hd": "https://wx3.sinaimg.cn/orj480/0082u13zly8gah1jlv4hqj30ru0rutbu.jpg", "like": false, "like_me": false, "badge": {"user_name_certificate": 1, "hongbao_2020": 3, "feiyan_2020": 1, "kangyi_2020": 1, "daka_2020": 1, "china_2020": 1, "hongbaofeifuniu_2021": 2, "hongbaofeijika_2021": 1}}, "reposts_count": 0, "comments_count": 0, "attitudes_count": 0, "pending_approval_count": 0, "isLongText": false, "reward_exhibition_type": 0, "hide_flag": 0, "mlevel": 0, "darwin_tags": [], "mblogtype": 0, "more_info_type": 0, "cardid": "star_11247_common", "number_display_strategy": {"apply_scenario_flag": 3, "display_text_min_number": 1000000, "display_text": "100\u4e07+"}, "content_auth": 0, "repost_type": 1, "pic_num": 0, "alchemy_params": {"ug_red_envelope": false}, "raw_text": "\u8f6c\u53d1\u5fae\u535a", "bid": "IBsVbla0c"}, {"visible": {"type": 0, "list_id": 0}, "created_at": "Thu Apr 02 15:54:56 +0800 2020", "id": "4489292057920193", "mid": "4489292057920193", "can_edit": false, "show_additional_indication": 0, "text": "\u7c7b\u6bd4\u5e7f\u5dde\u7684", "source": "\u5fae\u535a\u56fd\u9645\u7248", "favorited": false, "pic_ids": [], "pic_types": "", "is_paid": false, "mblog_vip_type": 0, "user": {"id": 2953583497, "screen_name": "\u5377\u5c18\u57c3", "profile_image_url": "https://tvax3.sinaimg.cn/crop.0.0.480.480.180/b00c1b89ly8fl62byill0j20dc0dcjs5.jpg?KID=imgbed,tva&Expires=1619050453&ssig=6mHRq7zNYy", "profile_url": "https://m.weibo.cn/u/2953583497?uid=2953583497", "statuses_count": 33, "verified": false, "verified_type": -1, "close_blue_v": false, "description": "", "gender": "m", "mbtype": 0, "urank": 4, "mbrank": 0, "follow_me": false, "following": false, "followers_count": 30, "follow_count": 116, "cover_image_phone": "https://wx4.sinaimg.cn/crop.0.0.640.640.640/a1d3feably1fks654ow6gj20hs0hsacf.jpg", "avatar_hd": "https://wx3.sinaimg.cn/orj480/b00c1b89ly8fl62byill0j20dc0dcjs5.jpg", "like": false, "like_me": false, "badge": {"unread_pool": 1, "user_name_certificate": 1, "hongbao_2020": 2, "feiyan_2020": 1}}, "reposts_count": 0, "comments_count": 0, "attitudes_count": 1, "pending_approval_count": 0, "isLongText": false, "reward_exhibition_type": 0, "hide_flag": 0, "mlevel": 0, "darwin_tags": [], "mblogtype": 0, "more_info_type": 0, "number_display_strategy": {"apply_scenario_flag": 3, "display_text_min_number": 1000000, "display_text": "100\u4e07+"}, "content_auth": 0, "repost_type": 1, "pic_num": 0, "alchemy_params": {"ug_red_envelope": false}, "raw_text": "\u7c7b\u6bd4\u5e7f\u5dde\u7684", "bid": "IBsTrxep3"}, {"visible": {"type": 0, "list_id": 0}, "created_at": "Thu Apr 02 15:54:32 +0800 2020", "id": "4489291956327036", "mid": "4489291956327036", "can_edit": false, "show_additional_indication": 0, "text": "\u786c\u6838", "source": "OPPO R9s Plus", "favorited": false, "pic_ids": [], "pic_types": "", "is_paid": false, "mblog_vip_type": 0, "user": {"id": 2693097825, "screen_name": "\u7b14\u8bb0\u4e4b\u672c", "profile_image_url": "https://tva4.sinaimg.cn/crop.0.0.640.640.180/a0856961jw8egbkqlcmkuj20hs0hsabj.jpg?KID=imgbed,tva&Expires=1619050453&ssig=I1j4wuoI3D", "profile_url": "https://m.weibo.cn/u/2693097825?uid=2693097825", "statuses_count": 14960, "verified": false, "verified_type": 200, "close_blue_v": false, "description": "", "gender": "m", "mbtype": 0, "urank": 45, "mbrank": 0, "follow_me": false, "following": false, "followers_count": 759, "follow_count": 733, "cover_image_phone": "https://tva3.sinaimg.cn/crop.0.0.640.640.640/a1d3feabjw1eca1ktsx9tj20hs0hsjtk.jpg", "avatar_hd": "https://ww4.sinaimg.cn/orj480/a0856961jw8egbkqlcmkuj20hs0hsabj.jpg", "like": false, "like_me": false, "badge": {"gongyi_level": 1, "unread_pool": 1, "unread_pool_ext": 1, "dzwbqlx_2016": 1, "super_star_2017": 1, "travel_2017": 1, "user_name_certificate": 1, "wenchuan_10th": 1, "worldcup_2018": 34, "qixi_2018": 1, "national_day_2018": 1, "memorial_2018": 1, "hongbaofei_2019": 1, "denglong_2019": 1, "fu_2019": 1, "wusi_2019": 1, "hongrenjie_2019": 1, "china_2019": 1, "hongkong_2019": 1, "gongjiri_2019": 1, "hongbao_2020": 2, "feiyan_2020": 1, "daka_2020": 1, "china_2020": 1}}, "reposts_count": 0, "comments_count": 0, "attitudes_count": 0, "pending_approval_count": 0, "isLongText": false, "reward_exhibition_type": 0, "hide_flag": 0, "mlevel": 0, "darwin_tags": [], "mblogtype": 0, "more_info_type": 0, "number_display_strategy": {"apply_scenario_flag": 3, "display_text_min_number": 1000000, "display_text": "100\u4e07+"}, "content_auth": 0, "repost_type": 3, "pic_num": 0, "alchemy_params": {"ug_red_envelope": false}, "raw_text": "\u786c\u6838", "bid": "IBsThqxWY"}, {"visible": {"type": 0, "list_id": 0}, "created_at": "Thu Apr 02 15:53:10 +0800 2020", "id": "4489291617205121", "mid": "4489291617205121", "can_edit": false, "show_additional_indication": 0, "text": "\u8f6c\u53d1\u5fae\u535a", "source": "\u5c0f\u7c738\u5468\u5e74\u65d7\u8230\u624b\u673a", "favorited": false, "pic_ids": [], "pic_types": "", "is_paid": false, "mblog_vip_type": 0, "user": {"id": 1804234727, "screen_name": "\u4e50\u4e1a\u7686\u60a6", "profile_image_url": "https://tvax1.sinaimg.cn/crop.0.0.1002.1002.180/6b8a6fe7ly8gb9vllu9ezj20ru0ru0vv.jpg?KID=imgbed,tva&Expires=1619050453&ssig=zHtNVtuFdl", "profile_url": "https://m.weibo.cn/u/1804234727?uid=1804234727", "statuses_count": 27628, "verified": false, "verified_type": -1, "close_blue_v": false, "description": "\u548c\u81ea\u5df1\u8d5b\u8dd1\u7684\u4eba", "gender": "m", "mbtype": 0, "urank": 21, "mbrank": 0, "follow_me": false, "following": false, "followers_count": 214, "follow_count": 955, "cover_image_phone": "https://tva1.sinaimg.cn/crop.0.0.640.640.640/549d0121tw1egm1kjly3jj20hs0hsq4f.jpg", "avatar_hd": "https://wx1.sinaimg.cn/orj480/6b8a6fe7ly8gb9vllu9ezj20ru0ru0vv.jpg", "like": false, "like_me": false, "badge": {"bind_taobao": 1, "dailv": 1, "unread_pool": 1, "unread_pool_ext": 1, "dzwbqlx_2016": 1, "super_star_2017": 1, "user_name_certificate": 1, "wenchuan_10th": 1, "qixi_2018": 1, "china_2019": 1, "hongkong_2019": 1, "feiyan_2020": 1, "kangyi_2020": 1, "dailv_2020": 1, "movie_2020": 1}}, "reposts_count": 0, "comments_count": 0, "attitudes_count": 0, "pending_approval_count": 0, "isLongText": false, "reward_exhibition_type": 0, "hide_flag": 0, "mlevel": 0, "darwin_tags": [], "mblogtype": 0, "more_info_type": 0, "number_display_strategy": {"apply_scenario_flag": 3, "display_text_min_number": 1000000, "display_text": "100\u4e07+"}, "content_auth": 0, "repost_type": 1, "pic_num": 0, "alchemy_params": {"ug_red_envelope": false}, "raw_text": "\u8f6c\u53d1\u5fae\u535a", "bid": "IBsSJuenD"}, {"visible": {"type": 0, "list_id": 0}, "created_at": "Thu Apr 02 15:48:34 +0800 2020", "id": "4489290455500178", "mid": "4489290455500178", "can_edit": false, "show_additional_indication": 0, "text": "<span class=\"url-icon\"><img alt=[\u7ed9\u529b] src=\"https://h5.sinaimg.cn/m/emoticon/icon/others/f_geili-78be8d9152.png\" style=\"width:1em; height:1em;\" /></span><span class=\"url-icon\"><img alt=[\u7ed9\u529b] src=\"https://h5.sinaimg.cn/m/emoticon/icon/others/f_geili-78be8d9152.png\" style=\"width:1em; height:1em;\" /></span>", "source": "HUAWEI P20 Pro", "favorited": false, "pic_ids": [], "pic_types": "", "is_paid": false, "mblog_vip_type": 0, "user": {"id": 2308697584, "screen_name": "\u6606\u660e\u6e05\u5c71\u5ba2", "profile_image_url": "https://tvax3.sinaimg.cn/crop.0.0.996.996.180/899bedf0ly8fntyovqvwfj20ro0rodiv.jpg?KID=imgbed,tva&Expires=1619050453&ssig=KLUkp6mCS6", "profile_url": "https://m.weibo.cn/u/2308697584?uid=2308697584", "statuses_count": 133555, "verified": true, "verified_type": 0, "verified_type_ext": 0, "verified_reason": "\u8d85\u8bdd\u7c89\u4e1d\u5927\u5496\uff08\u6444\u5f71\u4eba\u8d85\u8bdd\uff09", "close_blue_v": false, "description": "\u6444\u5f71\uff0c\u5782\u9493\uff0c", "gender": "m", "mbtype": 12, "urank": 48, "mbrank": 7, "follow_me": false, "following": false, "followers_count": 23620, "follow_count": 4617, "cover_image_phone": "https://tva1.sinaimg.cn/crop.0.0.640.640.640/549d0121tw1egm1kjly3jj20hs0hsq4f.jpg", "avatar_hd": "https://wx3.sinaimg.cn/orj480/899bedf0ly8fntyovqvwfj20ro0rodiv.jpg", "like": false, "like_me": false, "badge": {"gongyi_level": 5, "bind_taobao": 1, "dailv": 1, "dzwbqlx_2016": 1, "follow_whitelist_video": 1, "travel_2017": 1, "user_name_certificate": 1, "suishoupai_2018": 1, "wenchuan_10th": 1, "super_star_2018": 1, "worldcup_2018": 34, "wenda_v2": 1, "dailv_2018": 1, "qixi_2018": 1, "national_day_2018": 1, "wbzy_2018": 1, "memorial_2018": 1, "hongbaofei_2019": 1, "denglong_2019": 1, "fu_2019": 1, "suishoupai_2019": 2, "hongrenjie_2019": 1, "dailv_2019": 1, "china_2019": 1, "hongkong_2019": 1, "dzwbqlx_2019": 1, "rrgyj_2019": 1, "gongjiri_2019": 1, "hongbao_2020": 3, "feiyan_2020": 1, "kangyi_2020": 1, "daka_2020": 1, "graduation_2020": 1, "dailv_2020": 1, "school_2020": 1, "hongrenjie_2020": 1, "china_2020": 1, "zjszgf_2020": 1, "weibozhiye_2020": 1, "hongbaofeifuniu_2021": 2, "hongbaofeijika_2021": 1, "nihaoshenghuojie_2021": 1, "lvzhilingyang_2021": 1}}, "reposts_count": 0, "comments_count": 0, "attitudes_count": 0, "pending_approval_count": 0, "isLongText": false, "reward_exhibition_type": 0, "hide_flag": 0, "mlevel": 0, "darwin_tags": [], "mblogtype": 0, "more_info_type": 0, "cardid": "star_284", "number_display_strategy": {"apply_scenario_flag": 3, "display_text_min_number": 1000000, "display_text": "100\u4e07+"}, "content_auth": 0, "repost_type": 1, "pic_num": 0, "alchemy_params": {"ug_red_envelope": false}, "raw_text": "[\u7ed9\u529b][\u7ed9\u529b]", "bid": "IBsQRn4Qy"}, {"visible": {"type": 0, "list_id": 0}, "created_at": "Thu Apr 02 15:43:12 +0800 2020", "id": "4489289109069285", "mid": "4489289109069285", "can_edit": false, "show_additional_indication": 0, "text": "\u8f6c\u53d1\u5fae\u535a", "source": "\u76f4\u8fbe\u670d\u52a1", "favorited": false, "pic_ids": [], "pic_types": "", "is_paid": false, "mblog_vip_type": 0, "user": {"id": 6994456960, "screen_name": "\u54c8\u54c8\u5192\u4e2a\u6ce1200710", "profile_image_url": "https://tvax1.sinaimg.cn/crop.0.0.664.664.180/007Dm1LWly8g056e7oahbj30ig0igmz6.jpg?KID=imgbed,tva&Expires=1619050453&ssig=6LHRPCkPeZ", "profile_url": "https://m.weibo.cn/u/6994456960?uid=6994456960", "statuses_count": 154, "verified": false, "verified_type": -1, "close_blue_v": false, "description": "", "gender": "m", "mbtype": 0, "urank": 4, "mbrank": 0, "follow_me": false, "following": false, "followers_count": 2, "follow_count": 18, "cover_image_phone": "https://tva1.sinaimg.cn/crop.0.0.640.640.640/549d0121tw1egm1kjly3jj20hs0hsq4f.jpg", "avatar_hd": "https://wx1.sinaimg.cn/orj480/007Dm1LWly8g056e7oahbj30ig0igmz6.jpg", "like": false, "like_me": false, "badge": {"user_name_certificate": 1}}, "reposts_count": 0, "comments_count": 0, "attitudes_count": 0, "pending_approval_count": 0, "isLongText": false, "reward_exhibition_type": 0, "hide_flag": 0, "mlevel": 0, "darwin_tags": [], "mblogtype": 0, "more_info_type": 0, "number_display_strategy": {"apply_scenario_flag": 3, "display_text_min_number": 1000000, "display_text": "100\u4e07+"}, "content_auth": 0, "repost_type": 1, "pic_num": 0, "alchemy_params": {"ug_red_envelope": false}, "raw_text": "\u8f6c\u53d1\u5fae\u535a", "bid": "IBsOGC3kN"}, {"visible": {"type": 0, "list_id": 0}, "created_at": "Thu Apr 02 15:43:11 +0800 2020", "id": "4489289100655610", "mid": "4489289100655610", "can_edit": false, "show_additional_indication": 0, "text": "\u8f6c\u53d1\u5fae\u535a", "source": "\u5fae\u535a weibo.com", "favorited": false, "pic_ids": [], "pic_types": "", "is_paid": false, "mblog_vip_type": 0, "user": {"id": 1987828165, "screen_name": "\u8d5b\u7f8e\u6620\u50cf", "profile_image_url": "https://tva3.sinaimg.cn/crop.0.11.461.461.180/767bd9c5jw1emhf345iqpj20cv0dhgo4.jpg?KID=imgbed,tva&Expires=1619050453&ssig=PxqgvDhY5F", "profile_url": "https://m.weibo.cn/u/1987828165?uid=1987828165", "statuses_count": 12627, "verified": false, "verified_type": -1, "close_blue_v": false, "description": "\u4f4d\u5351\u672a\u6562\u5fd8\u5fe7\u56fd--\u804c\u4e1a\u6444\u5f71\u5e08\u6444\u50cf\u5e08-\u65e0\u5c3d\u7684\u65f6\u95f4\u7ebf\uff0c\u4ee5\u5fc3\u4e08\u91cf\uff01QQ\uff1a781060871", "gender": "m", "mbtype": 0, "urank": 25, "mbrank": 0, "follow_me": false, "following": false, "followers_count": 511, "follow_count": 959, "cover_image_phone": "https://tva1.sinaimg.cn/crop.0.0.640.640.640/549d0121tw1egm1kjly3jj20hs0hsq4f.jpg", "avatar_hd": "https://ww3.sinaimg.cn/orj480/767bd9c5jw1emhf345iqpj20cv0dhgo4.jpg", "like": false, "like_me": false, "badge": {"gongyi_level": 1, "bind_taobao": 1, "unread_pool": 1, "unread_pool_ext": 1, "dzwbqlx_2016": 1, "user_name_certificate": 1, "feiyan_2020": 1, "graduation_2020": 1}}, "reposts_count": 0, "comments_count": 0, "attitudes_count": 0, "pending_approval_count": 0, "isLongText": false, "reward_exhibition_type": 0, "hide_flag": 0, "mlevel": 0, "darwin_tags": [], "mblogtype": 0, "more_info_type": 0, "number_display_strategy": {"apply_scenario_flag": 3, "display_text_min_number": 1000000, "display_text": "100\u4e07+"}, "content_auth": 0, "repost_type": 1, "pic_num": 0, "alchemy_params": {"ug_red_envelope": false}, "raw_text": "\u8f6c\u53d1\u5fae\u535a", "bid": "IBsOG2Kym"}, {"visible": {"type": 0, "list_id": 0}, "created_at": "Thu Apr 02 15:40:07 +0800 2020", "id": "4489288332808235", "mid": "4489288332808235", "can_edit": false, "show_additional_indication": 0, "text": "\u8f6c\u53d1\u5fae\u535a", "source": "\u53cc\u6444\u5168\u9762\u5c4f \u9b45\u84dd6T", "favorited": false, "pic_ids": [], "pic_types": "", "is_paid": false, "mblog_vip_type": 0, "user": {"id": 3199405164, "screen_name": "\u7559\u767d0001", "profile_image_url": "https://tvax1.sinaimg.cn/crop.0.0.664.664.180/beb30c6cly8g7l8xepwzsj20ig0ig75n.jpg?KID=imgbed,tva&Expires=1619050456&ssig=GOs1DZ66z2", "profile_url": "https://m.weibo.cn/u/3199405164?uid=3199405164", "statuses_count": 3633, "verified": false, "verified_type": -1, "close_blue_v": false, "description": "\u503e\u5410\u4e00\u4e0b\u81ea\u5df1\u7684\u5fc3\u60c5\uff0c\u6d45\u8c08\u81ea\u5df1\u7684\u89c2\u70b9\u3002", "gender": "m", "mbtype": 0, "urank": 9, "mbrank": 0, "follow_me": false, "following": false, "followers_count": 551, "follow_count": 484, "cover_image_phone": "https://tva1.sinaimg.cn/crop.0.0.640.640.640/549d0121tw1egm1kjly3jj20hs0hsq4f.jpg", "avatar_hd": "https://wx1.sinaimg.cn/orj480/beb30c6cly8g7l8xepwzsj20ig0ig75n.jpg", "like": false, "like_me": false, "badge": {"bind_taobao": 1, "user_name_certificate": 1, "wenda_v2": 1, "dailv_2018": 1, "memorial_2018": 1, "hongbaofei_2019": 1, "fu_2019": 1, "hongrenjie_2019": 1, "china_2019": 1, "hongkong_2019": 1, "macao_2019": 1, "china_2019_2": 1, "hongbao_2020": 2, "feiyan_2020": 1, "hongbaofeifuniu_2021": 1, "hongbaofeijika_2021": 1}}, "reposts_count": 0, "comments_count": 0, "attitudes_count": 0, "pending_approval_count": 0, "isLongText": false, "reward_exhibition_type": 0, "hide_flag": 0, "mlevel": 0, "darwin_tags": [], "mblogtype": 0, "more_info_type": 0, "number_display_strategy": {"apply_scenario_flag": 3, "display_text_min_number": 1000000, "display_text": "100\u4e07+"}, "content_auth": 0, "repost_type": 1, "pic_num": 0, "alchemy_params": {"ug_red_envelope": false}, "raw_text": "\u8f6c\u53d1\u5fae\u535a", "bid": "IBsNrbMy7"}, {"visible": {"type": 0, "list_id": 0}, "created_at": "Thu Apr 02 15:38:19 +0800 2020", "id": "4489287879765128", "mid": "4489287879765128", "can_edit": false, "show_additional_indication": 0, "text": "\u5bf9\u9752\u5c9b\u90a3\u4e2a\u54ac\u4eba\u7684\u9ed1\u72d7\u5e94\u8be5\u9002\u7528", "source": "\u5fae\u535a weibo.com", "favorited": false, "pic_ids": [], "pic_types": "", "is_paid": false, "mblog_vip_type": 0, "user": {"id": 6195839477, "screen_name": "\u602a\u963f\u59e8\u6211\u53c8\u56de\u6765\u4e861988", "profile_image_url": "https://tvax1.sinaimg.cn/default/images/default_avatar_male_180.gif?KID=imgbed,tva&Expires=1619050456&ssig=J6Sy8U23JH", "profile_url": "https://m.weibo.cn/u/6195839477?uid=6195839477", "statuses_count": 164, "verified": false, "verified_type": -1, "close_blue_v": false, "description": "", "gender": "m", "mbtype": 0, "urank": 9, "mbrank": 0, "follow_me": false, "following": false, "followers_count": 238, "follow_count": 645, "cover_image_phone": "https://tva1.sinaimg.cn/crop.0.0.640.640.640/549d0121tw1egm1kjly3jj20hs0hsq4f.jpg", "avatar_hd": "https://ss1.sinaimg.cn/orj480/default_avatar_male_180&690", "like": false, "like_me": false, "badge": {"user_name_certificate": 1, "wenda_v2": 1, "double11_2018": 1, "memorial_2018": 1}}, "reposts_count": 0, "comments_count": 0, "attitudes_count": 1, "pending_approval_count": 0, "isLongText": false, "reward_exhibition_type": 0, "hide_flag": 0, "mlevel": 0, "darwin_tags": [], "mblogtype": 0, "more_info_type": 0, "number_display_strategy": {"apply_scenario_flag": 3, "display_text_min_number": 1000000, "display_text": "100\u4e07+"}, "content_auth": 0, "repost_type": 4, "pic_num": 0, "alchemy_params": {"ug_red_envelope": false}, "raw_text": "\u5bf9\u9752\u5c9b\u90a3\u4e2a\u54ac\u4eba\u7684\u9ed1\u72d7\u5e94\u8be5\u9002\u7528", "bid": "IBsMHEYm4"}, {"visible": {"type": 0, "list_id": 0}, "created_at": "Thu Apr 02 15:37:36 +0800 2020", "id": "4489287699635466", "mid": "4489287699635466", "can_edit": false, "show_additional_indication": 0, "text": "\u8f6c\u53d1\u5fae\u535a", "source": "iPhone\u5ba2\u6237\u7aef", "favorited": false, "pic_ids": [], "pic_types": "", "is_paid": false, "mblog_vip_type": 0, "user": {"id": 6732168986, "screen_name": "Klara04257", "profile_image_url": "https://tvax2.sinaimg.cn/crop.0.0.40.40.180/007lBuGKly8fvrhck5vkej30140143y9.jpg?KID=imgbed,tva&Expires=1619050456&ssig=Qcb90jsfbz", "profile_url": "https://m.weibo.cn/u/6732168986?uid=6732168986", "statuses_count": 6156, "verified": false, "verified_type": -1, "close_blue_v": false, "description": "", "gender": "m", "mbtype": 0, "urank": 4, "mbrank": 0, "follow_me": false, "following": false, "followers_count": 15, "follow_count": 140, "cover_image_phone": "https://tva1.sinaimg.cn/crop.0.0.640.640.640/549d0121tw1egm1kjly3jj20hs0hsq4f.jpg", "avatar_hd": "https://wx2.sinaimg.cn/orj480/007lBuGKly8fvrhck5vkej30140143y9.jpg", "like": false, "like_me": false, "badge": {"user_name_certificate": 1, "wenda_v2": 1, "hongbao_2020": 2, "feiyan_2020": 1, "kangyi_2020": 1, "graduation_2020": 1, "dailv_2020": 1, "school_2020": 1, "hongbaofeijika_2021": 1}}, "reposts_count": 0, "comments_count": 0, "attitudes_count": 0, "pending_approval_count": 0, "isLongText": false, "reward_exhibition_type": 0, "hide_flag": 0, "mlevel": 0, "darwin_tags": [], "mblogtype": 0, "more_info_type": 0, "number_display_strategy": {"apply_scenario_flag": 3, "display_text_min_number": 1000000, "display_text": "100\u4e07+"}, "content_auth": 0, "repost_type": 1, "pic_num": 0, "alchemy_params": {"ug_red_envelope": false}, "raw_text": "\u8f6c\u53d1\u5fae\u535a", "bid": "IBsMpEqCK"}, {"visible": {"type": 0, "list_id": 0}, "created_at": "Thu Apr 02 15:37:06 +0800 2020", "id": "4489287569262355", "mid": "4489287569262355", "can_edit": false, "show_additional_indication": 0, "text": "\u8f6c\u53d1\u5fae\u535a", "source": "iPhone\u5ba2\u6237\u7aef", "favorited": false, "pic_ids": [], "pic_types": "", "is_paid": false, "mblog_vip_type": 0, "user": {"id": 1410447215, "screen_name": "\u5927\u53f7\u653e\u5927\u955c", "profile_image_url": "https://tvax3.sinaimg.cn/crop.0.0.828.828.180/5411b76fly8ga83m06jkuj20n00n0ta6.jpg?KID=imgbed,tva&Expires=1619050456&ssig=LGzBTi%2FLuG", "profile_url": "https://m.weibo.cn/u/1410447215?uid=1410447215", "statuses_count": 11802, "verified": false, "verified_type": -1, "close_blue_v": false, "description": "\u6e38\u5b66\u5929\u4e0b", "gender": "m", "mbtype": 0, "urank": 38, "mbrank": 0, "follow_me": false, "following": false, "followers_count": 938, "follow_count": 3247, "cover_image_phone": "https://tva3.sinaimg.cn/crop.0.0.640.640.640/62d58276tw1egwccr39apj20hs0hsju1.jpg", "avatar_hd": "https://wx3.sinaimg.cn/orj480/5411b76fly8ga83m06jkuj20n00n0ta6.jpg", "like": false, "like_me": false, "badge": {"unread_pool": 1, "unread_pool_ext": 1, "user_name_certificate": 1, "worldcup_2018": 34, "hongrenjie_2019": 1, "china_2019": 1, "hongkong_2019": 1, "dzwbqlx_2019": 3, "hongbao_2020": 1, "feiyan_2020": 1, "kangyi_2020": 1}}, "reposts_count": 0, "comments_count": 0, "attitudes_count": 0, "pending_approval_count": 0, "isLongText": false, "reward_exhibition_type": 0, "hide_flag": 0, "mlevel": 0, "darwin_tags": [], "mblogtype": 0, "more_info_type": 0, "number_display_strategy": {"apply_scenario_flag": 3, "display_text_min_number": 1000000, "display_text": "100\u4e07+"}, "content_auth": 0, "repost_type": 1, "pic_num": 0, "alchemy_params": {"ug_red_envelope": false}, "raw_text": "\u8f6c\u53d1\u5fae\u535a", "bid": "IBsMcCRyP"}, {"visible": {"type": 0, "list_id": 0}, "created_at": "Thu Apr 02 15:37:04 +0800 2020", "id": "4489287561329576", "mid": "4489287561329576", "can_edit": false, "show_additional_indication": 0, "text": "\u8f6c\u53d1\u5fae\u535a", "source": "iPhone\u5ba2\u6237\u7aef", "favorited": false, "pic_ids": [], "pic_types": "", "is_paid": false, "mblog_vip_type": 0, "user": {"id": 2175473097, "screen_name": "\u4e0a-\u53e4\u6811", "profile_image_url": "https://tvax2.sinaimg.cn/crop.0.0.750.750.180/81ab15c9ly8g7ajm2grjoj20ku0kuq50.jpg?KID=imgbed,tva&Expires=1619050456&ssig=IIM1y06CZc", "profile_url": "https://m.weibo.cn/u/2175473097?uid=2175473097", "statuses_count": 16770, "verified": false, "verified_type": -1, "close_blue_v": false, "description": "", "gender": "m", "mbtype": 0, "urank": 39, "mbrank": 0, "follow_me": false, "following": false, "followers_count": 438, "follow_count": 763, "cover_image_phone": "https://tva1.sinaimg.cn/crop.0.0.640.640.640/549d0121tw1egm1kjly3jj20hs0hsq4f.jpg", "avatar_hd": "https://wx2.sinaimg.cn/orj480/81ab15c9ly8g7ajm2grjoj20ku0kuq50.jpg", "like": false, "like_me": false, "badge": {"unread_pool": 1, "unread_pool_ext": 1, "dzwbqlx_2016": 1, "user_name_certificate": 1, "wenda_v2": 1, "memorial_2018": 1, "hongbaofei_2019": 1, "hongrenjie_2019": 1, "china_2019": 1, "hongkong_2019": 1, "rrgyj_2019": 1, "hongbao_2020": 2, "feiyan_2020": 1, "china_2020": 1, "hongbaofeifuniu_2021": 1}}, "reposts_count": 0, "comments_count": 0, "attitudes_count": 0, "pending_approval_count": 0, "isLongText": false, "reward_exhibition_type": 0, "hide_flag": 0, "mlevel": 0, "darwin_tags": [], "mblogtype": 0, "more_info_type": 0, "number_display_strategy": {"apply_scenario_flag": 3, "display_text_min_number": 1000000, "display_text": "100\u4e07+"}, "content_auth": 0, "repost_type": 1, "pic_num": 0, "alchemy_params": {"ug_red_envelope": false}, "raw_text": "\u8f6c\u53d1\u5fae\u535a", "bid": "IBsMc5zSM"}, {"visible": {"type": 0, "list_id": 0}, "created_at": "Thu Apr 02 15:34:25 +0800 2020", "id": "4489286893942294", "mid": "4489286893942294", "can_edit": false, "show_additional_indication": 0, "text": "\u8f6c\u53d1\u5fae\u535a", "source": "vivo Z5x\u6027\u80fd\u5b9e\u529b\u6d3e", "favorited": false, "pic_ids": [], "pic_types": "", "is_paid": false, "mblog_vip_type": 0, "user": {"id": 3029510415, "screen_name": "\u6613\u793c\u6c5fJJ", "profile_image_url": "https://tvax4.sinaimg.cn/crop.0.0.996.996.180/b492a90fly8gdfblh8j0cj20ro0rodiz.jpg?KID=imgbed,tva&Expires=1619050456&ssig=amsSiSmHk1", "profile_url": "https://m.weibo.cn/u/3029510415?uid=3029510415", "statuses_count": 81, "verified": false, "verified_type": -1, "close_blue_v": false, "description": "", "gender": "m", "mbtype": 2, "urank": 3, "mbrank": 1, "follow_me": false, "following": false, "followers_count": 6, "follow_count": 64, "cover_image_phone": "https://tva1.sinaimg.cn/crop.0.0.640.640.640/549d0121tw1egm1kjly3jj20hs0hsq4f.jpg", "avatar_hd": "https://wx4.sinaimg.cn/orj480/b492a90fly8gdfblh8j0cj20ro0rodiz.jpg", "like": false, "like_me": false, "badge": {"user_name_certificate": 1}}, "reposts_count": 0, "comments_count": 0, "attitudes_count": 0, "pending_approval_count": 0, "isLongText": false, "reward_exhibition_type": 0, "hide_flag": 0, "mlevel": 0, "darwin_tags": [], "mblogtype": 0, "more_info_type": 0, "number_display_strategy": {"apply_scenario_flag": 3, "display_text_min_number": 1000000, "display_text": "100\u4e07+"}, "content_auth": 0, "repost_type": 1, "pic_num": 0, "alchemy_params": {"ug_red_envelope": false}, "raw_text": "\u8f6c\u53d1\u5fae\u535a", "bid": "IBsL7gxzo"}, {"visible": {"type": 0, "list_id": 0}, "created_at": "Thu Apr 02 15:33:45 +0800 2020", "id": "4489286726805516", "mid": "4489286726805516", "can_edit": false, "show_additional_indication": 0, "text": "\u8f6c\u53d1\u5fae\u535a", "source": "360\u5b89\u5168\u6d4f\u89c8\u5668", "favorited": false, "pic_ids": [], "pic_types": "", "is_paid": false, "mblog_vip_type": 0, "user": {"id": 1622673521, "screen_name": "\u56de\u5fc6\u4e2d\u7684\u5c0f\u718a\u997c\u5e72", "profile_image_url": "https://tva3.sinaimg.cn/crop.0.59.733.733.180/60b80871jw8f768xpwszzj20lc0sgtde.jpg?KID=imgbed,tva&Expires=1619050456&ssig=Dvk0WAwXZq", "profile_url": "https://m.weibo.cn/u/1622673521?uid=1622673521", "statuses_count": 7259, "verified": false, "verified_type": -1, "close_blue_v": false, "description": "\u56fe\u4e2a\u5f00\u5fc3", "gender": "m", "mbtype": 2, "urank": 14, "mbrank": 1, "follow_me": false, "following": false, "followers_count": 1108, "follow_count": 2747, "cover_image_phone": "https://tva1.sinaimg.cn/crop.0.0.640.640.640/549d0121tw1egm1kjly3jj20hs0hsq4f.jpg", "avatar_hd": "https://ww3.sinaimg.cn/orj480/60b80871jw8f768xpwszzj20lc0sgtde.jpg", "like": false, "like_me": false, "badge": {"unread_pool": 1, "unread_pool_ext": 1, "dzwbqlx_2016": 1, "super_star_2017": 1, "lol_gm_2017": 1, "user_name_certificate": 1, "wenchuan_10th": 1, "super_star_2018": 1, "dailv_2018": 1, "qixi_2018": 1, "lol_s8": 1, "national_day_2018": 1, "double11_2018": 1, "wbzy_2018": 1, "memorial_2018": 1, "hongbaofei_2019": 1, "denglong_2019": 1, "fu_2019": 1, "suishoupai_2019": 5, "hongrenjie_2019": 1, "china_2019": 1, "hongkong_2019": 1, "hongbao_2020": 1, "feiyan_2020": 1, "pc_new": 6, "dailv_2020": 1, "china_2020": 1, "weibozhiye_2020": 1, "hongbaofeifuniu_2021": 1, "hongbaofeijika_2021": 1}}, "reposts_count": 0, "comments_count": 0, "attitudes_count": 0, "pending_approval_count": 0, "isLongText": false, "reward_exhibition_type": 0, "hide_flag": 0, "mlevel": 0, "darwin_tags": [], "mblogtype": 0, "more_info_type": 0, "number_display_strategy": {"apply_scenario_flag": 3, "display_text_min_number": 1000000, "display_text": "100\u4e07+"}, "content_auth": 0, "repost_type": 1, "pic_num": 0, "alchemy_params": {"ug_red_envelope": false}, "raw_text": "\u8f6c\u53d1\u5fae\u535a", "bid": "IBsKQsyqo"}, {"visible": {"type": 0, "list_id": 0}, "created_at": "Thu Apr 02 15:33:31 +0800 2020", "id": "4489286668038009", "mid": "4489286668038009", "can_edit": false, "show_additional_indication": 0, "text": "\u8f6c\u53d1\u5fae\u535a", "source": "\u5fae\u535a weibo.com", "favorited": false, "pic_ids": [], "pic_types": "", "is_paid": false, "mblog_vip_type": 0, "user": {"id": 6186309128, "screen_name": "\u5b8f\u884c\u957f\u4e30", "profile_image_url": "https://tvax3.sinaimg.cn/crop.315.0.568.568.180/006KF7Buly8foakjcrhg4j30sf0fzjs7.jpg?KID=imgbed,tva&Expires=1619050456&ssig=vr2nfUGo9F", "profile_url": "https://m.weibo.cn/u/6186309128?uid=6186309128", "statuses_count": 9772, "verified": false, "verified_type": -1, "close_blue_v": false, "description": "", "gender": "m", "mbtype": 11, "urank": 9, "mbrank": 6, "follow_me": false, "following": false, "followers_count": 1119, "follow_count": 2785, "cover_image_phone": "https://tva1.sinaimg.cn/crop.0.0.640.640.640/549d0121tw1egm1kjly3jj20hs0hsq4f.jpg", "avatar_hd": "https://wx3.sinaimg.cn/orj480/006KF7Buly8foakjcrhg4j30sf0fzjs7.jpg", "like": false, "like_me": false, "badge": {"bind_taobao": 1, "super_star_2017": 1, "user_name_certificate": 1, "worldcup_2018": 34, "dailv_2018": 1, "qixi_2018": 1, "hongbao_2020": 2, "feiyan_2020": 1, "dailv_2020": 6, "hongrenjie_2020": 1, "china_2020": 1}}, "reposts_count": 0, "comments_count": 0, "attitudes_count": 0, "pending_approval_count": 0, "isLongText": false, "reward_exhibition_type": 0, "hide_flag": 0, "mlevel": 0, "darwin_tags": [], "mblogtype": 0, "more_info_type": 0, "number_display_strategy": {"apply_scenario_flag": 3, "display_text_min_number": 1000000, "display_text": "100\u4e07+"}, "content_auth": 0, "repost_type": 1, "pic_num": 0, "alchemy_params": {"ug_red_envelope": false}, "raw_text": "\u8f6c\u53d1\u5fae\u535a", "bid": "IBsKKxJ3j"}, {"visible": {"type": 0, "list_id": 0}, "created_at": "Thu Apr 02 15:33:04 +0800 2020", "id": "4489286554971748", "mid": "4489286554971748", "can_edit": false, "show_additional_indication": 0, "text": "\u770b\u770b\u8001\u675c\u8fd9\u9b44\u529b", "source": "HUAWEI Mate 20", "favorited": false, "pic_ids": [], "pic_types": "", "is_paid": false, "mblog_vip_type": 0, "user": {"id": 7123621515, "screen_name": "\u827e\u8fea\u68eeX", "profile_image_url": "https://tvax4.sinaimg.cn/crop.0.0.1008.1008.180/007M5Zndly8gdh4cra3zkj30s00s0wft.jpg?KID=imgbed,tva&Expires=1619050456&ssig=ROK%2FW87%2F0d", "profile_url": "https://m.weibo.cn/u/7123621515?uid=7123621515", "statuses_count": 3892, "verified": false, "verified_type": -1, "close_blue_v": false, "description": "", "gender": "m", "mbtype": 0, "urank": 9, "mbrank": 0, "follow_me": false, "following": false, "followers_count": 218, "follow_count": 2226, "cover_image_phone": "https://tva1.sinaimg.cn/crop.0.0.640.640.640/549d0121tw1egm1kjly3jj20hs0hsq4f.jpg", "avatar_hd": "https://wx4.sinaimg.cn/orj480/007M5Zndly8gdh4cra3zkj30s00s0wft.jpg", "like": false, "like_me": false, "badge": {"user_name_certificate": 1, "suishoupai_2019": 1, "earth_2019": 1, "hongrenjie_2019": 1, "china_2019": 1, "hongkong_2019": 1, "hongbao_2020": 2, "feiyan_2020": 1, "kangyi_2020": 1}}, "reposts_count": 0, "comments_count": 0, "attitudes_count": 0, "pending_approval_count": 0, "isLongText": false, "reward_exhibition_type": 0, "hide_flag": 0, "mlevel": 0, "darwin_tags": [], "mblogtype": 0, "more_info_type": 0, "number_display_strategy": {"apply_scenario_flag": 3, "display_text_min_number": 1000000, "display_text": "100\u4e07+"}, "content_auth": 0, "repost_type": 3, "pic_num": 0, "alchemy_params": {"ug_red_envelope": false}, "raw_text": "\u770b\u770b\u8001\u675c\u8fd9\u9b44\u529b ", "bid": "IBsKzkRnu"}, {"visible": {"type": 0, "list_id": 0}, "created_at": "Thu Apr 02 15:31:31 +0800 2020", "id": "4489286164577475", "mid": "4489286164577475", "can_edit": false, "show_additional_indication": 0, "text": "\u8f6c\u53d1\u5fae\u535a", "source": "\u7ea2\u7c73Note7 4800\u4e07\u76f8\u673a", "favorited": false, "pic_ids": [], "pic_types": "", "is_paid": false, "mblog_vip_type": 0, "user": {"id": 5363769949, "screen_name": "\u8001\u6b66\u521a\u521a\u597d", "profile_image_url": "https://tvax3.sinaimg.cn/crop.0.0.1002.1002.180/005QZPAxly8flokmxtiq5j30ru0ru3zy.jpg?KID=imgbed,tva&Expires=1619050456&ssig=CFYbayQ2KL", "profile_url": "https://m.weibo.cn/u/5363769949?uid=5363769949", "statuses_count": 21778, "verified": true, "verified_type": 0, "verified_type_ext": 0, "verified_reason": "\u8d22\u7ecf\u535a\u4e3b", "close_blue_v": false, "description": "99\u5e74\u5165\u5e02\u7684\u8001\u6563\u6237", "gender": "m", "mbtype": 12, "urank": 33, "mbrank": 6, "follow_me": false, "following": false, "followers_count": 4508, "follow_count": 3497, "cover_image_phone": "https://tva1.sinaimg.cn/crop.0.0.640.640.640/549d0121tw1egm1kjly3jj20hs0hsq4f.jpg", "avatar_hd": "https://wx3.sinaimg.cn/orj480/005QZPAxly8flokmxtiq5j30ru0ru3zy.jpg", "like": false, "like_me": false, "badge": {"travel_2017": 1, "panda": 1, "user_name_certificate": 1, "worldcup_2018": 34, "wenda_v2": 1, "dailv_2018": 1, "wbzy_2018": 1, "memorial_2018": 1, "hongbaofei_2019": 1, "fu_2019": 1, "suishoupai_2019": 5, "hongrenjie_2019": 1, "dailv_2019": 1, "china_2019": 1, "hongkong_2019": 1, "dzwbqlx_2019": 1, "rrgyj_2019": 1, "gongjiri_2019": 1, "hongbao_2020": 2, "feiyan_2020": 1, "hope_2020": 1, "daka_2020": 1, "dailv_2020": 1, "school_2020": 1, "gongyi_2020": 1, "hongrenjie_2020": 1, "china_2020": 1, "weibozhiye_2020": 1, "hongbaofeifuniu_2021": 2, "hongbaofeijika_2021": 1, "nihaoshenghuojie_2021": 1}}, "reposts_count": 0, "comments_count": 0, "attitudes_count": 2, "pending_approval_count": 0, "isLongText": false, "reward_exhibition_type": 0, "hide_flag": 0, "mlevel": 0, "darwin_tags": [], "mblogtype": 0, "more_info_type": 0, "cardid": "vip_012", "number_display_strategy": {"apply_scenario_flag": 3, "display_text_min_number": 1000000, "display_text": "100\u4e07+"}, "content_auth": 0, "repost_type": 1, "pic_num": 0, "alchemy_params": {"ug_red_envelope": false}, "raw_text": "\u8f6c\u53d1\u5fae\u535a", "bid": "IBsJWjcOf"}, {"visible": {"type": 0, "list_id": 0}, "created_at": "Thu Apr 02 15:31:04 +0800 2020", "id": "4489286051456568", "mid": "4489286051456568", "can_edit": false, "show_additional_indication": 0, "text": "\u725b\u903c", "source": "Android", "favorited": false, "pic_ids": [], "pic_types": "", "is_paid": false, "mblog_vip_type": 0, "user": {"id": 1976383307, "screen_name": "\u5f17\u6e29\u5c0f\u5bc6\u63a2", "profile_image_url": "https://tvax4.sinaimg.cn/crop.0.0.921.921.180/75cd374bly8glcpx3kzo0j20pl0pljv0.jpg?KID=imgbed,tva&Expires=1619050458&ssig=oZTYw063U2", "profile_url": "https://m.weibo.cn/u/1976383307?uid=1976383307", "statuses_count": 10367, "verified": false, "verified_type": -1, "close_blue_v": false, "description": "\u708e\u9ec4\u5b50\u5b59\u534e\u590f\u9b42\uff0c\u52c7\u5f80\u76f4\u524d\u7cbe\u6c14\u795e\uff01\u6d3b\u51fa\u81ea\u6211\uff0c\u68f1\u89d2\u4e0d\u706d\uff01", "gender": "m", "mbtype": 2, "urank": 30, "mbrank": 1, "follow_me": false, "following": false, "followers_count": 440, "follow_count": 39, "cover_image_phone": "https://tva1.sinaimg.cn/crop.0.0.640.640.640/549d0121tw1egm1kjly3jj20hs0hsq4f.jpg", "avatar_hd": "https://wx4.sinaimg.cn/orj480/75cd374bly8glcpx3kzo0j20pl0pljv0.jpg", "like": false, "like_me": false, "badge": {"bind_taobao": 1, "unread_pool": 1, "user_name_certificate": 1, "suishoupai_2018": 1, "wenchuan_10th": 1, "worldcup_2018": 34, "dailv_2018": 1, "memorial_2018": 1, "suishoupai_2019": 1, "hongrenjie_2019": 1, "dailv_2019": 1, "china_2019": 1, "dzwbqlx_2019": 6, "rrgyj_2019": 1, "weishi_2019": 1, "shuang11_2019": 1, "wbzy_2019": 1, "hongbao_2020": 2, "feiyan_2020": 1, "kangyi_2020": 1, "graduation_2020": 1, "pc_new": 7, "dailv_2020": 1, "movie_2020": 1, "school_2020": 1, "hongrenjie_2020": 1, "china_2020": 1, "weibozhiye_2020": 1, "hongbaofeifuniu_2021": 1, "hongbaofeijika_2021": 1}}, "reposts_count": 0, "comments_count": 0, "attitudes_count": 0, "pending_approval_count": 0, "isLongText": false, "reward_exhibition_type": 0, "hide_flag": 0, "mlevel": 0, "darwin_tags": [], "mblogtype": 0, "more_info_type": 0, "cardid": "star_11247_common", "number_display_strategy": {"apply_scenario_flag": 3, "display_text_min_number": 1000000, "display_text": "100\u4e07+"}, "content_auth": 0, "repost_type": 1, "pic_num": 0, "alchemy_params": {"ug_red_envelope": false}, "raw_text": "\u725b\u903c", "bid": "IBsJL66V2"}, {"visible": {"type": 0, "list_id": 0}, "created_at": "Thu Apr 02 15:30:35 +0800 2020", "id": "4489285933664844", "mid": "4489285933664844", "can_edit": false, "show_additional_indication": 0, "text": "\u8001\u675c\u662f\u4e2a\u5e72\u4e8b\u7684\u4eba\uff0c\u7981\u6bd2\u65f6\u5c31\u8fd9\u6837\u3002", "source": "HUAWEI Mate 8", "favorited": false, "pic_ids": [], "pic_types": "", "is_paid": false, "mblog_vip_type": 0, "user": {"id": 1464054484, "screen_name": "\u82cf\u5360\u519b_\u4e0d\u820d\u658b\u4e3b", "profile_image_url": "https://tva3.sinaimg.cn/crop.0.0.996.996.180/5743b2d4jw8f5fzs6szxgj20ro0rowhj.jpg?KID=imgbed,tva&Expires=1619050458&ssig=zkCK%2Fazpbc", "profile_url": "https://m.weibo.cn/u/1464054484?uid=1464054484", "statuses_count": 9424, "verified": false, "verified_type": -1, "close_blue_v": false, "description": "\u79e9\u5e8f\u662f\u5929\u56fd\u7684\u7b2c\u4e00\u5f8b Order is heaven's first law\uff08Alexander Pope\uff0c1688\uff5e1744\uff09", "gender": "m", "mbtype": 12, "urank": 34, "mbrank": 6, "follow_me": false, "following": false, "followers_count": 7369, "follow_count": 4539, "cover_image_phone": "https://wx4.sinaimg.cn/crop.0.0.640.640.640/5743b2d4ly1fzx96vks2rj20k00k0wi6.jpg", "avatar_hd": "https://ww3.sinaimg.cn/orj480/5743b2d4jw8f5fzs6szxgj20ro0rowhj.jpg", "like": false, "like_me": false, "badge": {"bind_taobao": 1, "unread_pool": 1, "unread_pool_ext": 1, "dzwbqlx_2016": 1, "travel_2017": 1, "user_name_certificate": 1, "worldcup_2018": 34, "wenda_v2": 1, "national_day_2018": 1, "memorial_2018": 1, "fu_2019": 1, "suishoupai_2019": 1, "wusi_2019": 1, "china_2019": 1, "hongkong_2019": 1, "wbzy_2019": 1, "gongjiri_2019": 1, "hongbao_2020": 2, "feiyan_2020": 1, "china_2020": 1, "hongbaofeifuniu_2021": 1, "hongbaofeijika_2021": 1}}, "reposts_count": 0, "comments_count": 3, "attitudes_count": 5, "pending_approval_count": 0, "isLongText": false, "reward_exhibition_type": 0, "hide_flag": 0, "mlevel": 0, "darwin_tags": [], "mblogtype": 0, "more_info_type": 0, "cardid": "star_112475209978", "number_display_strategy": {"apply_scenario_flag": 3, "display_text_min_number": 1000000, "display_text": "100\u4e07+"}, "content_auth": 0, "repost_type": 1, "pic_num": 0, "alchemy_params": {"ug_red_envelope": false}, "raw_text": "\u8001\u675c\u662f\u4e2a\u5e72\u4e8b\u7684\u4eba\uff0c\u7981\u6bd2\u65f6\u5c31\u8fd9\u6837\u3002", "bid": "IBsJzfnoo"}, {"visible": {"type": 0, "list_id": 0}, "created_at": "Thu Apr 02 15:29:52 +0800 2020", "id": "4489285749044552", "mid": "4489285749044552", "can_edit": false, "show_additional_indication": 0, "text": "\u8f6c\u53d1\u5fae\u535a", "source": "HUAWEI Mate 9", "favorited": false, "pic_ids": [], "pic_types": "", "is_paid": false, "mblog_vip_type": 0, "user": {"id": 1733791844, "screen_name": "picine", "profile_image_url": "https://tvax3.sinaimg.cn/crop.0.0.1068.1068.180/67579064ly8gpby48mtmij20to0toq9u.jpg?KID=imgbed,tva&Expires=1619050458&ssig=k5azEmYCPd", "profile_url": "https://m.weibo.cn/u/1733791844?uid=1733791844", "statuses_count": 10394, "verified": false, "verified_type": 220, "close_blue_v": false, "description": "http://i.youku.com/soccer", "gender": "m", "mbtype": 0, "urank": 39, "mbrank": 0, "follow_me": false, "following": false, "followers_count": 3792, "follow_count": 1365, "cover_image_phone": "https://tva1.sinaimg.cn/crop.0.0.640.640.640/549d0121tw1egm1kjly3jj20hs0hsq4f.jpg", "avatar_hd": "https://wx3.sinaimg.cn/orj480/67579064ly8gpby48mtmij20to0toq9u.jpg", "like": false, "like_me": false, "badge": {"bind_taobao": 1, "unread_pool": 1, "unread_pool_ext": 1, "dzwbqlx_2016": 1, "follow_whitelist_video": 1, "user_name_certificate": 1, "worldcup_2018": 15, "lol_s8": 1, "national_day_2018": 1, "china_2019": 1, "hongkong_2019": 1, "rrgyj_2019": 1, "gongjiri_2019": 1, "hongbao_2020": 2, "feiyan_2020": 1}}, "reposts_count": 0, "comments_count": 0, "attitudes_count": 0, "pending_approval_count": 0, "isLongText": false, "reward_exhibition_type": 0, "hide_flag": 0, "mlevel": 0, "darwin_tags": [], "mblogtype": 0, "more_info_type": 0, "number_display_strategy": {"apply_scenario_flag": 3, "display_text_min_number": 1000000, "display_text": "100\u4e07+"}, "content_auth": 0, "repost_type": 1, "pic_num": 0, "alchemy_params": {"ug_red_envelope": false}, "raw_text": "\u8f6c\u53d1\u5fae\u535a", "bid": "IBsJgBWTS"}, {"visible": {"type": 0, "list_id": 0}, "created_at": "Thu Apr 02 15:29:42 +0800 2020", "id": "4489285711369960", "mid": "4489285711369960", "can_edit": false, "show_additional_indication": 0, "text": "\u8f6c\u53d1\u5fae\u535a", "source": "\u5c0f\u7c736 \u62cd\u4eba\u66f4\u7f8e", "favorited": false, "pic_ids": [], "pic_types": "", "is_paid": false, "mblog_vip_type": 0, "user": {"id": 6612062194, "screen_name": "\u7528\u62376612062194", "profile_image_url": "https://tvax2.sinaimg.cn/crop.0.0.132.132.180/007dtxqqly8ftma27qnr8j303o03o3yc.jpg?KID=imgbed,tva&Expires=1619050458&ssig=0kxzpYYHcJ", "profile_url": "https://m.weibo.cn/u/6612062194?uid=6612062194", "statuses_count": 168, "verified": false, "verified_type": -1, "close_blue_v": false, "description": "", "gender": "m", "mbtype": 0, "urank": 4, "mbrank": 0, "follow_me": false, "following": false, "followers_count": 3, "follow_count": 525, "cover_image_phone": "https://tva1.sinaimg.cn/crop.0.0.640.640.640/549d0121tw1egm1kjly3jj20hs0hsq4f.jpg", "avatar_hd": "https://wx2.sinaimg.cn/orj480/007dtxqqly8ftma27qnr8j303o03o3yc.jpg", "like": false, "like_me": false, "badge": {"bind_taobao": 1, "user_name_certificate": 1, "hongbaofei_2019": 1, "hongrenjie_2019": 1, "hongbao_2020": 2}}, "reposts_count": 0, "comments_count": 0, "attitudes_count": 0, "pending_approval_count": 0, "isLongText": false, "reward_exhibition_type": 0, "hide_flag": 0, "mlevel": 0, "darwin_tags": [], "mblogtype": 0, "more_info_type": 0, "number_display_strategy": {"apply_scenario_flag": 3, "display_text_min_number": 1000000, "display_text": "100\u4e07+"}, "content_auth": 0, "repost_type": 1, "pic_num": 0, "alchemy_params": {"ug_red_envelope": false}, "raw_text": "\u8f6c\u53d1\u5fae\u535a", "bid": "IBsJd5Ko8"}]