[{"id": 4512917753790179, "created_at": "2020-06-06", "source": "", "user": {"id": 5214848709, "screen_name": "\u955c\u7a7a_", "profile_image_url": "https://tva3.sinaimg.cn/crop.11.0.479.479.180/005GUYn3gw1eib4eoen3gj30dw0e4gpg.jpg?KID=imgbed,tva&Expires=1619178098&ssig=8%2BAztTwvfO", "verified": false, "verified_type": -1, "followers_count": 33, "mbtype": 0, "profile_url": "https://m.weibo.cn/u/5214848709?uid=5214848709", "remark": "", "following": false, "follow_me": false}, "text": "\u5411\u79d1\u5b66\u5bb6\u81f4\u656c\uff01", "like_counts": 0, "liked": false}, {"id": 4512914705602587, "created_at": "2020-06-06", "source": "", "user": {"id": 7345362390, "screen_name": "\u4fca\u6587\u4e49\u82f12835", "profile_image_url": "https://tvax1.sinaimg.cn/default/images/default_avatar_female_180.gif?KID=imgbed,tva&Expires=1619178098&ssig=8QOsBx4Cqf", "verified": false, "verified_type": -1, "followers_count": 21, "mbtype": 12, "profile_url": "https://m.weibo.cn/u/7345362390?uid=7345362390", "remark": "", "following": false, "follow_me": false}, "text": "\u1555( \u055e \u15dc \u055e )\u1557 \u4e3a\u56fd\u4e89\u5149\ud83c\udde8\ud83c\uddf3", "like_counts": 0, "liked": false}, {"id": 4512914583825260, "created_at": "2020-06-06", "source": "", "user": {"id": 7345362390, "screen_name": "\u4fca\u6587\u4e49\u82f12835", "profile_image_url": "https://tvax1.sinaimg.cn/default/images/default_avatar_female_180.gif?KID=imgbed,tva&Expires=1619178098&ssig=8QOsBx4Cqf", "verified": false, "verified_type": -1, "followers_count": 21, "mbtype": 12, "profile_url": "https://m.weibo.cn/u/7345362390?uid=7345362390", "remark": "", "following": false, "follow_me": false}, "text": "<span class=\"url-icon\"><img alt=[\u7ed9\u529b] src=\"https://h5.sinaimg.cn/m/emoticon/icon/others/f_geili-78be8d9152.png\" style=\"width:1em; height:1em;\" /></span><span class=\"url-icon\"><img alt=[\u7ed9\u529b] src=\"https://h5.sinaimg.cn/m/emoticon/icon/others/f_geili-78be8d9152.png\" style=\"width:1em; height:1em;\" /></span><span class=\"url-icon\"><img alt=[\u7ed9\u529b] src=\"https://h5.sinaimg.cn/m/emoticon/icon/others/f_geili-78be8d9152.png\" style=\"width:1em; height:1em;\" /></span>", "like_counts": 0, "liked": false}, {"id": 4512909503659991, "created_at": "2020-06-06", "source": "", "user": {"id": 5902130428, "screen_name": "\u9ebb\u8fa3\u9999\u9505V5", "profile_image_url": "https://tva4.sinaimg.cn/crop.0.0.1002.1002.180/006rqJK4jw8f3187252imj30ru0rudgf.jpg?KID=imgbed,tva&Expires=1619178098&ssig=H1F56uUscx", "verified": false, "verified_type": -1, "followers_count": 267, "mbtype": 0, "profile_url": "https://m.weibo.cn/u/5902130428?uid=5902130428", "remark": "", "following": false, "follow_me": false}, "text": "\u4e0b\u5468\u6ee1\u4ed3\u8001\u5e72\u5988\uff0c\u739b\u5fb7\uff0c\u653e\u8fc7\u8305\u53f0\uff0c\u8fd9\u6b21\u4e0d\u80fd\u653e\u8fc7\u8001\u5e72\u5988\u4e86", "like_counts": 0, "liked": false}, {"id": 4512906508591112, "created_at": "2020-06-06", "source": "", "user": {"id": 5617708080, "screen_name": "\u5e7d\u7075\u8868\u54e5", "profile_image_url": "https://tvax4.sinaimg.cn/crop.0.0.1002.1002.180/0068bkuQly8gomnv0a15zj30ru0rujsq.jpg?KID=imgbed,tva&Expires=1619178098&ssig=yjT%2BuFZOz9", "verified": false, "verified_type": -1, "followers_count": 61, "mbtype": 0, "profile_url": "https://m.weibo.cn/u/5617708080?uid=5617708080", "remark": "", "following": false, "follow_me": false}, "text": "\u8f6c\u53d1\u5fae\u535a", "like_counts": 0, "liked": false}, {"id": 4512905686950681, "created_at": "2020-06-06", "source": "", "user": {"id": 5341311095, "screen_name": "\u5145\u7535\u5b9d\u6ca1\u6709\u7ebf", "profile_image_url": "https://tvax1.sinaimg.cn/crop.0.0.664.664.180/005PtB0Xly8gdi7du5mb5j30ig0igdgt.jpg?KID=imgbed,tva&Expires=1619178098&ssig=%2BVrBP%2BteWy", "verified": false, "verified_type": -1, "followers_count": 38, "mbtype": 0, "profile_url": "https://m.weibo.cn/u/5341311095?uid=5341311095", "remark": "", "following": false, "follow_me": false}, "text": "\u56de\u590d<a href='https://m.weibo.cn/n/\u963f\u4fee\u7f5795'>@\u963f\u4fee\u7f5795</a>:\u6709\u4e86\u4e2a\u8305\u53f0\u4e5f\u6ca1\u6709\u5d1b\u8d77\uff0c\u8fd8\u6709\u8001\u5e72\u5988\uff0c\u5bb3\uff0c", "reply_id": 4512904324664895, "reply_text": "\u4e4b\u524d\u6709\u4e2a\u8305\u53f0\uff0c\u73b0\u5728\u8fd9\u4e48\u597d\u7684\u4e8b\u60c5\uff0c\u7ed9\u4e86\u8d35\u5dde\uff0c\u770b\u6765\u8d35\u5dde\u8981\u5d1b\u8d77", "like_counts": 0, "liked": false}, {"id": 4512904324664895, "created_at": "2020-06-06", "source": "", "user": {"id": 7376103087, "screen_name": "\u963f\u4fee\u7f5795", "profile_image_url": "https://tvax3.sinaimg.cn/crop.0.0.1002.1002.180/0083bnmDly8gptke076gsj30ru0rumyx.jpg?KID=imgbed,tva&Expires=1619178098&ssig=IKcN%2BvOHWW", "verified": false, "verified_type": -1, "followers_count": 37, "mbtype": 11, "profile_url": "https://m.weibo.cn/u/7376103087?uid=7376103087", "remark": "", "following": false, "follow_me": false}, "text": "\u4e4b\u524d\u6709\u4e2a\u8305\u53f0\uff0c\u73b0\u5728\u8fd9\u4e48\u597d\u7684\u4e8b\u60c5\uff0c\u7ed9\u4e86\u8d35\u5dde\uff0c\u770b\u6765\u8d35\u5dde\u8981\u5d1b\u8d77", "like_counts": 1, "liked": false}, {"id": 4512899924082384, "created_at": "2020-06-06", "source": "", "user": {"id": 5609514119, "screen_name": "andjing07807", "profile_image_url": "https://tvax4.sinaimg.cn/crop.0.0.996.996.180/0067CWSbly8gbey0iexd7j30ro0rowk8.jpg?KID=imgbed,tva&Expires=1619178098&ssig=nDl%2BidQHCb", "verified": false, "verified_type": -1, "followers_count": 87, "mbtype": 0, "profile_url": "https://m.weibo.cn/u/5609514119?uid=5609514119", "remark": "", "following": false, "follow_me": false}, "text": "\u79d1\u5b66\u5bb6\u624d\u662f\u6211\u4eec\u6700\u503c\u5f97\u8ffd\u7684\u661f<span class=\"url-icon\"><img alt=[good] src=\"https://h5.sinaimg.cn/m/emoticon/icon/others/h_good-0c51afc69c.png\" style=\"width:1em; height:1em;\" /></span>\u60f3\u60f3\u67d0\u5927\u95e8\u4e0d\u51fa\u5199\u4e00\u7ebf\u65e5\u8bb0\u7684\uff0c\u771f\u8bbd\u523a\u4e0d\u5bb3\u7f9e\u3002", "like_counts": 5, "liked": false}, {"id": 4512897399503871, "created_at": "2020-06-06", "source": "", "user": {"id": 2964217351, "screen_name": "\u552fLove\u6668\u7199", "profile_image_url": "https://tvax4.sinaimg.cn/crop.0.0.996.996.180/b0ae5e07ly8gle6d0apdwj20ro0ro76m.jpg?KID=imgbed,tva&Expires=1619178098&ssig=fNNdJVwzdn", "verified": true, "verified_type": 0, "followers_count": 1787, "verified_type_ext": 0, "mbtype": 12, "profile_url": "https://m.weibo.cn/u/2964217351?uid=2964217351", "remark": "", "following": false, "follow_me": false}, "text": "\u592a\u597d\u4e86<span class=\"url-icon\"><img alt=[good] src=\"https://h5.sinaimg.cn/m/emoticon/icon/others/h_good-0c51afc69c.png\" style=\"width:1em; height:1em;\" /></span>", "like_counts": 2, "liked": false}]