[{"visible": {"type": 0, "list_id": 0}, "created_at": "Sat Jun 06 18:44:38 +0800 2020", "id": "4512889979662873", "mid": "4512889979662873", "can_edit": false, "show_additional_indication": 0, "text": "\u559c\u8baf\uff01\u9648\u8587\u9662\u58eb\u56e2\u961f\u7814\u5236\u7684\u65b0\u51a0\u80ba\u708e\u75ab\u82d7\u548c\u7279\u514d\u7403\u86cb\u767d\u6709\u671b\u5728\u8d35\u5dde\u5b9e\u73b0\u6295\u4ea7\u3002<a href='/n/\u5929\u773c\u65b0\u95fb'>@\u5929\u773c\u65b0\u95fb</a> #\u9648\u8587\u56e2\u961f\u7814\u5236\u7684\u65b0\u51a0\u75ab\u82d7\u6709\u671b\u8d35\u5dde\u6295\u4ea7# <a data-url=\"http://t.cn/A62n3yPX\" href=\"https://video.weibo.com/show?fid=1034:4512889952993296\" data-hide=\"\"><span class='url-icon'><img style='width: 1rem;height: 1rem' src='https://h5.sinaimg.cn/upload/2015/09/25/3/timeline_card_small_video_default.png'></span><span class=\"surl-text\">\u8fbd\u5b81\u5171\u9752\u56e2\u7684\u5fae\u535a\u89c6\u9891</span></a> ", "textLength": 135, "source": "\u5fae\u535a\u89c6\u9891\u53f7", "favorited": false, "pic_ids": [], "pic_types": "", "is_paid": false, "mblog_vip_type": 0, "user": {"id": 2079751412, "screen_name": "\u8fbd\u5b81\u5171\u9752\u56e2", "profile_image_url": "https://tvax2.sinaimg.cn/crop.0.0.996.996.180/7bf67cf4ly8gp7welg2ooj20ro0ro405.jpg?KID=imgbed,tva&Expires=1619178094&ssig=ctgrsq93Gl", "profile_url": "https://m.weibo.cn/u/2079751412?uid=2079751412", "statuses_count": 46698, "verified": true, "verified_type": 1, "verified_type_ext": 0, "verified_reason": "\u5171\u9752\u56e2\u8fbd\u5b81\u7701\u59d4\u5458\u4f1a\u5b98\u65b9\u5fae\u535a", "close_blue_v": false, "description": "\u4e2d\u56fd\u5171\u4ea7\u4e3b\u4e49\u9752\u5e74\u56e2\uff08\u7b80\u79f0\u5171\u9752\u56e2\uff09\u662f\u4e2d\u56fd\u5171\u4ea7\u515a\u9886\u5bfc\u7684\u5148\u8fdb\u9752\u5e74\u7fa4\u4f17\u7ec4\u7ec7\uff0c\u662f\u5e7f\u5927\u9752\u5e74\u5728\u5b9e\u8df5\u4e2d\u5b66\u4e60\u5171\u4ea7\u4e3b\u4e49\u7684\u5b66\u6821\uff0c\u662f\u4e2d\u56fd\u5171\u4ea7\u515a\u7684\u52a9\u624b\u548c\u540e\u5907\u519b\u3002\u5171\u9752\u2026", "gender": "m", "mbtype": 12, "urank": 45, "mbrank": 6, "follow_me": false, "following": false, "followers_count": 1797086, "follow_count": 328, "cover_image_phone": "https://wx3.sinaimg.cn/crop.0.0.640.640.640/7bf67cf4ly1gdi6947mc7j20u00u0jzk.jpg", "avatar_hd": "https://wx2.sinaimg.cn/orj480/7bf67cf4ly8gp7welg2ooj20ro0ro405.jpg", "like": false, "like_me": false, "badge": {"enterprise": 1, "dailv": 1, "dzwbqlx_2016": 1, "follow_whitelist_video": 1, "league_badge": 1, "user_name_certificate": 1, "suishoupai_2018": 1, "wenchuan_10th": 1, "league_badge_2018": 1, "qixi_2018": 1, "weibo_display_fans": 1, "relation_display": 1, "memorial_2018": 1, "denglong_2019": 1, "fu_2019": 1, "suishoupai_2019": 1, "wusi_2019": 1, "hongrenjie_2019": 1, "china_2019": 1, "hongkong_2019": 1, "rrgyj_2019": 1, "gongjiri_2019": 1, "macao_2019": 1, "china_2019_2": 1, "hongbao_2020": 2, "feiyan_2020": 1, "pc_new": 1, "school_2020": 1, "hongrenjie_2020": 1, "china_2020": 1, "hongbaofeijika_2021": 1, "lvzhilingyang_2021": 1}}, "reposts_count": 16, "comments_count": 10, "attitudes_count": 122, "pending_approval_count": 0, "isLongText": false, "reward_exhibition_type": 0, "hide_flag": 0, "mlevel": 0, "darwin_tags": [], "mblogtype": 0, "more_info_type": 0, "cardid": "star_583", "content_auth": 0, "pic_num": 0, "fid": 4512889959350509, "page_info": {"type": "video", "object_type": 11, "url_ori": "http://t.cn/A62n3yPX", "page_pic": {"width": 809, "url": "https://wx1.sinaimg.cn/orj480/7bf67cf4ly1gfird4h3ozj20mh0u0thw.jpg", "height": 1080}, "page_url": "https://video.weibo.com/show?fid=1034%3A4512889952993296", "object_id": "1034:4512889952993296", "page_title": "\u8fbd\u5b81\u5171\u9752\u56e2\u7684\u5fae\u535a\u89c6\u9891", "title": "\u9648\u8587\u56e2\u961f\u7814\u5236\u7684\u65b0\u51a0\u75ab\u82d7\u6709\u671b\u8d35\u5dde\u6295\u4ea7", "content1": "\u8fbd\u5b81\u5171\u9752\u56e2\u7684\u5fae\u535a\u89c6\u9891", "content2": "\u559c\u8baf\uff01\u9648\u8587\u9662\u58eb\u56e2\u961f\u7814\u5236\u7684\u65b0\u51a0\u80ba\u708e\u75ab\u82d7\u548c\u7279\u514d\u7403\u86cb\u767d\u6709\u671b\u5728\u8d35\u5dde\u5b9e\u73b0\u6295\u4ea7\u3002@\u5929\u773c\u65b0\u95fb #\u9648\u8587\u56e2\u961f\u7814\u5236\u7684\u65b0\u51a0\u75ab\u82d7\u6709\u671b\u8d35\u5dde\u6295\u4ea7#", "video_orientation": "vertical", "play_count": "13\u4e07\u6b21\u64ad\u653e", "media_info": {"stream_url": "https://f.video.weibocdn.com/iIOwiEhUlx07DRd3oKkw010412000zQE0E010.mp4?label=mp4_ld&template=360x640.24.0&trans_finger=81b11b8c5ffb62d33ceb3244bdd17e7b&ori=0&ps=1BThihd3VLAY5R&Expires=1619170894&ssig=bN1D%2F2jSER&KID=unistore,video", "stream_url_hd": "https://f.video.weibocdn.com/zhLPLW9Alx07DRd3wapW0104120014zu0E010.mp4?label=mp4_hd&template=540x960.24.0&trans_finger=7c347e6ee1691b93dc7e5726f4ef34b3&ori=0&ps=1BThihd3VLAY5R&Expires=1619170894&ssig=z6vvCrDDuV&KID=unistore,video", "duration": 8.637}, "urls": {"mp4_hd_mp4": "https://f.video.weibocdn.com/zhLPLW9Alx07DRd3wapW0104120014zu0E010.mp4?label=mp4_hd&template=540x960.24.0&trans_finger=7c347e6ee1691b93dc7e5726f4ef34b3&ori=0&ps=1BThihd3VLAY5R&Expires=1619170894&ssig=z6vvCrDDuV&KID=unistore,video", "mp4_ld_mp4": "https://f.video.weibocdn.com/iIOwiEhUlx07DRd3oKkw010412000zQE0E010.mp4?label=mp4_ld&template=360x640.24.0&trans_finger=81b11b8c5ffb62d33ceb3244bdd17e7b&ori=0&ps=1BThihd3VLAY5R&Expires=1619170894&ssig=bN1D%2F2jSER&KID=unistore,video", "hevc_mp4_hd": "https://f.video.weibocdn.com/YJ6VUmH9lx07DRd46jmo010412000SGh0E010.mp4?label=hevc_mp4_hd&template=540x960.29.0&trans_finger=278849cc220b59b4685720a801949929&ori=0&ps=1BThihd3VLAY5R&Expires=1619170894&ssig=wOv8YZGhUD&KID=unistore,video"}}, "bid": "J5pkhExKN"}, {"visible": {"type": 0, "list_id": 0}, "created_at": "Thu Mar 04 19:54:15 +0800 2021", "id": "4611114607053232", "mid": "4611114607053232", "can_edit": false, "show_additional_indication": 0, "text": "\u8f6c\u53d1\u5fae\u535a", "source": "iPhone\u5ba2\u6237\u7aef", "favorited": false, "pic_ids": [], "pic_types": "", "is_paid": false, "mblog_vip_type": 0, "user": {"id": 1730716617, "screen_name": "Lllllloooorrrraaa", "profile_image_url": "https://tva2.sinaimg.cn/crop.0.0.180.180.180/6728a3c9jw1e8qgp5bmzyj2050050aa8.jpg?KID=imgbed,tva&Expires=1619178094&ssig=jnL13m7X9I", "profile_url": "https://m.weibo.cn/u/1730716617?uid=1730716617", "statuses_count": 8267, "verified": false, "verified_type": 220, "close_blue_v": false, "description": "\u3002", "gender": "f", "mbtype": 2, "urank": 43, "mbrank": 6, "follow_me": false, "following": false, "followers_count": 1226, "follow_count": 659, "cover_image_phone": "https://tva1.sinaimg.cn/crop.0.0.640.640.640/9d44112bjw1f1xl1c10tuj20hs0hs0tw.jpg", "avatar_hd": "https://ww2.sinaimg.cn/orj480/6728a3c9jw1e8qgp5bmzyj2050050aa8.jpg", "like": false, "like_me": false, "badge": {"gongyi_level": 1, "bind_taobao": 1, "zongyiji": 1, "unread_pool": 1, "unread_pool_ext": 1, "user_name_certificate": 1, "super_star_2018": 1, "dailv_2018": 1, "fu_2019": 1, "hongrenjie_2019": 1, "rrgyj_2019": 1, "ant_2019": 1, "hongbao_2020": 2, "vpick_2020": 1, "hongbaofeijika_2021": 1}}, "reposts_count": 0, "comments_count": 0, "attitudes_count": 0, "pending_approval_count": 0, "isLongText": false, "reward_exhibition_type": 0, "hide_flag": 0, "mlevel": 0, "darwin_tags": [], "mblogtype": 0, "more_info_type": 0, "number_display_strategy": {"apply_scenario_flag": 3, "display_text_min_number": 1000000, "display_text": "100\u4e07+"}, "content_auth": 0, "repost_type": 1, "pic_num": 0, "alchemy_params": {"ug_red_envelope": false}, "raw_text": "\u8f6c\u53d1\u5fae\u535a", "bid": "K4F8MtARO"}, {"visible": {"type": 0, "list_id": 0}, "created_at": "Sat Jun 06 20:35:00 +0800 2020", "id": "4512917753790352", "mid": "4512917753790352", "can_edit": false, "show_additional_indication": 0, "text": "\u5411\u79d1\u5b66\u5bb6\u81f4\u656c\uff01", "source": "\u4e09\u661fandroid\u667a\u80fd\u624b\u673a", "favorited": false, "pic_ids": [], "pic_types": "", "is_paid": false, "mblog_vip_type": 0, "user": {"id": 5214848709, "screen_name": "\u955c\u7a7a_", "profile_image_url": "https://tva3.sinaimg.cn/crop.11.0.479.479.180/005GUYn3gw1eib4eoen3gj30dw0e4gpg.jpg?KID=imgbed,tva&Expires=1619178094&ssig=B98agga5Er", "profile_url": "https://m.weibo.cn/u/5214848709?uid=5214848709", "statuses_count": 260, "verified": false, "verified_type": -1, "close_blue_v": false, "description": "\u82e5\u7406\u6027\u4e0d\u5b58\u5728\uff0c\u5219\u5584\u826f\u65e0\u610f\u4e49\u3002\u2014\u2014\u7f57\u7d20", "gender": "f", "mbtype": 0, "urank": 9, "mbrank": 0, "follow_me": false, "following": false, "followers_count": 35, "follow_count": 480, "cover_image_phone": "https://tva1.sinaimg.cn/crop.0.0.640.640.640/549d0121tw1egm1kjly3jj20hs0hsq4f.jpg", "avatar_hd": "https://ww3.sinaimg.cn/orj480/005GUYn3gw1eib4eoen3gj30dw0e4gpg.jpg", "like": false, "like_me": false, "badge": {"unread_pool": 1, "user_name_certificate": 1, "hongrenjie_2019": 1, "china_2019": 1, "hongkong_2019": 1, "hongbao_2020": 2, "dailv_2020": 1}}, "reposts_count": 0, "comments_count": 0, "attitudes_count": 0, "pending_approval_count": 0, "isLongText": false, "reward_exhibition_type": 0, "hide_flag": 0, "mlevel": 0, "darwin_tags": [], "mblogtype": 0, "more_info_type": 0, "number_display_strategy": {"apply_scenario_flag": 3, "display_text_min_number": 1000000, "display_text": "100\u4e07+"}, "content_auth": 0, "repost_type": 3, "pic_num": 0, "alchemy_params": {"ug_red_envelope": false}, "raw_text": "\u5411\u79d1\u5b66\u5bb6\u81f4\u656c\uff01", "bid": "J5q35fU2I"}, {"visible": {"type": 0, "list_id": 0}, "created_at": "Sat Jun 06 20:04:40 +0800 2020", "id": "4512910120458905", "mid": "4512910120458905", "can_edit": false, "show_additional_indication": 0, "text": "\u8f6c\u53d1\u5fae\u535a", "source": "\u534e\u4e3a\u624b\u673a", "favorited": false, "pic_ids": [], "pic_types": "", "is_paid": false, "mblog_vip_type": 0, "user": {"id": 1991446214, "screen_name": "adld\u4e50\u56ed", "profile_image_url": "https://tva4.sinaimg.cn/crop.211.52.527.527.180/76b30ec6jw8eyfdgmqauhj20qe0hldgs.jpg?KID=imgbed,tva&Expires=1619178094&ssig=a21FuHfvsd", "profile_url": "https://m.weibo.cn/u/1991446214?uid=1991446214", "statuses_count": 5119, "verified": false, "verified_type": -1, "close_blue_v": false, "description": "", "gender": "m", "mbtype": 0, "urank": 37, "mbrank": 0, "follow_me": false, "following": false, "followers_count": 187, "follow_count": 1420, "cover_image_phone": "https://tva1.sinaimg.cn/crop.0.0.640.640.640/549d0121tw1egm1kjly3jj20hs0hsq4f.jpg", "avatar_hd": "https://ww4.sinaimg.cn/orj480/76b30ec6jw8eyfdgmqauhj20qe0hldgs.jpg", "like": false, "like_me": false, "badge": {"bind_taobao": 1, "unread_pool": 1, "unread_pool_ext": 1, "super_star_2017": 1, "travel_2017": 1, "user_name_certificate": 1, "hongbaofei_2019": 1, "fu_2019": 1, "hongrenjie_2019": 1, "china_2019": 1, "hongkong_2019": 1, "dzwbqlx_2019": 1, "wbzy_2019": 1, "hongbao_2020": 2, "feiyan_2020": 1, "dailv_2020": 1, "china_2020": 1, "hongbaofeifuniu_2021": 1, "hongbaofeijika_2021": 1}}, "reposts_count": 0, "comments_count": 0, "attitudes_count": 0, "pending_approval_count": 0, "isLongText": false, "reward_exhibition_type": 0, "hide_flag": 0, "mlevel": 0, "darwin_tags": [], "mblogtype": 0, "more_info_type": 0, "number_display_strategy": {"apply_scenario_flag": 3, "display_text_min_number": 1000000, "display_text": "100\u4e07+"}, "content_auth": 0, "repost_type": 1, "pic_num": 0, "alchemy_params": {"ug_red_envelope": false}, "raw_text": "\u8f6c\u53d1\u5fae\u535a", "bid": "J5pQM1VnH"}, {"visible": {"type": 0, "list_id": 0}, "created_at": "Sat Jun 06 19:50:19 +0800 2020", "id": "4512906508591201", "mid": "4512906508591201", "can_edit": false, "show_additional_indication": 0, "text": "\u8f6c\u53d1\u5fae\u535a", "source": "360\u5b89\u5168\u6d4f\u89c8\u5668", "favorited": false, "pic_ids": [], "pic_types": "", "is_paid": false, "mblog_vip_type": 0, "user": {"id": 5617708080, "screen_name": "\u5e7d\u7075\u8868\u54e5", "profile_image_url": "https://tvax4.sinaimg.cn/crop.0.0.1002.1002.180/0068bkuQly8gomnv0a15zj30ru0rujsq.jpg?KID=imgbed,tva&Expires=1619178094&ssig=St%2FytL6WKk", "profile_url": "https://m.weibo.cn/u/5617708080?uid=5617708080", "statuses_count": 6080, "verified": false, "verified_type": -1, "close_blue_v": false, "description": "\u4eba\u751f\u5c31\u662f\uff0c\u5343\u4e07\u4e0d\u8981\u89c9\u5f97\u81ea\u5df1\u4e0d\u884c\uff0c\u56e0\u4e3a\u80af\u5b9a\u6709\u4eba\u6bd4\u4f60\u66f4\u8822", "gender": "m", "mbtype": 0, "urank": 9, "mbrank": 0, "follow_me": false, "following": false, "followers_count": 64, "follow_count": 379, "cover_image_phone": "https://tva1.sinaimg.cn/crop.0.0.640.640.640/549d0121tw1egm1kjly3jj20hs0hsq4f.jpg", "avatar_hd": "https://wx4.sinaimg.cn/orj480/0068bkuQly8gomnv0a15zj30ru0rujsq.jpg", "like": false, "like_me": false, "badge": {"unread_pool": 1, "unread_pool_ext": 1, "user_name_certificate": 1, "wenda_v2": 1, "qixi_2018": 1, "wbzy_2019": 1, "hongbao_2020": 2, "feiyan_2020": 1, "hongrenjie_2020": 1, "china_2020": 1, "weibozhiye_2020": 1, "hongbaofeifuniu_2021": 1, "weibozhiyexianxia_2021": 1, "nihaoshenghuojie_2021": 1}}, "reposts_count": 0, "comments_count": 0, "attitudes_count": 0, "pending_approval_count": 0, "isLongText": false, "reward_exhibition_type": 0, "hide_flag": 0, "mlevel": 0, "darwin_tags": [], "mblogtype": 0, "more_info_type": 0, "number_display_strategy": {"apply_scenario_flag": 3, "display_text_min_number": 1000000, "display_text": "100\u4e07+"}, "content_auth": 0, "repost_type": 3, "pic_num": 0, "alchemy_params": {"ug_red_envelope": false}, "raw_text": "\u8f6c\u53d1\u5fae\u535a", "bid": "J5pKWA2XL"}, {"visible": {"type": 0, "list_id": 0}, "created_at": "Sat Jun 06 19:49:36 +0800 2020", "id": "4512906324988428", "mid": "4512906324988428", "can_edit": false, "show_additional_indication": 0, "text": "\u8f6c\u53d1\u5fae\u535a", "source": "\u8363\u8000 9X", "favorited": false, "pic_ids": [], "pic_types": "", "is_paid": false, "mblog_vip_type": 0, "user": {"id": 6653486940, "screen_name": "\u552f\u6709\u7f8e\u98df\u4e0e\u751f\u6d3b\u4e0d\u53ef\u8f9c\u8d1f", "profile_image_url": "https://tvax1.sinaimg.cn/crop.0.0.400.400.180/007ghlTuly8g1nxzsxkd6j30b40b440n.jpg?KID=imgbed,tva&Expires=1619178094&ssig=CWoY2tgh8b", "profile_url": "https://m.weibo.cn/u/6653486940?uid=6653486940", "statuses_count": 9641, "verified": false, "verified_type": -1, "close_blue_v": false, "description": "Life is like a box of chocolates", "gender": "f", "mbtype": 0, "urank": 4, "mbrank": 0, "follow_me": false, "following": false, "followers_count": 6, "follow_count": 42, "cover_image_phone": "https://tva1.sinaimg.cn/crop.0.0.640.640.640/549d0121tw1egm1kjly3jj20hs0hsq4f.jpg", "avatar_hd": "https://wx1.sinaimg.cn/orj480/007ghlTuly8g1nxzsxkd6j30b40b440n.jpg", "like": false, "like_me": false, "badge": {"user_name_certificate": 1, "suishoupai_2019": 1, "hongrenjie_2019": 1, "china_2019": 1, "hongbao_2020": 3, "graduation_2020": 1, "school_2020": 1, "china_2020": 1, "hongbaofeijika_2021": 1}}, "reposts_count": 0, "comments_count": 0, "attitudes_count": 0, "pending_approval_count": 0, "isLongText": false, "reward_exhibition_type": 0, "hide_flag": 0, "mlevel": 0, "darwin_tags": [], "mblogtype": 0, "more_info_type": 0, "cardid": "star_11247_common", "number_display_strategy": {"apply_scenario_flag": 3, "display_text_min_number": 1000000, "display_text": "100\u4e07+"}, "content_auth": 0, "repost_type": 1, "pic_num": 0, "alchemy_params": {"ug_red_envelope": false}, "raw_text": "\u8f6c\u53d1\u5fae\u535a", "bid": "J5pKEkVIw"}, {"visible": {"type": 0, "list_id": 0}, "created_at": "Sat Jun 06 19:47:34 +0800 2020", "id": "4512905813421185", "mid": "4512905813421185", "can_edit": false, "show_additional_indication": 0, "text": "\u8f6c\u53d1\u5fae\u535a", "source": "OPPO\u8d85\u89c6\u91ce\u5168\u9762\u5c4fR15", "favorited": false, "pic_ids": [], "pic_types": "", "is_paid": false, "mblog_vip_type": 0, "user": {"id": 6771567011, "screen_name": "\u6f02\u6d6e\u7fa4\u5c9b95401", "profile_image_url": "https://tvax4.sinaimg.cn/crop.0.0.996.996.180/007ogNULly8g85tc869mdj30ro0rojur.jpg?KID=imgbed,tva&Expires=1619178094&ssig=jr4uTQ2mqW", "profile_url": "https://m.weibo.cn/u/6771567011?uid=6771567011", "statuses_count": 8459, "verified": false, "verified_type": -1, "close_blue_v": false, "description": "\u8981\u8bb0\u5f97\u8ba9\u81ea\u5df1\u53d8\u597d", "gender": "m", "mbtype": 0, "urank": 2, "mbrank": 0, "follow_me": false, "following": false, "followers_count": 149, "follow_count": 2871, "cover_image_phone": "https://tva1.sinaimg.cn/crop.0.0.640.640.640/549d0121tw1egm1kjly3jj20hs0hsq4f.jpg", "avatar_hd": "https://wx4.sinaimg.cn/orj480/007ogNULly8g85tc869mdj30ro0rojur.jpg", "like": false, "like_me": false, "badge": {"user_name_certificate": 1, "starlight_2019": 1, "hongbao_2020": 3, "feiyan_2020": 1, "graduation_2020": 1, "movie_2020": 1, "school_2020": 1, "weibozhiyexianxia_2021": 1}}, "reposts_count": 0, "comments_count": 0, "attitudes_count": 0, "pending_approval_count": 0, "isLongText": false, "reward_exhibition_type": 0, "hide_flag": 0, "mlevel": 0, "darwin_tags": [], "mblogtype": 0, "more_info_type": 0, "number_display_strategy": {"apply_scenario_flag": 3, "display_text_min_number": 1000000, "display_text": "100\u4e07+"}, "content_auth": 0, "repost_type": 1, "pic_num": 0, "alchemy_params": {"ug_red_envelope": false}, "raw_text": "\u8f6c\u53d1\u5fae\u535a", "bid": "J5pJPem0p"}, {"visible": {"type": 0, "list_id": 0}, "created_at": "Sat Jun 06 18:50:19 +0800 2020", "id": "4512891406155102", "mid": "4512891406155102", "can_edit": false, "show_additional_indication": 0, "text": "\u8f6c\u53d1\u5fae\u535a", "source": "HUAWEI nova 2s", "favorited": false, "pic_ids": [], "pic_types": "", "is_paid": false, "mblog_vip_type": 0, "user": {"id": 5885970683, "screen_name": "\u7b2c\u4e00\u773c\u5c31\u559c\u6b22\u4f60\u7684\u6797\u5915", "profile_image_url": "https://tvax2.sinaimg.cn/crop.0.0.672.672.180/006qkVR1ly8gp3fa9gcyzj30io0iomz9.jpg?KID=imgbed,tva&Expires=1619178096&ssig=uocxdU9rQN", "profile_url": "https://m.weibo.cn/u/5885970683?uid=5885970683", "statuses_count": 24245, "verified": false, "verified_type": -1, "close_blue_v": false, "description": "\u6211\u7684\u4e16\u754c\u5f88\u5927\uff0c\u88c5\u5f97\u4e0b\u4e07\u9a6c\u5343\u519b\uff0c\u6211\u7684\u4e16\u754c\u53c8\u5f88\u5c0f\uff0c\u6240\u89c1\u4e4b\u5904\u4fbf\u53ea\u6709\u4f60\ud83d\udc90", "gender": "f", "mbtype": 2, "urank": 9, "mbrank": 1, "follow_me": false, "following": false, "followers_count": 379, "follow_count": 1082, "cover_image_phone": "https://tva1.sinaimg.cn/crop.0.0.640.640.640/9d44112bjw1f1xl1c10tuj20hs0hs0tw.jpg", "avatar_hd": "https://wx2.sinaimg.cn/orj480/006qkVR1ly8gp3fa9gcyzj30io0iomz9.jpg", "like": false, "like_me": false, "badge": {"bind_taobao": 1, "unread_pool": 1, "unread_pool_ext": 1, "dzwbqlx_2016": 1, "travel_2017": 1, "panda": 1, "user_name_certificate": 1, "suishoupai_2018": 8, "wenchuan_10th": 1, "super_star_2018": 1, "worldcup_2018": 34, "wenda_v2": 1, "dailv_2018": 7, "qixi_2018": 1, "meilizhongguo_2018": 1, "national_day_2018": 1, "memorial_2018": 1, "hongbaofei_2019": 1, "denglong_2019": 1, "fu_2019": 1, "womensday_2018": 1, "suishoupai_2019": 1, "wusi_2019": 1, "hongrenjie_2019": 1, "dailv_2019": 1, "china_2019": 1, "hongkong_2019": 1, "taohuayuan_2019": 1, "dzwbqlx_2019": 1, "rrgyj_2019": 1, "cishan_2019": 1, "weishi_2019": 1, "shuang11_2019": 1, "wbzy_2019": 1, "macao_2019": 1, "china_2019_2": 1, "hongbao_2020": 3, "feiyan_2020": 1, "kangyi_2020": 1, "daka_2020": 1, "dailv_2020": 1, "movie_2020": 1, "school_2020": 1, "hongrenjie_2020": 1, "china_2020": 1, "hongbaofeifuniu_2021": 1, "hongbaofeijika_2021": 1}}, "reposts_count": 0, "comments_count": 0, "attitudes_count": 0, "pending_approval_count": 0, "isLongText": false, "reward_exhibition_type": 0, "hide_flag": 0, "mlevel": 0, "darwin_tags": [], "mblogtype": 0, "more_info_type": 0, "number_display_strategy": {"apply_scenario_flag": 3, "display_text_min_number": 1000000, "display_text": "100\u4e07+"}, "content_auth": 0, "repost_type": 1, "pic_num": 0, "alchemy_params": {"ug_red_envelope": false}, "raw_text": "\u8f6c\u53d1\u5fae\u535a", "bid": "J5pmApPdQ"}]