[{"id": 4497654148685871, "created_at": "2020-04-25", "source": "", "user": {"id": 7375753988, "screen_name": "_\u5343\u53f6\u5f71\u513f", "profile_image_url": "https://tvax2.sinaimg.cn/crop.0.0.996.996.180/00839Uy0ly8glkd6zs9hqj30ro0rotdv.jpg?KID=imgbed,tva&Expires=1619216858&ssig=sdTjBGV0uo", "verified": false, "verified_type": -1, "followers_count": 43, "mbtype": 2, "profile_url": "https://m.weibo.cn/u/7375753988?uid=7375753988", "remark": "", "following": false, "follow_me": false}, "text": "\u5410\u4e86", "like_counts": 0, "liked": false}, {"id": 4497181237472652, "created_at": "2020-04-24", "source": "", "user": {"id": 1734959391, "screen_name": "\u51b0\u5f6c\u5175", "profile_image_url": "https://tvax2.sinaimg.cn/crop.0.0.1080.1080.180/6769611fly8gdinw922poj20u00u0jtm.jpg?KID=imgbed,tva&Expires=1619216858&ssig=NSFebgTFTn", "verified": true, "verified_type": 0, "followers_count": 1935645, "verified_type_ext": 1, "mbtype": 12, "profile_url": "https://m.weibo.cn/u/1734959391?uid=1734959391", "remark": "", "following": false, "follow_me": false}, "text": "\u56de\u590d<a href='https://m.weibo.cn/n/\u5409\u5229\u5409\u7965999'>@\u5409\u5229\u5409\u7965999</a>:<span class=\"url-icon\"><img alt=[\u644a\u624b] src=\"https://h5.sinaimg.cn/m/emoticon/icon/default/d_tanshou-fa05d4eacf.png\" style=\"width:1em; height:1em;\" /></span><span class=\"url-icon\"><img alt=[\u644a\u624b] src=\"https://h5.sinaimg.cn/m/emoticon/icon/default/d_tanshou-fa05d4eacf.png\" style=\"width:1em; height:1em;\" /></span><span class=\"url-icon\"><img alt=[\u644a\u624b] src=\"https://h5.sinaimg.cn/m/emoticon/icon/default/d_tanshou-fa05d4eacf.png\" style=\"width:1em; height:1em;\" /></span>", "reply_id": 4497174030849964, "reply_text": "\u4ed6\u4eec\u7b80\u76f4\u4e86\uff0c\u8fd9\u90fd\u4ec0\u4e48\u60c5\u51b5\u4e86", "like_counts": 0, "liked": false}, {"id": 4497181207775818, "created_at": "2020-04-24", "source": "", "user": {"id": 1734959391, "screen_name": "\u51b0\u5f6c\u5175", "profile_image_url": "https://tvax2.sinaimg.cn/crop.0.0.1080.1080.180/6769611fly8gdinw922poj20u00u0jtm.jpg?KID=imgbed,tva&Expires=1619216858&ssig=NSFebgTFTn", "verified": true, "verified_type": 0, "followers_count": 1935645, "verified_type_ext": 1, "mbtype": 12, "profile_url": "https://m.weibo.cn/u/1734959391?uid=1734959391", "remark": "", "following": false, "follow_me": false}, "text": "\u56de\u590d<a href='https://m.weibo.cn/n/\u6625\u5206\u5439\u591a\u4e86'>@\u6625\u5206\u5439\u591a\u4e86</a>:<span class=\"url-icon\"><img alt=[\u5fc3] src=\"https://h5.sinaimg.cn/m/emoticon/icon/others/l_xin-43af9086c0.png\" style=\"width:1em; height:1em;\" /></span>", "reply_id": 4497173989086739, "reply_text": "\u5e0c\u671b\u75ab\u60c5\u65e9\u65e5\u7ed3\u675f\u5427", "like_counts": 0, "liked": false}, {"id": 4497181191170673, "created_at": "2020-04-24", "source": "", "user": {"id": 1734959391, "screen_name": "\u51b0\u5f6c\u5175", "profile_image_url": "https://tvax2.sinaimg.cn/crop.0.0.1080.1080.180/6769611fly8gdinw922poj20u00u0jtm.jpg?KID=imgbed,tva&Expires=1619216858&ssig=NSFebgTFTn", "verified": true, "verified_type": 0, "followers_count": 1935645, "verified_type_ext": 1, "mbtype": 12, "profile_url": "https://m.weibo.cn/u/1734959391?uid=1734959391", "remark": "", "following": false, "follow_me": false}, "text": "\u56de\u590d<a href='https://m.weibo.cn/n/\u8def\u8fb9\u8d34\u819c\u6ef4\u5c0f\u54e5'>@\u8def\u8fb9\u8d34\u819c\u6ef4\u5c0f\u54e5</a>:<span class=\"url-icon\"><img alt=[\u4f5c\u63d6] src=\"https://h5.sinaimg.cn/m/emoticon/icon/others/h_zuoyi-519f80d31c.png\" style=\"width:1em; height:1em;\" /></span><span class=\"url-icon\"><img alt=[\u4f5c\u63d6] src=\"https://h5.sinaimg.cn/m/emoticon/icon/others/h_zuoyi-519f80d31c.png\" style=\"width:1em; height:1em;\" /></span><span class=\"url-icon\"><img alt=[\u4f5c\u63d6] src=\"https://h5.sinaimg.cn/m/emoticon/icon/others/h_zuoyi-519f80d31c.png\" style=\"width:1em; height:1em;\" /></span>", "reply_id": 4497174068863501, "reply_text": "\u5370\u5ea6\u52a0\u6cb9\u5427", "like_counts": 0, "liked": false}, {"id": 4497181141058848, "created_at": "2020-04-24", "source": "", "user": {"id": 1734959391, "screen_name": "\u51b0\u5f6c\u5175", "profile_image_url": "https://tvax2.sinaimg.cn/crop.0.0.1080.1080.180/6769611fly8gdinw922poj20u00u0jtm.jpg?KID=imgbed,tva&Expires=1619216858&ssig=NSFebgTFTn", "verified": true, "verified_type": 0, "followers_count": 1935645, "verified_type_ext": 1, "mbtype": 12, "profile_url": "https://m.weibo.cn/u/1734959391?uid=1734959391", "remark": "", "following": false, "follow_me": false}, "text": "\u56de\u590d<a href='https://m.weibo.cn/n/\u4f60\u8bf4\u4ec0\u4e48sy'>@\u4f60\u8bf4\u4ec0\u4e48sy</a>:<span class=\"url-icon\"><img alt=[\u5fc3] src=\"https://h5.sinaimg.cn/m/emoticon/icon/others/l_xin-43af9086c0.png\" style=\"width:1em; height:1em;\" /></span>", "reply_id": 4497173943238800, "reply_text": "\u52a0\u6cb9\uff0c\u633a\u4f4f", "like_counts": 0, "liked": false}, {"id": 4497181102695825, "created_at": "2020-04-24", "source": "", "user": {"id": 1734959391, "screen_name": "\u51b0\u5f6c\u5175", "profile_image_url": "https://tvax2.sinaimg.cn/crop.0.0.1080.1080.180/6769611fly8gdinw922poj20u00u0jtm.jpg?KID=imgbed,tva&Expires=1619216858&ssig=NSFebgTFTn", "verified": true, "verified_type": 0, "followers_count": 1935645, "verified_type_ext": 1, "mbtype": 12, "profile_url": "https://m.weibo.cn/u/1734959391?uid=1734959391", "remark": "", "following": false, "follow_me": false}, "text": "\u56de\u590d<a href='https://m.weibo.cn/n/\u6572\u53ef\u7231\u4e50\u4e50'>@\u6572\u53ef\u7231\u4e50\u4e50</a>:<span class=\"url-icon\"><img alt=[\u4f5c\u63d6] src=\"https://h5.sinaimg.cn/m/emoticon/icon/others/h_zuoyi-519f80d31c.png\" style=\"width:1em; height:1em;\" /></span>", "reply_id": 4497173963743307, "reply_text": "\u592a\u53ef\u6015\u4e86\u3002\u5feb\u5feb\u597d\u8d77\u6765", "like_counts": 0, "liked": false}, {"id": 4497181081553210, "created_at": "2020-04-24", "source": "", "user": {"id": 1734959391, "screen_name": "\u51b0\u5f6c\u5175", "profile_image_url": "https://tvax2.sinaimg.cn/crop.0.0.1080.1080.180/6769611fly8gdinw922poj20u00u0jtm.jpg?KID=imgbed,tva&Expires=1619216858&ssig=NSFebgTFTn", "verified": true, "verified_type": 0, "followers_count": 1935645, "verified_type_ext": 1, "mbtype": 12, "profile_url": "https://m.weibo.cn/u/1734959391?uid=1734959391", "remark": "", "following": false, "follow_me": false}, "text": "\u56de\u590d<a href='https://m.weibo.cn/n/\u534a\u590f5-5'>@\u534a\u590f5-5</a>:<span class=\"url-icon\"><img alt=[\u4f5c\u63d6] src=\"https://h5.sinaimg.cn/m/emoticon/icon/others/h_zuoyi-519f80d31c.png\" style=\"width:1em; height:1em;\" /></span><span class=\"url-icon\"><img alt=[\u4f5c\u63d6] src=\"https://h5.sinaimg.cn/m/emoticon/icon/others/h_zuoyi-519f80d31c.png\" style=\"width:1em; height:1em;\" /></span><span class=\"url-icon\"><img alt=[\u4f5c\u63d6] src=\"https://h5.sinaimg.cn/m/emoticon/icon/others/h_zuoyi-519f80d31c.png\" style=\"width:1em; height:1em;\" /></span>", "reply_id": 4497174001968593, "reply_text": "\u5370\u5ea6\u52a0\u6cb9\uff0c\u4f46\u613f\u75ab\u60c5\u65e9\u70b9\u513f\u8fc7\u53bb\u3002", "like_counts": 0, "liked": false}, {"id": 4497181036222248, "created_at": "2020-04-24", "source": "", "user": {"id": 1734959391, "screen_name": "\u51b0\u5f6c\u5175", "profile_image_url": "https://tvax2.sinaimg.cn/crop.0.0.1080.1080.180/6769611fly8gdinw922poj20u00u0jtm.jpg?KID=imgbed,tva&Expires=1619216858&ssig=NSFebgTFTn", "verified": true, "verified_type": 0, "followers_count": 1935645, "verified_type_ext": 1, "mbtype": 12, "profile_url": "https://m.weibo.cn/u/1734959391?uid=1734959391", "remark": "", "following": false, "follow_me": false}, "text": "\u56de\u590d<a href='https://m.weibo.cn/n/\u65af\u5177\u5907\u6ce8'>@\u65af\u5177\u5907\u6ce8</a>:\u52a0\u6cb9", "reply_id": 4497174009786315, "reply_text": "\u5370\u5ea6\uff0c\u52a0\u6cb9\u52a0\u6cb9", "like_counts": 0, "liked": false}, {"id": 4497181010214877, "created_at": "2020-04-24", "source": "", "user": {"id": 1734959391, "screen_name": "\u51b0\u5f6c\u5175", "profile_image_url": "https://tvax2.sinaimg.cn/crop.0.0.1080.1080.180/6769611fly8gdinw922poj20u00u0jtm.jpg?KID=imgbed,tva&Expires=1619216858&ssig=NSFebgTFTn", "verified": true, "verified_type": 0, "followers_count": 1935645, "verified_type_ext": 1, "mbtype": 12, "profile_url": "https://m.weibo.cn/u/1734959391?uid=1734959391", "remark": "", "following": false, "follow_me": false}, "text": "\u56de\u590d<a href='https://m.weibo.cn/n/\u821e\u8e48\u4eba\u751f07'>@\u821e\u8e48\u4eba\u751f07</a>:<span class=\"url-icon\"><img alt=[\u4f5c\u63d6] src=\"https://h5.sinaimg.cn/m/emoticon/icon/others/h_zuoyi-519f80d31c.png\" style=\"width:1em; height:1em;\" /></span><span class=\"url-icon\"><img alt=[\u4f5c\u63d6] src=\"https://h5.sinaimg.cn/m/emoticon/icon/others/h_zuoyi-519f80d31c.png\" style=\"width:1em; height:1em;\" /></span><span class=\"url-icon\"><img alt=[\u4f5c\u63d6] src=\"https://h5.sinaimg.cn/m/emoticon/icon/others/h_zuoyi-519f80d31c.png\" style=\"width:1em; height:1em;\" /></span>", "reply_id": 4497174035674926, "reply_text": "\u90a3\u592a\u6050\u6016\u55bd", "like_counts": 0, "liked": false}, {"id": 4497180985656005, "created_at": "2020-04-24", "source": "", "user": {"id": 1734959391, "screen_name": "\u51b0\u5f6c\u5175", "profile_image_url": "https://tvax2.sinaimg.cn/crop.0.0.1080.1080.180/6769611fly8gdinw922poj20u00u0jtm.jpg?KID=imgbed,tva&Expires=1619216858&ssig=NSFebgTFTn", "verified": true, "verified_type": 0, "followers_count": 1935645, "verified_type_ext": 1, "mbtype": 12, "profile_url": "https://m.weibo.cn/u/1734959391?uid=1734959391", "remark": "", "following": false, "follow_me": false}, "text": "\u56de\u590d<a href='https://m.weibo.cn/n/\u4f1a\u660e976'>@\u4f1a\u660e976</a>:\u6015", "reply_id": 4497174069422903, "reply_text": "\u5370\u5ea6\u7684\u60c5\u51b5\u4e5f\u6709\u70b9\u592a\u53ef\u6015\u4e86\uff01", "like_counts": 0, "liked": false}, {"id": 4497180956406538, "created_at": "2020-04-24", "source": "", "user": {"id": 1734959391, "screen_name": "\u51b0\u5f6c\u5175", "profile_image_url": "https://tvax2.sinaimg.cn/crop.0.0.1080.1080.180/6769611fly8gdinw922poj20u00u0jtm.jpg?KID=imgbed,tva&Expires=1619216872&ssig=%2BFNX9zGecp", "verified": true, "verified_type": 0, "followers_count": 1935645, "verified_type_ext": 1, "mbtype": 12, "profile_url": "https://m.weibo.cn/u/1734959391?uid=1734959391", "remark": "", "following": false, "follow_me": false}, "text": "\u56de\u590d<a href='https://m.weibo.cn/n/\u98ce\u8f7b\u4e91\u6de1gwyy'>@\u98ce\u8f7b\u4e91\u6de1gwyy</a>:<span class=\"url-icon\"><img alt=[\u4e8c\u54c8] src=\"https://h5.sinaimg.cn/m/emoticon/icon/others/d_erha-139d0e07bd.png\" style=\"width:1em; height:1em;\" /></span><span class=\"url-icon\"><img alt=[\u4e8c\u54c8] src=\"https://h5.sinaimg.cn/m/emoticon/icon/others/d_erha-139d0e07bd.png\" style=\"width:1em; height:1em;\" /></span><span class=\"url-icon\"><img alt=[\u4e8c\u54c8] src=\"https://h5.sinaimg.cn/m/emoticon/icon/others/d_erha-139d0e07bd.png\" style=\"width:1em; height:1em;\" /></span>", "reply_id": 4497174631046705, "reply_text": "\u6ca1\u5173\u7cfb", "like_counts": 0, "liked": false}, {"id": 4497180939182384, "created_at": "2020-04-24", "source": "", "user": {"id": 1734959391, "screen_name": "\u51b0\u5f6c\u5175", "profile_image_url": "https://tvax2.sinaimg.cn/crop.0.0.1080.1080.180/6769611fly8gdinw922poj20u00u0jtm.jpg?KID=imgbed,tva&Expires=1619216872&ssig=%2BFNX9zGecp", "verified": true, "verified_type": 0, "followers_count": 1935645, "verified_type_ext": 1, "mbtype": 12, "profile_url": "https://m.weibo.cn/u/1734959391?uid=1734959391", "remark": "", "following": false, "follow_me": false}, "text": "\u56de\u590d<a href='https://m.weibo.cn/n/\u997c\u5e72\u7231\u65c5\u884c\u5450'>@\u997c\u5e72\u7231\u65c5\u884c\u5450</a>:<span class=\"url-icon\"><img alt=[doge] src=\"https://h5.sinaimg.cn/m/emoticon/icon/others/d_doge-be7f768d78.png\" style=\"width:1em; height:1em;\" /></span>", "reply_id": 4497174094152876, "reply_text": "\u6e05\u65b0 \u6211\u662f\u4e2d\u56fd\u4eba \u4e0d\u6015", "like_counts": 0, "liked": false}, {"id": 4497180900989998, "created_at": "2020-04-24", "source": "", "user": {"id": 1734959391, "screen_name": "\u51b0\u5f6c\u5175", "profile_image_url": "https://tvax2.sinaimg.cn/crop.0.0.1080.1080.180/6769611fly8gdinw922poj20u00u0jtm.jpg?KID=imgbed,tva&Expires=1619216872&ssig=%2BFNX9zGecp", "verified": true, "verified_type": 0, "followers_count": 1935645, "verified_type_ext": 1, "mbtype": 12, "profile_url": "https://m.weibo.cn/u/1734959391?uid=1734959391", "remark": "", "following": false, "follow_me": false}, "text": "\u56de\u590d<a href='https://m.weibo.cn/n/\u5584\u81ea\u73cd\u91cd'>@\u5584\u81ea\u73cd\u91cd</a>:\u4eba\u591a\u66f4\u53ef\u6015\u3002\u3002\u3002", "reply_id": 4497174039266283, "reply_text": "\u5370\u5ea6\u4eba\u591a\uff0c\u6ca1\u5173\u7cfb", "like_counts": 0, "liked": false}, {"id": 4497180838841160, "created_at": "2020-04-24", "source": "", "user": {"id": 1734959391, "screen_name": "\u51b0\u5f6c\u5175", "profile_image_url": "https://tvax2.sinaimg.cn/crop.0.0.1080.1080.180/6769611fly8gdinw922poj20u00u0jtm.jpg?KID=imgbed,tva&Expires=1619216872&ssig=%2BFNX9zGecp", "verified": true, "verified_type": 0, "followers_count": 1935645, "verified_type_ext": 1, "mbtype": 12, "profile_url": "https://m.weibo.cn/u/1734959391?uid=1734959391", "remark": "", "following": false, "follow_me": false}, "text": "\u56de\u590d<a href='https://m.weibo.cn/n/\u4e94\u7ea7\u5927\u98ce\u547c\u547c\u5439'>@\u4e94\u7ea7\u5927\u98ce\u547c\u547c\u5439</a>:<span class=\"url-icon\"><img alt=[\u4f5c\u63d6] src=\"https://h5.sinaimg.cn/m/emoticon/icon/others/h_zuoyi-519f80d31c.png\" style=\"width:1em; height:1em;\" /></span><span class=\"url-icon\"><img alt=[\u4f5c\u63d6] src=\"https://h5.sinaimg.cn/m/emoticon/icon/others/h_zuoyi-519f80d31c.png\" style=\"width:1em; height:1em;\" /></span><span class=\"url-icon\"><img alt=[\u4f5c\u63d6] src=\"https://h5.sinaimg.cn/m/emoticon/icon/others/h_zuoyi-519f80d31c.png\" style=\"width:1em; height:1em;\" /></span>", "reply_id": 4497173960378705, "reply_text": "\u592a\u6050\u6016\u4e86\u5427", "like_counts": 0, "liked": false}, {"id": 4497180796469605, "created_at": "2020-04-24", "source": "", "user": {"id": 1734959391, "screen_name": "\u51b0\u5f6c\u5175", "profile_image_url": "https://tvax2.sinaimg.cn/crop.0.0.1080.1080.180/6769611fly8gdinw922poj20u00u0jtm.jpg?KID=imgbed,tva&Expires=1619216872&ssig=%2BFNX9zGecp", "verified": true, "verified_type": 0, "followers_count": 1935645, "verified_type_ext": 1, "mbtype": 12, "profile_url": "https://m.weibo.cn/u/1734959391?uid=1734959391", "remark": "", "following": false, "follow_me": false}, "text": "\u56de\u590d<a href='https://m.weibo.cn/n/yorha_a'>@yorha_a</a>:<span class=\"url-icon\"><img alt=[\u644a\u624b] src=\"https://h5.sinaimg.cn/m/emoticon/icon/default/d_tanshou-fa05d4eacf.png\" style=\"width:1em; height:1em;\" /></span><span class=\"url-icon\"><img alt=[\u644a\u624b] src=\"https://h5.sinaimg.cn/m/emoticon/icon/default/d_tanshou-fa05d4eacf.png\" style=\"width:1em; height:1em;\" /></span><span class=\"url-icon\"><img alt=[\u644a\u624b] src=\"https://h5.sinaimg.cn/m/emoticon/icon/default/d_tanshou-fa05d4eacf.png\" style=\"width:1em; height:1em;\" /></span>", "reply_id": 4497173951668296, "reply_text": "\u597d\u6050\u6016\u554a", "like_counts": 0, "liked": false}, {"id": 4497180641375486, "created_at": "2020-04-24", "source": "", "user": {"id": 1734959391, "screen_name": "\u51b0\u5f6c\u5175", "profile_image_url": "https://tvax2.sinaimg.cn/crop.0.0.1080.1080.180/6769611fly8gdinw922poj20u00u0jtm.jpg?KID=imgbed,tva&Expires=1619216872&ssig=%2BFNX9zGecp", "verified": true, "verified_type": 0, "followers_count": 1935645, "verified_type_ext": 1, "mbtype": 12, "profile_url": "https://m.weibo.cn/u/1734959391?uid=1734959391", "remark": "", "following": false, "follow_me": false}, "text": "\u56de\u590d<a href='https://m.weibo.cn/n/\u4e00\u53ea\u53ef\u7231\u7684\u4ed9\u5973\u54e6'>@\u4e00\u53ea\u53ef\u7231\u7684\u4ed9\u5973\u54e6</a>:<span class=\"url-icon\"><img alt=[\u5fc3] src=\"https://h5.sinaimg.cn/m/emoticon/icon/others/l_xin-43af9086c0.png\" style=\"width:1em; height:1em;\" /></span>", "reply_id": 4497174123932075, "reply_text": "\u592a\u53ef\u6015\u4e86", "like_counts": 0, "liked": false}, {"id": 4497174631046705, "created_at": "2020-04-24", "source": "", "user": {"id": 7305641624, "screen_name": "\u98ce\u8f7b\u4e91\u6de1gwyy", "profile_image_url": "https://tvax1.sinaimg.cn/crop.0.0.1002.1002.180/007YpJ7qly8gami6mhkmgj30ru0rutar.jpg?KID=imgbed,tva&Expires=1619216872&ssig=xX6jH8Je%2B8", "verified": true, "verified_type": 0, "followers_count": 125258, "verified_type_ext": 0, "mbtype": 2, "profile_url": "https://m.weibo.cn/u/7305641624?uid=7305641624", "remark": "", "following": false, "follow_me": false}, "text": "\u6ca1\u5173\u7cfb", "like_counts": 1, "liked": false}, {"id": 4497174094152876, "created_at": "2020-04-24", "source": "", "user": {"id": 6772870809, "screen_name": "\u65c5\u6e38\u5494\u5494", "profile_image_url": "https://tvax3.sinaimg.cn/crop.0.0.996.996.180/007omh5Lly8glmj6knjvzj30ro0rp41m.jpg?KID=imgbed,tva&Expires=1619216872&ssig=7b%2FEb2Rd8y", "verified": true, "verified_type": 0, "followers_count": 179029, "verified_type_ext": 0, "mbtype": 11, "profile_url": "https://m.weibo.cn/u/6772870809?uid=6772870809", "remark": "", "following": false, "follow_me": false}, "text": "\u6e05\u65b0 \u6211\u662f\u4e2d\u56fd\u4eba \u4e0d\u6015", "like_counts": 1, "liked": false}, {"id": 4497174069422903, "created_at": "2020-04-24", "source": "", "user": {"id": 6586644084, "screen_name": "\u4f1a\u660e976", "profile_image_url": "https://tvax4.sinaimg.cn/crop.0.0.132.132.180/007bKT0Uly8fsrztsjaptj303o03oweb.jpg?KID=imgbed,tva&Expires=1619216872&ssig=ri7%2F1ZbCRQ", "verified": false, "verified_type": -1, "followers_count": 1901, "mbtype": 12, "profile_url": "https://m.weibo.cn/u/6586644084?uid=6586644084", "remark": "", "following": false, "follow_me": false}, "text": "\u5370\u5ea6\u7684\u60c5\u51b5\u4e5f\u6709\u70b9\u592a\u53ef\u6015\u4e86\uff01", "like_counts": 1, "liked": false}, {"id": 4497174039266283, "created_at": "2020-04-24", "source": "", "user": {"id": 6523052238, "screen_name": "\u5584\u81ea\u73cd\u91cd", "profile_image_url": "https://tvax2.sinaimg.cn/crop.0.0.996.996.180/0077s3RYly8gck6lqh30fj30ro0roac2.jpg?KID=imgbed,tva&Expires=1619216885&ssig=irYHZUyDwH", "verified": true, "verified_type": 0, "followers_count": 80668, "verified_type_ext": 0, "mbtype": 12, "profile_url": "https://m.weibo.cn/u/6523052238?uid=6523052238", "remark": "", "following": false, "follow_me": false}, "text": "\u5370\u5ea6\u4eba\u591a\uff0c\u6ca1\u5173\u7cfb", "like_counts": 1, "liked": false}, {"id": 4497174030849964, "created_at": "2020-04-24", "source": "", "user": {"id": 7420348355, "screen_name": "\u5409\u5229\u5409\u7965999", "profile_image_url": "https://tvax4.sinaimg.cn/crop.0.0.996.996.180/0086b1zZly8gdhukiunjuj30ro0ro41g.jpg?KID=imgbed,tva&Expires=1619216885&ssig=fHiuRuin6q", "verified": false, "verified_type": -1, "followers_count": 60, "mbtype": 0, "profile_url": "https://m.weibo.cn/u/7420348355?uid=7420348355", "remark": "", "following": false, "follow_me": false}, "text": "\u4ed6\u4eec\u7b80\u76f4\u4e86\uff0c\u8fd9\u90fd\u4ec0\u4e48\u60c5\u51b5\u4e86", "like_counts": 1, "liked": false}, {"id": 4497174009786315, "created_at": "2020-04-24", "source": "", "user": {"id": 7404932227, "screen_name": "\u65af\u5177\u96c5\u9601\u5907\u6ce81314", "profile_image_url": "https://tvax4.sinaimg.cn/crop.0.0.996.996.180/00858l8Lly8goczoulhjdj30ro0roq6e.jpg?KID=imgbed,tva&Expires=1619216885&ssig=4E%2Bms4aEZT", "verified": true, "verified_type": 0, "followers_count": 527, "verified_type_ext": 0, "mbtype": 0, "profile_url": "https://m.weibo.cn/u/7404932227?uid=7404932227", "remark": "", "following": false, "follow_me": false}, "text": "\u5370\u5ea6\uff0c\u52a0\u6cb9\u52a0\u6cb9", "like_counts": 1, "liked": false}, {"id": 4497173989086739, "created_at": "2020-04-24", "source": "", "user": {"id": 7336222994, "screen_name": "\u6625\u5206\u5439\u591a\u4e86", "profile_image_url": "https://tvax4.sinaimg.cn/crop.0.0.1002.1002.180/0080u2Jkly8g95bq9x9b6j30ru0ruad6.jpg?KID=imgbed,tva&Expires=1619216885&ssig=LeM3SD1Mmi", "verified": false, "verified_type": -1, "followers_count": 468, "mbtype": 12, "profile_url": "https://m.weibo.cn/u/7336222994?uid=7336222994", "remark": "", "following": false, "follow_me": false}, "text": "\u5e0c\u671b\u75ab\u60c5\u65e9\u65e5\u7ed3\u675f\u5427", "like_counts": 1, "liked": false}, {"id": 4497173963743307, "created_at": "2020-04-24", "source": "", "user": {"id": 6091857142, "screen_name": "\u6572\u53ef\u7231\u4e50\u4e50", "profile_image_url": "https://tvax1.sinaimg.cn/crop.0.0.1002.1002.180/006EgOkmly8ge2bitl8a7j30ru0rudhq.jpg?KID=imgbed,tva&Expires=1619216885&ssig=jGh1fBweFr", "verified": false, "verified_type": -1, "followers_count": 476, "mbtype": 0, "profile_url": "https://m.weibo.cn/u/6091857142?uid=6091857142", "remark": "", "following": false, "follow_me": false}, "text": "\u592a\u53ef\u6015\u4e86\u3002\u5feb\u5feb\u597d\u8d77\u6765", "like_counts": 1, "liked": false}, {"id": 4497173951668296, "created_at": "2020-04-24", "source": "", "user": {"id": 7065810594, "screen_name": "yorha_a", "profile_image_url": "https://tvax2.sinaimg.cn/crop.0.0.996.996.180/007Ibq70ly8g3w2oq8npsj30ro0roq3i.jpg?KID=imgbed,tva&Expires=1619216885&ssig=g8r%2BdgSfEN", "verified": true, "verified_type": 0, "followers_count": 1759, "verified_type_ext": 0, "mbtype": 2, "profile_url": "https://m.weibo.cn/u/7065810594?uid=7065810594", "remark": "", "following": false, "follow_me": false}, "text": "\u597d\u6050\u6016\u554a", "like_counts": 1, "liked": false}, {"id": 4497173943238800, "created_at": "2020-04-24", "source": "", "user": {"id": 5629762255, "screen_name": "\u4f60\u8bf4\u4ec0\u4e48sy", "profile_image_url": "https://tvax1.sinaimg.cn/crop.0.0.996.996.180/0068ZUl1ly8fmujp2ff20j30ro0ro77a.jpg?KID=imgbed,tva&Expires=1619216899&ssig=VULkbtHzy8", "verified": false, "verified_type": -1, "followers_count": 259, "mbtype": 2, "profile_url": "https://m.weibo.cn/u/5629762255?uid=5629762255", "remark": "", "following": false, "follow_me": false}, "text": "\u52a0\u6cb9\uff0c\u633a\u4f4f", "like_counts": 1, "liked": false}, {"id": 4497173506623051, "created_at": "2020-04-24", "source": "", "user": {"id": 1734959391, "screen_name": "\u51b0\u5f6c\u5175", "profile_image_url": "https://tvax2.sinaimg.cn/crop.0.0.1080.1080.180/6769611fly8gdinw922poj20u00u0jtm.jpg?KID=imgbed,tva&Expires=1619216899&ssig=VWUMOlRrDH", "verified": true, "verified_type": 0, "followers_count": 1935645, "verified_type_ext": 1, "mbtype": 12, "profile_url": "https://m.weibo.cn/u/1734959391?uid=1734959391", "remark": "", "following": false, "follow_me": false}, "text": "\u636e\u300a\u5370\u5ea6\u65f6\u62a5\u300b4\u670823\u65e5\u62a5\u9053\uff0c\u5370\u5ea6\u5fb7\u91cc30\u591a\u540d\u65b0\u51a0\u80ba\u708e\u7591\u4f3c\u60a3\u8005\u4ece\u4e24\u5904\u9694\u79bb\u8bbe\u65bd\u4e2d\u79bb\u5947\u5931\u8e2a\uff0c\u5f53\u5730\u8b66\u65b9\u6b63\u5728\u5bf9\u4ed6\u4eec\u7684\u4e0b\u843d\u5c55\u5f00\u641c\u7d22\u3002\u9664\u4e86\u5f53\u5730\u8b66\u5bdf\uff0c\u5fb7\u91cc\u5468\u8fb9\u5730\u533a\u7684\u8b66\u65b9\u4e5f\u5df2\u63a5\u5230\u8b66\u62a5\u5c55\u5f00\u884c\u52a8\u3002\u6839\u636e\u5fb7\u91cc\u8b66\u65b9\u7684\u6d88\u606f\uff0c\u5728\u5931\u8e2a\u7684\u65b0\u51a0\u7591\u4f3c\u60a3\u8005\u4e2d\u6709\u591a\u4eba\u662f\u5c3c\u6cca\u5c14\u7c4d\u3002", "like_counts": 1, "liked": false}, {"id": 4497171271429308, "created_at": "2020-04-24", "source": "", "user": {"id": 1734959391, "screen_name": "\u51b0\u5f6c\u5175", "profile_image_url": "https://tvax2.sinaimg.cn/crop.0.0.1080.1080.180/6769611fly8gdinw922poj20u00u0jtm.jpg?KID=imgbed,tva&Expires=1619216899&ssig=VWUMOlRrDH", "verified": true, "verified_type": 0, "followers_count": 1935645, "verified_type_ext": 1, "mbtype": 12, "profile_url": "https://m.weibo.cn/u/1734959391?uid=1734959391", "remark": "", "following": false, "follow_me": false}, "text": "\u56de\u590d<a href='https://m.weibo.cn/n/\u51b0\u5f6c\u5175'>@\u51b0\u5f6c\u5175</a>:\u4e07\u4e00\u662f\u786e\u8bca\u60a3\u8005\uff0c\u8fd9\u53ef\u662f\u79fb\u52a8\u7684\u611f\u67d3\u6e90", "reply_id": 4497170734965874, "reply_text": "\u5931\u8e2a\uff1f\u6709\u70b9\u53ef\u6015\uff01", "like_counts": 1, "liked": false}, {"id": 4497171078725073, "created_at": "2020-04-24", "source": "", "user": {"id": 1734959391, "screen_name": "\u51b0\u5f6c\u5175", "profile_image_url": "https://tvax2.sinaimg.cn/crop.0.0.1080.1080.180/6769611fly8gdinw922poj20u00u0jtm.jpg?KID=imgbed,tva&Expires=1619216899&ssig=VWUMOlRrDH", "verified": true, "verified_type": 0, "followers_count": 1935645, "verified_type_ext": 1, "mbtype": 12, "profile_url": "https://m.weibo.cn/u/1734959391?uid=1734959391", "remark": "", "following": false, "follow_me": false}, "text": "\u5370\u5ea6\uff0c\u633a\u4f4f\uff01", "like_counts": 1, "liked": false}, {"id": 4497171061836387, "created_at": "2020-04-24", "source": "", "user": {"id": 1734959391, "screen_name": "\u51b0\u5f6c\u5175", "profile_image_url": "https://tvax2.sinaimg.cn/crop.0.0.1080.1080.180/6769611fly8gdinw922poj20u00u0jtm.jpg?KID=imgbed,tva&Expires=1619216899&ssig=VWUMOlRrDH", "verified": true, "verified_type": 0, "followers_count": 1935645, "verified_type_ext": 1, "mbtype": 12, "profile_url": "https://m.weibo.cn/u/1734959391?uid=1734959391", "remark": "", "following": false, "follow_me": false}, "text": "\u56de\u590d<a href='https://m.weibo.cn/n/\u51b0\u5f6c\u5175'>@\u51b0\u5f6c\u5175</a>:\u6bcf\u4e2a\u6570\u5b57\u80cc\u540e\uff0c\u90fd\u662f\u4e00\u4e2a\u6d3b\u751f\u751f\u7684\u751f\u547d\u3002", "reply_id": 4497171011811515, "reply_text": "\u75ab\u60c5\u4e0b\uff0c\u6bcf\u4e2a\u4eba\u90fd\u662f\u65e0\u8f9c\u7684\u3002", "like_counts": 1, "liked": false}, {"id": 4497171011811515, "created_at": "2020-04-24", "source": "", "user": {"id": 1734959391, "screen_name": "\u51b0\u5f6c\u5175", "profile_image_url": "https://tvax2.sinaimg.cn/crop.0.0.1080.1080.180/6769611fly8gdinw922poj20u00u0jtm.jpg?KID=imgbed,tva&Expires=1619216899&ssig=VWUMOlRrDH", "verified": true, "verified_type": 0, "followers_count": 1935645, "verified_type_ext": 1, "mbtype": 12, "profile_url": "https://m.weibo.cn/u/1734959391?uid=1734959391", "remark": "", "following": false, "follow_me": false}, "text": "\u75ab\u60c5\u4e0b\uff0c\u6bcf\u4e2a\u4eba\u90fd\u662f\u65e0\u8f9c\u7684\u3002", "like_counts": 1, "liked": false}, {"id": 4497170961218667, "created_at": "2020-04-24", "source": "", "user": {"id": 1734959391, "screen_name": "\u51b0\u5f6c\u5175", "profile_image_url": "https://tvax2.sinaimg.cn/crop.0.0.1080.1080.180/6769611fly8gdinw922poj20u00u0jtm.jpg?KID=imgbed,tva&Expires=1619216899&ssig=VWUMOlRrDH", "verified": true, "verified_type": 0, "followers_count": 1935645, "verified_type_ext": 1, "mbtype": 12, "profile_url": "https://m.weibo.cn/u/1734959391?uid=1734959391", "remark": "", "following": false, "follow_me": false}, "text": "\u56de\u590d<a href='https://m.weibo.cn/n/\u51b0\u5f6c\u5175'>@\u51b0\u5f6c\u5175</a>:\u4e0d\u5f97\u800c\u77e5\uff0c\u53cd\u6b63\u6052\u6cb3\u6c34\u7ecf\u5e38\u559d\uff0c\u725b\u5c3f\u4e5f\u559d\uff0c\u5403\u996d\u7528\u624b\uff0c\u62c9\u5c4e\u4e5f\u662f\u624b......", "reply_id": 4497170914710037, "reply_text": "\u5370\u5ea6\u7684\u533b\u7597\u536b\u751f\u6761\u4ef6\u5982\u4f55\uff1f", "like_counts": 1, "liked": false}, {"id": 4497170914710037, "created_at": "2020-04-24", "source": "", "user": {"id": 1734959391, "screen_name": "\u51b0\u5f6c\u5175", "profile_image_url": "https://tvax2.sinaimg.cn/crop.0.0.1080.1080.180/6769611fly8gdinw922poj20u00u0jtm.jpg?KID=imgbed,tva&Expires=1619216899&ssig=VWUMOlRrDH", "verified": true, "verified_type": 0, "followers_count": 1935645, "verified_type_ext": 1, "mbtype": 12, "profile_url": "https://m.weibo.cn/u/1734959391?uid=1734959391", "remark": "", "following": false, "follow_me": false}, "text": "\u5370\u5ea6\u7684\u533b\u7597\u536b\u751f\u6761\u4ef6\u5982\u4f55\uff1f", "like_counts": 2, "liked": false}, {"id": 4497170877457122, "created_at": "2020-04-24", "source": "", "user": {"id": 1734959391, "screen_name": "\u51b0\u5f6c\u5175", "profile_image_url": "https://tvax2.sinaimg.cn/crop.0.0.1080.1080.180/6769611fly8gdinw922poj20u00u0jtm.jpg?KID=imgbed,tva&Expires=1619216899&ssig=VWUMOlRrDH", "verified": true, "verified_type": 0, "followers_count": 1935645, "verified_type_ext": 1, "mbtype": 12, "profile_url": "https://m.weibo.cn/u/1734959391?uid=1734959391", "remark": "", "following": false, "follow_me": false}, "text": "\u56de\u590d<a href='https://m.weibo.cn/n/\u51b0\u5f6c\u5175'>@\u51b0\u5f6c\u5175</a>:\u9762\u5bf9\u9694\u79bb\uff0c\u5f53\u5730\u7fa4\u4f17\u5766\u8a00\uff0c\u6d3b\u7740\u90fd\u6210\u95ee\u9898\uff0c\u8fd8\u8981\u4ec0\u4e48\u9694\u79bb\u3002", "reply_id": 4497170851794626, "reply_text": "\u5370\u5ea6\u4eba\u53e3\u4f17\u591a\uff0c\u5c01\u57ce\u4e0b\uff0c\u5f88\u591a\u4eba\u6ca1\u4e86\u5de5\u4f5c\uff0c\u5c24\u5176\u5370\u5ea6\u8d2b\u6c11\u7a9f\uff0c\u66f4\u662f\u96be\u4e0a\u52a0\u96be\u3002", "like_counts": 1, "liked": false}, {"id": 4497170851794626, "created_at": "2020-04-24", "source": "", "user": {"id": 1734959391, "screen_name": "\u51b0\u5f6c\u5175", "profile_image_url": "https://tvax2.sinaimg.cn/crop.0.0.1080.1080.180/6769611fly8gdinw922poj20u00u0jtm.jpg?KID=imgbed,tva&Expires=1619216899&ssig=VWUMOlRrDH", "verified": true, "verified_type": 0, "followers_count": 1935645, "verified_type_ext": 1, "mbtype": 12, "profile_url": "https://m.weibo.cn/u/1734959391?uid=1734959391", "remark": "", "following": false, "follow_me": false}, "text": "\u5370\u5ea6\u4eba\u53e3\u4f17\u591a\uff0c\u5c01\u57ce\u4e0b\uff0c\u5f88\u591a\u4eba\u6ca1\u4e86\u5de5\u4f5c\uff0c\u5c24\u5176\u5370\u5ea6\u8d2b\u6c11\u7a9f\uff0c\u66f4\u662f\u96be\u4e0a\u52a0\u96be\u3002", "like_counts": 1, "liked": false}, {"id": 4497170806335635, "created_at": "2020-04-24", "source": "", "user": {"id": 1734959391, "screen_name": "\u51b0\u5f6c\u5175", "profile_image_url": "https://tvax2.sinaimg.cn/crop.0.0.1080.1080.180/6769611fly8gdinw922poj20u00u0jtm.jpg?KID=imgbed,tva&Expires=1619216913&ssig=TVBofsy81K", "verified": true, "verified_type": 0, "followers_count": 1935645, "verified_type_ext": 1, "mbtype": 12, "profile_url": "https://m.weibo.cn/u/1734959391?uid=1734959391", "remark": "", "following": false, "follow_me": false}, "text": "\u56de\u590d<a href='https://m.weibo.cn/n/\u51b0\u5f6c\u5175'>@\u51b0\u5f6c\u5175</a>:\u6beb\u4e0d\u5938\u5f20\u7684\u8bf4\u66f4\u662f\u4e00\u679a\u5b9a\u65f6\u70b8\u5f39\u3002", "reply_id": 4497170734965874, "reply_text": "\u5931\u8e2a\uff1f\u6709\u70b9\u53ef\u6015\uff01", "like_counts": 1, "liked": false}, {"id": 4497170734965874, "created_at": "2020-04-24", "source": "", "user": {"id": 1734959391, "screen_name": "\u51b0\u5f6c\u5175", "profile_image_url": "https://tvax2.sinaimg.cn/crop.0.0.1080.1080.180/6769611fly8gdinw922poj20u00u0jtm.jpg?KID=imgbed,tva&Expires=1619216913&ssig=TVBofsy81K", "verified": true, "verified_type": 0, "followers_count": 1935645, "verified_type_ext": 1, "mbtype": 12, "profile_url": "https://m.weibo.cn/u/1734959391?uid=1734959391", "remark": "", "following": false, "follow_me": false}, "text": "\u5931\u8e2a\uff1f\u6709\u70b9\u53ef\u6015\uff01", "like_counts": 1, "liked": false}]