[{"visible": {"type": 0, "list_id": 0}, "created_at": "Fri Apr 24 17:35:48 +0800 2020", "id": "4497289974609310", "mid": "4497289974609310", "can_edit": false, "show_additional_indication": 0, "text": "\u8f6c\u53d1\u5fae\u535a", "source": "\u534e\u4e3a\u624b\u673a \u7545\u4eab\u73a9\u4e0d\u505c", "favorited": false, "pic_ids": [], "pic_types": "", "is_paid": false, "mblog_vip_type": 0, "user": {"id": 2210513825, "screen_name": "\u67d4\u9053\u5973\u5b69\u505a\u4eba\u5b9e\u5728_700", "profile_image_url": "https://tvax1.sinaimg.cn/crop.0.0.996.996.180/83c1c3a1ly8fu18e16rjvj20ro0ro402.jpg?KID=imgbed,tva&Expires=1619051440&ssig=VdO0WUY9TH", "profile_url": "https://m.weibo.cn/u/2210513825?uid=2210513825", "statuses_count": 133068, "verified": false, "verified_type": -1, "close_blue_v": false, "description": "\u9761\u4e0d\u6709\u521d\uff0c\u9c9c\u514b\u6709\u7ec8\uff01", "gender": "f", "mbtype": 0, "urank": 22, "mbrank": 0, "follow_me": false, "following": false, "followers_count": 3869, "follow_count": 1593, "cover_image_phone": "https://tva1.sinaimg.cn/crop.0.0.640.640.640/549d0121tw1egm1kjly3jj20hs0hsq4f.jpg", "avatar_hd": "https://wx1.sinaimg.cn/orj480/83c1c3a1ly8fu18e16rjvj20ro0ro402.jpg", "like": false, "like_me": false, "badge": {"user_name_certificate": 1, "wenda_v2": 1, "dailv_2018": 1, "qixi_2018": 1, "yiqijuan_2018": 1, "national_day_2018": 1, "double11_2018": 1, "hongbaofei_2019": 1, "fu_2019": 1, "womensday_2018": 1, "suishoupai_2019": 1, "wusi_2019": 1, "hongrenjie_2019": 1, "dailv_2019": 1, "china_2019": 1, "hongkong_2019": 1, "dzwbqlx_2019": 1, "rrgyj_2019": 1, "shouhuan_2019": 1, "weishi_2019": 1, "shuang11_2019": 1, "wbzy_2019": 1, "starlight_2019": 1, "gongjiri_2019": 1, "macao_2019": 1, "china_2019_2": 1, "hongbao_2020": 3, "feiyan_2020": 1, "hope_2020": 1, "kangyi_2020": 1, "daka_2020": 1, "graduation_2020": 1, "dailv_2020": 1, "school_2020": 1, "gongyi_2020": 2, "china_2020": 1, "weibozhiye_2020": 1, "hongbaofeifuniu_2021": 1, "hongbaofeijika_2021": 1, "weibozhiyexianxia_2021": 1, "lvzhilingyang_2021": 1}}, "reposts_count": 0, "comments_count": 0, "attitudes_count": 0, "pending_approval_count": 0, "isLongText": false, "reward_exhibition_type": 0, "hide_flag": 0, "mlevel": 0, "darwin_tags": [], "mblogtype": 0, "more_info_type": 0, "cardid": "star_11247_common", "number_display_strategy": {"apply_scenario_flag": 3, "display_text_min_number": 1000000, "display_text": "100\u4e07+"}, "content_auth": 0, "repost_type": 1, "pic_num": 0, "alchemy_params": {"ug_red_envelope": false}, "raw_text": "\u8f6c\u53d1\u5fae\u535a", "bid": "IEOXjjl5I"}, {"visible": {"type": 0, "list_id": 0}, "created_at": "Fri Apr 24 10:15:11 +0800 2020", "id": "4497179089886706", "mid": "4497179089886706", "can_edit": false, "show_additional_indication": 0, "text": "<span class=\"url-icon\"><img alt=[\u60b2\u4f24] src=\"https://h5.sinaimg.cn/m/emoticon/icon/default/d_beishang-c95268c034.png\" style=\"width:1em; height:1em;\" /></span>", "source": "Android", "favorited": false, "pic_ids": [], "pic_types": "", "is_paid": false, "mblog_vip_type": 0, "user": {"id": 7080136007, "screen_name": "\u8239\u5cb8\u4e4b\u95f4", "profile_image_url": "https://tvax1.sinaimg.cn/crop.0.0.996.996.180/007J9wO3ly8glpkdylijuj30ro0rogos.jpg?KID=imgbed,tva&Expires=1619051440&ssig=%2FowsEnv81A", "profile_url": "https://m.weibo.cn/u/7080136007?uid=7080136007", "statuses_count": 808, "verified": false, "verified_type": -1, "close_blue_v": false, "description": "\u4e0a\u5e1d\u4fdd\u4f51", "gender": "m", "mbtype": 2, "urank": 4, "mbrank": 2, "follow_me": false, "following": false, "followers_count": 8, "follow_count": 123, "cover_image_phone": "https://tva1.sinaimg.cn/crop.0.0.640.640.640/9d44112bjw1f1xl1c10tuj20hs0hs0tw.jpg", "avatar_hd": "https://wx1.sinaimg.cn/orj480/007J9wO3ly8glpkdylijuj30ro0rogos.jpg", "like": false, "like_me": false, "badge": {"user_name_certificate": 1, "wenda_v2": 1, "hongbao_2020": 2}}, "reposts_count": 0, "comments_count": 0, "attitudes_count": 0, "pending_approval_count": 0, "isLongText": false, "reward_exhibition_type": 0, "hide_flag": 0, "mlevel": 0, "darwin_tags": [], "mblogtype": 0, "more_info_type": 0, "number_display_strategy": {"apply_scenario_flag": 3, "display_text_min_number": 1000000, "display_text": "100\u4e07+"}, "content_auth": 0, "repost_type": 3, "pic_num": 0, "alchemy_params": {"ug_red_envelope": false}, "raw_text": "[\u60b2\u4f24]", "bid": "IEM4sFtZ0"}, {"visible": {"type": 0, "list_id": 0}, "created_at": "Fri Apr 24 09:55:05 +0800 2020", "id": "4497174035699200", "mid": "4497174035699200", "can_edit": false, "show_additional_indication": 0, "text": "\u8f6c\u53d1\u5fae\u535a", "source": "\u8363\u8000\u624b\u673a \u52c7\u6562\u505a\u81ea\u5df1", "favorited": false, "pic_ids": [], "pic_types": "", "is_paid": false, "mblog_vip_type": 0, "user": {"id": 6991016437, "screen_name": "\u5fc3\u9759\u81ea\u7136\u6d12\u8131", "profile_image_url": "https://tvax3.sinaimg.cn/crop.0.0.664.664.180/007D7AJDly8g01zkmji14j30ig0ig404.jpg?KID=imgbed,tva&Expires=1619051440&ssig=H8FksJVXhH", "profile_url": "https://m.weibo.cn/u/6991016437?uid=6991016437", "statuses_count": 103829, "verified": false, "verified_type": -1, "close_blue_v": false, "description": "\u95f2\u8a00\u788e\u8bed\u968f\u5b83\u53bb\uff0c\u5b89\u7136\u81ea\u82e5\u505a\u81ea\u5df1", "gender": "m", "mbtype": 0, "urank": 16, "mbrank": 0, "follow_me": false, "following": false, "followers_count": 2484, "follow_count": 5130, "cover_image_phone": "https://tva1.sinaimg.cn/crop.0.0.640.640.640/549d0121tw1egm1kjly3jj20hs0hsq4f.jpg", "avatar_hd": "https://wx3.sinaimg.cn/orj480/007D7AJDly8g01zkmji14j30ig0ig404.jpg", "like": false, "like_me": false, "badge": {"bind_taobao": 1, "user_name_certificate": 1, "wenda_v2": 1, "hongbaofei_2019": 1, "denglong_2019": 1, "womensday_2018": 1, "suishoupai_2019": 5, "hongrenjie_2019": 1, "dailv_2019": 1, "china_2019": 1, "hongkong_2019": 1, "dzwbqlx_2019": 6, "rrgyj_2019": 1, "cishan_2019": 1, "weishi_2019": 1, "shuang11_2019": 1, "wbzy_2019": 1, "gongjiri_2019": 1, "macao_2019": 1, "china_2019_2": 1, "hongbao_2020": 2, "feiyan_2020": 1, "hope_2020": 1, "kangyi_2020": 1, "graduation_2020": 1, "dailv_2020": 1, "movie_2020": 1, "school_2020": 1, "hongrenjie_2020": 1, "china_2020": 1, "zjszgf_2020": 1, "zaolang_2020": 1, "weibozhiye_2020": 1, "hongbaofeifuniu_2021": 1, "weibozhiyexianxia_2021": 1, "nihaoshenghuojie_2021": 1, "lvzhilingyang_2021": 1}}, "reposts_count": 0, "comments_count": 0, "attitudes_count": 0, "pending_approval_count": 0, "isLongText": false, "reward_exhibition_type": 0, "hide_flag": 0, "mlevel": 0, "darwin_tags": [], "mblogtype": 0, "more_info_type": 0, "number_display_strategy": {"apply_scenario_flag": 3, "display_text_min_number": 1000000, "display_text": "100\u4e07+"}, "content_auth": 0, "repost_type": 1, "pic_num": 0, "alchemy_params": {"ug_red_envelope": false}, "raw_text": "\u8f6c\u53d1\u5fae\u535a", "bid": "IELWjnUCA"}, {"visible": {"type": 0, "list_id": 0}, "created_at": "Fri Apr 24 09:55:04 +0800 2020", "id": "4497174031745488", "mid": "4497174031745488", "can_edit": false, "show_additional_indication": 0, "text": "\u8f6c\u53d1\u5fae\u535a", "source": "2019\u5fae\u535a\u6781\u901f\u7248", "favorited": false, "pic_ids": [], "pic_types": "", "is_paid": false, "mblog_vip_type": 0, "user": {"id": 2495662344, "screen_name": "\u56db\u65b9\u540c\u4e00\u884c", "profile_image_url": "https://tvax3.sinaimg.cn/crop.0.0.509.509.180/94c0c908ly8gf8bztcmsjj20e50e577i.jpg?KID=imgbed,tva&Expires=1619051440&ssig=un4en7sVDw", "profile_url": "https://m.weibo.cn/u/2495662344?uid=2495662344", "statuses_count": 228700, "verified": true, "verified_type": 0, "verified_type_ext": 0, "verified_reason": "\u5065\u5eb7\u535a\u4e3b", "close_blue_v": false, "description": "\u5f00\u5fc3", "gender": "m", "mbtype": 2, "urank": 36, "mbrank": 1, "follow_me": false, "following": false, "followers_count": 4200, "follow_count": 1854, "cover_image_phone": "https://tva1.sinaimg.cn/crop.0.0.640.640.640/9d44112bjw1f1xl1c10tuj20hs0hs0tw.jpg", "avatar_hd": "https://wx3.sinaimg.cn/orj480/94c0c908ly8gf8bztcmsjj20e50e577i.jpg", "like": false, "like_me": false, "badge": {"bind_taobao": 1, "unread_pool": 1, "unread_pool_ext": 1, "dzwbqlx_2016": 1, "panda": 1, "user_name_certificate": 1, "suishoupai_2018": 1, "super_star_2018": 1, "worldcup_2018": 1, "wenda_v2": 1, "dailv_2018": 1, "qixi_2018": 1, "yiqijuan_2018": 1, "meilizhongguo_2018": 1, "national_day_2018": 1, "double11_2018": 1, "wbzy_2018": 1, "memorial_2018": 1, "hongbaofei_2019": 1, "denglong_2019": 1, "womensday_2018": 1, "suishoupai_2019": 7, "wusi_2019": 1, "earth_2019": 1, "hongrenjie_2019": 1, "dailv_2019": 1, "china_2019": 1, "hongkong_2019": 1, "taohuayuan_2019": 1, "dzwbqlx_2019": 1, "rrgyj_2019": 1, "cishan_2019": 1, "shouhuan_2019": 1, "weishi_2019": 1, "shuang11_2019": 1, "wbzy_2019": 1, "starlight_2019": 1, "gongjiri_2019": 1, "macao_2019": 1, "china_2019_2": 1, "hongbao_2020": 1, "feiyan_2020": 1, "kangyi_2020": 1, "graduation_2020": 1, "dailv_2020": 1, "mi_2020": 1, "vpick_2020": 1, "school_2020": 1, "hongrenjie_2020": 1, "china_2020": 1, "zjszgf_2020": 1, "weibozhiye_2020": 1, "hongbaofeifuniu_2021": 1, "hongbaofeijika_2021": 1, "weibozhiyexianxia_2021": 1, "nihaoshenghuojie_2021": 1, "lvzhilingyang_2021": 1}}, "reposts_count": 0, "comments_count": 0, "attitudes_count": 0, "pending_approval_count": 0, "isLongText": false, "reward_exhibition_type": 0, "hide_flag": 0, "mlevel": 0, "darwin_tags": [], "mblogtype": 0, "more_info_type": 0, "number_display_strategy": {"apply_scenario_flag": 3, "display_text_min_number": 1000000, "display_text": "100\u4e07+"}, "content_auth": 0, "repost_type": 1, "pic_num": 0, "alchemy_params": {"ug_red_envelope": false}, "raw_text": "\u8f6c\u53d1\u5fae\u535a", "bid": "IELWj7k52"}, {"visible": {"type": 0, "list_id": 0}, "created_at": "Fri Apr 24 09:54:52 +0800 2020", "id": "4497173976956726", "mid": "4497173976956726", "can_edit": false, "show_additional_indication": 0, "text": "\u53ef\u6015", "source": "vivo X27 4800\u4e07\u4e09\u6444", "favorited": false, "pic_ids": [], "pic_types": "", "is_paid": false, "mblog_vip_type": 0, "user": {"id": 6285590361, "screen_name": "Candy_\u90a3\u5973\u5b69", "profile_image_url": "https://tvax4.sinaimg.cn/crop.0.0.996.996.180/006RnHbHly8gderfl9ouaj30ro0ro41o.jpg?KID=imgbed,tva&Expires=1619051440&ssig=2bFMG5Dndz", "profile_url": "https://m.weibo.cn/u/6285590361?uid=6285590361", "statuses_count": 117256, "verified": true, "verified_type": 0, "verified_type_ext": 0, "verified_reason": "\u5a31\u4e50\u535a\u4e3b", "close_blue_v": false, "description": "\u4f4e\u8c03\u4f4e\u8c03", "gender": "f", "mbtype": 12, "urank": 23, "mbrank": 5, "follow_me": false, "following": false, "followers_count": 2872, "follow_count": 2819, "cover_image_phone": "https://tva1.sinaimg.cn/crop.0.0.640.640.640/549d0121tw1egm1kjly3jj20hs0hsq4f.jpg", "avatar_hd": "https://wx4.sinaimg.cn/orj480/006RnHbHly8gderfl9ouaj30ro0ro41o.jpg", "like": false, "like_me": false, "badge": {"bind_taobao": 1, "travel_2017": 1, "cz_wed_2017": 1, "panda": 1, "user_name_certificate": 1, "suishoupai_2018": 8, "super_star_2018": 1, "worldcup_2018": 34, "wenda_v2": 1, "china_2019": 1, "shuang11_2019": 1, "wbzy_2019": 1, "starlight_2019": 1, "gongjiri_2019": 1, "macao_2019": 1, "china_2019_2": 1, "hongbao_2020": 1, "feiyan_2020": 1, "graduation_2020": 1, "dailv_2020": 1, "school_2020": 1, "zaolang_2020": 1, "hongbaofeifuniu_2021": 1, "weibozhiyexianxia_2021": 1, "nihaoshenghuojie_2021": 1}}, "reposts_count": 0, "comments_count": 0, "attitudes_count": 0, "pending_approval_count": 0, "isLongText": false, "reward_exhibition_type": 0, "hide_flag": 0, "mlevel": 0, "darwin_tags": [], "mblogtype": 0, "more_info_type": 0, "number_display_strategy": {"apply_scenario_flag": 3, "display_text_min_number": 1000000, "display_text": "100\u4e07+"}, "content_auth": 0, "repost_type": 1, "pic_num": 0, "alchemy_params": {"ug_red_envelope": false}, "raw_text": "\u53ef\u6015", "bid": "IELWdtbLg"}, {"visible": {"type": 0, "list_id": 0}, "created_at": "Fri Apr 24 09:54:41 +0800 2020", "id": "4497173934588187", "mid": "4497173934588187", "can_edit": false, "show_additional_indication": 0, "text": "\u8f6c\u53d1\u5fae\u535a", "source": "OPPO R15x", "favorited": false, "pic_ids": [], "pic_types": "", "is_paid": false, "mblog_vip_type": 0, "user": {"id": 5880459417, "screen_name": "\u963f\u676d\u6709\u70b9\u5446", "profile_image_url": "https://tva3.sinaimg.cn/crop.0.0.100.100.180/006pXO7Djw8f1udbfok4vj302s02smwy.jpg?KID=imgbed,tva&Expires=1619051440&ssig=rEQf92dmy8", "profile_url": "https://m.weibo.cn/u/5880459417?uid=5880459417", "statuses_count": 119552, "verified": true, "verified_type": 0, "verified_type_ext": 0, "verified_reason": "\u5a31\u4e50\u535a\u4e3b \u8d85\u8bdd\u5c0f\u4e3b\u6301\u4eba\uff08\u5a31\u4e50\u996d\u6876\u8d85\u8bdd\uff09", "close_blue_v": false, "description": "", "gender": "m", "mbtype": 2, "urank": 9, "mbrank": 1, "follow_me": false, "following": false, "followers_count": 1194, "follow_count": 1151, "cover_image_phone": "https://tva1.sinaimg.cn/crop.0.0.640.640.640/549d0121tw1egm1kjly3jj20hs0hsq4f.jpg", "avatar_hd": "https://ww3.sinaimg.cn/orj480/006pXO7Djw8f1udbfok4vj302s02smwy.jpg", "like": false, "like_me": false, "badge": {"unread_pool": 1, "unread_pool_ext": 1, "user_name_certificate": 1, "wenda_v2": 1, "wbzy_2019": 1, "hongbao_2020": 1, "feiyan_2020": 1, "kangyi_2020": 1, "graduation_2020": 1, "dailv_2020": 1, "movie_2020": 1, "vpick_2020": 1, "school_2020": 1, "gongyi_2020": 2, "hongrenjie_2020": 1, "china_2020": 1, "zaolang_2020": 1, "weibozhiye_2020": 1, "hongbaofeifuniu_2021": 1, "hongbaofeijika_2021": 1, "weibozhiyexianxia_2021": 1, "nihaoshenghuojie_2021": 1, "lvzhilingyang_2021": 1}}, "reposts_count": 0, "comments_count": 0, "attitudes_count": 0, "pending_approval_count": 0, "isLongText": false, "reward_exhibition_type": 0, "hide_flag": 0, "mlevel": 0, "darwin_tags": [], "mblogtype": 0, "more_info_type": 0, "cardid": "star_1225", "number_display_strategy": {"apply_scenario_flag": 3, "display_text_min_number": 1000000, "display_text": "100\u4e07+"}, "content_auth": 0, "repost_type": 1, "pic_num": 0, "alchemy_params": {"ug_red_envelope": false}, "raw_text": "\u8f6c\u53d1\u5fae\u535a", "bid": "IELW9jfB1"}, {"visible": {"type": 0, "list_id": 0}, "created_at": "Fri Apr 24 09:54:39 +0800 2020", "id": "4497173926096699", "mid": "4497173926096699", "can_edit": false, "show_additional_indication": 0, "text": "\u8f6c\u53d1\u5fae\u535a", "source": "iPhone\u5ba2\u6237\u7aef", "favorited": false, "pic_ids": [], "pic_types": "", "is_paid": false, "mblog_vip_type": 0, "user": {"id": 7329797589, "screen_name": "\u5ba2\u5c18zsy", "profile_image_url": "https://tvax2.sinaimg.cn/crop.0.0.1080.1080.180/008035bLly8g9i4d3epozj30u00u0jst.jpg?KID=imgbed,tva&Expires=1619051442&ssig=fyIMCs0i0q", "profile_url": "https://m.weibo.cn/u/7329797589?uid=7329797589", "statuses_count": 86625, "verified": true, "verified_type": 0, "verified_type_ext": 0, "verified_reason": "\u8d85\u8bdd\u4e3b\u6301\u4eba\uff08\u613f\u4f60\u6709\u9ad8\u8ddf\u978b\u4e5f\u6709\u8dd1\u978b\u8d85\u8bdd\uff09", "close_blue_v": false, "description": "\u51e0\u9996\u95f2\u8bd7\u51e0\u76cf\u8336\uff0c\u534a\u7a97\u98ce\u6708\u534a\u80a9\u971e\u3002 \u7ea2\u5c18\u4fd7\u4e8b\u4f11\u95ee\u4e0e\uff0c\u5c71\u6c34\u4e91\u95f4\u5ea6\u5c81\u534e\u3002 \u200b\u200b\u200b", "gender": "f", "mbtype": 12, "urank": 0, "mbrank": 4, "follow_me": false, "following": false, "followers_count": 10661, "follow_count": 9902, "cover_image_phone": "https://tva1.sinaimg.cn/crop.0.0.640.640.640/6ce2240djw1e9ob3xerqoj20hs0hsjur.jpg", "avatar_hd": "https://wx2.sinaimg.cn/orj480/008035bLly8g9i4d3epozj30u00u0jst.jpg", "like": false, "like_me": false, "badge": {"user_name_certificate": 1, "wenda_v2": 1, "wbzy_2019": 1, "starlight_2019": 1, "gongjiri_2019": 1, "hongbao_2020": 1, "feiyan_2020": 1, "hope_2020": 1, "kangyi_2020": 1, "graduation_2020": 1, "dailv_2020": 1, "movie_2020": 1, "vpick_2020": 1, "school_2020": 1, "gongyi_2020": 2, "china_2020": 1, "weibozhiye_2020": 1, "hongbaofeifuniu_2021": 2, "hongbaofeijika_2021": 1, "weibozhiyexianxia_2021": 1, "nihaoshenghuojie_2021": 1}}, "reposts_count": 0, "comments_count": 0, "attitudes_count": 0, "pending_approval_count": 0, "isLongText": false, "reward_exhibition_type": 0, "hide_flag": 0, "mlevel": 0, "darwin_tags": [], "mblogtype": 0, "more_info_type": 0, "number_display_strategy": {"apply_scenario_flag": 3, "display_text_min_number": 1000000, "display_text": "100\u4e07+"}, "content_auth": 0, "repost_type": 1, "pic_num": 0, "alchemy_params": {"ug_red_envelope": false}, "raw_text": "\u8f6c\u53d1\u5fae\u535a", "bid": "IELW8pA1R"}]