[{"id": 4473000474816987, "created_at": "2020-02-17", "source": "", "user": {"id": 6338180025, "screen_name": "\u91cc\u5e05\u5916\u4e0d\u5e051106", "profile_image_url": "https://tvax4.sinaimg.cn/crop.0.0.640.640.180/006UWma5ly8fidw7ehz5sj30hs0hs754.jpg?KID=imgbed,tva&Expires=1619210725&ssig=w8lsHNmDwC", "verified": false, "verified_type": -1, "followers_count": 87, "mbtype": 0, "profile_url": "https://m.weibo.cn/u/6338180025?uid=6338180025", "remark": "", "following": false, "follow_me": false}, "text": "\u662f\u4e0d\u662f\u53ef\u4ee5\u5907\u4e24\u76d2\u4e86", "like_counts": 0, "liked": false}, {"id": 4472981214157020, "created_at": "2020-02-17", "source": "", "user": {"id": 1728913431, "screen_name": "77ww", "profile_image_url": "https://tva2.sinaimg.cn/crop.0.0.180.180.180/670d2017jw1e8qgp5bmzyj2050050aa8.jpg?KID=imgbed,tva&Expires=1619210725&ssig=QwygPfEmXa", "verified": false, "verified_type": -1, "followers_count": 254, "mbtype": 2, "profile_url": "https://m.weibo.cn/u/1728913431?uid=1728913431", "remark": "", "following": false, "follow_me": false}, "text": "<a href='https://m.weibo.cn/n/\u98ce\u6e7f\u79d1\u8042\u533b\u751f'>@\u98ce\u6e7f\u79d1\u8042\u533b\u751f</a>", "like_counts": 0, "liked": false}, {"id": 4472980233460392, "created_at": "2020-02-17", "source": "", "user": {"id": 2689376222, "screen_name": "\u590f\u5c0f\u9b5a\u540c\u5b66", "profile_image_url": "https://tva4.sinaimg.cn/crop.0.0.180.180.180/a04c9fdejw1e8qgp5bmzyj2050050aa8.jpg?KID=imgbed,tva&Expires=1619210725&ssig=qiBX1RRKR2", "verified": false, "verified_type": -1, "followers_count": 387, "mbtype": 12, "profile_url": "https://m.weibo.cn/u/2689376222?uid=2689376222", "remark": "", "following": false, "follow_me": false}, "text": "\u534e\u5317\u5236\u836f\u6709\u751f\u4ea7", "like_counts": 0, "liked": false}, {"id": 4472978928561286, "created_at": "2020-02-17", "source": "", "user": {"id": 2367795362, "screen_name": "xinkeji_cc", "profile_image_url": "https://tvax3.sinaimg.cn/crop.0.0.996.996.180/8d21b0a2ly8gdiabsje5yj20ro0ro0vi.jpg?KID=imgbed,tva&Expires=1619210725&ssig=9Zf6E9HHCX", "verified": false, "verified_type": -1, "followers_count": 113, "mbtype": 0, "profile_url": "https://m.weibo.cn/u/2367795362?uid=2367795362", "remark": "", "following": false, "follow_me": false}, "text": "\u6709\u836f\u4e86 \u5c31\u597d\u529e\u591a\u4e86\u2026\u2026\u5e0c\u671b\u6548\u679c\u660e\u663e\uff01", "like_counts": 1, "liked": false}, {"id": 4473005768243664, "created_at": "2020-02-17", "source": "", "user": {"id": 1893135165, "screen_name": "\u4e2d\u5c71\u82b1\u513f", "profile_image_url": "https://tvax1.sinaimg.cn/crop.5.30.396.396.180/70d6f33dly8fx7t87nd2bj20c20c977w.jpg?KID=imgbed,tva&Expires=1619048427&ssig=8DnCMUJS%2Fz", "verified": false, "verified_type": -1, "followers_count": 27, "mbtype": 0, "profile_url": "https://m.weibo.cn/u/1893135165?uid=1893135165", "remark": "", "following": false, "follow_me": false}, "text": "\u6e56\u5317\u5ef6\u51b6\u5bb3\u6b7b\u591a\u5c11\u4eba\uff0c\u4f30\u8ba1\u5bf9\u80ba\u708e\u6cbb\u7597\u65b9\u6cd5\u8fd8\u770b\u4e00\u7ebf\u57ce\u5e02", "like_counts": 0, "liked": false}, {"id": 4472992757012026, "created_at": "2020-02-17", "source": "", "user": {"id": 1752755405, "screen_name": "TenderApril_l", "profile_image_url": "https://tvax3.sinaimg.cn/crop.0.0.996.996.180/6878eccdly8gctti3o3cvj20ro0romzs.jpg?KID=imgbed,tva&Expires=1619048427&ssig=CFoCS6vAAc", "verified": false, "verified_type": -1, "followers_count": 394, "mbtype": 0, "profile_url": "https://m.weibo.cn/u/1752755405?uid=1752755405", "remark": "", "following": false, "follow_me": false}, "text": "\u7ec8\u4e8e\u770b\u5230\u4e00\u4e1d\u9633\u5149\u4e86\uff0c\u6b66\u6c49\u7684\u727a\u7272\u4e3a\u5927\u5bb6\u8d62\u5f97\u4e86\u65f6\u95f4", "like_counts": 0, "liked": false}]