[{"visible": {"type": 0, "list_id": 0}, "created_at": "Tue Feb 18 16:01:00 +0800 2020", "id": "4473348517731517", "mid": "4473348517731517", "can_edit": false, "show_additional_indication": 0, "text": "\u8f6c\u53d1\u5fae\u535a", "source": "iPhone\u5ba2\u6237\u7aef", "favorited": false, "pic_ids": [], "pic_types": "", "is_paid": false, "mblog_vip_type": 0, "user": {"id": 5537730413, "screen_name": "\u60a0\u60a0\u674f\u5b50\u7ea2", "profile_image_url": "https://tvax4.sinaimg.cn/crop.0.0.1080.1080.180/0062LKEtly8ggwaql4swuj30u00u0wh1.jpg?KID=imgbed,tva&Expires=1619048378&ssig=CqZk3Ebs7k", "profile_url": "https://m.weibo.cn/u/5537730413?uid=5537730413", "statuses_count": 1996, "verified": false, "verified_type": -1, "close_blue_v": false, "description": "", "gender": "m", "mbtype": 0, "urank": 9, "mbrank": 0, "follow_me": false, "following": false, "followers_count": 223, "follow_count": 134, "cover_image_phone": "https://tva1.sinaimg.cn/crop.0.0.640.640.640/549d0121tw1egm1kjly3jj20hs0hsq4f.jpg", "avatar_hd": "https://wx4.sinaimg.cn/orj480/0062LKEtly8ggwaql4swuj30u00u0wh1.jpg", "like": false, "like_me": false, "badge": {"bind_taobao": 1, "unread_pool": 1, "unread_pool_ext": 1, "dzwbqlx_2016": 1, "user_name_certificate": 1, "hongrenjie_2019": 1, "hongbao_2020": 2, "feiyan_2020": 1, "kangyi_2020": 1, "vpick_2020": 1, "china_2020": 1, "hongbaofeifuniu_2021": 1, "hongbaofeijika_2021": 1}}, "reposts_count": 0, "comments_count": 0, "attitudes_count": 1, "pending_approval_count": 0, "isLongText": false, "reward_exhibition_type": 0, "hide_flag": 0, "mlevel": 0, "darwin_tags": [], "mblogtype": 0, "more_info_type": 0, "number_display_strategy": {"apply_scenario_flag": 3, "display_text_min_number": 1000000, "display_text": "100\u4e07+"}, "content_auth": 0, "repost_type": 1, "pic_num": 0, "alchemy_params": {"ug_red_envelope": false}, "raw_text": "\u8f6c\u53d1\u5fae\u535a", "bid": "IuM83wrjT"}, {"visible": {"type": 0, "list_id": 0}, "created_at": "Mon Feb 17 23:39:44 +0800 2020", "id": "4473101573889491", "mid": "4473101573889491", "can_edit": false, "show_additional_indication": 0, "text": "\u8f6c\u53d1\u5fae\u535a", "source": "\u5c0f\u7c738\u9752\u6625\u7248 \u6f6e\u6d41\u65d7\u8230", "favorited": false, "pic_ids": [], "pic_types": "", "is_paid": false, "mblog_vip_type": 0, "user": {"id": 2155612833, "screen_name": "\u9605\u5fae\u77e5\u8457\u7684\u5f20\u540c\u5b66", "profile_image_url": "https://tvax1.sinaimg.cn/crop.0.0.750.750.180/807c0aa1ly8ftsw4bds74j20ku0kujtj.jpg?KID=imgbed,tva&Expires=1619048378&ssig=e3WtKehjnp", "profile_url": "https://m.weibo.cn/u/2155612833?uid=2155612833", "statuses_count": 8938, "verified": false, "verified_type": -1, "close_blue_v": false, "description": "\u8fd9\u4e2a\u4eba\u4e0d\u662f\u4e00\u822c\u7684\u61d2", "gender": "f", "mbtype": 0, "urank": 41, "mbrank": 0, "follow_me": false, "following": false, "followers_count": 478, "follow_count": 291, "cover_image_phone": "https://tva1.sinaimg.cn/crop.0.0.640.640.640/549d0121tw1egm1kjly3jj20hs0hsq4f.jpg", "avatar_hd": "https://wx1.sinaimg.cn/orj480/807c0aa1ly8ftsw4bds74j20ku0kujtj.jpg", "like": false, "like_me": false, "badge": {"bind_taobao": 1, "zongyiji": 1, "unread_pool": 1, "unread_pool_ext": 1, "dzwbqlx_2016": 1, "super_star_2017": 1, "user_name_certificate": 1, "dailv_2018": 1, "qixi_2018": 1, "hongrenjie_2019": 1, "hongbao_2020": 2, "dailv_2020": 1}}, "reposts_count": 0, "comments_count": 0, "attitudes_count": 0, "pending_approval_count": 0, "isLongText": false, "reward_exhibition_type": 0, "hide_flag": 0, "mlevel": 0, "darwin_tags": [], "mblogtype": 0, "more_info_type": 0, "number_display_strategy": {"apply_scenario_flag": 3, "display_text_min_number": 1000000, "display_text": "100\u4e07+"}, "content_auth": 0, "repost_type": 1, "pic_num": 0, "alchemy_params": {"ug_red_envelope": false}, "raw_text": "\u8f6c\u53d1\u5fae\u535a", "bid": "IuFHLgjPJ"}, {"visible": {"type": 0, "list_id": 0}, "created_at": "Mon Feb 17 18:18:40 +0800 2020", "id": "4473020779279491", "mid": "4473020779279491", "can_edit": false, "show_additional_indication": 0, "text": "\u8f6c\u53d1\u5fae\u535a", "source": "vivo Z3\u6027\u80fd\u5b9e\u529b\u6d3e", "favorited": false, "pic_ids": [], "pic_types": "", "is_paid": false, "mblog_vip_type": 0, "user": {"id": 1856018774, "screen_name": "yoyo\u5979\u7238\u7238", "profile_image_url": "https://tva2.sinaimg.cn/crop.0.0.180.180.180/6ea09956jw1e8qgp5bmzyj2050050aa8.jpg?KID=imgbed,tva&Expires=1619048378&ssig=bXzBwljboG", "profile_url": "https://m.weibo.cn/u/1856018774?uid=1856018774", "statuses_count": 4639, "verified": false, "verified_type": -1, "close_blue_v": false, "description": "\u662f\u68a6\u8fd8\u662f\u5e7b\u60f3\uff1f\uff01", "gender": "m", "mbtype": 0, "urank": 30, "mbrank": 0, "follow_me": false, "following": false, "followers_count": 356, "follow_count": 495, "cover_image_phone": "https://tva1.sinaimg.cn/crop.0.0.640.640.640/549d0121tw1egm1kjly3jj20hs0hsq4f.jpg", "avatar_hd": "https://ww2.sinaimg.cn/orj480/6ea09956jw1e8qgp5bmzyj2050050aa8.jpg", "like": false, "like_me": false, "badge": {"bind_taobao": 1, "unread_pool": 1, "unread_pool_ext": 1, "dzwbqlx_2016": 1, "panda": 1, "user_name_certificate": 1, "hongbaofei_2019": 1, "fu_2019": 1, "hongrenjie_2019": 1, "hongbao_2020": 2, "feiyan_2020": 1, "hongbaofeijika_2021": 1}}, "reposts_count": 0, "comments_count": 0, "attitudes_count": 0, "pending_approval_count": 0, "isLongText": false, "reward_exhibition_type": 0, "hide_flag": 0, "mlevel": 0, "darwin_tags": [], "mblogtype": 0, "more_info_type": 0, "number_display_strategy": {"apply_scenario_flag": 3, "display_text_min_number": 1000000, "display_text": "100\u4e07+"}, "content_auth": 0, "repost_type": 1, "pic_num": 0, "alchemy_params": {"ug_red_envelope": false}, "raw_text": "\u8f6c\u53d1\u5fae\u535a", "bid": "IuDBrCW1d"}, {"visible": {"type": 0, "list_id": 0}, "created_at": "Mon Feb 17 16:08:32 +0800 2020", "id": "4472988026141120", "mid": "4472988026141120", "can_edit": false, "show_additional_indication": 0, "text": "\u8f6c\u53d1\u5fae\u535a", "source": "\u76f4\u8fbe\u670d\u52a1", "favorited": false, "pic_ids": [], "pic_types": "", "is_paid": false, "mblog_vip_type": 0, "user": {"id": 5601629812, "screen_name": "\u96e8\u4e0b_82139", "profile_image_url": "https://tvax1.sinaimg.cn/default/images/default_avatar_male_180.gif?KID=imgbed,tva&Expires=1619048378&ssig=7pC20WWdKm", "profile_url": "https://m.weibo.cn/u/5601629812?uid=5601629812", "statuses_count": 1774, "verified": false, "verified_type": -1, "close_blue_v": false, "description": "", "gender": "m", "mbtype": 0, "urank": 9, "mbrank": 0, "follow_me": false, "following": false, "followers_count": 107, "follow_count": 748, "cover_image_phone": "https://tva1.sinaimg.cn/crop.0.0.640.640.640/549d0121tw1egm1kjly3jj20hs0hsq4f.jpg", "avatar_hd": "https://ss1.sinaimg.cn/orj480/default_avatar_male_180&690", "like": false, "like_me": false, "badge": {"user_name_certificate": 1, "hongbaofei_2019": 1, "denglong_2019": 1, "dailv_2019": 1, "dzwbqlx_2019": 1, "hongbao_2020": 2, "feiyan_2020": 1, "dailv_2020": 1, "zjszgf_2020": 1, "lvzhilingyang_2021": 1}}, "reposts_count": 0, "comments_count": 0, "attitudes_count": 0, "pending_approval_count": 0, "isLongText": false, "reward_exhibition_type": 0, "hide_flag": 0, "mlevel": 0, "darwin_tags": [], "mblogtype": 0, "more_info_type": 0, "number_display_strategy": {"apply_scenario_flag": 3, "display_text_min_number": 1000000, "display_text": "100\u4e07+"}, "content_auth": 0, "repost_type": 1, "pic_num": 0, "alchemy_params": {"ug_red_envelope": false}, "raw_text": "\u8f6c\u53d1\u5fae\u535a", "bid": "IuCKCpLAk"}, {"visible": {"type": 0, "list_id": 0}, "created_at": "Mon Feb 17 15:51:21 +0800 2020", "id": "4472983701904061", "mid": "4472983701904061", "can_edit": false, "show_additional_indication": 0, "text": "\u3010\u79d1\u6280\u90e8\uff1a\u53ef\u4ee5\u660e\u786e<a  href=\"https://m.weibo.cn/search?containerid=231522type%3D1%26t%3D10%26q%3D%23%E7%A3%B7%E9%85%B8%E6%B0%AF%E5%96%B9%E6%B2%BB%E7%96%97%E6%96%B0%E5%86%A0%E8%82%BA%E7%82%8E%E6%9C%89%E7%96%97%E6%95%88%23&extparam=%23%E7%A3%B7%E9%85%B8%E6%B0%AF%E5%96%B9%E6%B2%BB%E7%96%97%E6%96%B0%E5%86%A0%E8%82%BA%E7%82%8E%E6%9C%89%E7%96%97%E6%95%88%23\" data-hide=\"\"><span class=\"surl-text\">#\u78f7\u9178\u6c2f\u55b9\u6cbb\u7597\u65b0\u51a0\u80ba\u708e\u6709\u7597\u6548#</span></a>\u3011", "source": "360\u5b89\u5168\u6d4f\u89c8\u5668", "favorited": false, "pic_ids": [], "pic_types": "", "is_paid": false, "mblog_vip_type": 0, "user": {"id": 6573427747, "screen_name": "\u5e73\u9c81\u653f\u6cd5", "profile_image_url": "https://tvax2.sinaimg.cn/crop.0.0.996.996.180/007aRqQbly8fuoh1qyl2lj30ro0rowh8.jpg?KID=imgbed,tva&Expires=1619048378&ssig=eA9cOtqI%2B1", "profile_url": "https://m.weibo.cn/u/6573427747?uid=6573427747", "statuses_count": 4879, "verified": true, "verified_type": 1, "verified_type_ext": 0, "verified_reason": "\u4e2d\u5171\u6714\u5dde\u5e02\u5e73\u9c81\u533a\u59d4\u653f\u6cd5\u59d4\u5458\u4f1a\u5b98\u65b9\u5fae\u535a", "close_blue_v": false, "description": "", "gender": "f", "mbtype": 0, "urank": 4, "mbrank": 0, "follow_me": false, "following": false, "followers_count": 58, "follow_count": 325, "cover_image_phone": "https://tva1.sinaimg.cn/crop.0.0.640.640.640/549d0121tw1egm1kjly3jj20hs0hsq4f.jpg", "avatar_hd": "https://wx2.sinaimg.cn/orj480/007aRqQbly8fuoh1qyl2lj30ro0rowh8.jpg", "like": false, "like_me": false, "badge": {"user_name_certificate": 1, "china_2019": 1, "feiyan_2020": 1, "graduation_2020": 1}}, "reposts_count": 0, "comments_count": 0, "attitudes_count": 0, "pending_approval_count": 0, "isLongText": false, "reward_exhibition_type": 0, "hide_flag": 0, "mlevel": 0, "darwin_tags": [], "mblogtype": 0, "more_info_type": 0, "cardid": "star_11247_common", "content_auth": 0, "repost_type": 1, "pic_num": 0, "alchemy_params": {"ug_red_envelope": false}, "raw_text": "\u3010\u79d1\u6280\u90e8\uff1a\u53ef\u4ee5\u660e\u786e#\u78f7\u9178\u6c2f\u55b9\u6cbb\u7597\u65b0\u51a0\u80ba\u708e\u6709\u7597\u6548#\u3011", "bid": "IuCDE7ZkF"}, {"visible": {"type": 0, "list_id": 0}, "created_at": "Mon Feb 17 15:44:50 +0800 2020", "id": "4472982066365849", "mid": "4472982066365849", "can_edit": false, "show_additional_indication": 0, "text": "//<a href='/n/\u79cb\u6c34\u5982\u5c9a20'>@\u79cb\u6c34\u5982\u5c9a20</a>:<span class=\"url-icon\"><img alt=[good] src=\"https://h5.sinaimg.cn/m/emoticon/icon/others/h_good-0c51afc69c.png\" style=\"width:1em; height:1em;\" /></span>", "source": "nova5Pro\u4eba\u50cf\u8d85\u7ea7\u591c\u666f", "favorited": false, "pic_ids": [], "pic_types": "", "is_paid": false, "mblog_vip_type": 0, "user": {"id": 2582570883, "screen_name": "\u5c71\u91cc\u9690\u5c4588888888", "profile_image_url": "https://tvax4.sinaimg.cn/crop.0.0.996.996.180/99eee783ly8gdosxv7djqj20ro0roq9s.jpg?KID=imgbed,tva&Expires=1619048378&ssig=EG%2BA3MI23l", "profile_url": "https://m.weibo.cn/u/2582570883?uid=2582570883", "statuses_count": 3599, "verified": false, "verified_type": -1, "close_blue_v": false, "description": "", "gender": "m", "mbtype": 0, "urank": 29, "mbrank": 0, "follow_me": false, "following": false, "followers_count": 809, "follow_count": 198, "cover_image_phone": "https://tva1.sinaimg.cn/crop.0.0.640.640.640/549d0121tw1egm1kjly3jj20hs0hsq4f.jpg", "avatar_hd": "https://wx4.sinaimg.cn/orj480/99eee783ly8gdosxv7djqj20ro0roq9s.jpg", "like": false, "like_me": false, "badge": {"bind_taobao": 1, "unread_pool": 1, "unread_pool_ext": 1, "dzwbqlx_2016": 1, "user_name_certificate": 1, "super_star_2018": 1, "dailv_2018": 1, "hongbaofei_2019": 1, "hongrenjie_2019": 1, "dailv_2019": 1, "china_2019": 1, "hongkong_2019": 1, "dzwbqlx_2019": 1, "hongbao_2020": 2, "feiyan_2020": 1, "hongbaofeifuniu_2021": 1, "hongbaofeijika_2021": 1}}, "pid": 4472980942259980, "pidstr": "4472980942259980", "reposts_count": 0, "comments_count": 0, "attitudes_count": 0, "pending_approval_count": 0, "isLongText": false, "reward_exhibition_type": 0, "hide_flag": 0, "mlevel": 0, "darwin_tags": [], "mblogtype": 0, "more_info_type": 0, "number_display_strategy": {"apply_scenario_flag": 3, "display_text_min_number": 1000000, "display_text": "100\u4e07+"}, "content_auth": 0, "repost_type": 1, "pic_num": 0, "alchemy_params": {"ug_red_envelope": false}, "raw_text": "//@\u79cb\u6c34\u5982\u5c9a20:[good]", "bid": "IuCB0qI2Z"}, {"visible": {"type": 0, "list_id": 0}, "created_at": "Mon Feb 17 15:44:16 +0800 2020", "id": "4472981919179595", "mid": "4472981919179595", "can_edit": false, "show_additional_indication": 0, "text": "\u5443\uff0c\u8fd9\u4e2a\uff0c\u6570\u636e\u5148\u7ed9\u4e2a\uff1f", "source": "Share\u5fae\u535a\u5ba2\u6237\u7aef", "favorited": false, "pic_ids": [], "pic_types": "", "is_paid": false, "mblog_vip_type": 0, "user": {"id": 6505905583, "screen_name": "Catfish_s\u70df\u82b1\u70b8\u98de\u4e0a\u5929", "profile_image_url": "https://tvax1.sinaimg.cn/crop.0.0.996.996.180/0076i7f1ly8fpbcs0b9iwj30ro0romyl.jpg?KID=imgbed,tva&Expires=1619048378&ssig=SA1ENHyV3A", "profile_url": "https://m.weibo.cn/u/6505905583?uid=6505905583", "statuses_count": 18834, "verified": false, "verified_type": -1, "close_blue_v": false, "description": "THIS UNIT HAD BEEN BLOWN UP TO THE SKY", "gender": "f", "mbtype": 12, "urank": 9, "mbrank": 3, "follow_me": false, "following": false, "followers_count": 356, "follow_count": 306, "cover_image_phone": "https://tva1.sinaimg.cn/crop.0.0.640.640.640/549d0121tw1egm1kjly3jj20hs0hsq4f.jpg", "avatar_hd": "https://wx1.sinaimg.cn/orj480/0076i7f1ly8fpbcs0b9iwj30ro0romyl.jpg", "like": false, "like_me": false, "badge": {"user_name_certificate": 1, "wenchuan_10th": 1, "qixi_2018": 1, "hongrenjie_2019": 1, "china_2019": 1, "hongkong_2019": 1, "rrgyj_2019": 1, "shuang11_2019": 1, "hongbao_2020": 2, "feiyan_2020": 1, "pc_new": 7, "dailv_2020": 1, "china_2020": 1, "weibozhiyexianxia_2021": 1, "nihaoshenghuojie_2021": 1}}, "reposts_count": 0, "comments_count": 0, "attitudes_count": 0, "pending_approval_count": 0, "isLongText": false, "reward_exhibition_type": 0, "hide_flag": 0, "mlevel": 0, "darwin_tags": [], "mblogtype": 0, "more_info_type": 0, "number_display_strategy": {"apply_scenario_flag": 3, "display_text_min_number": 1000000, "display_text": "100\u4e07+"}, "content_auth": 0, "repost_type": 1, "pic_num": 0, "alchemy_params": {"ug_red_envelope": false}, "raw_text": "\u5443\uff0c\u8fd9\u4e2a\uff0c\u6570\u636e\u5148\u7ed9\u4e2a\uff1f", "bid": "IuCALCw1Z"}, {"visible": {"type": 0, "list_id": 0}, "created_at": "Mon Feb 17 15:40:23 +0800 2020", "id": "4472980942259980", "mid": "4472980942259980", "can_edit": false, "show_additional_indication": 0, "text": "<span class=\"url-icon\"><img alt=[good] src=\"https://h5.sinaimg.cn/m/emoticon/icon/others/h_good-0c51afc69c.png\" style=\"width:1em; height:1em;\" /></span>", "source": "HUAWEI Mate 30 5G", "favorited": false, "pic_ids": [], "pic_types": "", "is_paid": false, "mblog_vip_type": 0, "user": {"id": 7362606561, "screen_name": "\u79cb\u6c34\u5982\u5c9a20", "profile_image_url": "https://tvax3.sinaimg.cn/crop.0.0.996.996.180/0082gKiJly8go2hs17eiyj30ro0rodjc.jpg?KID=imgbed,tva&Expires=1619048378&ssig=9qPjcuvy%2BH", "profile_url": "https://m.weibo.cn/u/7362606561?uid=7362606561", "statuses_count": 23908, "verified": false, "verified_type": -1, "close_blue_v": false, "description": "", "gender": "m", "mbtype": 0, "urank": 0, "mbrank": 0, "follow_me": false, "following": false, "followers_count": 5620, "follow_count": 146, "cover_image_phone": "https://tva1.sinaimg.cn/crop.0.0.640.640.640/549d0121tw1egm1kjly3jj20hs0hsq4f.jpg", "avatar_hd": "https://wx3.sinaimg.cn/orj480/0082gKiJly8go2hs17eiyj30ro0rodjc.jpg", "like": false, "like_me": false, "badge": {"user_name_certificate": 1, "hongbao_2020": 2, "feiyan_2020": 1, "kangyi_2020": 1, "dailv_2020": 1, "china_2020": 1, "hongbaofeifuniu_2021": 2}}, "reposts_count": 1, "comments_count": 2, "attitudes_count": 5, "pending_approval_count": 0, "isLongText": false, "reward_exhibition_type": 0, "hide_flag": 0, "mlevel": 0, "darwin_tags": [], "mblogtype": 0, "more_info_type": 0, "number_display_strategy": {"apply_scenario_flag": 3, "display_text_min_number": 1000000, "display_text": "100\u4e07+"}, "content_auth": 0, "repost_type": 1, "pic_num": 0, "alchemy_params": {"ug_red_envelope": false}, "raw_text": "[good]", "bid": "IuCzc9tVi"}, {"visible": {"type": 0, "list_id": 0}, "created_at": "Mon Feb 17 15:39:32 +0800 2020", "id": "4472980727840882", "mid": "4472980727840882", "can_edit": false, "show_additional_indication": 0, "text": "\u8f6c\u53d1\u5fae\u535a", "source": "Android", "favorited": false, "pic_ids": [], "pic_types": "", "is_paid": false, "mblog_vip_type": 0, "user": {"id": 1422920471, "screen_name": "\u51ac\u74dc\u6c64\u559d\u591a\u4e86", "profile_image_url": "https://tvax2.sinaimg.cn/crop.0.0.996.996.180/54d00b17ly8gal7rhbu2cj20ro0roace.jpg?KID=imgbed,tva&Expires=1619048378&ssig=ffT2%2BW%2Ffxz", "profile_url": "https://m.weibo.cn/u/1422920471?uid=1422920471", "statuses_count": 1809, "verified": false, "verified_type": -1, "close_blue_v": false, "description": "\u6d3b\u7740", "gender": "m", "mbtype": 0, "urank": 34, "mbrank": 0, "follow_me": false, "following": false, "followers_count": 298, "follow_count": 213, "cover_image_phone": "https://tva1.sinaimg.cn/crop.0.0.640.640.640/549d0121tw1egm1kjly3jj20hs0hsq4f.jpg", "avatar_hd": "https://wx2.sinaimg.cn/orj480/54d00b17ly8gal7rhbu2cj20ro0roace.jpg", "like": false, "like_me": false, "badge": {"bind_taobao": 1, "zongyiji": 1, "unread_pool": 1, "unread_pool_ext": 1, "user_name_certificate": 1, "hongrenjie_2019": 1, "china_2019": 1, "rrgyj_2019": 1, "hongbao_2020": 2, "feiyan_2020": 1}}, "reposts_count": 0, "comments_count": 0, "attitudes_count": 0, "pending_approval_count": 0, "isLongText": false, "reward_exhibition_type": 0, "hide_flag": 0, "mlevel": 0, "darwin_tags": [], "mblogtype": 0, "more_info_type": 0, "cardid": "star_11247_common", "number_display_strategy": {"apply_scenario_flag": 3, "display_text_min_number": 1000000, "display_text": "100\u4e07+"}, "content_auth": 0, "repost_type": 1, "pic_num": 0, "alchemy_params": {"ug_red_envelope": false}, "raw_text": "\u8f6c\u53d1\u5fae\u535a", "bid": "IuCyQwTLQ"}, {"visible": {"type": 0, "list_id": 0}, "created_at": "Mon Feb 17 15:37:40 +0800 2020", "id": "4472980258451208", "mid": "4472980258451208", "can_edit": false, "show_additional_indication": 0, "text": "\u8f6c\u53d1\u5fae\u535a", "source": "iPad\u5ba2\u6237\u7aef", "favorited": false, "pic_ids": [], "pic_types": "", "is_paid": false, "mblog_vip_type": 0, "user": {"id": 2723593513, "screen_name": "\u706b\u6728\u5a03\u5a03", "profile_image_url": "https://tva3.sinaimg.cn/crop.0.0.180.180.180/a256bd29jw1e8qgp5bmzyj2050050aa8.jpg?KID=imgbed,tva&Expires=1619048380&ssig=XqHw0Ongq7", "profile_url": "https://m.weibo.cn/u/2723593513?uid=2723593513", "statuses_count": 9383, "verified": false, "verified_type": 220, "close_blue_v": false, "description": "\u68a6\u60f3\u662f\u8981\u575a\u6301\u4e0d\u61c8\u52aa\u529b\u53bb\u5b9e\u73b0\uff01\uff01\uff01", "gender": "m", "mbtype": 0, "urank": 37, "mbrank": 0, "follow_me": false, "following": false, "followers_count": 185, "follow_count": 206, "cover_image_phone": "https://wx1.sinaimg.cn/crop.0.0.640.640.640/a256bd29ly1fu8jsca6suj216o16odqg.jpg", "avatar_hd": "https://ww3.sinaimg.cn/orj480/a256bd29jw1e8qgp5bmzyj2050050aa8.jpg", "like": false, "like_me": false, "badge": {"gongyi_level": 1, "dailv": 1, "zongyiji": 1, "unread_pool": 1, "unread_pool_ext": 1, "user_name_certificate": 1, "hongbaofei_2019": 1, "hongrenjie_2019": 1, "china_2019": 1, "hongkong_2019": 1, "dzwbqlx_2019": 1, "shuang11_2019": 1, "gongjiri_2019": 1, "hongbao_2020": 2, "feiyan_2020": 1, "school_2020": 1, "china_2020": 1, "zaolang_2020": 1, "hongbaofeifuniu_2021": 2, "hongbaofeijika_2021": 1}}, "reposts_count": 0, "comments_count": 0, "attitudes_count": 0, "pending_approval_count": 0, "isLongText": false, "reward_exhibition_type": 0, "hide_flag": 0, "mlevel": 0, "darwin_tags": [], "mblogtype": 0, "more_info_type": 0, "number_display_strategy": {"apply_scenario_flag": 3, "display_text_min_number": 1000000, "display_text": "100\u4e07+"}, "content_auth": 0, "repost_type": 1, "pic_num": 0, "alchemy_params": {"ug_red_envelope": false}, "raw_text": "\u8f6c\u53d1\u5fae\u535a", "bid": "IuCy5zsxO"}, {"visible": {"type": 0, "list_id": 0}, "created_at": "Mon Feb 17 15:36:32 +0800 2020", "id": "4472979972545107", "mid": "4472979972545107", "can_edit": false, "show_additional_indication": 0, "text": "\u8f6c\u53d1\u5fae\u535a", "source": "iPhone 6s", "favorited": false, "pic_ids": [], "pic_types": "", "is_paid": false, "mblog_vip_type": 0, "user": {"id": 5574952881, "screen_name": "\u590d\u6d3b\u4ea4\u6613", "profile_image_url": "https://tvax3.sinaimg.cn/crop.0.0.512.512.180/0065hVURly8g0g6uor7j1j30e80e874l.jpg?KID=imgbed,tva&Expires=1619048380&ssig=kogt7CnzXW", "profile_url": "https://m.weibo.cn/u/5574952881?uid=5574952881", "statuses_count": 20017, "verified": true, "verified_type": 0, "verified_type_ext": 0, "verified_reason": "\u524d \u6df1\u5733\u524d\u6d77\u5409\u661f\u80a1\u6743\u6295\u8d44\u57fa\u91d1\u7ba1\u7406\u6709\u9650\u516c\u53f8\u6295\u8d44\u603b\u76d1 \u8d22\u7ecf\u535a\u4e3b \u5934\u6761\u6587\u7ae0\u4f5c\u8005", "close_blue_v": false, "description": "\u804c\u4e1a\u6295\u8d44\u4eba", "gender": "m", "mbtype": 12, "urank": 40, "mbrank": 7, "follow_me": false, "following": false, "followers_count": 223971, "follow_count": 199, "cover_image_phone": "https://tva1.sinaimg.cn/crop.0.0.640.640.640/549d0121tw1egm1kjly3jj20hs0hsq4f.jpg", "avatar_hd": "https://wx3.sinaimg.cn/orj480/0065hVURly8g0g6uor7j1j30e80e874l.jpg", "like": false, "like_me": false, "badge": {"unread_pool": 1, "unread_pool_ext": 1, "dzwbqlx_2016": 1, "follow_whitelist_video": 1, "user_name_certificate": 1, "wenda_v2": 1, "qixi_2018": 1, "relation_display": 1, "hongbaofei_2019": 1, "hongrenjie_2019": 1, "china_2019": 1, "hongbao_2020": 2, "feiyan_2020": 1, "daka_2020": 1, "hongbaofeifuniu_2021": 1}}, "reposts_count": 0, "comments_count": 0, "attitudes_count": 0, "pending_approval_count": 0, "isLongText": false, "reward_exhibition_type": 0, "hide_flag": 0, "mlevel": 0, "darwin_tags": [], "mblogtype": 0, "more_info_type": 0, "cardid": "star_187", "number_display_strategy": {"apply_scenario_flag": 3, "display_text_min_number": 1000000, "display_text": "100\u4e07+"}, "content_auth": 0, "repost_type": 1, "pic_num": 0, "alchemy_params": {"ug_red_envelope": false}, "raw_text": "\u8f6c\u53d1\u5fae\u535a", "bid": "IuCxDaG67"}, {"visible": {"type": 0, "list_id": 0}, "created_at": "Mon Feb 17 15:35:05 +0800 2020", "id": "4472979607523158", "mid": "4472979607523158", "can_edit": false, "show_additional_indication": 0, "text": "\u8f6c\u53d1\u5fae\u535a", "source": "OPPO A7x", "favorited": false, "pic_ids": [], "pic_types": "", "is_paid": false, "mblog_vip_type": 0, "user": {"id": 3960811915, "screen_name": "Little-grass5", "profile_image_url": "https://tva2.sinaimg.cn/crop.0.0.180.180.180/ec15318bjw8ed2zrrprnxj2050050dfp.jpg?KID=imgbed,tva&Expires=1619048380&ssig=Dz1yN5IEpq", "profile_url": "https://m.weibo.cn/u/3960811915?uid=3960811915", "statuses_count": 1104, "verified": false, "verified_type": -1, "close_blue_v": false, "description": "", "gender": "f", "mbtype": 0, "urank": 9, "mbrank": 0, "follow_me": false, "following": false, "followers_count": 128, "follow_count": 1019, "cover_image_phone": "https://tva1.sinaimg.cn/crop.0.0.640.640.640/549d0121tw1egm1kjly3jj20hs0hsq4f.jpg", "avatar_hd": "https://ww2.sinaimg.cn/orj480/ec15318bjw8ed2zrrprnxj2050050dfp.jpg", "like": false, "like_me": false, "badge": {"bind_taobao": 1, "unread_pool": 1, "unread_pool_ext": 1, "panda": 1, "user_name_certificate": 1, "worldcup_2018": 34, "dailv_2018": 1, "yiqijuan_2018": 1, "wbzy_2018": 1, "memorial_2018": 1, "hongbaofei_2019": 1, "fu_2019": 1, "hongbao_2020": 2, "dailv_2020": 1, "hongbaofeijika_2021": 1}}, "reposts_count": 0, "comments_count": 0, "attitudes_count": 0, "pending_approval_count": 0, "isLongText": false, "reward_exhibition_type": 0, "hide_flag": 0, "mlevel": 0, "darwin_tags": [], "mblogtype": 0, "more_info_type": 0, "number_display_strategy": {"apply_scenario_flag": 3, "display_text_min_number": 1000000, "display_text": "100\u4e07+"}, "content_auth": 0, "repost_type": 1, "pic_num": 0, "alchemy_params": {"ug_red_envelope": false}, "raw_text": "\u8f6c\u53d1\u5fae\u535a", "bid": "IuCx2vz7g"}, {"visible": {"type": 0, "list_id": 0}, "created_at": "Mon Feb 17 15:34:49 +0800 2020", "id": "4472979541215474", "mid": "4472979541215474", "can_edit": false, "show_additional_indication": 0, "text": "\u4e0d\u7528\u5bb3\u6015\u4e86", "source": "\u5168\u5c4f\u53cc\u6444 OPPO A5", "favorited": false, "pic_ids": [], "pic_types": "", "is_paid": false, "mblog_vip_type": 0, "user": {"id": 3639869220, "screen_name": "fj\u5f00\u6c34\u767d\u83dc", "profile_image_url": "https://tvax2.sinaimg.cn/crop.0.0.664.664.180/d8f3ff24ly8fsrwt9n42sj20ig0iggmu.jpg?KID=imgbed,tva&Expires=1619048380&ssig=%2FfO5IWKmcS", "profile_url": "https://m.weibo.cn/u/3639869220?uid=3639869220", "statuses_count": 402, "verified": false, "verified_type": -1, "close_blue_v": false, "description": "\u56e2\u7ed3\u5c31\u662f\u529b\u91cf\uff01\u80fd\u591f\u6467\u6bc1\u4e00\u5207\u7684\u963b\u6321\uff0c\u51b2\u5411\u90a3\u5e73\u7b49\u81ea\u7531\u7684\u65b9\u5411\uff01", "gender": "m", "mbtype": 0, "urank": 9, "mbrank": 0, "follow_me": false, "following": false, "followers_count": 454, "follow_count": 179, "cover_image_phone": "https://tva1.sinaimg.cn/crop.0.0.640.640.640/549d0121tw1egm1kjly3jj20hs0hsq4f.jpg", "avatar_hd": "https://wx2.sinaimg.cn/orj480/d8f3ff24ly8fsrwt9n42sj20ig0iggmu.jpg", "like": false, "like_me": false, "badge": {"bind_taobao": 1, "unread_pool": 1, "vip_activity2": 1, "unread_pool_ext": 1, "dzwbqlx_2016": 1, "panda": 1, "user_name_certificate": 1, "wenda_v2": 1, "qixi_2018": 1, "hongbaofei_2019": 1, "hongrenjie_2019": 1, "hongbao_2020": 2, "china_2020": 1, "hongbaofeifuniu_2021": 1, "hongbaofeijika_2021": 1}}, "reposts_count": 0, "comments_count": 0, "attitudes_count": 0, "pending_approval_count": 0, "isLongText": false, "reward_exhibition_type": 0, "hide_flag": 0, "mlevel": 0, "darwin_tags": [], "mblogtype": 0, "more_info_type": 0, "number_display_strategy": {"apply_scenario_flag": 3, "display_text_min_number": 1000000, "display_text": "100\u4e07+"}, "content_auth": 0, "repost_type": 1, "pic_num": 0, "alchemy_params": {"ug_red_envelope": false}, "raw_text": "\u4e0d\u7528\u5bb3\u6015\u4e86", "bid": "IuCwW56cq"}, {"visible": {"type": 0, "list_id": 0}, "created_at": "Mon Feb 17 15:34:03 +0800 2020", "id": "4472979347775748", "mid": "4472979347775748", "can_edit": false, "show_additional_indication": 0, "text": "\u8f6c\u53d1\u5fae\u535a", "source": "HUAWEI Mate30 Pro 5G", "favorited": false, "pic_ids": [], "pic_types": "", "is_paid": false, "mblog_vip_type": 0, "user": {"id": 1961730977, "screen_name": "\u767d\u5929\u5b66Rock\u9ed1\u591c\u542cJazz", "profile_image_url": "https://tvax4.sinaimg.cn/crop.0.0.1080.1080.180/74eda3a1ly8g4q5kdqu9yj20u00u0whx.jpg?KID=imgbed,tva&Expires=1619048380&ssig=dGyHaxWLPM", "profile_url": "https://m.weibo.cn/u/1961730977?uid=1961730977", "statuses_count": 12688, "verified": false, "verified_type": -1, "close_blue_v": false, "description": "\u5fc3\u4e2d\u90a3\u81ea\u7531\u7684\u4e16\u754c", "gender": "m", "mbtype": 0, "urank": 45, "mbrank": 0, "follow_me": false, "following": false, "followers_count": 915, "follow_count": 1263, "cover_image_phone": "https://tva1.sinaimg.cn/crop.0.0.640.640.640/549d0121tw1egm1kjly3jj20hs0hsq4f.jpg", "avatar_hd": "https://wx4.sinaimg.cn/orj480/74eda3a1ly8g4q5kdqu9yj20u00u0whx.jpg", "like": false, "like_me": false, "badge": {"gongyi_level": 1, "bind_taobao": 1, "unread_pool": 1, "unread_pool_ext": 1, "dzwbqlx_2016": 1, "panda": 1, "user_name_certificate": 1, "wenda_v2": 1, "hongrenjie_2019": 1, "china_2019": 1, "hongkong_2019": 1, "taohuayuan_2019": 1, "rrgyj_2019": 1, "hongbao_2020": 2, "feiyan_2020": 1, "dailv_2020": 2, "gongyi_2020": 3, "hongbaofeifuniu_2021": 1}}, "reposts_count": 0, "comments_count": 0, "attitudes_count": 0, "pending_approval_count": 0, "isLongText": false, "reward_exhibition_type": 0, "hide_flag": 0, "mlevel": 0, "darwin_tags": [], "mblogtype": 0, "more_info_type": 0, "number_display_strategy": {"apply_scenario_flag": 3, "display_text_min_number": 1000000, "display_text": "100\u4e07+"}, "content_auth": 0, "repost_type": 1, "pic_num": 0, "alchemy_params": {"ug_red_envelope": false}, "raw_text": "\u8f6c\u53d1\u5fae\u535a", "bid": "IuCwCwCPi"}, {"visible": {"type": 0, "list_id": 0}, "created_at": "Mon Feb 17 15:33:22 +0800 2020", "id": "4472979180658351", "mid": "4472979180658351", "can_edit": false, "show_additional_indication": 0, "text": "\u597d\u836f", "source": "\u7ea2\u7c73Redmi", "favorited": false, "pic_ids": [], "pic_types": "", "is_paid": false, "mblog_vip_type": 0, "user": {"id": 6247137734, "screen_name": "\u65e0\u5904\u5b89\u653e\u7684\u98a81", "profile_image_url": "https://tvax2.sinaimg.cn/crop.0.0.996.996.180/006OMlU2ly8ge509hy1wdj30ro0ro3z7.jpg?KID=imgbed,tva&Expires=1619048380&ssig=FnUV1yEMQ9", "profile_url": "https://m.weibo.cn/u/6247137734?uid=6247137734", "statuses_count": 216, "verified": false, "verified_type": -1, "close_blue_v": false, "description": "", "gender": "m", "mbtype": 0, "urank": 4, "mbrank": 0, "follow_me": false, "following": false, "followers_count": 39, "follow_count": 171, "cover_image_phone": "https://tva1.sinaimg.cn/crop.0.0.640.640.640/549d0121tw1egm1kjly3jj20hs0hsq4f.jpg", "avatar_hd": "https://wx2.sinaimg.cn/orj480/006OMlU2ly8ge509hy1wdj30ro0ro3z7.jpg", "like": false, "like_me": false, "badge": {"bind_taobao": 1, "user_name_certificate": 1, "wenda_v2": 1, "hongrenjie_2019": 1, "hongbao_2020": 2, "feiyan_2020": 1, "hongbaofeijika_2021": 1}}, "reposts_count": 0, "comments_count": 0, "attitudes_count": 0, "pending_approval_count": 0, "isLongText": false, "reward_exhibition_type": 0, "hide_flag": 0, "mlevel": 0, "darwin_tags": [], "mblogtype": 0, "more_info_type": 0, "number_display_strategy": {"apply_scenario_flag": 3, "display_text_min_number": 1000000, "display_text": "100\u4e07+"}, "content_auth": 0, "repost_type": 1, "pic_num": 0, "alchemy_params": {"ug_red_envelope": false}, "raw_text": "\u597d\u836f", "bid": "IuCwm2Lgz"}, {"visible": {"type": 0, "list_id": 0}, "created_at": "Mon Feb 17 15:32:49 +0800 2020", "id": "4472979037764362", "mid": "4472979037764362", "can_edit": false, "show_additional_indication": 0, "text": "\u592a\u597d\u4e86", "source": "\u5fae\u535a weibo.com", "favorited": false, "pic_ids": [], "pic_types": "", "is_paid": false, "mblog_vip_type": 0, "user": {"id": 1873432010, "screen_name": "neo_odyssey", "profile_image_url": "https://tvax3.sinaimg.cn/crop.30.0.540.540.180/6faa4dcaly1gmeyaai5z5j20go0f0760.jpg?KID=imgbed,tva&Expires=1619048380&ssig=W2emTxqzlB", "profile_url": "https://m.weibo.cn/u/1873432010?uid=1873432010", "statuses_count": 279, "verified": false, "verified_type": -1, "close_blue_v": false, "description": "", "gender": "m", "mbtype": 0, "urank": 24, "mbrank": 0, "follow_me": false, "following": false, "followers_count": 375, "follow_count": 222, "cover_image_phone": "https://tva1.sinaimg.cn/crop.0.0.640.640.640/549d0121tw1egm1kjly3jj20hs0hsq4f.jpg", "avatar_hd": "https://wx3.sinaimg.cn/orj480/6faa4dcaly1gmeyaai5z5j20go0f0760.jpg", "like": false, "like_me": false, "badge": {"unread_pool": 1, "unread_pool_ext": 1, "dzwbqlx_2016": 1, "user_name_certificate": 1, "super_star_2018": 1, "dailv_2018": 7, "hongbaofei_2019": 1, "dailv_2020": 1}}, "reposts_count": 0, "comments_count": 0, "attitudes_count": 0, "pending_approval_count": 0, "isLongText": false, "reward_exhibition_type": 0, "hide_flag": 0, "mlevel": 0, "darwin_tags": [], "mblogtype": 0, "more_info_type": 0, "number_display_strategy": {"apply_scenario_flag": 3, "display_text_min_number": 1000000, "display_text": "100\u4e07+"}, "content_auth": 0, "safe_tags": 64, "repost_type": 3, "pic_num": 0, "alchemy_params": {"ug_red_envelope": false}, "raw_text": "\u592a\u597d\u4e86", "bid": "IuCw7wzRE"}, {"visible": {"type": 0, "list_id": 0}, "created_at": "Mon Feb 17 15:32:48 +0800 2020", "id": "4472979033555972", "mid": "4472979033555972", "can_edit": false, "show_additional_indication": 0, "text": "\u8f6c\u53d1\u5fae\u535a", "source": "HUAWEI nova 2 Plus", "favorited": false, "pic_ids": [], "pic_types": "", "is_paid": false, "mblog_vip_type": 0, "user": {"id": 2532212724, "screen_name": "marry\u7433518", "profile_image_url": "https://tvax3.sinaimg.cn/crop.0.0.1010.1010.180/96ee7ff4ly8fvkp886x9qj20s20s2tc8.jpg?KID=imgbed,tva&Expires=1619048380&ssig=MUnNBCbKam", "profile_url": "https://m.weibo.cn/u/2532212724?uid=2532212724", "statuses_count": 33379, "verified": false, "verified_type": -1, "close_blue_v": false, "description": "\u505a\u597d\u81ea\u5df1\uff0cjust by myself\uff01Fighting\u2026\u2026", "gender": "f", "mbtype": 0, "urank": 21, "mbrank": 0, "follow_me": false, "following": false, "followers_count": 1102, "follow_count": 242, "cover_image_phone": "https://tva1.sinaimg.cn/crop.0.0.640.640.640/549d0121tw1egm1kjly3jj20hs0hsq4f.jpg", "avatar_hd": "https://wx3.sinaimg.cn/orj480/96ee7ff4ly8fvkp886x9qj20s20s2tc8.jpg", "like": false, "like_me": false, "badge": {"bind_taobao": 1, "zongyiji": 1, "unread_pool": 1, "unread_pool_ext": 1, "dzwbqlx_2016": 1, "user_name_certificate": 1, "wbzy_2018": 1, "hongbao_2020": 2, "feiyan_2020": 1, "kangyi_2020": 1, "daka_2020": 1, "graduation_2020": 1, "china_2020": 1, "weibozhiye_2020": 1, "hongbaofeijika_2021": 1, "weibozhiyexianxia_2021": 1}}, "reposts_count": 0, "comments_count": 0, "attitudes_count": 0, "pending_approval_count": 0, "isLongText": false, "reward_exhibition_type": 0, "hide_flag": 0, "mlevel": 0, "darwin_tags": [], "mblogtype": 0, "more_info_type": 0, "number_display_strategy": {"apply_scenario_flag": 3, "display_text_min_number": 1000000, "display_text": "100\u4e07+"}, "content_auth": 0, "repost_type": 1, "pic_num": 0, "alchemy_params": {"ug_red_envelope": false}, "raw_text": "\u8f6c\u53d1\u5fae\u535a", "bid": "IuCw7eV4o"}, {"visible": {"type": 0, "list_id": 0}, "created_at": "Mon Feb 17 15:32:22 +0800 2020", "id": "4472978928215373", "mid": "4472978928215373", "can_edit": false, "show_additional_indication": 0, "text": "\u6709\u836f\u4e86 \u5c31\u597d\u529e\u591a\u4e86\u2026\u2026\u5e0c\u671b\u6548\u679c\u660e\u663e\uff01", "source": "\u4e2d\u5174\u5929\u673aAxon 9 Pro", "favorited": false, "pic_ids": [], "pic_types": "", "is_paid": false, "mblog_vip_type": 0, "user": {"id": 2367795362, "screen_name": "xinkeji_cc", "profile_image_url": "https://tvax3.sinaimg.cn/crop.0.0.996.996.180/8d21b0a2ly8gdiabsje5yj20ro0ro0vi.jpg?KID=imgbed,tva&Expires=1619048380&ssig=iMepfDurPn", "profile_url": "https://m.weibo.cn/u/2367795362?uid=2367795362", "statuses_count": 2885, "verified": false, "verified_type": -1, "close_blue_v": false, "description": "", "gender": "m", "mbtype": 0, "urank": 14, "mbrank": 0, "follow_me": false, "following": false, "followers_count": 113, "follow_count": 392, "cover_image_phone": "https://tva1.sinaimg.cn/crop.0.0.640.640.640/549d0121tw1egm1kjly3jj20hs0hsq4f.jpg", "avatar_hd": "https://wx3.sinaimg.cn/orj480/8d21b0a2ly8gdiabsje5yj20ro0ro0vi.jpg", "like": false, "like_me": false, "badge": {"unread_pool": 1, "user_name_certificate": 1, "wenda_v2": 1, "china_2019": 1, "hongkong_2019": 1, "hongbao_2020": 2, "feiyan_2020": 1, "hongbaofeifuniu_2021": 2, "hongbaofeijika_2021": 1}}, "reposts_count": 0, "comments_count": 0, "attitudes_count": 0, "pending_approval_count": 0, "isLongText": false, "reward_exhibition_type": 0, "hide_flag": 0, "mlevel": 0, "darwin_tags": [], "mblogtype": 0, "more_info_type": 0, "number_display_strategy": {"apply_scenario_flag": 3, "display_text_min_number": 1000000, "display_text": "100\u4e07+"}, "content_auth": 0, "repost_type": 4, "pic_num": 0, "alchemy_params": {"ug_red_envelope": false}, "raw_text": "\u6709\u836f\u4e86 \u5c31\u597d\u529e\u591a\u4e86\u2026\u2026\u5e0c\u671b\u6548\u679c\u660e\u663e\uff01", "bid": "IuCvWytc1"}, {"visible": {"type": 0, "list_id": 0}, "created_at": "Mon Feb 17 15:32:09 +0800 2020", "id": "4472978869566972", "mid": "4472978869566972", "can_edit": false, "show_additional_indication": 0, "text": "\u8f6c\u53d1\u5fae\u535a", "source": "HUAWEI P20", "favorited": false, "pic_ids": [], "pic_types": "", "is_paid": false, "mblog_vip_type": 0, "user": {"id": 6031643078, "screen_name": "\u5c0f\u91ce\u4eba\u5b50\u964c", "profile_image_url": "https://tva2.sinaimg.cn/crop.0.0.996.996.180/006Ac9TMjw8f86z23xy8xj30ro0rpmzg.jpg?KID=imgbed,tva&Expires=1619048382&ssig=97rgIs2BNZ", "profile_url": "https://m.weibo.cn/u/6031643078?uid=6031643078", "statuses_count": 1387, "verified": false, "verified_type": -1, "close_blue_v": false, "description": "\u6216\u8bb8\u4ed6\u53ea\u662f\u66a7\u6627\u6210\u763e\uff0c\u4f60\u5374\u8d70\u4e86\u5fc3", "gender": "f", "mbtype": 0, "urank": 9, "mbrank": 0, "follow_me": false, "following": false, "followers_count": 22, "follow_count": 135, "cover_image_phone": "https://tva1.sinaimg.cn/crop.0.0.640.640.640/549d0121tw1egm1kjly3jj20hs0hsq4f.jpg", "avatar_hd": "https://ww2.sinaimg.cn/orj480/006Ac9TMjw8f86z23xy8xj30ro0rpmzg.jpg", "like": false, "like_me": false, "badge": {"bind_taobao": 1, "unread_pool": 1, "unread_pool_ext": 1, "dzwbqlx_2016": 1, "user_name_certificate": 1, "china_2019": 1, "hongkong_2019": 1, "hongbao_2020": 2}}, "reposts_count": 0, "comments_count": 0, "attitudes_count": 0, "pending_approval_count": 0, "isLongText": false, "reward_exhibition_type": 0, "hide_flag": 0, "mlevel": 0, "darwin_tags": [], "mblogtype": 0, "more_info_type": 0, "number_display_strategy": {"apply_scenario_flag": 3, "display_text_min_number": 1000000, "display_text": "100\u4e07+"}, "content_auth": 0, "repost_type": 1, "pic_num": 0, "alchemy_params": {"ug_red_envelope": false}, "raw_text": "\u8f6c\u53d1\u5fae\u535a", "bid": "IuCvQE8O0"}]