[{"visible": {"type": 0, "list_id": 0}, "created_at": "Fri Jul 17 09:20:37 +0800 2020", "id": "4527605937606198", "mid": "4527605937606198", "can_edit": false, "version": 1, "show_additional_indication": 0, "text": "<a  href=\"https://m.weibo.cn/search?containerid=231522type%3D1%26t%3D10%26q%3D%23%E6%B5%B7%E8%AF%84%E9%9D%A2%23\" data-hide=\"\"><span class=\"surl-text\">#\u6d77\u8bc4\u9762#</span></a>\u3010\u75ab\u60c5\u4e25\u5cfb\uff0c\u7f8e\u56fd\u7adf\u6d41\u884c\u8d77\u201c\u65b0\u51a0\u6d3e\u5bf9\u201d\uff1f\u3011<a  href=\"https://m.weibo.cn/search?containerid=231522type%3D1%26t%3D10%26q%3D%23%E7%BE%8E%E4%B8%80%E7%94%B7%E5%AD%90%E5%8F%82%E5%8A%A0%E6%96%B0%E5%86%A0%E6%B4%BE%E5%AF%B9%E5%90%8E%E6%84%9F%E6%9F%93%E7%97%85%E9%80%9D%23&extparam=%23%E7%BE%8E%E4%B8%80%E7%94%B7%E5%AD%90%E5%8F%82%E5%8A%A0%E6%96%B0%E5%86%A0%E6%B4%BE%E5%AF%B9%E5%90%8E%E6%84%9F%E6%9F%93%E7%97%85%E9%80%9D%23\" data-hide=\"\"><span class=\"surl-text\">#\u7f8e\u4e00\u7537\u5b50\u53c2\u52a0\u65b0\u51a0\u6d3e\u5bf9\u540e\u611f\u67d3\u75c5\u901d#</span></a> \u8fd1\u65e5\uff0c\u7f8e\u56fd\u5fb7\u514b\u8428\u65af\u5dde\u4e00\u540d30\u5c81\u7537\u5b50\uff0c\u5728\u786e\u8bca\u65b0\u51a0\u80ba\u708e\u540e\u53bb\u4e16\uff0c\u800c\u4ed6\u611f\u67d3\u7684\u539f\u56e0\u7adf\u662f\u53c2\u52a0\u4e86\u4e00\u573a\u201c\u65b0\u51a0\u6d3e\u5bf9\u201d\u3002\u201c\u6211\u4ee5\u4e3a\u65b0\u51a0\u75c5\u6bd2\u5c31\u662f\u4e2a\u9a97\u5c40\u3002\u201d\u8fd9\u662f\u8fd9\u4f4d\u7537\u5b50\u7684\u4e34\u7ec8\u9057\u8a00\u3002\u7eb5\u7136\u75ab\u60c5\u8086\u8650\uff0c\u7f8e\u56fd\u793e\u4f1a\u4ecd\u6709\u4e0d\u5c11\u4eba\u575a\u6301\u8ba4\u4e3a\u201c\u75c5\u6bd2 ...<a href=\"/status/4527605937606198\">\u5168\u6587</a>", "textLength": 620, "source": "\u5fae\u535a\u89c6\u9891\u53f7", "favorited": false, "pic_ids": [], "pic_types": "", "is_paid": false, "mblog_vip_type": 0, "user": {"id": 2175243340, "screen_name": "\u6d77\u8bc4\u9762", "profile_image_url": "https://tvax4.sinaimg.cn/crop.0.0.690.690.180/81a7944cly8gdi7s90nxpj20j60j6jsl.jpg?KID=imgbed,tva&Expires=1619179967&ssig=zYBXMdjxb9", "profile_url": "https://m.weibo.cn/u/2175243340?uid=2175243340", "statuses_count": 478, "verified": true, "verified_type": 3, "verified_type_ext": 50, "verified_reason": "\u6d77\u8bc4\u9762\u7cfb\u5217\u8bc4\u8bba\u89c6\u9891\u5b98\u65b9\u5fae\u535a", "close_blue_v": false, "description": "\u5bf9\u4e16\u754c\u6b63\u5728\u53d1\u751f\u7684\u4e8b\uff0c\u5228\u6839\u95ee\u5e95", "gender": "f", "mbtype": 2, "urank": 24, "mbrank": 2, "follow_me": false, "following": false, "followers_count": 1032477, "follow_count": 37, "cover_image_phone": "https://tva1.sinaimg.cn/crop.0.0.640.640.640/9d44112bjw1f1xl1c10tuj20hs0hs0tw.jpg", "avatar_hd": "https://wx4.sinaimg.cn/orj480/81a7944cly8gdi7s90nxpj20j60j6jsl.jpg", "like": false, "like_me": false, "badge": {"unread_pool": 1, "unread_pool_ext": 1, "dzwbqlx_2016": 1, "user_name_certificate": 1, "wbzy_2019": 1, "hongbao_2020": 2, "pc_new": 6}}, "reposts_count": 9, "comments_count": 2, "attitudes_count": 4, "pending_approval_count": 0, "isLongText": true, "reward_exhibition_type": 0, "hide_flag": 0, "mlevel": 0, "darwin_tags": [], "mblogtype": 0, "more_info_type": 0, "number_display_strategy": {"apply_scenario_flag": 3, "display_text_min_number": 1000000, "display_text": "100\u4e07+"}, "content_auth": 0, "pic_num": 0, "fid": 4527600880844888, "page_info": {"type": "video", "object_type": 11, "url_ori": "http://t.cn/A6yjLlcL", "page_pic": {"width": 3848, "url": "https://wx3.sinaimg.cn/crop.0.0.1924.1070/81a7944cly1ggtow538rgj21hg0u07rt.jpg", "height": 2140}, "page_url": "https://video.weibo.com/show?fid=1034%3A4527600781950978", "object_id": "1034:4527600781950978", "page_title": "\u6d77\u8bc4\u97622020\u7684\u5fae\u535a\u89c6\u9891", "title": "#\u6d77\u8bc4\u9762#\u3010\u75ab\u60c5\u4e25\u5cfb\uff0c\u7f8e\u56fd\u7adf\u6d41\u884c\u8d77\u201c\u65b0\u51a0\u6d3e\u5bf9\u201d\uff1f\u3011", "content1": "\u6d77\u8bc4\u97622020\u7684\u5fae\u535a\u89c6\u9891", "content2": "#\u6d77\u8bc4\u9762#\u3010\u75ab\u60c5\u4e25\u5cfb\uff0c\u7f8e\u56fd\u7adf\u6d41\u884c\u8d77\u201c\u65b0\u51a0\u6d3e\u5bf9\u201d\uff1f\u3011#\u7f8e\u4e00\u7537\u5b50\u53c2\u52a0\u65b0\u51a0\u6d3e\u5bf9\u540e\u611f\u67d3\u75c5\u901d# \u8fd1\u65e5\uff0c\u7f8e\u56fd\u5fb7\u514b\u8428\u65af\u5dde\u4e00\u540d30\u5c81\u7537\u5b50\uff0c\u5728\u786e\u8bca\u65b0\u51a0\u80ba\u708e\u540e\u53bb\u4e16\uff0c\u800c\u4ed6\u611f\u67d3\u7684\u539f\u56e0\u7adf\u662f\u53c2\u52a0\u4e86\u4e00\u573a\u201c\u65b0\u51a0\u6d3e\u5bf9\u201d\u3002\u201c\u6211\u4ee5\u4e3a\u65b0\u51a0\u75c5\u6bd2\u5c31\u662f\u4e2a\u9a97\u5c40\u3002\u201d\u8fd9\u662f\u8fd9\u4f4d\u7537\u5b50\u7684\u4e34\u7ec8\u9057\u8a00\u3002\u7eb5\u7136\u75ab\u60c5\u8086\u8650\uff0c\u7f8e\u56fd\u793e\u4f1a\u4ecd\u6709\u4e0d\u5c11\u4eba\u575a\u6301\u8ba4\u4e3a", "video_orientation": "horizontal", "play_count": "1\u4e07\u6b21\u64ad\u653e", "media_info": {"stream_url": "https://f.video.weibocdn.com/azfYiEi9lx07ETYPQ3pS01041200lDGh0E010.mp4?label=mp4_ld&template=640x360.25.0&trans_finger=bdef57f06ae52835a2c783ca389e8517&ori=0&ps=1BThihd3VLAY5R&Expires=1619172767&ssig=uaqU77hLJy&KID=unistore,video", "stream_url_hd": "https://f.video.weibocdn.com/X1bUY6vZlx07ETYPVQPm01041200wGIb0E010.mp4?label=mp4_hd&template=852x480.25.0&trans_finger=1621fcd5d40969f1c74e6b06e52fcd54&ori=0&ps=1BThihd3VLAY5R&Expires=1619172767&ssig=0hprh%2F%2BaOX&KID=unistore,video", "duration": 154.296}, "urls": {"mp4_720p_mp4": "https://f.video.weibocdn.com/qossHAnDlx07ETYPTgQ0010412010HRe0E010.mp4?label=mp4_720p&template=1280x720.25.0&trans_finger=11ccc9c970f47cffd9369c72510b3033&ori=0&ps=1BThihd3VLAY5R&Expires=1619172767&ssig=Fe2DRnSibc&KID=unistore,video", "mp4_hd_mp4": "https://f.video.weibocdn.com/X1bUY6vZlx07ETYPVQPm01041200wGIb0E010.mp4?label=mp4_hd&template=852x480.25.0&trans_finger=1621fcd5d40969f1c74e6b06e52fcd54&ori=0&ps=1BThihd3VLAY5R&Expires=1619172767&ssig=0hprh%2F%2BaOX&KID=unistore,video", "mp4_ld_mp4": "https://f.video.weibocdn.com/azfYiEi9lx07ETYPQ3pS01041200lDGh0E010.mp4?label=mp4_ld&template=640x360.25.0&trans_finger=bdef57f06ae52835a2c783ca389e8517&ori=0&ps=1BThihd3VLAY5R&Expires=1619172767&ssig=uaqU77hLJy&KID=unistore,video"}}, "bid": "JbA9HvUIC"}, {"visible": {"type": 0, "list_id": 0}, "created_at": "Fri Jul 17 09:31:00 +0800 2020", "id": "4527608551705130", "mid": "4527608551705130", "can_edit": false, "show_additional_indication": 0, "text": "//<a href='/n/\u4eba\u6c11\u65e5\u62a5\u6d77\u5916\u7248-\u6d77\u5916\u7f51'>@\u4eba\u6c11\u65e5\u62a5\u6d77\u5916\u7248-\u6d77\u5916\u7f51</a>:<a  href=\"https://m.weibo.cn/search?containerid=231522type%3D1%26t%3D10%26q%3D%23%E6%B5%B7%E8%AF%84%E9%9D%A2%23\" data-hide=\"\"><span class=\"surl-text\">#\u6d77\u8bc4\u9762#</span></a> \u75ab\u60c5\u4e25\u5cfb\uff0c\u7f8e\u56fd\u7adf\u6d41\u884c\u8d77\u201c\u65b0\u51a0\u6d3e\u5bf9\u201d\uff1f <a  href=\"https://m.weibo.cn/search?containerid=231522type%3D1%26t%3D10%26q%3D%23%E7%BE%8E%E4%B8%80%E7%94%B7%E5%AD%90%E5%8F%82%E5%8A%A0%E6%96%B0%E5%86%A0%E6%B4%BE%E5%AF%B9%E5%90%8E%E6%84%9F%E6%9F%93%E7%97%85%E9%80%9D%23&extparam=%23%E7%BE%8E%E4%B8%80%E7%94%B7%E5%AD%90%E5%8F%82%E5%8A%A0%E6%96%B0%E5%86%A0%E6%B4%BE%E5%AF%B9%E5%90%8E%E6%84%9F%E6%9F%93%E7%97%85%E9%80%9D%23\" data-hide=\"\"><span class=\"surl-text\">#\u7f8e\u4e00\u7537\u5b50\u53c2\u52a0\u65b0\u51a0\u6d3e\u5bf9\u540e\u611f\u67d3\u75c5\u901d#</span></a>  <a  href=\"https://m.weibo.cn/search?containerid=231522type%3D1%26t%3D10%26q%3D%23%E7%BE%8E%E5%9B%BD%E9%83%A8%E5%88%86%E7%96%AB%E6%83%85%E6%95%B0%E6%8D%AE%E4%BB%8E%E7%96%BE%E6%8E%A7%E4%B8%AD%E5%BF%83%E7%BD%91%E7%AB%99%E5%88%A0%E9%99%A4%23&extparam=%23%E7%BE%8E%E5%9B%BD%E9%83%A8%E5%88%86%E7%96%AB%E6%83%85%E6%95%B0%E6%8D%AE%E4%BB%8E%E7%96%BE%E6%8E%A7%E4%B8%AD%E5%BF%83%E7%BD%91%E7%AB%99%E5%88%A0%E9%99%A4%23\" data-hide=\"\"><span class=\"surl-text\">#\u7f8e\u56fd\u90e8\u5206\u75ab\u60c5\u6570\u636e\u4ece\u75be\u63a7\u4e2d\u5fc3\u7f51\u7ad9\u5220\u9664#</span></a>", "source": "iPhone\u5ba2\u6237\u7aef", "favorited": false, "pic_ids": [], "pic_types": "", "is_paid": false, "mblog_vip_type": 0, "user": {"id": 3561920053, "screen_name": "today123456789_76372", "profile_image_url": "https://tva4.sinaimg.cn/crop.0.0.720.720.180/d44e9635jw8eizncd2cmjj20k00k0t92.jpg?KID=imgbed,tva&Expires=1619179967&ssig=4hlhiD%2FnR4", "profile_url": "https://m.weibo.cn/u/3561920053?uid=3561920053", "statuses_count": 2550, "verified": false, "verified_type": -1, "close_blue_v": false, "description": "", "gender": "f", "mbtype": 0, "urank": 9, "mbrank": 0, "follow_me": false, "following": false, "followers_count": 260, "follow_count": 1458, "cover_image_phone": "https://tva1.sinaimg.cn/crop.0.0.640.640/549d0121tw1egm1kjly3jj20hs0hsq4f.jpg", "avatar_hd": "https://ww4.sinaimg.cn/orj480/d44e9635jw8eizncd2cmjj20k00k0t92.jpg", "like": false, "like_me": false, "badge": {"unread_pool": 1, "unread_pool_ext": 1, "user_name_certificate": 1, "worldcup_2018": 34, "dailv_2018": 1, "hongrenjie_2019": 1, "china_2019": 1, "hongkong_2019": 1, "dzwbqlx_2019": 1, "hongbao_2020": 2, "dailv_2020": 1, "hongrenjie_2020": 1, "china_2020": 1, "hongbaofeifuniu_2021": 1, "lvzhilingyang_2021": 1}}, "pid": 4527607221328523, "pidstr": "4527607221328523", "reposts_count": 0, "comments_count": 0, "attitudes_count": 0, "pending_approval_count": 0, "isLongText": false, "reward_exhibition_type": 0, "hide_flag": 0, "mlevel": 0, "darwin_tags": [], "mblogtype": 0, "more_info_type": 0, "number_display_strategy": {"apply_scenario_flag": 3, "display_text_min_number": 1000000, "display_text": "100\u4e07+"}, "content_auth": 0, "repost_type": 1, "pic_num": 0, "alchemy_params": {"ug_red_envelope": false}, "raw_text": "//@\u4eba\u6c11\u65e5\u62a5\u6d77\u5916\u7248-\u6d77\u5916\u7f51:#\u6d77\u8bc4\u9762# \u75ab\u60c5\u4e25\u5cfb\uff0c\u7f8e\u56fd\u7adf\u6d41\u884c\u8d77\u201c\u65b0\u51a0\u6d3e\u5bf9\u201d\uff1f #\u7f8e\u4e00\u7537\u5b50\u53c2\u52a0\u65b0\u51a0\u6d3e\u5bf9\u540e\u611f\u67d3\u75c5\u901d#  #\u7f8e\u56fd\u90e8\u5206\u75ab\u60c5\u6570\u636e\u4ece\u75be\u63a7\u4e2d\u5fc3\u7f51\u7ad9\u5220\u9664#", "bid": "JbAdV79A6"}, {"visible": {"type": 0, "list_id": 0}, "created_at": "Fri Jul 17 09:30:12 +0800 2020", "id": "4527608349601706", "mid": "4527608349601706", "can_edit": false, "show_additional_indication": 0, "text": "\u8d44\u672c\u4e3b\u4e49\u624d\u662f\u6700\u611a\u6c11\u7684\uff0c\u53cd\u667a\u4e0d<span class=\"url-icon\"><img alt=[\u5141\u60b2] src=\"https://h5.sinaimg.cn/m/emoticon/icon/default/d_yunbei-a14a649db8.png\" style=\"width:1em; height:1em;\" /></span>\uff1f//<a href='/n/\u4eba\u6c11\u65e5\u62a5\u6d77\u5916\u7248-\u6d77\u5916\u7f51'>@\u4eba\u6c11\u65e5\u62a5\u6d77\u5916\u7248-\u6d77\u5916\u7f51</a>:<a  href=\"https://m.weibo.cn/search?containerid=231522type%3D1%26t%3D10%26q%3D%23%E6%B5%B7%E8%AF%84%E9%9D%A2%23\" data-hide=\"\"><span class=\"surl-text\">#\u6d77\u8bc4\u9762#</span></a> \u75ab\u60c5\u4e25\u5cfb\uff0c\u7f8e\u56fd\u7adf\u6d41\u884c\u8d77\u201c\u65b0\u51a0\u6d3e\u5bf9\u201d\uff1f <a  href=\"https://m.weibo.cn/search?containerid=231522type%3D1%26t%3D10%26q%3D%23%E7%BE%8E%E4%B8%80%E7%94%B7%E5%AD%90%E5%8F%82%E5%8A%A0%E6%96%B0%E5%86%A0%E6%B4%BE%E5%AF%B9%E5%90%8E%E6%84%9F%E6%9F%93%E7%97%85%E9%80%9D%23&extparam=%23%E7%BE%8E%E4%B8%80%E7%94%B7%E5%AD%90%E5%8F%82%E5%8A%A0%E6%96%B0%E5%86%A0%E6%B4%BE%E5%AF%B9%E5%90%8E%E6%84%9F%E6%9F%93%E7%97%85%E9%80%9D%23\" data-hide=\"\"><span class=\"surl-text\">#\u7f8e\u4e00\u7537\u5b50\u53c2\u52a0\u65b0\u51a0\u6d3e\u5bf9\u540e\u611f\u67d3\u75c5\u901d#</span></a>  <a  href=\"https://m.weibo.cn/search?containerid=231522type%3D1%26t%3D10%26q%3D%23%E7%BE%8E%E5%9B%BD%E9%83%A8%E5%88%86%E7%96%AB%E6%83%85%E6%95%B0%E6%8D%AE%E4%BB%8E%E7%96%BE%E6%8E%A7%E4%B8%AD%E5%BF%83%E7%BD%91%E7%AB%99%E5%88%A0%E9%99%A4%23&extparam=%23%E7%BE%8E%E5%9B%BD%E9%83%A8%E5%88%86%E7%96%AB%E6%83%85%E6%95%B0%E6%8D%AE%E4%BB%8E%E7%96%BE%E6%8E%A7%E4%B8%AD%E5%BF%83%E7%BD%91%E7%AB%99%E5%88%A0%E9%99%A4%23\" data-hide=\"\"><span class=\"surl-text\">#\u7f8e\u56fd\u90e8\u5206\u75ab\u60c5\u6570\u636e\u4ece\u75be\u63a7\u4e2d\u5fc3\u7f51\u7ad9\u5220\u9664#</span></a>", "source": "\u5c0f\u7c73\u624b\u673a", "favorited": false, "pic_ids": [], "pic_types": "", "is_paid": false, "mblog_vip_type": 0, "user": {"id": 1133512730, "screen_name": "\u6768\u6600\u8fbeLucien", "profile_image_url": "https://tvax1.sinaimg.cn/crop.0.0.670.670.180/4390081aly8g5588mo8v1j20im0imwri.jpg?KID=imgbed,tva&Expires=1619179967&ssig=HjPLAYsp5k", "profile_url": "https://m.weibo.cn/u/1133512730?uid=1133512730", "statuses_count": 1303, "verified": true, "verified_type": 0, "verified_type_ext": 0, "verified_reason": "\u5065\u5eb7\u535a\u4e3b", "close_blue_v": false, "description": "\u5e73\u5b89\u662f\u5e78\uff0c\u5065\u5eb7\u662f\u798f\u3002", "gender": "m", "mbtype": 2, "urank": 33, "mbrank": 5, "follow_me": false, "following": false, "followers_count": 12741, "follow_count": 466, "cover_image_phone": "https://tva1.sinaimg.cn/crop.0.0.640.640.640/549d0121tw1egm1kjly3jj20hs0hsq4f.jpg", "avatar_hd": "https://wx1.sinaimg.cn/orj480/4390081aly8g5588mo8v1j20im0imwri.jpg", "like": false, "like_me": false, "badge": {"gongyi_level": 1, "bind_taobao": 1, "panda": 1, "user_name_certificate": 1, "wenda_v2": 1, "qixi_2018": 1, "national_day_2018": 1, "wbzy_2018": 1, "memorial_2018": 1, "hongbaofei_2019": 1, "hongrenjie_2019": 1, "china_2019": 1, "hongkong_2019": 1, "feiyan_2020": 1}}, "pid": 4527607221328523, "pidstr": "4527607221328523", "reposts_count": 0, "comments_count": 0, "attitudes_count": 0, "pending_approval_count": 0, "isLongText": false, "reward_exhibition_type": 0, "hide_flag": 0, "mlevel": 0, "darwin_tags": [], "mblogtype": 0, "more_info_type": 0, "cardid": "star_112475882258", "number_display_strategy": {"apply_scenario_flag": 3, "display_text_min_number": 1000000, "display_text": "100\u4e07+"}, "content_auth": 0, "repost_type": 3, "pic_num": 0, "alchemy_params": {"ug_red_envelope": false}, "raw_text": "\u8d44\u672c\u4e3b\u4e49\u624d\u662f\u6700\u611a\u6c11\u7684\uff0c\u53cd\u667a\u4e0d[\u5141\u60b2]\uff1f//@\u4eba\u6c11\u65e5\u62a5\u6d77\u5916\u7248-\u6d77\u5916\u7f51:#\u6d77\u8bc4\u9762# \u75ab\u60c5\u4e25\u5cfb\uff0c\u7f8e\u56fd\u7adf\u6d41\u884c\u8d77\u201c\u65b0\u51a0\u6d3e\u5bf9\u201d\uff1f #\u7f8e\u4e00\u7537\u5b50\u53c2\u52a0\u65b0\u51a0\u6d3e\u5bf9\u540e\u611f\u67d3\u75c5\u901d#  #\u7f8e\u56fd\u90e8\u5206\u75ab\u60c5\u6570\u636e\u4ece\u75be\u63a7\u4e2d\u5fc3\u7f51\u7ad9\u5220\u9664#", "bid": "JbAdAEhQe"}, {"visible": {"type": 0, "list_id": 0}, "created_at": "Fri Jul 17 09:28:16 +0800 2020", "id": "4527607863842429", "mid": "4527607863842429", "can_edit": false, "show_additional_indication": 0, "text": "//<a href='/n/\u4eba\u6c11\u65e5\u62a5\u6d77\u5916\u7248-\u6d77\u5916\u7f51'>@\u4eba\u6c11\u65e5\u62a5\u6d77\u5916\u7248-\u6d77\u5916\u7f51</a>:<a  href=\"https://m.weibo.cn/search?containerid=231522type%3D1%26t%3D10%26q%3D%23%E6%B5%B7%E8%AF%84%E9%9D%A2%23\" data-hide=\"\"><span class=\"surl-text\">#\u6d77\u8bc4\u9762#</span></a> \u75ab\u60c5\u4e25\u5cfb\uff0c\u7f8e\u56fd\u7adf\u6d41\u884c\u8d77\u201c\u65b0\u51a0\u6d3e\u5bf9\u201d\uff1f <a  href=\"https://m.weibo.cn/search?containerid=231522type%3D1%26t%3D10%26q%3D%23%E7%BE%8E%E4%B8%80%E7%94%B7%E5%AD%90%E5%8F%82%E5%8A%A0%E6%96%B0%E5%86%A0%E6%B4%BE%E5%AF%B9%E5%90%8E%E6%84%9F%E6%9F%93%E7%97%85%E9%80%9D%23&extparam=%23%E7%BE%8E%E4%B8%80%E7%94%B7%E5%AD%90%E5%8F%82%E5%8A%A0%E6%96%B0%E5%86%A0%E6%B4%BE%E5%AF%B9%E5%90%8E%E6%84%9F%E6%9F%93%E7%97%85%E9%80%9D%23\" data-hide=\"\"><span class=\"surl-text\">#\u7f8e\u4e00\u7537\u5b50\u53c2\u52a0\u65b0\u51a0\u6d3e\u5bf9\u540e\u611f\u67d3\u75c5\u901d#</span></a>  <a  href=\"https://m.weibo.cn/search?containerid=231522type%3D1%26t%3D10%26q%3D%23%E7%BE%8E%E5%9B%BD%E9%83%A8%E5%88%86%E7%96%AB%E6%83%85%E6%95%B0%E6%8D%AE%E4%BB%8E%E7%96%BE%E6%8E%A7%E4%B8%AD%E5%BF%83%E7%BD%91%E7%AB%99%E5%88%A0%E9%99%A4%23&extparam=%23%E7%BE%8E%E5%9B%BD%E9%83%A8%E5%88%86%E7%96%AB%E6%83%85%E6%95%B0%E6%8D%AE%E4%BB%8E%E7%96%BE%E6%8E%A7%E4%B8%AD%E5%BF%83%E7%BD%91%E7%AB%99%E5%88%A0%E9%99%A4%23\" data-hide=\"\"><span class=\"surl-text\">#\u7f8e\u56fd\u90e8\u5206\u75ab\u60c5\u6570\u636e\u4ece\u75be\u63a7\u4e2d\u5fc3\u7f51\u7ad9\u5220\u9664#</span></a>", "source": "HUAWEI Mate Xs 5G", "favorited": false, "pic_ids": [], "pic_types": "", "is_paid": false, "mblog_vip_type": 0, "user": {"id": 3192765065, "screen_name": "\u946b\u5ca9\u8f97\u73af", "profile_image_url": "https://tva2.sinaimg.cn/crop.0.0.180.180.180/be4dba89jw1e8qgp5bmzyj2050050aa8.jpg?KID=imgbed,tva&Expires=1619179967&ssig=4TGDWDjqHZ", "profile_url": "https://m.weibo.cn/u/3192765065?uid=3192765065", "statuses_count": 49648, "verified": true, "verified_type": 2, "verified_type_ext": 50, "verified_reason": "\u5927\u8fde\u946b\u5ca9\u8f97\u73af\u953b\u9020\u6709\u9650\u516c\u53f8 \u953b\u4ef6", "close_blue_v": false, "description": "\u6211\u516c\u53f8\u4e13\u4e1a\u751f\u4ea7\u5404\u79cd\u901a\u7528\u953b\u4ef6\uff0c\u8f97\u73af\u953b\u4ef6\uff0c\u6b22\u8fce\u5149\u4e34 \u6307\u5bfc\uff01", "gender": "m", "mbtype": 0, "urank": 40, "mbrank": 0, "follow_me": false, "following": false, "followers_count": 2700, "follow_count": 2294, "cover_image_phone": "https://tva1.sinaimg.cn/crop.0.0.640.640.640/549d0121tw1egm1kjly3jj20hs0hsq4f.jpg", "avatar_hd": "https://ww2.sinaimg.cn/orj480/be4dba89jw1e8qgp5bmzyj2050050aa8.jpg", "like": false, "like_me": false, "badge": {"gongyi": 1, "gongyi_level": 5, "dailv": 1, "zongyiji": 1, "dzwbqlx_2016": 1, "travel_2017": 1, "user_name_certificate": 1, "suishoupai_2018": 6, "wenchuan_10th": 1, "worldcup_2018": 34, "dailv_2018": 1, "qixi_2018": 1, "yiqijuan_2018": 1, "meilizhongguo_2018": 1, "national_day_2018": 1, "wbzy_2018": 1, "memorial_2018": 1, "hongbaofei_2019": 1, "denglong_2019": 1, "fu_2019": 1, "suishoupai_2019": 1, "wusi_2019": 1, "hongrenjie_2019": 1, "dailv_2019": 1, "china_2019": 1, "hongkong_2019": 1, "dzwbqlx_2019": 3, "rrgyj_2019": 1, "wbzy_2019": 1, "starlight_2019": 1, "gongjiri_2019": 1, "hongbao_2020": 2, "feiyan_2020": 1, "graduation_2020": 1, "dailv_2020": 1, "school_2020": 1, "hongrenjie_2020": 1, "china_2020": 1, "zjszgf_2020": 1, "weibozhiye_2020": 1, "hongbaofeifuniu_2021": 1}}, "pid": 4527607221328523, "pidstr": "4527607221328523", "reposts_count": 0, "comments_count": 0, "attitudes_count": 0, "pending_approval_count": 0, "isLongText": false, "reward_exhibition_type": 0, "hide_flag": 0, "mlevel": 0, "darwin_tags": [], "mblogtype": 0, "more_info_type": 0, "cardid": "star_11247_common", "number_display_strategy": {"apply_scenario_flag": 3, "display_text_min_number": 1000000, "display_text": "100\u4e07+"}, "content_auth": 0, "repost_type": 1, "pic_num": 0, "alchemy_params": {"ug_red_envelope": false}, "raw_text": "//@\u4eba\u6c11\u65e5\u62a5\u6d77\u5916\u7248-\u6d77\u5916\u7f51:#\u6d77\u8bc4\u9762# \u75ab\u60c5\u4e25\u5cfb\uff0c\u7f8e\u56fd\u7adf\u6d41\u884c\u8d77\u201c\u65b0\u51a0\u6d3e\u5bf9\u201d\uff1f #\u7f8e\u4e00\u7537\u5b50\u53c2\u52a0\u65b0\u51a0\u6d3e\u5bf9\u540e\u611f\u67d3\u75c5\u901d#  #\u7f8e\u56fd\u90e8\u5206\u75ab\u60c5\u6570\u636e\u4ece\u75be\u63a7\u4e2d\u5fc3\u7f51\u7ad9\u5220\u9664#", "bid": "JbAcOg7AF"}, {"visible": {"type": 0, "list_id": 0}, "created_at": "Fri Jul 17 09:27:40 +0800 2020", "id": "4527607713110736", "mid": "4527607713110736", "can_edit": false, "show_additional_indication": 0, "text": "//<a href='/n/\u4eba\u6c11\u65e5\u62a5\u6d77\u5916\u7248-\u6d77\u5916\u7f51'>@\u4eba\u6c11\u65e5\u62a5\u6d77\u5916\u7248-\u6d77\u5916\u7f51</a>: <a  href=\"https://m.weibo.cn/search?containerid=231522type%3D1%26t%3D10%26q%3D%23%E6%B5%B7%E8%AF%84%E9%9D%A2%23\" data-hide=\"\"><span class=\"surl-text\">#\u6d77\u8bc4\u9762#</span></a> \u75ab\u60c5\u4e25\u5cfb\uff0c\u7f8e\u56fd\u7adf\u6d41\u884c\u8d77\u201c\u65b0\u51a0\u6d3e\u5bf9\u201d\uff1f <a  href=\"https://m.weibo.cn/search?containerid=231522type%3D1%26t%3D10%26q%3D%23%E7%BE%8E%E4%B8%80%E7%94%B7%E5%AD%90%E5%8F%82%E5%8A%A0%E6%96%B0%E5%86%A0%E6%B4%BE%E5%AF%B9%E5%90%8E%E6%84%9F%E6%9F%93%E7%97%85%E9%80%9D%23&extparam=%23%E7%BE%8E%E4%B8%80%E7%94%B7%E5%AD%90%E5%8F%82%E5%8A%A0%E6%96%B0%E5%86%A0%E6%B4%BE%E5%AF%B9%E5%90%8E%E6%84%9F%E6%9F%93%E7%97%85%E9%80%9D%23\" data-hide=\"\"><span class=\"surl-text\">#\u7f8e\u4e00\u7537\u5b50\u53c2\u52a0\u65b0\u51a0\u6d3e\u5bf9\u540e\u611f\u67d3\u75c5\u901d#</span></a>\u00a0\u00a0<a  href=\"https://m.weibo.cn/search?containerid=231522type%3D1%26t%3D10%26q%3D%23%E7%BE%8E%E5%9B%BD%E9%83%A8%E5%88%86%E7%96%AB%E6%83%85%E6%95%B0%E6%8D%AE%E4%BB%8E%E7%96%BE%E6%8E%A7%E4%B8%AD%E5%BF%83%E7%BD%91%E7%AB%99%E5%88%A0%E9%99%A4%23&extparam=%23%E7%BE%8E%E5%9B%BD%E9%83%A8%E5%88%86%E7%96%AB%E6%83%85%E6%95%B0%E6%8D%AE%E4%BB%8E%E7%96%BE%E6%8E%A7%E4%B8%AD%E5%BF%83%E7%BD%91%E7%AB%99%E5%88%A0%E9%99%A4%23\" data-hide=\"\"><span class=\"surl-text\">#\u7f8e\u56fd\u90e8\u5206\u75ab\u60c5\u6570\u636e\u4ece\u75be\u63a7\u4e2d\u5fc3\u7f51\u7ad9\u5220\u9664#</span></a>", "source": "\u5fae\u535a weibo.com", "favorited": false, "pic_ids": [], "pic_types": "", "is_paid": false, "mblog_vip_type": 0, "user": {"id": 2016711260, "screen_name": "\u68ee\u6797\u91cc\u7684\u725b\u718a\u602a", "profile_image_url": "https://tva1.sinaimg.cn/crop.0.15.641.641.180/7834925cjw8f7zpbvsvr2j20ht0in3zk.jpg?KID=imgbed,tva&Expires=1619179967&ssig=YfMvPxcZ2%2F", "profile_url": "https://m.weibo.cn/u/2016711260?uid=2016711260", "statuses_count": 1981, "verified": false, "verified_type": 220, "close_blue_v": false, "description": "\u65e0\u6211\u4e0d\u52a8\u5fc3", "gender": "m", "mbtype": 0, "urank": 22, "mbrank": 0, "follow_me": false, "following": false, "followers_count": 265, "follow_count": 533, "cover_image_phone": "https://tva1.sinaimg.cn/crop.0.0.640.640/549d0121tw1egm1kjly3jj20hs0hsq4f.jpg", "avatar_hd": "https://ww1.sinaimg.cn/orj480/7834925cjw8f7zpbvsvr2j20ht0in3zk.jpg", "like": false, "like_me": false, "badge": {"unread_pool": 1, "unread_pool_ext": 1, "user_name_certificate": 1, "china_2019": 1, "feiyan_2020": 1}}, "pid": 4527607221328523, "pidstr": "4527607221328523", "reposts_count": 0, "comments_count": 0, "attitudes_count": 0, "pending_approval_count": 0, "isLongText": false, "reward_exhibition_type": 0, "hide_flag": 0, "mlevel": 0, "darwin_tags": [], "mblogtype": 0, "more_info_type": 0, "number_display_strategy": {"apply_scenario_flag": 3, "display_text_min_number": 1000000, "display_text": "100\u4e07+"}, "content_auth": 0, "repost_type": 1, "pic_num": 0, "alchemy_params": {"ug_red_envelope": false}, "raw_text": "//@\u4eba\u6c11\u65e5\u62a5\u6d77\u5916\u7248-\u6d77\u5916\u7f51: #\u6d77\u8bc4\u9762# \u75ab\u60c5\u4e25\u5cfb\uff0c\u7f8e\u56fd\u7adf\u6d41\u884c\u8d77\u201c\u65b0\u51a0\u6d3e\u5bf9\u201d\uff1f #\u7f8e\u4e00\u7537\u5b50\u53c2\u52a0\u65b0\u51a0\u6d3e\u5bf9\u540e\u611f\u67d3\u75c5\u901d#\u00a0\u00a0#\u7f8e\u56fd\u90e8\u5206\u75ab\u60c5\u6570\u636e\u4ece\u75be\u63a7\u4e2d\u5fc3\u7f51\u7ad9\u5220\u9664#", "bid": "JbAczd3fa"}, {"visible": {"type": 0, "list_id": 0}, "created_at": "Fri Jul 17 09:25:43 +0800 2020", "id": "4527607221328523", "mid": "4527607221328523", "can_edit": false, "show_additional_indication": 0, "text": "<a  href=\"https://m.weibo.cn/search?containerid=231522type%3D1%26t%3D10%26q%3D%23%E6%B5%B7%E8%AF%84%E9%9D%A2%23\" data-hide=\"\"><span class=\"surl-text\">#\u6d77\u8bc4\u9762#</span></a> \u75ab\u60c5\u4e25\u5cfb\uff0c\u7f8e\u56fd\u7adf\u6d41\u884c\u8d77\u201c\u65b0\u51a0\u6d3e\u5bf9\u201d\uff1f <a  href=\"https://m.weibo.cn/search?containerid=231522type%3D1%26t%3D10%26q%3D%23%E7%BE%8E%E4%B8%80%E7%94%B7%E5%AD%90%E5%8F%82%E5%8A%A0%E6%96%B0%E5%86%A0%E6%B4%BE%E5%AF%B9%E5%90%8E%E6%84%9F%E6%9F%93%E7%97%85%E9%80%9D%23&extparam=%23%E7%BE%8E%E4%B8%80%E7%94%B7%E5%AD%90%E5%8F%82%E5%8A%A0%E6%96%B0%E5%86%A0%E6%B4%BE%E5%AF%B9%E5%90%8E%E6%84%9F%E6%9F%93%E7%97%85%E9%80%9D%23\" data-hide=\"\"><span class=\"surl-text\">#\u7f8e\u4e00\u7537\u5b50\u53c2\u52a0\u65b0\u51a0\u6d3e\u5bf9\u540e\u611f\u67d3\u75c5\u901d#</span></a>  <a  href=\"https://m.weibo.cn/search?containerid=231522type%3D1%26t%3D10%26q%3D%23%E7%BE%8E%E5%9B%BD%E9%83%A8%E5%88%86%E7%96%AB%E6%83%85%E6%95%B0%E6%8D%AE%E4%BB%8E%E7%96%BE%E6%8E%A7%E4%B8%AD%E5%BF%83%E7%BD%91%E7%AB%99%E5%88%A0%E9%99%A4%23&extparam=%23%E7%BE%8E%E5%9B%BD%E9%83%A8%E5%88%86%E7%96%AB%E6%83%85%E6%95%B0%E6%8D%AE%E4%BB%8E%E7%96%BE%E6%8E%A7%E4%B8%AD%E5%BF%83%E7%BD%91%E7%AB%99%E5%88%A0%E9%99%A4%23\" data-hide=\"\"><span class=\"surl-text\">#\u7f8e\u56fd\u90e8\u5206\u75ab\u60c5\u6570\u636e\u4ece\u75be\u63a7\u4e2d\u5fc3\u7f51\u7ad9\u5220\u9664#</span></a>", "source": "\u5fae\u535a weibo.com", "favorited": false, "pic_ids": [], "pic_types": "", "is_paid": false, "mblog_vip_type": 0, "user": {"id": 3057540037, "screen_name": "\u4eba\u6c11\u65e5\u62a5\u6d77\u5916\u7248-\u6d77\u5916\u7f51", "profile_image_url": "https://tvax1.sinaimg.cn/crop.0.0.199.199.180/b63e5bc5ly1gdujn9ynxbj205k05kt8o.jpg?KID=imgbed,tva&Expires=1619179967&ssig=C9E6akNxwM", "profile_url": "https://m.weibo.cn/u/3057540037?uid=3057540037", "statuses_count": 91049, "verified": true, "verified_type": 3, "verified_type_ext": 0, "verified_reason": "\u4eba\u6c11\u65e5\u62a5\u6d77\u5916\u7248\u5b98\u65b9\u7f51\u7ad9", "close_blue_v": false, "description": "\u4e2d\u56fd\u5f62\u8c61\u4f20\u64ad\u5e73\u53f0\uff0c\u5168\u7403\u534e\u4eba\u7f51\u4e0a\u5bb6\u56ed\u3002", "gender": "m", "mbtype": 12, "urank": 46, "mbrank": 6, "follow_me": false, "following": false, "followers_count": 4809655, "follow_count": 268, "cover_image_phone": "https://tva1.sinaimg.cn/crop.0.0.640.640.640/549d0121tw1egm1kjly3jj20hs0hsq4f.jpg", "avatar_hd": "https://wx1.sinaimg.cn/orj480/b63e5bc5ly1gdujn9ynxbj205k05kt8o.jpg", "like": false, "like_me": false, "badge": {"enterprise": 1, "dzwbqlx_2016": 1, "follow_whitelist_video": 1, "user_name_certificate": 1, "wenchuan_10th": 1, "qixi_2018": 1, "national_day_2018": 1, "memorial_2018": 1, "fu_2019": 1, "suishoupai_2019": 1, "hongrenjie_2019": 1, "china_2019": 1, "hongkong_2019": 1, "gongjiri_2019": 1, "macao_2019": 1, "china_2019_2": 1, "feiyan_2020": 1, "hope_2020": 1, "graduation_2020": 1, "pc_new": 6, "dailv_2020": 1, "school_2020": 1, "china_2020": 1, "weibozhiye_2020": 1, "lvzhilingyang_2021": 1}}, "reposts_count": 7, "comments_count": 6, "attitudes_count": 8, "pending_approval_count": 0, "isLongText": false, "reward_exhibition_type": 0, "hide_flag": 0, "mlevel": 0, "darwin_tags": [], "mblogtype": 0, "more_info_type": 0, "cardid": "star_583", "content_auth": 0, "repost_type": 1, "pic_num": 0, "alchemy_params": {"ug_red_envelope": false}, "raw_text": "#\u6d77\u8bc4\u9762# \u75ab\u60c5\u4e25\u5cfb\uff0c\u7f8e\u56fd\u7adf\u6d41\u884c\u8d77\u201c\u65b0\u51a0\u6d3e\u5bf9\u201d\uff1f #\u7f8e\u4e00\u7537\u5b50\u53c2\u52a0\u65b0\u51a0\u6d3e\u5bf9\u540e\u611f\u67d3\u75c5\u901d#  #\u7f8e\u56fd\u90e8\u5206\u75ab\u60c5\u6570\u636e\u4ece\u75be\u63a7\u4e2d\u5fc3\u7f51\u7ad9\u5220\u9664#", "bid": "JbAbM5zBN"}]