[{"id": 4508446886220251, "created_at": "2020-05-25", "source": "", "user": {"id": 6426145296, "screen_name": "\u8d77\u4e2a\u522b\u81f4\u7684\u540d\u5b57\u771f\u96be", "profile_image_url": "https://tvax1.sinaimg.cn/crop.0.0.996.996.180/0070TrWMly8gmv83nc410j30ro0rota3.jpg?KID=imgbed,tva&Expires=1619177839&ssig=9WYmEr0eHo", "verified": false, "verified_type": -1, "followers_count": 86, "mbtype": 0, "profile_url": "https://m.weibo.cn/u/6426145296?uid=6426145296", "remark": "", "following": false, "follow_me": false}, "text": "\u7f8e\u56fd\u7684\u6b63\u5e38\u64cd\u4f5c\u3002\u96be\u9053\u5c31\u627e\u4e0d\u51fa\u6015\u7684", "like_counts": 0, "liked": false}, {"id": 4508361217486911, "created_at": "2020-05-25", "source": "", "user": {"id": 6416298573, "screen_name": "\u674e\u7ffc\u51f16416298573", "profile_image_url": "https://tvax3.sinaimg.cn/crop.0.0.960.960.180/0070e8mFly8fuyyjcuqzmj30qo0qodhp.jpg?KID=imgbed,tva&Expires=1619177839&ssig=0CK4yd8OWw", "verified": false, "verified_type": -1, "followers_count": 296, "mbtype": 2, "profile_url": "https://m.weibo.cn/u/6416298573?uid=6416298573", "remark": "", "following": false, "follow_me": false}, "text": "\u603b\u7edf\u90fd\u4e0d\u7406\u53d1\uff0c\u4eba\u5bb6\u662f\u81ea\u7136\u5377", "like_counts": 1, "liked": false}, {"id": 4508132728660392, "created_at": "2020-05-24", "source": "", "user": {"id": 1408017503, "screen_name": "\u4e09\u7b49\u661f", "profile_image_url": "https://tva4.sinaimg.cn/crop.0.0.720.720.180/53eca45fjw8efu5682aw0j20k00k0q53.jpg?KID=imgbed,tva&Expires=1619177839&ssig=LGlig9hKyD", "verified": false, "verified_type": -1, "followers_count": 317, "mbtype": 2, "profile_url": "https://m.weibo.cn/u/1408017503?uid=1408017503", "remark": "", "following": false, "follow_me": false}, "text": "\u8ba9\u7f8e\u56fd\u518d\u6b21\u4f1f\u5927<span class=\"url-icon\"><img alt=[\u7b11\u800c\u4e0d\u8bed] src=\"https://h5.sinaimg.cn/m/emoticon/icon/default/d_heiheihei-5170f2f55c.png\" style=\"width:1em; height:1em;\" /></span>", "like_counts": 0, "liked": false}, {"id": 4508132669536245, "created_at": "2020-05-24", "source": "", "user": {"id": 6399457341, "screen_name": "\u6c34\u4e0b\u6362\u6c14\u7684\u8001\u864e\u738b\u55b5\u55b5", "profile_image_url": "https://tvax3.sinaimg.cn/crop.0.0.996.996.180/006Z5tbTly8gbzsat2czoj30ro0rowgc.jpg?KID=imgbed,tva&Expires=1619177839&ssig=zoFxXOgBRG", "verified": false, "verified_type": -1, "followers_count": 4, "mbtype": 0, "profile_url": "https://m.weibo.cn/u/6399457341?uid=6399457341", "remark": "", "following": false, "follow_me": false}, "text": "\u8fd9\u4e48\u656c\u4e1a\uff0c\u5e94\u8be5\u8ba9\u4ed6\u7ed9\u603b\u7edf\u7406\u53d1", "like_counts": 1, "liked": false}, {"id": 4508121005078141, "created_at": "2020-05-24", "source": "", "user": {"id": 5661765703, "screen_name": "\u6740\u751f\u5730\u85cf", "profile_image_url": "https://tvax4.sinaimg.cn/crop.0.0.664.664.180/006babTFly8gh8d9gddjrj30ig0iggm8.jpg?KID=imgbed,tva&Expires=1619177839&ssig=02M7j5TU0e", "verified": true, "verified_type": 0, "followers_count": 74859, "verified_type_ext": 0, "mbtype": 12, "profile_url": "https://m.weibo.cn/u/5661765703?uid=5661765703", "remark": "", "following": false, "follow_me": false}, "text": "\u8be5", "like_counts": 0, "liked": false}, {"id": 4508117263961603, "created_at": "2020-05-24", "source": "", "user": {"id": 2001710451, "screen_name": "\u51af\u601d\u6db5Q", "profile_image_url": "https://tvax3.sinaimg.cn/crop.0.0.664.664.180/774fad73ly8gf2tpx3a7ej20ig0ign09.jpg?KID=imgbed,tva&Expires=1619177839&ssig=mjv28XXgtT", "verified": true, "verified_type": 0, "followers_count": 461, "verified_type_ext": 0, "mbtype": 0, "profile_url": "https://m.weibo.cn/u/2001710451?uid=2001710451", "remark": "", "following": false, "follow_me": false}, "text": "<span class=\"url-icon\"><img alt=[good] src=\"https://h5.sinaimg.cn/m/emoticon/icon/others/h_good-0c51afc69c.png\" style=\"width:1em; height:1em;\" /></span>", "like_counts": 0, "liked": false}, {"id": 4508115271836191, "created_at": "2020-05-24", "source": "", "user": {"id": 7133346623, "screen_name": "\u5fa1\u9994\u6d25\u5c04\u4e0d\u51c6\u539f\u7406", "profile_image_url": "https://tvax3.sinaimg.cn/crop.0.0.996.996.180/007MKNjNly8gfuay5fz8oj30ro0ro0u2.jpg?KID=imgbed,tva&Expires=1619177839&ssig=MxtoROJOMn", "verified": false, "verified_type": -1, "followers_count": 103, "mbtype": 0, "profile_url": "https://m.weibo.cn/u/7133346623?uid=7133346623", "remark": "", "following": false, "follow_me": false}, "text": "\u656c\u4e1a\u2026", "like_counts": 0, "liked": false}]