[{"visible": {"type": 0, "list_id": 0}, "created_at": "Sun May 24 14:16:21 +0800 2020", "id": "4508111417872860", "mid": "4508111417872860", "can_edit": false, "version": 1, "show_additional_indication": 0, "text": "\u30108\u5929\u63a5\u89e6140\u4eba\uff0c\u7f8e\u56fd\u4e24\u540d\u65b0\u51a0\u786e\u8bca\u7406\u53d1\u5e08\u5e26\u75c5\u5de5\u4f5c\u3011CNN\u6d88\u606f\uff0c\u636e\u5f53\u5730\u536b\u751f\u5b98\u5458\uff0c\u7f8e\u56fd\u5bc6\u82cf\u91cc\u5dde\u672c\u6708\u6709\u4e24\u540d\u7406\u53d1\u5e08\u5728\u611f\u67d3\u65b0\u51a0\u75c5\u6bd2\u7684\u60c5\u51b5\u4e0b\u5de5\u4f5c\u4e868\u5929\uff0c\u671f\u95f4\u63a5\u89e6\u4e86140\u540d\u5ba2\u4eba\u3002<br /><br />\u5f53\u5730\u65f6\u95f4\u5468\u4e94\uff0c\u5bc6\u82cf\u91cc\u5dde\u65af\u666e\u6797\u83f2\u5c14\u5fb7\uff0d\u683c\u6797\u53bf\u536b\u751f\u5c40\u53d1\u73b0Great Clips\u6c99\u9f99\u4e00\u540d\u611f\u67d3\u65b0\u51a0\u75c5\u6bd2\u7684\u7406\u53d1\u5e08\u5de5\u4f5c8\u5929\uff0c\u81f491\u4eba\u6709\u611f\u67d3\u98ce\u9669\u3002\u6b21\u65e5 ...<a href=\"/status/4508111417872860\">\u5168\u6587</a>", "textLength": 587, "source": "", "favorited": false, "pic_ids": ["005EHRy1ly1gf3ik1cgopj30v910vq8h"], "pic_types": "0", "thumbnail_pic": "https://wx1.sinaimg.cn/thumbnail/005EHRy1ly1gf3ik1cgopj30v910vq8h.jpg", "bmiddle_pic": "http://wx1.sinaimg.cn/bmiddle/005EHRy1ly1gf3ik1cgopj30v910vq8h.jpg", "original_pic": "https://wx1.sinaimg.cn/large/005EHRy1ly1gf3ik1cgopj30v910vq8h.jpg", "is_paid": false, "mblog_vip_type": 0, "user": {"id": 5182171545, "screen_name": "\u754c\u9762\u65b0\u95fb", "profile_image_url": "https://tvax2.sinaimg.cn/crop.4.0.745.745.180/005EHRy1ly8geilkwacpzj30ku0kua9v.jpg?KID=imgbed,tva&Expires=1619177837&ssig=TR33eXW%2FR6", "profile_url": "https://m.weibo.cn/u/5182171545?uid=5182171545", "statuses_count": 63803, "verified": true, "verified_type": 3, "verified_type_ext": 0, "verified_reason": "\u754c\u9762\uff08www.jiemian.com\uff09\u5b98\u65b9\u5fae\u535a", "close_blue_v": false, "description": "\u754c\u9762\u65b0\u95fb\uff0c\u53ea\u670d\u52a1\u4e8e\u72ec\u7acb\u601d\u8003\u7684\u4eba\u7fa4\u3002", "gender": "m", "mbtype": 12, "urank": 48, "mbrank": 6, "follow_me": false, "following": false, "followers_count": 10985262, "follow_count": 838, "cover_image_phone": "https://wx3.sinaimg.cn/crop.0.0.640.640.640/005EHRy1ly1gdi6p0m3ldj30u00u0dhk.jpg", "avatar_hd": "https://wx2.sinaimg.cn/orj480/005EHRy1ly8geilkwacpzj30ku0kua9v.jpg", "like": false, "like_me": false, "badge": {"self_media": 1, "dzwbqlx_2016": 1, "follow_whitelist_video": 1, "user_name_certificate": 1, "suishoupai_2018": 8, "wenchuan_10th": 1, "dailv_2018": 1, "qixi_2018": 1, "lol_s8": 1, "memorial_2018": 1, "v_influence_2018": 1, "suishoupai_2019": 1, "hongrenjie_2019": 1, "china_2019": 1, "rrgyj_2019": 1, "weishi_2019": 1, "starlight_2019": 1, "hongbao_2020": 2, "feiyan_2020": 1, "pc_new": 6, "school_2020": 1, "china_2020": 1}}, "picStatus": "0:1", "reposts_count": 5, "comments_count": 8, "attitudes_count": 23, "pending_approval_count": 0, "isLongText": true, "reward_exhibition_type": 0, "hide_flag": 0, "mlevel": 0, "darwin_tags": [], "mblogtype": 0, "more_info_type": 0, "cardid": "star_583", "content_auth": 0, "safe_tags": 131072, "pic_num": 1, "pics": [{"pid": "005EHRy1ly1gf3ik1cgopj30v910vq8h", "url": "https://wx1.sinaimg.cn/orj360/005EHRy1ly1gf3ik1cgopj30v910vq8h.jpg", "size": "orj360", "geo": {"width": 360, "height": 424, "croped": false}, "large": {"size": "large", "url": "https://wx1.sinaimg.cn/large/005EHRy1ly1gf3ik1cgopj30v910vq8h.jpg", "geo": {"width": "1125", "height": "1327", "croped": false}}}], "bid": "J3p0Vx25C"}, {"visible": {"type": 0, "list_id": 0}, "created_at": "Sun May 24 15:08:15 +0800 2020", "id": "4508124482967047", "mid": "4508124482967047", "can_edit": false, "show_additional_indication": 0, "text": "//<a href='/n/\u6740\u751f\u5730\u85cf'>@\u6740\u751f\u5730\u85cf</a>:\u8be5", "source": "OnePlus 7 Pro", "favorited": false, "pic_ids": [], "pic_types": "", "is_paid": false, "mblog_vip_type": 0, "user": {"id": 2607051850, "screen_name": "\u8d64\u91cc\u706f\u5ea7", "profile_image_url": "https://tvax2.sinaimg.cn/crop.0.0.1080.1080.180/9b64744aly8g938q95s4jj20u00u0436.jpg?KID=imgbed,tva&Expires=1619177837&ssig=4O5tzGV%2Fx4", "profile_url": "https://m.weibo.cn/u/2607051850?uid=2607051850", "statuses_count": 46714, "verified": false, "verified_type": -1, "close_blue_v": false, "description": "", "gender": "m", "mbtype": 2, "urank": 14, "mbrank": 1, "follow_me": false, "following": false, "followers_count": 258, "follow_count": 1855, "cover_image_phone": "https://tva1.sinaimg.cn/crop.0.0.640.640.640/549d0121tw1egm1kjly3jj20hs0hsq4f.jpg", "avatar_hd": "https://wx2.sinaimg.cn/orj480/9b64744aly8g938q95s4jj20u00u0436.jpg", "like": false, "like_me": false, "badge": {"bind_taobao": 1, "unread_pool": 1, "unread_pool_ext": 1, "user_name_certificate": 1, "wenchuan_10th": 1, "super_star_2018": 1, "worldcup_2018": 34, "dailv_2018": 1, "asiad_2018": 1, "qixi_2018": 1, "lol_s8": 1, "memorial_2018": 1, "hongbaofei_2019": 1, "suishoupai_2019": 1, "wusi_2019": 1, "hongrenjie_2019": 1, "china_2019": 1, "hongkong_2019": 1, "taohuayuan_2019": 1, "dzwbqlx_2019": 2, "gongjiri_2019": 1, "macao_2019": 1, "china_2019_2": 1, "hongbao_2020": 2, "feiyan_2020": 1, "kangyi_2020": 1}}, "pid": 4508121004818749, "pidstr": "4508121004818749", "reposts_count": 0, "comments_count": 0, "attitudes_count": 0, "pending_approval_count": 0, "isLongText": false, "reward_exhibition_type": 0, "hide_flag": 0, "mlevel": 0, "darwin_tags": [], "mblogtype": 0, "more_info_type": 0, "number_display_strategy": {"apply_scenario_flag": 3, "display_text_min_number": 1000000, "display_text": "100\u4e07+"}, "content_auth": 0, "repost_type": 1, "pic_num": 0, "alchemy_params": {"ug_red_envelope": false}, "raw_text": "//@\u6740\u751f\u5730\u85cf:\u8be5", "bid": "J3pm0crRB"}, {"visible": {"type": 0, "list_id": 0}, "created_at": "Sun May 24 14:54:26 +0800 2020", "id": "4508121004818749", "mid": "4508121004818749", "can_edit": false, "show_additional_indication": 0, "text": "\u8be5", "source": "\u5c0f\u7c73CC9e", "favorited": false, "pic_ids": [], "pic_types": "", "is_paid": false, "mblog_vip_type": 0, "user": {"id": 5661765703, "screen_name": "\u6740\u751f\u5730\u85cf", "profile_image_url": "https://tvax4.sinaimg.cn/crop.0.0.664.664.180/006babTFly8gh8d9gddjrj30ig0iggm8.jpg?KID=imgbed,tva&Expires=1619177837&ssig=31wKBQVGVQ", "profile_url": "https://m.weibo.cn/u/5661765703?uid=5661765703", "statuses_count": 39064, "verified": true, "verified_type": 0, "verified_type_ext": 0, "verified_reason": "\u52a8\u6f2b\u535a\u4e3b", "close_blue_v": false, "description": "\u5fc3\u8870\u7aed\u51a0\u5fc3\u75c5\u80ba\u8870\u7aed\u80be\u8870\u7aed\u60a3\u8005", "gender": "m", "mbtype": 12, "urank": 41, "mbrank": 6, "follow_me": false, "following": false, "followers_count": 75625, "follow_count": 555, "cover_image_phone": "https://wx2.sinaimg.cn/crop.0.0.640.640.640/006babTFly1gfz5pwele6j30u00u0e81.jpg", "avatar_hd": "https://wx4.sinaimg.cn/orj480/006babTFly8gh8d9gddjrj30ig0iggm8.jpg", "like": false, "like_me": false, "badge": {"bind_taobao": 1, "dzwbqlx_2016": 1, "follow_whitelist_video": 1, "super_star_2017": 1, "travel_2017": 1, "user_name_certificate": 1, "suishoupai_2018": 8, "wenchuan_10th": 1, "super_star_2018": 1, "worldcup_2018": 34, "dailv_2018": 6, "qixi_2018": 1, "wusi_2019": 1, "hongrenjie_2019": 1, "china_2019": 1, "hongkong_2019": 1, "wbzy_2019": 1, "gongjiri_2019": 1, "hongbao_2020": 2, "feiyan_2020": 1, "kangyi_2020": 1, "dailv_2020": 1, "school_2020": 1, "china_2020": 1}}, "reposts_count": 1, "comments_count": 0, "attitudes_count": 4, "pending_approval_count": 0, "isLongText": false, "reward_exhibition_type": 0, "hide_flag": 0, "mlevel": 0, "darwin_tags": [], "mblogtype": 0, "more_info_type": 0, "cardid": "star_424", "number_display_strategy": {"apply_scenario_flag": 3, "display_text_min_number": 1000000, "display_text": "100\u4e07+"}, "content_auth": 0, "repost_type": 3, "pic_num": 0, "alchemy_params": {"ug_red_envelope": false}, "raw_text": "\u8be5", "bid": "J3pgokdzL"}, {"visible": {"type": 0, "list_id": 0}, "created_at": "Sun May 24 14:26:55 +0800 2020", "id": "4508114077126416", "mid": "4508114077126416", "can_edit": false, "show_additional_indication": 0, "text": "\u8f6c\u53d1\u5fae\u535a", "source": "iPhone\u5ba2\u6237\u7aef", "favorited": false, "pic_ids": [], "pic_types": "", "is_paid": false, "mblog_vip_type": 0, "user": {"id": 1826108324, "screen_name": "\u6674\u5ddd\u65e5\u66ae", "profile_image_url": "https://tva4.sinaimg.cn/crop.0.0.180.180.180/6cd833a4jw1e8qgp5bmzyj2050050aa8.jpg?KID=imgbed,tva&Expires=1619177837&ssig=cAjISCNhpt", "profile_url": "https://m.weibo.cn/u/1826108324?uid=1826108324", "statuses_count": 8536, "verified": false, "verified_type": -1, "close_blue_v": false, "description": "\u7231\u7535\u5f71\uff0c\u7231\u97f3\u4e50\uff0c\u4e5f\u7231\u8bfb\u4e66\uff0c\u76f8\u5f53\u516b\u5366\u4ee5\u53ca\u4e0d\u516b\u5366\uff0c\u4e9b\u8bb8\u201c\u53e4\u4ee3\u201d\uff0c\u4fe1\u4e2d\u533b\uff0c\u5b66\u53e4\u7b5d", "gender": "f", "mbtype": 0, "urank": 40, "mbrank": 0, "follow_me": false, "following": false, "followers_count": 440, "follow_count": 501, "cover_image_phone": "https://tva1.sinaimg.cn/crop.0.0.640.640.640/549d0121tw1egm1kjly3jj20hs0hsq4f.jpg", "avatar_hd": "https://ww4.sinaimg.cn/orj480/6cd833a4jw1e8qgp5bmzyj2050050aa8.jpg", "like": false, "like_me": false, "badge": {"anniversary": 1, "unread_pool": 1, "unread_pool_ext": 1, "dzwbqlx_2016": 1, "user_name_certificate": 1, "worldcup_2018": 34, "memorial_2018": 1, "hongbao_2020": 2, "graduation_2020": 1, "school_2020": 1}}, "reposts_count": 0, "comments_count": 0, "attitudes_count": 0, "pending_approval_count": 0, "isLongText": false, "reward_exhibition_type": 0, "hide_flag": 0, "mlevel": 0, "darwin_tags": [], "mblogtype": 0, "more_info_type": 0, "number_display_strategy": {"apply_scenario_flag": 3, "display_text_min_number": 1000000, "display_text": "100\u4e07+"}, "content_auth": 0, "repost_type": 1, "pic_num": 0, "alchemy_params": {"ug_red_envelope": false}, "raw_text": "\u8f6c\u53d1\u5fae\u535a", "bid": "J3p5dtTUc"}]