[{"id": 4523039566477777, "created_at": "2020-07-04", "source": "", "user": {"id": 6195982358, "screen_name": "\u626c\u5927\u674e\u5609\u6b23", "profile_image_url": "https://tvax2.sinaimg.cn/crop.0.0.1080.1080.180/006LjI3kly8gmqf4tfekvj30u00u0adq.jpg?KID=imgbed,tva&Expires=1619207655&ssig=Yc0hOjqlpU", "verified": false, "verified_type": -1, "followers_count": 210, "mbtype": 2, "profile_url": "https://m.weibo.cn/u/6195982358?uid=6195982358", "remark": "", "following": false, "follow_me": false}, "text": "\u56de\u590d<a href='https://m.weibo.cn/n/\u8def\u5148\u751f595'>@\u8def\u5148\u751f595</a>:\u4f60\u70b9\u5f00\u90a3\u4e9b\u4eba\u8d44\u6599 \u90fd\u4e0d\u6562\u516c\u5f00\u81ea\u5df1\u5b66\u5386\u7684\u4eba\u8fd8\u632f\u632f\u6709\u8bcd\u7684\u6559\u80b2\u522b\u4eba", "reply_id": 4523022704437595, "reply_text": "\u56de\u590d <a href='https://m.weibo.cn/n/9\u60ef\u6709\u4f60\u57284'>@9\u60ef\u6709\u4f60\u57284</a>:\u6211\u4e0d\u77e5\u9053\u5230\u5e95\u8c01\u9700\u8981\u767e\u5ea6<span class=\"url-icon\"><img alt=[\u563b\u563b] src=\"https://h5.sinaimg.cn/m/emoticon/icon/default/d_xixi-643ef6e48d.png\" style=\"width:1em; height:1em;\" /></span> <a href=\"https://weibo.cn/sinaurl?f=w&amp;u=http%3A%2F%2Ft.cn%2FA6yL8qvp\">\u7f51\u9875\u94fe\u63a5</a>", "like_counts": 1, "liked": false}, {"id": 4523038986925281, "created_at": "2020-07-04", "source": "", "user": {"id": 6195982358, "screen_name": "\u626c\u5927\u674e\u5609\u6b23", "profile_image_url": "https://tvax2.sinaimg.cn/crop.0.0.1080.1080.180/006LjI3kly8gmqf4tfekvj30u00u0adq.jpg?KID=imgbed,tva&Expires=1619207655&ssig=Yc0hOjqlpU", "verified": false, "verified_type": -1, "followers_count": 210, "mbtype": 2, "profile_url": "https://m.weibo.cn/u/6195982358?uid=6195982358", "remark": "", "following": false, "follow_me": false}, "text": "\u56de\u590d<a href='https://m.weibo.cn/n/\u8def\u5148\u751f595'>@\u8def\u5148\u751f595</a>:\u6e05\u9192\u7684\u4eba\u771f\u5c11 \u8fd9\u5c42\u697c\u6211\u4f30\u6478\u7740\u4f60\u5b66\u5386\u7b97\u5f88\u9ad8\u4e86 \u522b\u8ba1\u8f83", "reply_id": 4523022704437595, "reply_text": "\u56de\u590d <a href='https://m.weibo.cn/n/9\u60ef\u6709\u4f60\u57284'>@9\u60ef\u6709\u4f60\u57284</a>:\u6211\u4e0d\u77e5\u9053\u5230\u5e95\u8c01\u9700\u8981\u767e\u5ea6<span class=\"url-icon\"><img alt=[\u563b\u563b] src=\"https://h5.sinaimg.cn/m/emoticon/icon/default/d_xixi-643ef6e48d.png\" style=\"width:1em; height:1em;\" /></span> <a href=\"https://weibo.cn/sinaurl?f=w&amp;u=http%3A%2F%2Ft.cn%2FA6yL8qvp\">\u7f51\u9875\u94fe\u63a5</a>", "like_counts": 0, "liked": false}, {"id": 4523025863572978, "created_at": "2020-07-04", "source": "", "user": {"id": 1589987323, "screen_name": "\u5409\u7131\u6613\u5b66\u547d\u7406", "profile_image_url": "https://tvax1.sinaimg.cn/crop.0.0.1002.1002.180/5ec547fbly8ghh2p4tlqxj20ru0ruq4w.jpg?KID=imgbed,tva&Expires=1619207655&ssig=I56NvkUPZG", "verified": true, "verified_type": 0, "followers_count": 1144778, "verified_type_ext": 0, "mbtype": 12, "profile_url": "https://m.weibo.cn/u/1589987323?uid=1589987323", "remark": "", "following": false, "follow_me": false}, "text": "<span class=\"url-icon\"><img alt=[\u62b1\u62b1] src=\"https://h5.sinaimg.cn/m/emoticon/icon/default/d_baobao-820d2c9a0f.png\" style=\"width:1em; height:1em;\" /></span>", "like_counts": 0, "liked": false}, {"id": 4523025711636202, "created_at": "2020-07-04", "source": "", "user": {"id": 1589987323, "screen_name": "\u5409\u7131\u6613\u5b66\u547d\u7406", "profile_image_url": "https://tvax1.sinaimg.cn/crop.0.0.1002.1002.180/5ec547fbly8ghh2p4tlqxj20ru0ruq4w.jpg?KID=imgbed,tva&Expires=1619207655&ssig=I56NvkUPZG", "verified": true, "verified_type": 0, "followers_count": 1144778, "verified_type_ext": 0, "mbtype": 12, "profile_url": "https://m.weibo.cn/u/1589987323?uid=1589987323", "remark": "", "following": false, "follow_me": false}, "text": "<span class=\"url-icon\"><img alt=[\u61a7\u61ac] src=\"https://h5.sinaimg.cn/m/emoticon/icon/default/d_xingxingyan-c64b6a744b.png\" style=\"width:1em; height:1em;\" /></span>", "like_counts": 0, "liked": false}, {"id": 4523024596851744, "created_at": "2020-07-04", "source": "", "user": {"id": 6484882396, "screen_name": "9\u60ef\u6709\u4f60\u57284", "profile_image_url": "https://tvax4.sinaimg.cn/crop.0.0.996.996.180/0074RU9mly8gotjhxp6svj30ro0ro765.jpg?KID=imgbed,tva&Expires=1619207655&ssig=eBs0INwOs%2B", "verified": false, "verified_type": -1, "followers_count": 6, "mbtype": 0, "profile_url": "https://m.weibo.cn/u/6484882396?uid=6484882396", "remark": "", "following": false, "follow_me": false}, "text": "\u56de\u590d<a href='https://m.weibo.cn/n/\u8def\u5148\u751f595'>@\u8def\u5148\u751f595</a>:\u6211\u5237\u4e2a\u5fae\u535a\u8fd8\u5f97\u66ff\u4eba\u89e3\u91ca\uff0c\u4e5f\u662f\u591f\u4e86", "reply_id": 4523022704437595, "reply_text": "\u56de\u590d <a href='https://m.weibo.cn/n/9\u60ef\u6709\u4f60\u57284'>@9\u60ef\u6709\u4f60\u57284</a>:\u6211\u4e0d\u77e5\u9053\u5230\u5e95\u8c01\u9700\u8981\u767e\u5ea6<span class=\"url-icon\"><img alt=[\u563b\u563b] src=\"https://h5.sinaimg.cn/m/emoticon/icon/default/d_xixi-643ef6e48d.png\" style=\"width:1em; height:1em;\" /></span> <a href=\"https://weibo.cn/sinaurl?f=w&amp;u=http%3A%2F%2Ft.cn%2FA6yL8qvp\">\u7f51\u9875\u94fe\u63a5</a>", "like_counts": 0, "liked": false}, {"id": 4523022704437595, "created_at": "2020-07-04", "source": "", "user": {"id": 3559736033, "screen_name": "\u600e\u4e48\u5220\u9664\u5fae\u535a\u6211\u6c14\u4e867", "profile_image_url": "https://tvax4.sinaimg.cn/crop.0.0.1002.1002.180/d42d42e1ly8fusql3wfmlj20ru0ru3yi.jpg?KID=imgbed,tva&Expires=1619207655&ssig=VNtN43r9xl", "verified": false, "verified_type": -1, "followers_count": 52, "mbtype": 0, "profile_url": "https://m.weibo.cn/u/3559736033?uid=3559736033", "remark": "", "following": false, "follow_me": false}, "pic": {"pid": "d42d42e1gy1ggf33dumjgj20u00zjdlr", "url": "https://wx1.sinaimg.cn/orj360/d42d42e1gy1ggf33dumjgj20u00zjdlr.jpg", "size": "orj360", "geo": {"width": 360, "height": 426, "croped": false}, "large": {"size": "large", "url": "https://wx1.sinaimg.cn/large/d42d42e1gy1ggf33dumjgj20u00zjdlr.jpg", "geo": {"width": "1080", "height": "1279", "croped": false}}}, "text": "\u56de\u590d <a href='https://m.weibo.cn/n/9\u60ef\u6709\u4f60\u57284'>@9\u60ef\u6709\u4f60\u57284</a>:\u6211\u4e0d\u77e5\u9053\u5230\u5e95\u8c01\u9700\u8981\u767e\u5ea6<span class=\"url-icon\"><img alt=[\u563b\u563b] src=\"https://h5.sinaimg.cn/m/emoticon/icon/default/d_xixi-643ef6e48d.png\" style=\"width:1em; height:1em;\" /></span>", "reply_id": 4523021253228757, "reply_text": "\u56de\u590d<a href='https://m.weibo.cn/n/\u8def\u5148\u751f595'>@\u8def\u5148\u751f595</a>:\u4f46\u51e1\u4f1a\u4e2a\u767e\u5ea6\u7684\u4eba\u4e5f\u4e0d\u4f1a\u8bf4\u51fa\u8fd9\u4e48\u611a\u8822\u7684\u8bdd\uff0c\u57fa\u56e0\u662f\u5177\u6709\u9057\u4f20\u6548\u5e94\u7684\u6838\u82f7\u9178\u5e8f\u5217\uff0c\u9ebb\u70e6\u770b\u6e05\u695a\u4e86\uff0c\u4e0d\u8bc6\u5b57\u5c31\u53bb\u67e5\u5b57\u5178", "like_counts": 0, "liked": false}, {"id": 4523022150893420, "created_at": "2020-07-04", "source": "", "user": {"id": 3559736033, "screen_name": "\u600e\u4e48\u5220\u9664\u5fae\u535a\u6211\u6c14\u4e867", "profile_image_url": "https://tvax4.sinaimg.cn/crop.0.0.1002.1002.180/d42d42e1ly8fusql3wfmlj20ru0ru3yi.jpg?KID=imgbed,tva&Expires=1619207655&ssig=VNtN43r9xl", "verified": false, "verified_type": -1, "followers_count": 52, "mbtype": 0, "profile_url": "https://m.weibo.cn/u/3559736033?uid=3559736033", "remark": "", "following": false, "follow_me": false}, "pic": {"pid": "d42d42e1gy1ggf313ypjwj20u00z3qd6", "url": "https://wx4.sinaimg.cn/orj360/d42d42e1gy1ggf313ypjwj20u00z3qd6.jpg", "size": "orj360", "geo": {"width": 360, "height": 421, "croped": false}, "large": {"size": "large", "url": "https://wx4.sinaimg.cn/large/d42d42e1gy1ggf313ypjwj20u00z3qd6.jpg", "geo": {"width": "1080", "height": "1263", "croped": false}}}, "text": "\u56de\u590d <a href='https://m.weibo.cn/n/9\u60ef\u6709\u4f60\u57284'>@9\u60ef\u6709\u4f60\u57284</a>:\u56fe\u7247\u8bc4\u8bba", "reply_id": 4523021253228757, "reply_text": "\u56de\u590d<a href='https://m.weibo.cn/n/\u8def\u5148\u751f595'>@\u8def\u5148\u751f595</a>:\u4f46\u51e1\u4f1a\u4e2a\u767e\u5ea6\u7684\u4eba\u4e5f\u4e0d\u4f1a\u8bf4\u51fa\u8fd9\u4e48\u611a\u8822\u7684\u8bdd\uff0c\u57fa\u56e0\u662f\u5177\u6709\u9057\u4f20\u6548\u5e94\u7684\u6838\u82f7\u9178\u5e8f\u5217\uff0c\u9ebb\u70e6\u770b\u6e05\u695a\u4e86\uff0c\u4e0d\u8bc6\u5b57\u5c31\u53bb\u67e5\u5b57\u5178", "like_counts": 0, "liked": false}, {"id": 4523021253228757, "created_at": "2020-07-04", "source": "", "user": {"id": 6484882396, "screen_name": "9\u60ef\u6709\u4f60\u57284", "profile_image_url": "https://tvax4.sinaimg.cn/crop.0.0.996.996.180/0074RU9mly8gotjhxp6svj30ro0ro765.jpg?KID=imgbed,tva&Expires=1619207655&ssig=eBs0INwOs%2B", "verified": false, "verified_type": -1, "followers_count": 6, "mbtype": 0, "profile_url": "https://m.weibo.cn/u/6484882396?uid=6484882396", "remark": "", "following": false, "follow_me": false}, "text": "\u56de\u590d<a href='https://m.weibo.cn/n/\u8def\u5148\u751f595'>@\u8def\u5148\u751f595</a>:\u4f46\u51e1\u4f1a\u4e2a\u767e\u5ea6\u7684\u4eba\u4e5f\u4e0d\u4f1a\u8bf4\u51fa\u8fd9\u4e48\u611a\u8822\u7684\u8bdd\uff0c\u57fa\u56e0\u662f\u5177\u6709\u9057\u4f20\u6548\u5e94\u7684\u6838\u82f7\u9178\u5e8f\u5217\uff0c\u9ebb\u70e6\u770b\u6e05\u695a\u4e86\uff0c\u4e0d\u8bc6\u5b57\u5c31\u53bb\u67e5\u5b57\u5178", "reply_id": 4522993172964552, "reply_text": "\u56de\u590d <a href='https://m.weibo.cn/n/9\u60ef\u6709\u4f60\u57284'>@9\u60ef\u6709\u4f60\u57284</a>:\u81ea\u5df1\u53bb\u8bba\u8bc1\u4e00\u4e0b\u518dBB\uff0c\u4e0d\u77e5\u9053\u7684\u8fd8\u4ee5\u4e3a\u4f60\u91cd\u65b0\u5b9a\u4e49\u57fa\u56e0\u5462", "like_counts": 0, "liked": false}, {"id": 4523019807313426, "created_at": "2020-07-04", "source": "", "user": {"id": 3559736033, "screen_name": "\u600e\u4e48\u5220\u9664\u5fae\u535a\u6211\u6c14\u4e867", "profile_image_url": "https://tvax4.sinaimg.cn/crop.0.0.1002.1002.180/d42d42e1ly8fusql3wfmlj20ru0ru3yi.jpg?KID=imgbed,tva&Expires=1619207655&ssig=VNtN43r9xl", "verified": false, "verified_type": -1, "followers_count": 52, "mbtype": 0, "profile_url": "https://m.weibo.cn/u/3559736033?uid=3559736033", "remark": "", "following": false, "follow_me": false}, "text": "\u56de\u590d <a href='https://m.weibo.cn/n/\u5979\u52a8\u6211\u4e0d\u52a8'>@\u5979\u52a8\u6211\u4e0d\u52a8</a>:\u5f31\u667a\u73a9\u610f\uff0c\u597d\u597d\u67e5\u67e5\uff0c\u7136\u540e\u518d\u770b\u770b\u81ea\u5df1\u5988\u662f\u4e0d\u662f\u88ab\u81ea\u5df1\u8111\u5b50\u574f\u4e86\u5e72\u6b7b\u4e86\u3002<span class=\"url-icon\"><img alt=[\u563b\u563b] src=\"https://h5.sinaimg.cn/m/emoticon/icon/default/d_xixi-643ef6e48d.png\" style=\"width:1em; height:1em;\" /></span>", "reply_id": 4523003037873524, "reply_text": "\u56de\u590d<a href='https://m.weibo.cn/n/\u8def\u5148\u751f595'>@\u8def\u5148\u751f595</a>:\u6211\u5e72\u60a8\ud83d\udc34 \u7684\u65f6\u5019\u5728\u60a8\ud83d\udc34 \u4f53\u5185\u4e22\u4e86\u51e0\u6761\u67d3\u8272\u4f53\u5462\u4eb2<span class=\"url-icon\"><img alt=[\u53ef\u7231] src=\"https://h5.sinaimg.cn/m/emoticon/icon/default/d_keai-9aae643ce8.png\" style=\"width:1em; height:1em;\" /></span>", "like_counts": 0, "liked": false}, {"id": 4523019383180694, "created_at": "2020-07-04", "source": "", "user": {"id": 3559736033, "screen_name": "\u600e\u4e48\u5220\u9664\u5fae\u535a\u6211\u6c14\u4e867", "profile_image_url": "https://tvax4.sinaimg.cn/crop.0.0.1002.1002.180/d42d42e1ly8fusql3wfmlj20ru0ru3yi.jpg?KID=imgbed,tva&Expires=1619207655&ssig=VNtN43r9xl", "verified": false, "verified_type": -1, "followers_count": 52, "mbtype": 0, "profile_url": "https://m.weibo.cn/u/3559736033?uid=3559736033", "remark": "", "following": false, "follow_me": false}, "text": "\u56de\u590d <a href='https://m.weibo.cn/n/\u5979\u52a8\u6211\u4e0d\u52a8'>@\u5979\u52a8\u6211\u4e0d\u52a8</a>:\u4f60\u662f\u6740\u4e86\u81ea\u5df1\u5988\u5427\uff1f\u5b57\u4e0d\u4f1a\u6253\u662f\u4e0d\u662f\u9b54\u6014\u4e86\uff1f", "reply_id": 4523002069028415, "reply_text": "\u56de\u590d<a href='https://m.weibo.cn/n/\u8def\u5148\u751f595'>@\u8def\u5148\u751f595</a>:\u60a8\u662f\u771f\u7684\u5565\u4e0d\u61c2\u8fd8\u53eb\u7684\u51f6\uff0c\ud83d\udc36 \u4e1c\u897f\uff0c\u6211\u4ed6\ud83d\udc34 \u628a\u4f60\ud83d\udc34 \u6c99\u4e86", "like_counts": 0, "liked": false}, {"id": 4523003037873524, "created_at": "2020-07-04", "source": "", "user": {"id": 6588023819, "screen_name": "\u628a\u63e1\u8fdb\u5382\u65f6\u673a", "profile_image_url": "https://tvax2.sinaimg.cn/crop.0.0.1006.1006.180/007bQFWHly8ge9ggescb9j30ry0rymyd.jpg?KID=imgbed,tva&Expires=1619207657&ssig=nrpUsm1mAI", "verified": false, "verified_type": -1, "followers_count": 1, "mbtype": 0, "profile_url": "https://m.weibo.cn/u/6588023819?uid=6588023819", "remark": "", "following": false, "follow_me": false}, "text": "\u56de\u590d<a href='https://m.weibo.cn/n/\u8def\u5148\u751f595'>@\u8def\u5148\u751f595</a>:\u6211\u5e72\u60a8\ud83d\udc34 \u7684\u65f6\u5019\u5728\u60a8\ud83d\udc34 \u4f53\u5185\u4e22\u4e86\u51e0\u6761\u67d3\u8272\u4f53\u5462\u4eb2<span class=\"url-icon\"><img alt=[\u53ef\u7231] src=\"https://h5.sinaimg.cn/m/emoticon/icon/default/d_keai-9aae643ce8.png\" style=\"width:1em; height:1em;\" /></span>", "reply_id": 4522992673206522, "reply_text": "\u56de\u590d <a href='https://m.weibo.cn/n/\u5979\u52a8\u6211\u4e0d\u52a8'>@\u5979\u52a8\u6211\u4e0d\u52a8</a>:\u8bfb\u60a8\u90a3\u79cd\u81ea\u4ee5\u4e3a\u662f\u7684\u4e66\u5417\uff1f\u81ea\u5df1\u662f\u9519\u7684\u4f60\u6709\u8138BB\uff0c\u6211\u770b\u4f60\u662f\u5c11\u4e86\u51e0\u6839\u67d3\u8272\u4f53\u5427", "like_counts": 0, "liked": false}, {"id": 4523002593876612, "created_at": "2020-07-04", "source": "", "user": {"id": 6588023819, "screen_name": "\u628a\u63e1\u8fdb\u5382\u65f6\u673a", "profile_image_url": "https://tvax2.sinaimg.cn/crop.0.0.1006.1006.180/007bQFWHly8ge9ggescb9j30ry0rymyd.jpg?KID=imgbed,tva&Expires=1619207657&ssig=nrpUsm1mAI", "verified": false, "verified_type": -1, "followers_count": 1, "mbtype": 0, "profile_url": "https://m.weibo.cn/u/6588023819?uid=6588023819", "remark": "", "following": false, "follow_me": false}, "text": "\u56de\u590d<a href='https://m.weibo.cn/n/\u4fdd\u62a4\u6211\u65b9\u5218\u4f69\u5947'>@\u4fdd\u62a4\u6211\u65b9\u5218\u4f69\u5947</a>:\u662f\u7684\u5462", "reply_id": 4522967562745616, "reply_text": "\u56de\u590d<a href='https://m.weibo.cn/n/\u5979\u52a8\u6211\u4e0d\u52a8'>@\u5979\u52a8\u6211\u4e0d\u52a8</a>:\u5bf9\u4e86\u6211\u662f\u6ca1\u597d\u597d\u8bfb\u8fc7\u4e66 \u6c5f\u82cf\u9ad8\u8003\u751f\u7269A\u4e5f\u662f\u767d\u5b66\u4e86", "like_counts": 0, "liked": false}, {"id": 4523002069028415, "created_at": "2020-07-04", "source": "", "user": {"id": 6588023819, "screen_name": "\u628a\u63e1\u8fdb\u5382\u65f6\u673a", "profile_image_url": "https://tvax2.sinaimg.cn/crop.0.0.1006.1006.180/007bQFWHly8ge9ggescb9j30ry0rymyd.jpg?KID=imgbed,tva&Expires=1619207657&ssig=nrpUsm1mAI", "verified": false, "verified_type": -1, "followers_count": 1, "mbtype": 0, "profile_url": "https://m.weibo.cn/u/6588023819?uid=6588023819", "remark": "", "following": false, "follow_me": false}, "text": "\u56de\u590d<a href='https://m.weibo.cn/n/\u8def\u5148\u751f595'>@\u8def\u5148\u751f595</a>:\u60a8\u662f\u771f\u7684\u5565\u4e0d\u61c2\u8fd8\u53eb\u7684\u51f6\uff0c\ud83d\udc36 \u4e1c\u897f\uff0c\u6211\u4ed6\ud83d\udc34 \u628a\u4f60\ud83d\udc34 \u6c99\u4e86", "reply_id": 4522992673206522, "reply_text": "\u56de\u590d <a href='https://m.weibo.cn/n/\u5979\u52a8\u6211\u4e0d\u52a8'>@\u5979\u52a8\u6211\u4e0d\u52a8</a>:\u8bfb\u60a8\u90a3\u79cd\u81ea\u4ee5\u4e3a\u662f\u7684\u4e66\u5417\uff1f\u81ea\u5df1\u662f\u9519\u7684\u4f60\u6709\u8138BB\uff0c\u6211\u770b\u4f60\u662f\u5c11\u4e86\u51e0\u6839\u67d3\u8272\u4f53\u5427", "like_counts": 0, "liked": false}, {"id": 4522993172964552, "created_at": "2020-07-04", "source": "", "user": {"id": 3559736033, "screen_name": "\u600e\u4e48\u5220\u9664\u5fae\u535a\u6211\u6c14\u4e867", "profile_image_url": "https://tvax4.sinaimg.cn/crop.0.0.1002.1002.180/d42d42e1ly8fusql3wfmlj20ru0ru3yi.jpg?KID=imgbed,tva&Expires=1619207657&ssig=KZhqxMHE3%2F", "verified": false, "verified_type": -1, "followers_count": 51, "mbtype": 0, "profile_url": "https://m.weibo.cn/u/3559736033?uid=3559736033", "remark": "", "following": false, "follow_me": false}, "text": "\u56de\u590d <a href='https://m.weibo.cn/n/9\u60ef\u6709\u4f60\u57284'>@9\u60ef\u6709\u4f60\u57284</a>:\u81ea\u5df1\u53bb\u8bba\u8bc1\u4e00\u4e0b\u518dBB\uff0c\u4e0d\u77e5\u9053\u7684\u8fd8\u4ee5\u4e3a\u4f60\u91cd\u65b0\u5b9a\u4e49\u57fa\u56e0\u5462", "reply_id": 4522926722348418, "reply_text": "\u56de\u590d<a href='https://m.weibo.cn/n/\u4fdd\u62a4\u6211\u65b9\u5218\u4f69\u5947'>@\u4fdd\u62a4\u6211\u65b9\u5218\u4f69\u5947</a>:\u6709\u9057\u4f20\u6548\u5e94\u7684\u6838\u9178\u7247\u6bb5\u90fd\u80fd\u7b97\u4f5c\u57fa\u56e0", "like_counts": 0, "liked": false}, {"id": 4522992673206522, "created_at": "2020-07-04", "source": "", "user": {"id": 3559736033, "screen_name": "\u600e\u4e48\u5220\u9664\u5fae\u535a\u6211\u6c14\u4e867", "profile_image_url": "https://tvax4.sinaimg.cn/crop.0.0.1002.1002.180/d42d42e1ly8fusql3wfmlj20ru0ru3yi.jpg?KID=imgbed,tva&Expires=1619207657&ssig=KZhqxMHE3%2F", "verified": false, "verified_type": -1, "followers_count": 51, "mbtype": 0, "profile_url": "https://m.weibo.cn/u/3559736033?uid=3559736033", "remark": "", "following": false, "follow_me": false}, "text": "\u56de\u590d <a href='https://m.weibo.cn/n/\u5979\u52a8\u6211\u4e0d\u52a8'>@\u5979\u52a8\u6211\u4e0d\u52a8</a>:\u8bfb\u60a8\u90a3\u79cd\u81ea\u4ee5\u4e3a\u662f\u7684\u4e66\u5417\uff1f\u81ea\u5df1\u662f\u9519\u7684\u4f60\u6709\u8138BB\uff0c\u6211\u770b\u4f60\u662f\u5c11\u4e86\u51e0\u6839\u67d3\u8272\u4f53\u5427", "reply_id": 4522932342371771, "reply_text": "\u56de\u590d<a href='https://m.weibo.cn/n/\u4fdd\u62a4\u6211\u65b9\u5218\u4f69\u5947'>@\u4fdd\u62a4\u6211\u65b9\u5218\u4f69\u5947</a>:\u591a\u8bfb\u4e66\u5965", "like_counts": 0, "liked": false}, {"id": 4522991717012500, "created_at": "2020-07-04", "source": "", "user": {"id": 3559736033, "screen_name": "\u600e\u4e48\u5220\u9664\u5fae\u535a\u6211\u6c14\u4e867", "profile_image_url": "https://tvax4.sinaimg.cn/crop.0.0.1002.1002.180/d42d42e1ly8fusql3wfmlj20ru0ru3yi.jpg?KID=imgbed,tva&Expires=1619207657&ssig=KZhqxMHE3%2F", "verified": false, "verified_type": -1, "followers_count": 51, "mbtype": 0, "profile_url": "https://m.weibo.cn/u/3559736033?uid=3559736033", "remark": "", "following": false, "follow_me": false}, "text": "\u56de\u590d <a href='https://m.weibo.cn/n/\u548c\u563f\u563f\u662f\u5929\u624d'>@\u548c\u563f\u563f\u662f\u5929\u624d</a>:\u8fd8\u662f\u4f60\u81ea\u5df1\u53bb\u91cd\u65b0\u8bfb\u4e00\u6b21\u5427\uff0c\u6709\u4e2a\u624b\u673a\uff0c\u5b81\u4e5f\u53ef\u4ee5\u4e0a\u7f51\u67e5\u67e5", "reply_id": 4522937878970934, "reply_text": "\u56de\u590d <a href='https://m.weibo.cn/n/\u8def\u5148\u751f595'>@\u8def\u5148\u751f595</a>:\u554a\u8fd9\uff0c\u9ad8\u4e09\u751f\u7269\u6ca1\u597d\u597d\u5b66\u5417\uff1f", "like_counts": 0, "liked": false}, {"id": 4522969034307749, "created_at": "2020-07-04", "source": "", "user": {"id": 6195982358, "screen_name": "\u626c\u5927\u674e\u5609\u6b23", "profile_image_url": "https://tvax2.sinaimg.cn/crop.0.0.1080.1080.180/006LjI3kly8gmqf4tfekvj30u00u0adq.jpg?KID=imgbed,tva&Expires=1619207657&ssig=Yaox174wvK", "verified": false, "verified_type": -1, "followers_count": 210, "mbtype": 2, "profile_url": "https://m.weibo.cn/u/6195982358?uid=6195982358", "remark": "", "following": false, "follow_me": false}, "text": "\u56de\u590d<a href='https://m.weibo.cn/n/\u4fdd\u62a4\u6211\u65b9\u5218\u4f69\u5947'>@\u4fdd\u62a4\u6211\u65b9\u5218\u4f69\u5947</a>:\u6574\u5929\u628a\u591a\u8bfb\u4e66\u6302\u5634\u8fb9\u7684\u4eba\u4e0d\u77e5\u9053\u60a8\u8bfb\u4e86\u591a\u5c11 \u63a5\u4e0b\u6765\u662f\u4e0d\u662f\u51c6\u5907\u8003\u535a\u58eb\u540e\u5462<span class=\"url-icon\"><img alt=[\u592a\u5f00\u5fc3] src=\"https://h5.sinaimg.cn/m/emoticon/icon/default/d_taikaixin-b7d86de3fd.png\" style=\"width:1em; height:1em;\" /></span>", "reply_id": 4522911991881648, "reply_text": "\u75c5\u6bd2\u662fRNA\u75c5\u6bd2\u53c8\u4e0d\u662fDNA\uff0c\u6709\u4ec0\u4e48\u57fa\u56e0\u4e4b\u8bf4\uff1f", "like_counts": 0, "liked": false}, {"id": 4522967562745616, "created_at": "2020-07-04", "source": "", "user": {"id": 6195982358, "screen_name": "\u626c\u5927\u674e\u5609\u6b23", "profile_image_url": "https://tvax2.sinaimg.cn/crop.0.0.1080.1080.180/006LjI3kly8gmqf4tfekvj30u00u0adq.jpg?KID=imgbed,tva&Expires=1619207657&ssig=Yaox174wvK", "verified": false, "verified_type": -1, "followers_count": 210, "mbtype": 2, "profile_url": "https://m.weibo.cn/u/6195982358?uid=6195982358", "remark": "", "following": false, "follow_me": false}, "text": "\u56de\u590d<a href='https://m.weibo.cn/n/\u5979\u52a8\u6211\u4e0d\u52a8'>@\u5979\u52a8\u6211\u4e0d\u52a8</a>:\u5bf9\u4e86\u6211\u662f\u6ca1\u597d\u597d\u8bfb\u8fc7\u4e66 \u6c5f\u82cf\u9ad8\u8003\u751f\u7269A\u4e5f\u662f\u767d\u5b66\u4e86", "reply_id": 4522932342371771, "reply_text": "\u56de\u590d<a href='https://m.weibo.cn/n/\u4fdd\u62a4\u6211\u65b9\u5218\u4f69\u5947'>@\u4fdd\u62a4\u6211\u65b9\u5218\u4f69\u5947</a>:\u591a\u8bfb\u4e66\u5965", "like_counts": 0, "liked": false}, {"id": 4522948520559596, "created_at": "2020-07-04", "source": "", "user": {"id": 6076979468, "screen_name": "\u6211\u613f\u76f2\u76ee", "profile_image_url": "https://tvax1.sinaimg.cn/crop.0.0.1006.1006.180/006DgnXSly8g3dvezgujkj30ry0rymza.jpg?KID=imgbed,tva&Expires=1619207657&ssig=SZHc6n6ysL", "verified": false, "verified_type": -1, "followers_count": 239, "mbtype": 2, "profile_url": "https://m.weibo.cn/u/6076979468?uid=6076979468", "remark": "", "following": false, "follow_me": false}, "text": "\u56de\u590d<a href='https://m.weibo.cn/n/\u5357\u5899\u94c1\u5934\u4f55\u4e00\u8bfa'>@\u5357\u5899\u94c1\u5934\u4f55\u4e00\u8bfa</a>:\u5c31\u662f\u8fd9\u4e48\u4e2a\u7406\uff0c\u75ab\u82d7\u7684\u57fa\u7840\u4e5f\u662f\u8fd9\u4e2a\uff0c\u4f46\u662f\u7531\u4e8e\u53d8\u5f02\u5feb\u6240\u4ee5\u56f0\u96be\u5f88\u5927", "reply_id": 4522909438365351, "reply_text": "\u4e0d\u61c2\u5c31\u522b\u778e\u8bf4", "like_counts": 0, "liked": false}, {"id": 4522944535809760, "created_at": "2020-07-04", "source": "", "user": {"id": 1408539473, "screen_name": "\u96c6\u590f", "profile_image_url": "https://tvax1.sinaimg.cn/default/images/default_avatar_male_180.gif?KID=imgbed,tva&Expires=1619207657&ssig=kWGXyImJRI", "verified": false, "verified_type": -1, "followers_count": 367, "mbtype": 0, "profile_url": "https://m.weibo.cn/u/1408539473?uid=1408539473", "remark": "", "following": false, "follow_me": false}, "text": "\u8f6c\u53d1\u5fae\u535a", "like_counts": 0, "liked": false}, {"id": 4522942941270292, "created_at": "2020-07-04", "source": "", "user": {"id": 1302737004, "screen_name": "\u9e21\u817f\u5b50\u5927\u4ed9", "profile_image_url": "https://tva2.sinaimg.cn/crop.0.1.750.750.180/4da6306cjw8f533uicrovj20ku0kwta2.jpg?KID=imgbed,tva&Expires=1619207659&ssig=5Ql67bDTmm", "verified": false, "verified_type": 220, "followers_count": 221, "mbtype": 0, "profile_url": "https://m.weibo.cn/u/1302737004?uid=1302737004", "remark": "", "following": false, "follow_me": false}, "text": "\u4f60\u544a\u8bc9\u6211\uff0c\u7535\u8111\u75c5\u6bd2\u600e\u4e48\u53d8\u5f02\uff1f", "like_counts": 1, "liked": false}, {"id": 4522940916198523, "created_at": "2020-07-04", "source": "", "user": {"id": 6363758842, "screen_name": "\u6734\u9547\u6cf0", "profile_image_url": "https://tvax2.sinaimg.cn/crop.0.0.996.996.180/006WFGnEly8goxlg87iiej30ro0road4.jpg?KID=imgbed,tva&Expires=1619207659&ssig=1pN041PdxA", "verified": false, "verified_type": -1, "followers_count": 217, "mbtype": 12, "profile_url": "https://m.weibo.cn/u/6363758842?uid=6363758842", "remark": "", "following": false, "follow_me": false}, "text": "\u8d85\u7ea7\u4f20\u64ad\u8005", "like_counts": 1, "liked": false}, {"id": 4522938559446709, "created_at": "2020-07-04", "source": "", "user": {"id": 7277629644, "screen_name": "\u5c0f\u5c0f\u5c0f\u80a5\u867e\u554a", "profile_image_url": "https://tvax2.sinaimg.cn/crop.0.0.996.996.180/007WwbVily8ggetgjtooaj30ro0roack.jpg?KID=imgbed,tva&Expires=1619207659&ssig=WdqLZBcd9E", "verified": false, "verified_type": -1, "followers_count": 1, "mbtype": 0, "profile_url": "https://m.weibo.cn/u/7277629644?uid=7277629644", "remark": "", "following": false, "follow_me": false}, "text": "\u56de\u590d<a href='https://m.weibo.cn/n/\u4fdd\u62a4\u6211\u65b9\u5218\u4f69\u5947'>@\u4fdd\u62a4\u6211\u65b9\u5218\u4f69\u5947</a>:\u75c5\u6bd2\u7684\u9057\u4f20\u7269\u8d28\u5c31\u662frna", "reply_id": 4522911991881648, "reply_text": "\u75c5\u6bd2\u662fRNA\u75c5\u6bd2\u53c8\u4e0d\u662fDNA\uff0c\u6709\u4ec0\u4e48\u57fa\u56e0\u4e4b\u8bf4\uff1f", "like_counts": 0, "liked": false}, {"id": 4522937878970934, "created_at": "2020-07-04", "source": "", "user": {"id": 6322566792, "screen_name": "\u548c\u563f\u563f\u662f\u5929\u624d", "profile_image_url": "https://tvax2.sinaimg.cn/crop.0.0.996.996.180/006TSQrKly8fu2mpnk4vmj30ro0roaf2.jpg?KID=imgbed,tva&Expires=1619207659&ssig=Z8ue4ta567", "verified": false, "verified_type": -1, "followers_count": 127, "mbtype": 0, "profile_url": "https://m.weibo.cn/u/6322566792?uid=6322566792", "remark": "", "following": false, "follow_me": false}, "text": "\u56de\u590d <a href='https://m.weibo.cn/n/\u8def\u5148\u751f595'>@\u8def\u5148\u751f595</a>:\u554a\u8fd9\uff0c\u9ad8\u4e09\u751f\u7269\u6ca1\u597d\u597d\u5b66\u5417\uff1f", "reply_id": 4522926105666175, "reply_text": "\u56de\u590d <a href='https://m.weibo.cn/n/\u5657\u55e4\u533b\u751f'>@\u5657\u55e4\u533b\u751f</a>:\u6709\u9057\u4f20\u6548\u5e94\u7684DNA\u624d\u53eb\u57fa\u56e0\uff0c\u600e\u4e48\u80fd\u53eb\u7b97\u4f5c\u57fa\u56e0", "like_counts": 1, "liked": false}, {"id": 4522935496216464, "created_at": "2020-07-04", "source": "", "user": {"id": 5119044840, "screen_name": "\u949f\u96e8\u5bb6zyj", "profile_image_url": "https://tvax3.sinaimg.cn/crop.0.0.750.750.180/005AqZpmly8gilla6k6vlj30ku0kumym.jpg?KID=imgbed,tva&Expires=1619207659&ssig=%2Fu%2F2UZsB%2Bq", "verified": false, "verified_type": -1, "followers_count": 75, "mbtype": 2, "profile_url": "https://m.weibo.cn/u/5119044840?uid=5119044840", "remark": "", "following": false, "follow_me": false}, "text": "\u75c5\u6bd2\u4e0d\u505c\u7684\u66f4\u6362\u5bbf\u4e3b\u2026\u521a\u521a\u770b\u4e86\u795e\u79d8\u6b7b\u4ea1300\u591a\u5934\u5927\u8c61\u7684\u65b0\u95fb\uff0c\u8fd9\u4e48\u4e00\u6765\u6574\u4e2a\u4e16\u754c\u4e0d\u5c31\u88ab\u75c5\u6bd2\u541e\u566c\u4e86", "like_counts": 1, "liked": false}, {"id": 4522935321032680, "created_at": "2020-07-04", "source": "", "user": {"id": 7212222154, "screen_name": "\u8ba4\u771f\u4e0a\u7f51\u9009\u624b\u5c0f\u9633", "profile_image_url": "https://tvax1.sinaimg.cn/crop.0.0.996.996.180/007S5KrMly8gppzcucvdgj30ro0roaco.jpg?KID=imgbed,tva&Expires=1619207659&ssig=xdFeJWgsv5", "verified": false, "verified_type": -1, "followers_count": 40, "mbtype": 2, "profile_url": "https://m.weibo.cn/u/7212222154?uid=7212222154", "remark": "", "following": false, "follow_me": false}, "text": "\u56de\u590d<a href='https://m.weibo.cn/n/\u4fdd\u62a4\u6211\u65b9\u5218\u4f69\u5947'>@\u4fdd\u62a4\u6211\u65b9\u5218\u4f69\u5947</a>:\u4f60\u4eec\u6ca1\u5b66\u8fc7\u9ad8\u4e2d\u751f\u7269\uff1f", "reply_id": 4522911991881648, "reply_text": "\u75c5\u6bd2\u662fRNA\u75c5\u6bd2\u53c8\u4e0d\u662fDNA\uff0c\u6709\u4ec0\u4e48\u57fa\u56e0\u4e4b\u8bf4\uff1f", "like_counts": 0, "liked": false}, {"id": 4522935107511612, "created_at": "2020-07-04", "source": "", "user": {"id": 1687907111, "screen_name": "\u5c71\u6942\u7b11\u4e86\u9178\u67a3\u7ea2\u4e86", "profile_image_url": "https://tva1.sinaimg.cn/crop.0.0.180.180.180/649b6b27jw1e8qgp5bmzyj2050050aa8.jpg?KID=imgbed,tva&Expires=1619207659&ssig=%2FLPdyBRuGC", "verified": true, "verified_type": 0, "followers_count": 18930, "verified_type_ext": 0, "mbtype": 12, "profile_url": "https://m.weibo.cn/u/1687907111?uid=1687907111", "remark": "", "following": false, "follow_me": false}, "text": "Hi\uff0c\u6211\u5df2\u5c06\u4f60\u7684\u5fae\u535a\u6536\u5f55\u5230\u65b0\u9c9c\u4e8b <a href=\"https://weibo.cn/sinaurl?f=w&amp;u=http%3A%2F%2Ft.cn%2FAi8I7HMp\">\u7f51\u9875\u94fe\u63a5</a> \uff0c\u5fae\u535a\u4f1a\u88ab\u63a8\u8350\u7ed9\u66f4\u591a\u7528\u6237\uff08<a href=\"https://weibo.cn/sinaurl?f=w&amp;u=http%3A%2F%2Ft.cn%2FRgMEdl4\">\u7f51\u9875\u94fe\u63a5</a>\uff09\u3002\u5982\u4e0d\u5e0c\u671b\u5fae\u535a\u4e0b\u51fa\u73b0\u65b0\u9c9c\u4e8b\u6807\u7b7e\uff0c\u8bf7\u6233 <a href=\"https://weibo.cn/sinaurl?f=w&amp;u=http%3A%2F%2Ft.cn%2FEb9rTgE\">\u7f51\u9875\u94fe\u63a5</a>", "like_counts": 0, "liked": false}, {"id": 4522934948000116, "created_at": "2020-07-04", "source": "", "user": {"id": 2292622753, "screen_name": "\u5e03\u6717\u59ae920", "profile_image_url": "https://tvax2.sinaimg.cn/crop.0.0.996.996.180/88a6a5a1ly8goikbwfrvnj20ro0ro0x7.jpg?KID=imgbed,tva&Expires=1619207661&ssig=DY9HCeeoQh", "verified": false, "verified_type": 220, "followers_count": 796, "mbtype": 2, "profile_url": "https://m.weibo.cn/u/2292622753?uid=2292622753", "remark": "", "following": false, "follow_me": false}, "text": "\u56de\u590d<a href='https://m.weibo.cn/n/\u6d4e\u5357\u5e02\u7cbe\u795e\u5185\u79d1\u526f\u4e3b\u4efb\u00b7'>@\u6d4e\u5357\u5e02\u7cbe\u795e\u5185\u79d1\u526f\u4e3b\u4efb\u00b7</a>:\u5b9e\u8bdd", "reply_id": 4522925855016034, "reply_text": "\u5230\u76ee\u524d\u4e3a\u6b62\uff0c\u73b0\u5b9e\u4e16\u754c\u91cc\u8fd8\u6ca1\u6709\u836f\u7269\u80fd\u591f\u76f4\u63a5\u6740\u6b7b\u75c5\u6bd2\u3002\u4e3b\u8981\u662f\u6291\u5236\u75c5\u6bd2\u590d\u5236\uff0c\u9760\u81ea\u8eab\u514d\u75ab\u7cfb\u7edf\u529f\u80fd\u62b5\u6297\u3002\u4f46\u75c5\u6bd2\u4f1a\u53d8\u5f02\u3002", "like_counts": 0, "liked": false}, {"id": 4522934489649502, "created_at": "2020-07-04", "source": "", "user": {"id": 5890837049, "screen_name": "\u7834\u7af9\u7af9\u5b50", "profile_image_url": "https://tvax2.sinaimg.cn/crop.78.0.450.450.180/006qFlONly8gdpjsy3le3j30go0cidrn.jpg?KID=imgbed,tva&Expires=1619207661&ssig=8xf3cfi3MU", "verified": false, "verified_type": -1, "followers_count": 4, "mbtype": 0, "profile_url": "https://m.weibo.cn/u/5890837049?uid=5890837049", "remark": "", "following": false, "follow_me": false}, "text": "\u56de\u590d<a href='https://m.weibo.cn/n/\u5357\u5899\u94c1\u5934\u4f55\u4e00\u8bfa'>@\u5357\u5899\u94c1\u5934\u4f55\u4e00\u8bfa</a>:\u54c8\u54c8\u54c8\u54c8<span class=\"url-icon\"><img alt=[\u8d5e] src=\"https://h5.sinaimg.cn/m/emoticon/icon/others/h_zan-44ddc70637.png\" style=\"width:1em; height:1em;\" /></span>", "like_counts": 0, "liked": false}, {"id": 4522934176016285, "created_at": "2020-07-04", "source": "", "user": {"id": 5082738353, "screen_name": "\u5657\u55e4\u533b\u751f", "profile_image_url": "https://tva1.sinaimg.cn/crop.0.0.720.720.180/005xYEqRjw8eufbotbikjj30k00k0t98.jpg?KID=imgbed,tva&Expires=1619207661&ssig=l7BP%2BX613J", "verified": true, "verified_type": 0, "followers_count": 1923, "verified_type_ext": 0, "mbtype": 2, "profile_url": "https://m.weibo.cn/u/5082738353?uid=5082738353", "remark": "", "following": false, "follow_me": false}, "text": "\u56de\u590d<a href='https://m.weibo.cn/n/\u75de\u5b50\u82f1\u96c4458'>@\u75de\u5b50\u82f1\u96c4458</a>:\u4e0d\u53ef\u5426\u8ba4", "reply_id": 4522929445056053, "reply_text": "\u56de\u590d<a href='https://m.weibo.cn/n/\u5657\u55e4\u533b\u751f'>@\u5657\u55e4\u533b\u751f</a>:\u90a3\u4eba\u7c7b\u706d\u7edd\u540e\uff0c\u4e0b\u4e00\u4e2a\u9ad8\u7ea7\u751f\u7269\u4f1a\u731c\u60f3\u4eba\u7c7b\u9738\u4e3b\u5730\u4f4d\u7edf\u6cbb\u5730\u7403\u8fd9\u4e48\u591a\u5e74\u662f\u600e\u4e48\u706d\u7edd\u7684<span class=\"url-icon\"><img alt=[\u55b5\u55b5] src=\"https://h5.sinaimg.cn/m/emoticon/icon/others/d_miao-c1b3d563bd.png\" style=\"width:1em; height:1em;\" /></span>", "like_counts": 2, "liked": false}, {"id": 4522933966320914, "created_at": "2020-07-04", "source": "", "user": {"id": 5802308425, "screen_name": "\u7995\u5f00\u5f00", "profile_image_url": "https://tva1.sinaimg.cn/crop.0.0.996.996.180/006kFTtLjw8f6eqs1eqc8j30ro0rpq57.jpg?KID=imgbed,tva&Expires=1619207661&ssig=BHNbbIqsNQ", "verified": false, "verified_type": -1, "followers_count": 129, "mbtype": 0, "profile_url": "https://m.weibo.cn/u/5802308425?uid=5802308425", "remark": "", "following": false, "follow_me": false}, "text": "<a href='https://m.weibo.cn/n/\u653e\u725b\u5a03\u82cf\u5c11'>@\u653e\u725b\u5a03\u82cf\u5c11</a>", "like_counts": 0, "liked": false}, {"id": 4522933681620873, "created_at": "2020-07-04", "source": "", "user": {"id": 5820200745, "screen_name": "\u7ea2\u8863\u64a9\u62e8", "profile_image_url": "https://tvax4.sinaimg.cn/crop.0.0.1080.1080.180/006lSY5zly8gpnydtr3hzj30u00u0dhi.jpg?KID=imgbed,tva&Expires=1619207661&ssig=IaQ57YPPDT", "verified": false, "verified_type": -1, "followers_count": 14089, "mbtype": 12, "profile_url": "https://m.weibo.cn/u/5820200745?uid=5820200745", "remark": "", "following": false, "follow_me": false}, "text": "\u670d\u4e86<a href='https://m.weibo.cn/n/-Ntoya-'>@-Ntoya-</a>", "like_counts": 0, "liked": false}, {"id": 4522933579506953, "created_at": "2020-07-04", "source": "", "user": {"id": 3987715641, "screen_name": "\u4ed9\u522b", "profile_image_url": "https://tvax4.sinaimg.cn/crop.0.0.480.480.180/edafb639ly8fzzzesn21ij20dc0dcq4l.jpg?KID=imgbed,tva&Expires=1619207661&ssig=hESfJ%2FlvNa", "verified": false, "verified_type": -1, "followers_count": 27, "mbtype": 0, "profile_url": "https://m.weibo.cn/u/3987715641?uid=3987715641", "remark": "", "following": false, "follow_me": false}, "text": "\u5728\uff1f\u6765\u63e1\u624b", "reply_id": 4522912893545587, "reply_text": "\u770b\u5230DNA\u548cRNA\uff0c\u60f3\u5230\u4e86TCP,UDP", "like_counts": 1, "liked": false}, {"id": 4522932342371771, "created_at": "2020-07-04", "source": "", "user": {"id": 6588023819, "screen_name": "\u628a\u63e1\u8fdb\u5382\u65f6\u673a", "profile_image_url": "https://tvax2.sinaimg.cn/crop.0.0.1006.1006.180/007bQFWHly8ge9ggescb9j30ry0rymyd.jpg?KID=imgbed,tva&Expires=1619207661&ssig=AjGi%2FFud%2Fp", "verified": false, "verified_type": -1, "followers_count": 1, "mbtype": 0, "profile_url": "https://m.weibo.cn/u/6588023819?uid=6588023819", "remark": "", "following": false, "follow_me": false}, "text": "\u56de\u590d<a href='https://m.weibo.cn/n/\u4fdd\u62a4\u6211\u65b9\u5218\u4f69\u5947'>@\u4fdd\u62a4\u6211\u65b9\u5218\u4f69\u5947</a>:\u591a\u8bfb\u4e66\u5965", "reply_id": 4522911991881648, "reply_text": "\u75c5\u6bd2\u662fRNA\u75c5\u6bd2\u53c8\u4e0d\u662fDNA\uff0c\u6709\u4ec0\u4e48\u57fa\u56e0\u4e4b\u8bf4\uff1f", "like_counts": 0, "liked": false}, {"id": 4522931738946324, "created_at": "2020-07-04", "source": "", "user": {"id": 7236345148, "screen_name": "\u67ab\u989c\u767e\u5986", "profile_image_url": "https://tvax1.sinaimg.cn/crop.0.0.512.512.180/007TIXWkly8gek6z4ozr5j30e80e8acs.jpg?KID=imgbed,tva&Expires=1619207661&ssig=8JgGf05G%2F8", "verified": false, "verified_type": -1, "followers_count": 8, "mbtype": 0, "profile_url": "https://m.weibo.cn/u/7236345148?uid=7236345148", "remark": "", "following": false, "follow_me": false}, "text": "\u81ea\u7136\u9009\u62e9\uff0c\u9002\u8005\u751f\u5b58\uff0c\u4e0d\u9002\u8005\u6b7b\u4ea1\u3002", "like_counts": 1, "liked": false}, {"id": 4522930967368736, "created_at": "2020-07-04", "source": "", "user": {"id": 5320729967, "screen_name": "\u53e4\u98ce00165", "profile_image_url": "https://tva3.sinaimg.cn/crop.0.0.100.100.180/005O5eVhjw8elfghggc1tj302s02sdfo.jpg?KID=imgbed,tva&Expires=1619207661&ssig=mVI%2Bm9O3J4", "verified": false, "verified_type": -1, "followers_count": 0, "mbtype": 0, "profile_url": "https://m.weibo.cn/u/5320729967?uid=5320729967", "remark": "", "following": false, "follow_me": false}, "text": "\u56de\u590d<a href='https://m.weibo.cn/n/\u4e09\u5ddd\u674e\u5e7f\u544a\u4fa0\u5ba2'>@\u4e09\u5ddd\u674e\u5e7f\u544a\u4fa0\u5ba2</a>:\u6211\u7adf\u7136\u60f3\u7684\u662fATP\u8f6c\u5316\u3002", "reply_id": 4522912893545587, "reply_text": "\u770b\u5230DNA\u548cRNA\uff0c\u60f3\u5230\u4e86TCP,UDP", "like_counts": 0, "liked": false}, {"id": 4522929742801297, "created_at": "2020-07-04", "source": "", "user": {"id": 7243391868, "screen_name": "\u6c38\u591c\u80cc\u540e\u627e\u6708\u4eae", "profile_image_url": "https://tvax2.sinaimg.cn/crop.0.0.996.996.180/007Ucx76ly8gn3wt02qkdj30ro0rogoo.jpg?KID=imgbed,tva&Expires=1619207661&ssig=gBX2l70v8x", "verified": false, "verified_type": -1, "followers_count": 7, "mbtype": 0, "profile_url": "https://m.weibo.cn/u/7243391868?uid=7243391868", "remark": "", "following": false, "follow_me": false}, "text": "\u56de\u590d<a href='https://m.weibo.cn/n/\u5657\u55e4\u533b\u751f'>@\u5657\u55e4\u533b\u751f</a>:\u524d\u4e24\u5929\u6709\u62a5\u9053\u8bf4\u82f1\u56fd\u79d1\u5b66\u5bb6\u5df2\u7ecf\u6709\u8bc1\u660e\u4e86", "reply_id": 4522925066365026, "reply_text": "\u56de\u590d<a href='https://m.weibo.cn/n/\u4f20\u95fb\u4e0d\u653b\u81ea\u7834'>@\u4f20\u95fb\u4e0d\u653b\u81ea\u7834</a>:\u8fd9\u4e9b\u90fd\u662f\u731c\u60f3\u3002\u3002\u6ca1\u6709\u8bc1\u636e", "like_counts": 0, "liked": false}, {"id": 4522929445056053, "created_at": "2020-07-04", "source": "", "user": {"id": 2143306021, "screen_name": "\u75de\u5b50\u82f1\u96c4458", "profile_image_url": "https://tva3.sinaimg.cn/crop.0.0.180.180.180/7fc04125jw1e8qgp5bmzyj2050050aa8.jpg?KID=imgbed,tva&Expires=1619207664&ssig=v2sRZ0I6ht", "verified": false, "verified_type": -1, "followers_count": 85, "mbtype": 2, "profile_url": "https://m.weibo.cn/u/2143306021?uid=2143306021", "remark": "", "following": false, "follow_me": false}, "text": "\u56de\u590d<a href='https://m.weibo.cn/n/\u5657\u55e4\u533b\u751f'>@\u5657\u55e4\u533b\u751f</a>:\u90a3\u4eba\u7c7b\u706d\u7edd\u540e\uff0c\u4e0b\u4e00\u4e2a\u9ad8\u7ea7\u751f\u7269\u4f1a\u731c\u60f3\u4eba\u7c7b\u9738\u4e3b\u5730\u4f4d\u7edf\u6cbb\u5730\u7403\u8fd9\u4e48\u591a\u5e74\u662f\u600e\u4e48\u706d\u7edd\u7684<span class=\"url-icon\"><img alt=[\u55b5\u55b5] src=\"https://h5.sinaimg.cn/m/emoticon/icon/others/d_miao-c1b3d563bd.png\" style=\"width:1em; height:1em;\" /></span>", "reply_id": 4522918241094987, "reply_text": "\u6211\u73b0\u5728\u89c9\u5f97\u6050\u9f99\u706d\u7edd\u53ef\u80fd\u662f\u56e0\u4e3a\u75c5\u6bd2\u3002\u3002\u3002\u51b0\u5ddd\u878d\u5316\u91ca\u653e\u5f88\u591a\u53e4\u8001\u75c5\u6bd2\u53ef\u80fd\u662f\u771f\u7684", "like_counts": 7, "liked": false}, {"id": 4522929227144441, "created_at": "2020-07-04", "source": "", "user": {"id": 5635794322, "screen_name": "\u6211\u4e0d\u957f\u8089emmm", "profile_image_url": "https://tvax1.sinaimg.cn/crop.0.0.664.664.180/0069pdyqly8fnxmod3q0pj30ig0igab2.jpg?KID=imgbed,tva&Expires=1619207664&ssig=42LoCJ1G2n", "verified": false, "verified_type": -1, "followers_count": 106, "mbtype": 0, "profile_url": "https://m.weibo.cn/u/5635794322?uid=5635794322", "remark": "", "following": false, "follow_me": false}, "text": "\u4e2d\u56fd\u6ca1\u4e8b\u5427\uff0c\u6211\u521a\u5b9a\u4e86\u7968\u51c6\u5907\u51fa\u53bb\u73a9<span class=\"url-icon\"><img alt=[\u5141\u60b2] src=\"https://h5.sinaimg.cn/m/emoticon/icon/default/d_yunbei-a14a649db8.png\" style=\"width:1em; height:1em;\" /></span><span class=\"url-icon\"><img alt=[\u5141\u60b2] src=\"https://h5.sinaimg.cn/m/emoticon/icon/default/d_yunbei-a14a649db8.png\" style=\"width:1em; height:1em;\" /></span>", "like_counts": 1, "liked": false}, {"id": 4522926814025021, "created_at": "2020-07-04", "source": "", "user": {"id": 3559736033, "screen_name": "\u600e\u4e48\u5220\u9664\u5fae\u535a\u6211\u6c14\u4e867", "profile_image_url": "https://tvax4.sinaimg.cn/crop.0.0.1002.1002.180/d42d42e1ly8fusql3wfmlj20ru0ru3yi.jpg?KID=imgbed,tva&Expires=1619207664&ssig=qK6Mw3NYVd", "verified": false, "verified_type": -1, "followers_count": 51, "mbtype": 0, "profile_url": "https://m.weibo.cn/u/3559736033?uid=3559736033", "remark": "", "following": false, "follow_me": false}, "text": "RNA\u672c\u8eab\u5c31\u662fRNA\u75c5\u6bd2\u7684\u9057\u4f20\u7269\u8d28\uff0cRNA\u75c5\u6bd2\u5e76\u6ca1\u6709\u57fa\u56e0\u4e00\u8bf4\u3002\u57fa\u56e0\u662f\u5177\u6709\u9057\u4f20\u6548\u5e94\u7684DNA", "like_counts": 2, "liked": false}, {"id": 4522926722348418, "created_at": "2020-07-04", "source": "", "user": {"id": 6484882396, "screen_name": "9\u60ef\u6709\u4f60\u57284", "profile_image_url": "https://tvax4.sinaimg.cn/crop.0.0.996.996.180/0074RU9mly8gotjhxp6svj30ro0ro765.jpg?KID=imgbed,tva&Expires=1619207664&ssig=3CD%2BVmBP6V", "verified": false, "verified_type": -1, "followers_count": 6, "mbtype": 0, "profile_url": "https://m.weibo.cn/u/6484882396?uid=6484882396", "remark": "", "following": false, "follow_me": false}, "text": "\u56de\u590d<a href='https://m.weibo.cn/n/\u4fdd\u62a4\u6211\u65b9\u5218\u4f69\u5947'>@\u4fdd\u62a4\u6211\u65b9\u5218\u4f69\u5947</a>:\u6709\u9057\u4f20\u6548\u5e94\u7684\u6838\u9178\u7247\u6bb5\u90fd\u80fd\u7b97\u4f5c\u57fa\u56e0", "reply_id": 4522911991881648, "reply_text": "\u75c5\u6bd2\u662fRNA\u75c5\u6bd2\u53c8\u4e0d\u662fDNA\uff0c\u6709\u4ec0\u4e48\u57fa\u56e0\u4e4b\u8bf4\uff1f", "like_counts": 1, "liked": false}, {"id": 4522926277537260, "created_at": "2020-07-04", "source": "", "user": {"id": 3559736033, "screen_name": "\u600e\u4e48\u5220\u9664\u5fae\u535a\u6211\u6c14\u4e867", "profile_image_url": "https://tvax4.sinaimg.cn/crop.0.0.1002.1002.180/d42d42e1ly8fusql3wfmlj20ru0ru3yi.jpg?KID=imgbed,tva&Expires=1619207664&ssig=qK6Mw3NYVd", "verified": false, "verified_type": -1, "followers_count": 51, "mbtype": 0, "profile_url": "https://m.weibo.cn/u/3559736033?uid=3559736033", "remark": "", "following": false, "follow_me": false}, "text": "\u56de\u590d <a href='https://m.weibo.cn/n/\u96ea\u5948\u9053\u679d'>@\u96ea\u5948\u9053\u679d</a>:\u6709\u6bdb\u75c5\uff0c\u53ea\u6709\u62e5\u6709\u9057\u4f20\u6548\u5e94\u7684DNA\u624d\u53eb\u57fa\u56e0", "reply_id": 4522916098575245, "reply_text": "\u56de\u590d<a href='https://m.weibo.cn/n/\u4fdd\u62a4\u6211\u65b9\u5218\u4f69\u5947'>@\u4fdd\u62a4\u6211\u65b9\u5218\u4f69\u5947</a>:\u5f53RNA\u4f5c\u9057\u4f20\u7269\u8d28\u65f6\uff0c\u5176\u4e0a\u5177\u9057\u4f20\u6548\u5e94\u7684\u7247\u6bb5\u4e5f\u53eb\u57fa\u56e0\u5440\u3002RNA\u75c5\u6bd2\u7684\u9057\u4f20\u7269\u8d28\u5c31\u662fRNA\u5440\uff0c\u6240\u4ee5\u4e5f\u53ef\u8ba4\u4e3a\u662f\u57fa\u56e0\u3002\u6ca1\u6bdb\u75c5\u3002", "like_counts": 2, "liked": false}, {"id": 4522926105666175, "created_at": "2020-07-04", "source": "", "user": {"id": 3559736033, "screen_name": "\u600e\u4e48\u5220\u9664\u5fae\u535a\u6211\u6c14\u4e867", "profile_image_url": "https://tvax4.sinaimg.cn/crop.0.0.1002.1002.180/d42d42e1ly8fusql3wfmlj20ru0ru3yi.jpg?KID=imgbed,tva&Expires=1619207664&ssig=qK6Mw3NYVd", "verified": false, "verified_type": -1, "followers_count": 51, "mbtype": 0, "profile_url": "https://m.weibo.cn/u/3559736033?uid=3559736033", "remark": "", "following": false, "follow_me": false}, "text": "\u56de\u590d <a href='https://m.weibo.cn/n/\u5657\u55e4\u533b\u751f'>@\u5657\u55e4\u533b\u751f</a>:\u6709\u9057\u4f20\u6548\u5e94\u7684DNA\u624d\u53eb\u57fa\u56e0\uff0c\u600e\u4e48\u80fd\u53eb\u7b97\u4f5c\u57fa\u56e0", "reply_id": 4522918447424668, "reply_text": "\u56de\u590d<a href='https://m.weibo.cn/n/\u4fdd\u62a4\u6211\u65b9\u5218\u4f69\u5947'>@\u4fdd\u62a4\u6211\u65b9\u5218\u4f69\u5947</a>:\u6709\u7f16\u7801\u80fd\u529b\u7684\u9057\u4f20\u7269\u8d28\u57fa\u672c\u90fd\u53ef\u4ee5\u7b97\u4f5c\u57fa\u56e0\u5427", "like_counts": 1, "liked": false}, {"id": 4522925855016034, "created_at": "2020-07-04", "source": "", "user": {"id": 5049745621, "screen_name": "Startalloveragainchx", "profile_image_url": "https://tvax4.sinaimg.cn/crop.0.0.1080.1080.180/005vKdw1ly8gpo6wq0xmaj30u00u0dh6.jpg?KID=imgbed,tva&Expires=1619207664&ssig=8aR04ho3ql", "verified": false, "verified_type": -1, "followers_count": 245, "mbtype": 12, "profile_url": "https://m.weibo.cn/u/5049745621?uid=5049745621", "remark": "", "following": false, "follow_me": false}, "text": "\u5230\u76ee\u524d\u4e3a\u6b62\uff0c\u73b0\u5b9e\u4e16\u754c\u91cc\u8fd8\u6ca1\u6709\u836f\u7269\u80fd\u591f\u76f4\u63a5\u6740\u6b7b\u75c5\u6bd2\u3002\u4e3b\u8981\u662f\u6291\u5236\u75c5\u6bd2\u590d\u5236\uff0c\u9760\u81ea\u8eab\u514d\u75ab\u7cfb\u7edf\u529f\u80fd\u62b5\u6297\u3002\u4f46\u75c5\u6bd2\u4f1a\u53d8\u5f02\u3002", "like_counts": 10, "liked": false}, {"id": 4522925066365026, "created_at": "2020-07-04", "source": "", "user": {"id": 5082738353, "screen_name": "\u5657\u55e4\u533b\u751f", "profile_image_url": "https://tva1.sinaimg.cn/crop.0.0.720.720.180/005xYEqRjw8eufbotbikjj30k00k0t98.jpg?KID=imgbed,tva&Expires=1619207664&ssig=ETTkKrFV2M", "verified": true, "verified_type": 0, "followers_count": 1923, "verified_type_ext": 0, "mbtype": 2, "profile_url": "https://m.weibo.cn/u/5082738353?uid=5082738353", "remark": "", "following": false, "follow_me": false}, "text": "\u56de\u590d<a href='https://m.weibo.cn/n/\u4f20\u95fb\u4e0d\u653b\u81ea\u7834'>@\u4f20\u95fb\u4e0d\u653b\u81ea\u7834</a>:\u8fd9\u4e9b\u90fd\u662f\u731c\u60f3\u3002\u3002\u6ca1\u6709\u8bc1\u636e", "reply_id": 4522924427584066, "reply_text": "\u56de\u590d<a href='https://m.weibo.cn/n/\u5657\u55e4\u533b\u751f'>@\u5657\u55e4\u533b\u751f</a>:\u4e0d\u662f\u706b\u5c71\u7206\u53d1\u706d\u4ea1\u7684\u5417", "like_counts": 3, "liked": false}, {"id": 4522924931295486, "created_at": "2020-07-04", "source": "", "user": {"id": 5082738353, "screen_name": "\u5657\u55e4\u533b\u751f", "profile_image_url": "https://tva1.sinaimg.cn/crop.0.0.720.720.180/005xYEqRjw8eufbotbikjj30k00k0t98.jpg?KID=imgbed,tva&Expires=1619207664&ssig=ETTkKrFV2M", "verified": true, "verified_type": 0, "followers_count": 1923, "verified_type_ext": 0, "mbtype": 2, "profile_url": "https://m.weibo.cn/u/5082738353?uid=5082738353", "remark": "", "following": false, "follow_me": false}, "text": "\u56de\u590d<a href='https://m.weibo.cn/n/\u6c38\u591c\u80cc\u540e\u4e00\u675f\u5fae\u5149'>@\u6c38\u591c\u80cc\u540e\u4e00\u675f\u5fae\u5149</a>:\u6ca1\u6709\uff0c\u6240\u6709\u7684\u6050\u9f99\u706d\u7edd\u7684\u731c\u60f3\u90fd\u4ec5\u4ec5\u662f\u731c\u60f3\uff0c\u76ee\u524d\u6240\u6709\u7684\u8bba\u636e\u90fd\u6ca1\u6709\u8db3\u591f\u7ad9\u5f97\u4f4f\u811a\u7684\u3002", "reply_id": 4522919856388634, "reply_text": "\u56de\u590d<a href='https://m.weibo.cn/n/\u5657\u55e4\u533b\u751f'>@\u5657\u55e4\u533b\u751f</a>:\u73b0\u5728\u5df2\u7ecf\u6709\u8bc1\u660e\u8bf4\u6050\u9f99\u706d\u7edd\u662f\u56e0\u4e3a\u5c0f\u884c\u661f\u649e\u5730\u7403\u4e86", "like_counts": 2, "liked": false}, {"id": 4522924873499778, "created_at": "2020-07-04", "source": "", "user": {"id": 6335375791, "screen_name": "JuYangDaDa", "profile_image_url": "https://tvax4.sinaimg.cn/crop.0.0.996.996.180/006UKAEvly8gbgwzgkw29j30ro0ro40f.jpg?KID=imgbed,tva&Expires=1619207664&ssig=%2F1qs7qcLJ%2F", "verified": false, "verified_type": -1, "followers_count": 11, "mbtype": 0, "profile_url": "https://m.weibo.cn/u/6335375791?uid=6335375791", "remark": "", "following": false, "follow_me": false}, "text": "\u4f60\u8bf4\u7684\u8ddf\u653e\u5c41\u4e00\u6837", "like_counts": 0, "liked": false}, {"id": 4522924427584066, "created_at": "2020-07-04", "source": "", "user": {"id": 7027329382, "screen_name": "\u4f20\u95fb\u4e0d\u653b\u81ea\u7834", "profile_image_url": "https://tvax4.sinaimg.cn/crop.0.0.132.132.180/007FzXoily4g0xt85zy49j303o03o3yb.jpg?KID=imgbed,tva&Expires=1619207666&ssig=QdpRTfOmff", "verified": false, "verified_type": -1, "followers_count": 462, "mbtype": 0, "profile_url": "https://m.weibo.cn/u/7027329382?uid=7027329382", "remark": "", "following": false, "follow_me": false}, "text": "\u56de\u590d<a href='https://m.weibo.cn/n/\u5657\u55e4\u533b\u751f'>@\u5657\u55e4\u533b\u751f</a>:\u4e0d\u662f\u706b\u5c71\u7206\u53d1\u706d\u4ea1\u7684\u5417", "reply_id": 4522918241094987, "reply_text": "\u6211\u73b0\u5728\u89c9\u5f97\u6050\u9f99\u706d\u7edd\u53ef\u80fd\u662f\u56e0\u4e3a\u75c5\u6bd2\u3002\u3002\u3002\u51b0\u5ddd\u878d\u5316\u91ca\u653e\u5f88\u591a\u53e4\u8001\u75c5\u6bd2\u53ef\u80fd\u662f\u771f\u7684", "like_counts": 0, "liked": false}, {"id": 4522924080226709, "created_at": "2020-07-04", "source": "", "user": {"id": 3757058517, "screen_name": "\u4ed3\u592b\u8d70\u5352", "profile_image_url": "https://tvax1.sinaimg.cn/crop.0.0.667.667.180/dff029d5ly8gmz39vxh8lj20ij0ijtao.jpg?KID=imgbed,tva&Expires=1619207666&ssig=zUBOR6ksaE", "verified": false, "verified_type": -1, "followers_count": 126, "mbtype": 2, "profile_url": "https://m.weibo.cn/u/3757058517?uid=3757058517", "remark": "", "following": false, "follow_me": false}, "text": "\u56de\u590d<a href='https://m.weibo.cn/n/\u6c38\u591c\u80cc\u540e\u4e00\u675f\u5fae\u5149'>@\u6c38\u591c\u80cc\u540e\u4e00\u675f\u5fae\u5149</a>:\u8fd8\u6709\u4e00\u79cd\u5047\u8bf4\u662f\u56e0\u4e3a\u88ab\u5b50\u690d\u7269\u53d6\u4ee3\u4e86\u8bb8\u591a\u5b62\u5b50\u690d\u7269\u5bfc\u81f4\u8349\u98df\u6050\u9f99\u9010\u6e10\u6d88\u5931", "reply_id": 4522919856388634, "reply_text": "\u56de\u590d<a href='https://m.weibo.cn/n/\u5657\u55e4\u533b\u751f'>@\u5657\u55e4\u533b\u751f</a>:\u73b0\u5728\u5df2\u7ecf\u6709\u8bc1\u660e\u8bf4\u6050\u9f99\u706d\u7edd\u662f\u56e0\u4e3a\u5c0f\u884c\u661f\u649e\u5730\u7403\u4e86", "like_counts": 0, "liked": false}, {"id": 4522923228048766, "created_at": "2020-07-04", "source": "", "user": {"id": 6063199725, "screen_name": "\u5976\u8336\u5148\u751f\u751c\u751c\u7684", "profile_image_url": "https://tvax2.sinaimg.cn/crop.0.0.996.996.180/006CkzdXly8g8z3mvpqc9j30ro0ro0uq.jpg?KID=imgbed,tva&Expires=1619207666&ssig=HgulawxheJ", "verified": false, "verified_type": -1, "followers_count": 67, "mbtype": 0, "profile_url": "https://m.weibo.cn/u/6063199725?uid=6063199725", "remark": "", "following": false, "follow_me": false}, "text": "\u7529\u4f60\u4e00\u5c40\u8bdd\uff0c\u4f60\u725b\u6279\u4f60\u6765<span class=\"url-icon\"><img alt=[\u7b11\u800c\u4e0d\u8bed] src=\"https://h5.sinaimg.cn/m/emoticon/icon/default/d_heiheihei-5170f2f55c.png\" style=\"width:1em; height:1em;\" /></span>", "like_counts": 1, "liked": false}, {"id": 4522922662174821, "created_at": "2020-07-04", "source": "", "user": {"id": 6003503423, "screen_name": "\u626c\u626c\u4e00\u5bb6\u4eb2\u5b50\u6e38\u8bb0", "profile_image_url": "https://tvax4.sinaimg.cn/crop.168.0.720.720.180/006yi5unly8gd1nhenyysj30u00k0n2q.jpg?KID=imgbed,tva&Expires=1619207666&ssig=R6CqFWp%2BPk", "verified": false, "verified_type": -1, "followers_count": 24, "mbtype": 2, "profile_url": "https://m.weibo.cn/u/6003503423?uid=6003503423", "remark": "", "following": false, "follow_me": false}, "text": "\u56de\u590d<a href='https://m.weibo.cn/n/\u5657\u55e4\u533b'>@\u5657\u55e4\u533b</a>\uff1a\u6628\u5929\u6211\u513f\u5b50\u4e5f\u624d\u8fd9\u4e48\u6000\u7591\u8fc7\uff0c\u54c8\u54c8", "like_counts": 1, "liked": false}, {"id": 4522920670914959, "created_at": "2020-07-04", "source": "", "user": {"id": 7243391868, "screen_name": "\u6c38\u591c\u80cc\u540e\u627e\u6708\u4eae", "profile_image_url": "https://tvax2.sinaimg.cn/crop.0.0.996.996.180/007Ucx76ly8gn3wt02qkdj30ro0rogoo.jpg?KID=imgbed,tva&Expires=1619207666&ssig=6qufUpn9BP", "verified": false, "verified_type": -1, "followers_count": 7, "mbtype": 0, "profile_url": "https://m.weibo.cn/u/7243391868?uid=7243391868", "remark": "", "following": false, "follow_me": false}, "text": "RNA\u75c5\u6bd2\u6613\u53d8\u5f02\uff0c\u5c31\u7b97\u51fb\u7834\u4e86\u539f\u5148\u7684RNA\u94fe\u4e5f\u6ca1\u7528\uff0c\u9664\u975e\u4e00\u4e2a\u4e00\u4e2a\u51fb\u7834\u6216\u8005\u4f7f\u5b83\u505c\u6b62\u53d8\u5f02\uff0c\u4f46\u76ee\u524d\u6ca1\u6709\u65b9\u6cd5\u8ba9\u5b83\u505c\u6b62", "like_counts": 1, "liked": false}, {"id": 4522920389669360, "created_at": "2020-07-04", "source": "", "user": {"id": 5839826889, "screen_name": "\u674e\u4f60\u5f88\u8fdc0807", "profile_image_url": "https://tvax1.sinaimg.cn/crop.0.0.512.512.180/006ndjKhly8gmffjqz8hlj30e80e8t8x.jpg?KID=imgbed,tva&Expires=1619207666&ssig=ax980ZB4Pf", "verified": false, "verified_type": -1, "followers_count": 98, "mbtype": 2, "profile_url": "https://m.weibo.cn/u/5839826889?uid=5839826889", "remark": "", "following": false, "follow_me": false}, "text": "\u4f60\u771f\u5389\u5bb3\uff0c\u662f\u4e2d\u79d1\u9662\u9662\u58eb\u5427", "like_counts": 1, "liked": false}, {"id": 4522919973142319, "created_at": "2020-07-04", "source": "", "user": {"id": 1719402970, "screen_name": "\u7b71\u7af90525", "profile_image_url": "https://tvax4.sinaimg.cn/crop.0.0.996.996.180/667c01daly8fpkev1ldm0j20ro0ro76o.jpg?KID=imgbed,tva&Expires=1619207666&ssig=vNclKuJDuC", "verified": false, "verified_type": -1, "followers_count": 40, "mbtype": 0, "profile_url": "https://m.weibo.cn/u/1719402970?uid=1719402970", "remark": "", "following": false, "follow_me": false}, "text": "\u8f6c\u53d1\u5fae\u535a", "like_counts": 0, "liked": false}, {"id": 4522919856388634, "created_at": "2020-07-04", "source": "", "user": {"id": 7243391868, "screen_name": "\u6c38\u591c\u80cc\u540e\u627e\u6708\u4eae", "profile_image_url": "https://tvax2.sinaimg.cn/crop.0.0.996.996.180/007Ucx76ly8gn3wt02qkdj30ro0rogoo.jpg?KID=imgbed,tva&Expires=1619207666&ssig=6qufUpn9BP", "verified": false, "verified_type": -1, "followers_count": 7, "mbtype": 0, "profile_url": "https://m.weibo.cn/u/7243391868?uid=7243391868", "remark": "", "following": false, "follow_me": false}, "text": "\u56de\u590d<a href='https://m.weibo.cn/n/\u5657\u55e4\u533b\u751f'>@\u5657\u55e4\u533b\u751f</a>:\u73b0\u5728\u5df2\u7ecf\u6709\u8bc1\u660e\u8bf4\u6050\u9f99\u706d\u7edd\u662f\u56e0\u4e3a\u5c0f\u884c\u661f\u649e\u5730\u7403\u4e86", "reply_id": 4522918241094987, "reply_text": "\u6211\u73b0\u5728\u89c9\u5f97\u6050\u9f99\u706d\u7edd\u53ef\u80fd\u662f\u56e0\u4e3a\u75c5\u6bd2\u3002\u3002\u3002\u51b0\u5ddd\u878d\u5316\u91ca\u653e\u5f88\u591a\u53e4\u8001\u75c5\u6bd2\u53ef\u80fd\u662f\u771f\u7684", "like_counts": 0, "liked": false}, {"id": 4522919853026267, "created_at": "2020-07-04", "source": "", "user": {"id": 6313501371, "screen_name": "\u660e\u955c\u6b62\u6c34\u4e4b\u5fc3\u706c", "profile_image_url": "https://tvax3.sinaimg.cn/crop.0.0.1242.1242.180/006TgO7hly8fkd3m652lfj30yi0yigof.jpg?KID=imgbed,tva&Expires=1619207666&ssig=JTy8%2FPPs1N", "verified": false, "verified_type": -1, "followers_count": 19, "mbtype": 0, "profile_url": "https://m.weibo.cn/u/6313501371?uid=6313501371", "remark": "", "following": false, "follow_me": false}, "text": "\u7535\u8111\u75c5\u6bd2\u8fd8\u4f1a\u53d8\u5f02\uff1f\uff1f\uff1f", "like_counts": 2, "liked": false}, {"id": 4522919218478346, "created_at": "2020-07-04", "source": "", "user": {"id": 1735609587, "screen_name": "F_Atsuhana51", "profile_image_url": "https://tva2.sinaimg.cn/crop.106.143.501.501.180/67734cf3gw1e7hy5qn5amj20l40iz7ca.jpg?KID=imgbed,tva&Expires=1619207666&ssig=RfHkYpELZv", "verified": false, "verified_type": 220, "followers_count": 450, "mbtype": 12, "profile_url": "https://m.weibo.cn/u/1735609587?uid=1735609587", "remark": "", "following": false, "follow_me": false}, "text": "\u4ec0\u4e48\u65f6\u5019\u624d\u80fd\u6458\u4e0b\u53e3\u7f69\u554a \u611f\u89c9\u770b\u4e0d\u5230\u5934 \u8fd9\u75c5\u6bd2\u592a\u72e1\u733e\u592a\u53ef\u6015\u4e86 \ud83d\ude37", "like_counts": 4, "liked": false}, {"id": 4522918904281960, "created_at": "2020-07-04", "source": "", "user": {"id": 2701070744, "screen_name": "\u6211\u7684\u540d\u5b57\u5c31\u53eb\u4e16\u754c", "profile_image_url": "https://tvax4.sinaimg.cn/crop.0.0.1342.1342.180/a0ff1198ly8fl4ojn5j0zj211a11aabf.jpg?KID=imgbed,tva&Expires=1619207668&ssig=FbnsZmQ2M3", "verified": false, "verified_type": -1, "followers_count": 1437, "mbtype": 12, "profile_url": "https://m.weibo.cn/u/2701070744?uid=2701070744", "remark": "", "following": false, "follow_me": false}, "text": "\u53ef\u80fd\u6765\u4e0d\u53ca\u4e86\uff0c\u4e00\u5207\u90fd\u665a\u4e86\u3002", "like_counts": 3, "liked": false}, {"id": 4522918845627213, "created_at": "2020-07-04", "source": "", "user": {"id": 5082738353, "screen_name": "\u5657\u55e4\u533b\u751f", "profile_image_url": "https://tva1.sinaimg.cn/crop.0.0.720.720.180/005xYEqRjw8eufbotbikjj30k00k0t98.jpg?KID=imgbed,tva&Expires=1619207668&ssig=JkDVp8oXos", "verified": true, "verified_type": 0, "followers_count": 1923, "verified_type_ext": 0, "mbtype": 2, "profile_url": "https://m.weibo.cn/u/5082738353?uid=5082738353", "remark": "", "following": false, "follow_me": false}, "text": "\u56de\u590d<a href='https://m.weibo.cn/n/\u8981\u4e0a\u738b\u8005\u592a\u96be'>@\u8981\u4e0a\u738b\u8005\u592a\u96be</a>:\u75c5\u6bd2\u559c\u6b22\u5bc4\u751f\u4e0d\u559c\u6b22\u5171\u751f\u3002\u3002\u4ed6\u4eec\u5c31\u50cf\u5438\u8840\u9b3c\u4e00\u6837\u3002\u3002\u3002", "reply_id": 4522911908768355, "reply_text": "\u5e0c\u671b\u53d8\u5f02\u6210\u666e\u901a\u6d41\u611f\u75c5\u6bd2\u2026\u2026\u8fd9\u6837\u5bf9\u75c5\u6bd2\u548c\u4eba\u7c7b\u90fd\u597d\u3002\u6700\u540e\u548c\u8c10\u5171\u5904\u3002\u75c5\u6bd2\u75c5\u6bd2\u806a\u660e\u70b9\u5427\uff0c\u4f60\u53ea\u6709\u4e0d\u81f4\u547d\uff0c\u624d\u80fd\u548c\u4eba\u7c7b\u6c38\u4e45\u5171\u751f\u3002", "like_counts": 1, "liked": false}, {"id": 4522918640174592, "created_at": "2020-07-04", "source": "", "user": {"id": 5082738353, "screen_name": "\u5657\u55e4\u533b\u751f", "profile_image_url": "https://tva1.sinaimg.cn/crop.0.0.720.720.180/005xYEqRjw8eufbotbikjj30k00k0t98.jpg?KID=imgbed,tva&Expires=1619207668&ssig=JkDVp8oXos", "verified": true, "verified_type": 0, "followers_count": 1923, "verified_type_ext": 0, "mbtype": 2, "profile_url": "https://m.weibo.cn/u/5082738353?uid=5082738353", "remark": "", "following": false, "follow_me": false}, "text": "\u56de\u590d<a href='https://m.weibo.cn/n/\u4e09\u5ddd\u674e\u5e7f\u544a\u4fa0\u5ba2'>@\u4e09\u5ddd\u674e\u5e7f\u544a\u4fa0\u5ba2</a>:\u4e0d\u5e94\u8be5\u662f\u60f3\u5230\u78b1\u57fa\u5bc6\u7801\u5b50\u5417\uff0c\u600e\u4e48\u60f3\u5230\u4e86\u4f20\u8f93\u534f\u8bae<span class=\"url-icon\"><img alt=[\u5141\u60b2] src=\"https://h5.sinaimg.cn/m/emoticon/icon/default/d_yunbei-a14a649db8.png\" style=\"width:1em; height:1em;\" /></span><span class=\"url-icon\"><img alt=[\u5141\u60b2] src=\"https://h5.sinaimg.cn/m/emoticon/icon/default/d_yunbei-a14a649db8.png\" style=\"width:1em; height:1em;\" /></span>", "reply_id": 4522912893545587, "reply_text": "\u770b\u5230DNA\u548cRNA\uff0c\u60f3\u5230\u4e86TCP,UDP", "like_counts": 1, "liked": false}, {"id": 4522918447424668, "created_at": "2020-07-04", "source": "", "user": {"id": 5082738353, "screen_name": "\u5657\u55e4\u533b\u751f", "profile_image_url": "https://tva1.sinaimg.cn/crop.0.0.720.720.180/005xYEqRjw8eufbotbikjj30k00k0t98.jpg?KID=imgbed,tva&Expires=1619207668&ssig=JkDVp8oXos", "verified": true, "verified_type": 0, "followers_count": 1923, "verified_type_ext": 0, "mbtype": 2, "profile_url": "https://m.weibo.cn/u/5082738353?uid=5082738353", "remark": "", "following": false, "follow_me": false}, "text": "\u56de\u590d<a href='https://m.weibo.cn/n/\u4fdd\u62a4\u6211\u65b9\u5218\u4f69\u5947'>@\u4fdd\u62a4\u6211\u65b9\u5218\u4f69\u5947</a>:\u6709\u7f16\u7801\u80fd\u529b\u7684\u9057\u4f20\u7269\u8d28\u57fa\u672c\u90fd\u53ef\u4ee5\u7b97\u4f5c\u57fa\u56e0\u5427", "reply_id": 4522911991881648, "reply_text": "\u75c5\u6bd2\u662fRNA\u75c5\u6bd2\u53c8\u4e0d\u662fDNA\uff0c\u6709\u4ec0\u4e48\u57fa\u56e0\u4e4b\u8bf4\uff1f", "like_counts": 1, "liked": false}, {"id": 4522918241094987, "created_at": "2020-07-04", "source": "", "user": {"id": 5082738353, "screen_name": "\u5657\u55e4\u533b\u751f", "profile_image_url": "https://tva1.sinaimg.cn/crop.0.0.720.720.180/005xYEqRjw8eufbotbikjj30k00k0t98.jpg?KID=imgbed,tva&Expires=1619207668&ssig=JkDVp8oXos", "verified": true, "verified_type": 0, "followers_count": 1923, "verified_type_ext": 0, "mbtype": 2, "profile_url": "https://m.weibo.cn/u/5082738353?uid=5082738353", "remark": "", "following": false, "follow_me": false}, "text": "\u6211\u73b0\u5728\u89c9\u5f97\u6050\u9f99\u706d\u7edd\u53ef\u80fd\u662f\u56e0\u4e3a\u75c5\u6bd2\u3002\u3002\u3002\u51b0\u5ddd\u878d\u5316\u91ca\u653e\u5f88\u591a\u53e4\u8001\u75c5\u6bd2\u53ef\u80fd\u662f\u771f\u7684", "like_counts": 21, "liked": false}, {"id": 4522917050614529, "created_at": "2020-07-04", "source": "", "user": {"id": 5874583180, "screen_name": "LB\u9171", "profile_image_url": "https://tvax4.sinaimg.cn/crop.0.0.996.996.180/006pz9rCly8gg373pu46oj30ro0roq4q.jpg?KID=imgbed,tva&Expires=1619207668&ssig=wiwOOg%2FiTk", "verified": false, "verified_type": -1, "followers_count": 59, "mbtype": 0, "profile_url": "https://m.weibo.cn/u/5874583180?uid=5874583180", "remark": "", "following": false, "follow_me": false}, "text": "\u56de\u590d<a href='https://m.weibo.cn/n/\u4fdd\u62a4\u6211\u65b9\u5218\u4f69\u5947'>@\u4fdd\u62a4\u6211\u65b9\u5218\u4f69\u5947</a>:rna\u4e5f\u6709\u57fa\u56e0", "reply_id": 4522911991881648, "reply_text": "\u75c5\u6bd2\u662fRNA\u75c5\u6bd2\u53c8\u4e0d\u662fDNA\uff0c\u6709\u4ec0\u4e48\u57fa\u56e0\u4e4b\u8bf4\uff1f", "like_counts": 1, "liked": false}, {"id": 4522916156588761, "created_at": "2020-07-04", "source": "", "user": {"id": 2432291984, "screen_name": "\u963f\u9053\u592b\u00b7\u671b", "profile_image_url": "https://tvax1.sinaimg.cn/crop.14.0.611.611.180/90f9d490ly8fiahjikclzj20hs0gzjrx.jpg?KID=imgbed,tva&Expires=1619207668&ssig=%2F%2FxtBx8DEE", "verified": false, "verified_type": -1, "followers_count": 82, "mbtype": 0, "profile_url": "https://m.weibo.cn/u/2432291984?uid=2432291984", "remark": "", "following": false, "follow_me": false}, "text": "360\uff0c\u817e\u8baf\uff0c\u5361\u5df4\u65af\u57fa\u4e00\u8d77\u7528\u53ef\u4ee5\u6740\u6b7b\u75c5\u6bd2\u3002", "like_counts": 1, "liked": false}, {"id": 4522916098575245, "created_at": "2020-07-04", "source": "", "user": {"id": 5602623125, "screen_name": "\u96ea\u5948\u7684\u871c", "profile_image_url": "https://tvax4.sinaimg.cn/crop.0.0.400.400.180/0067a2d7ly8g1y229aq8ej30b40b4acb.jpg?KID=imgbed,tva&Expires=1619207668&ssig=rCQE%2FpG%2FmR", "verified": false, "verified_type": -1, "followers_count": 9, "mbtype": 0, "profile_url": "https://m.weibo.cn/u/5602623125?uid=5602623125", "remark": "", "following": false, "follow_me": false}, "text": "\u56de\u590d<a href='https://m.weibo.cn/n/\u4fdd\u62a4\u6211\u65b9\u5218\u4f69\u5947'>@\u4fdd\u62a4\u6211\u65b9\u5218\u4f69\u5947</a>:\u5f53RNA\u4f5c\u9057\u4f20\u7269\u8d28\u65f6\uff0c\u5176\u4e0a\u5177\u9057\u4f20\u6548\u5e94\u7684\u7247\u6bb5\u4e5f\u53eb\u57fa\u56e0\u5440\u3002RNA\u75c5\u6bd2\u7684\u9057\u4f20\u7269\u8d28\u5c31\u662fRNA\u5440\uff0c\u6240\u4ee5\u4e5f\u53ef\u8ba4\u4e3a\u662f\u57fa\u56e0\u3002\u6ca1\u6bdb\u75c5\u3002", "reply_id": 4522911991881648, "reply_text": "\u75c5\u6bd2\u662fRNA\u75c5\u6bd2\u53c8\u4e0d\u662fDNA\uff0c\u6709\u4ec0\u4e48\u57fa\u56e0\u4e4b\u8bf4\uff1f", "like_counts": 1, "liked": false}, {"id": 4522914139064153, "created_at": "2020-07-04", "source": "", "user": {"id": 5708690032, "screen_name": "\u57f9\u98ce12356", "profile_image_url": "https://tvax3.sinaimg.cn/crop.0.0.783.783.180/006el53Gly8g4ig2um5txj30lr0lrab3.jpg?KID=imgbed,tva&Expires=1619207668&ssig=83M68rRT0f", "verified": false, "verified_type": -1, "followers_count": 8, "mbtype": 0, "profile_url": "https://m.weibo.cn/u/5708690032?uid=5708690032", "remark": "", "following": false, "follow_me": false}, "text": "\u75f4\u4eba\u8bf4\u68a6", "like_counts": 0, "liked": false}, {"id": 4522913720377854, "created_at": "2020-07-04", "source": "", "user": {"id": 2802175671, "screen_name": "\u963f\u72f8-\u4e0d\u662f\u72d0\u72f8\u7cbe", "profile_image_url": "https://tvax2.sinaimg.cn/crop.0.0.996.996.180/a705ceb7ly8g13gvshwdkj20ro0romys.jpg?KID=imgbed,tva&Expires=1619207671&ssig=E2zTL7wcz9", "verified": false, "verified_type": -1, "followers_count": 270, "mbtype": 2, "profile_url": "https://m.weibo.cn/u/2802175671?uid=2802175671", "remark": "", "following": false, "follow_me": false}, "text": "\u8f6c\u53d1\u5fae\u535a", "like_counts": 0, "liked": false}, {"id": 4522913393696350, "created_at": "2020-07-04", "source": "", "user": {"id": 3829144493, "screen_name": "Ayumi\u82b1", "profile_image_url": "https://tvax4.sinaimg.cn/crop.0.0.828.828.180/e43c1badly8gd2jel5lqij20n00n0whs.jpg?KID=imgbed,tva&Expires=1619207671&ssig=6J0H3c%2FLtZ", "verified": false, "verified_type": -1, "followers_count": 1311, "mbtype": 0, "profile_url": "https://m.weibo.cn/u/3829144493?uid=3829144493", "remark": "", "following": false, "follow_me": false}, "text": "<a href='https://m.weibo.cn/n/\u90a3\u4f60\u7761\u4e86\u5417'>@\u90a3\u4f60\u7761\u4e86\u5417</a>", "like_counts": 0, "liked": false}, {"id": 4522913107725088, "created_at": "2020-07-04", "source": "", "user": {"id": 5749359029, "screen_name": "\u4e16\u754c\u4e0a\u6700\u4eb2\u7231\u7684\u5411\u65e5\u8475", "profile_image_url": "https://tvax1.sinaimg.cn/crop.0.0.512.512.180/006h5IVfly8gpsq14cwwnj30e80e8gm7.jpg?KID=imgbed,tva&Expires=1619207671&ssig=K7rvA%2B8Aq6", "verified": false, "verified_type": -1, "followers_count": 247, "mbtype": 2, "profile_url": "https://m.weibo.cn/u/5749359029?uid=5749359029", "remark": "", "following": false, "follow_me": false}, "text": "\u54ea\u4e2a\u600e\u4e48\u51fa\u73b0\u4ec0\u4e48\u4e91\u5357\uff1f\uff1f\uff1f\uff1f", "like_counts": 2, "liked": false}, {"id": 4522912893545587, "created_at": "2020-07-04", "source": "", "user": {"id": 1653575117, "screen_name": "\u4e09\u5ddd\u674e\u5e7f\u544a\u4fa0\u5ba2", "profile_image_url": "https://tva3.sinaimg.cn/crop.0.0.180.180.180/628f8dcdjw8egwr5bjphvj205005074c.jpg?KID=imgbed,tva&Expires=1619207671&ssig=juImBNvH3c", "verified": false, "verified_type": -1, "followers_count": 237, "mbtype": 0, "profile_url": "https://m.weibo.cn/u/1653575117?uid=1653575117", "remark": "", "following": false, "follow_me": false}, "text": "\u770b\u5230DNA\u548cRNA\uff0c\u60f3\u5230\u4e86TCP,UDP", "like_counts": 3, "liked": false}, {"id": 4522911991881648, "created_at": "2020-07-04", "source": "", "user": {"id": 6195982358, "screen_name": "\u626c\u5927\u674e\u5609\u6b23", "profile_image_url": "https://tvax2.sinaimg.cn/crop.0.0.1080.1080.180/006LjI3kly8gmqf4tfekvj30u00u0adq.jpg?KID=imgbed,tva&Expires=1619207671&ssig=pVMLMNIp%2BX", "verified": false, "verified_type": -1, "followers_count": 210, "mbtype": 2, "profile_url": "https://m.weibo.cn/u/6195982358?uid=6195982358", "remark": "", "following": false, "follow_me": false}, "text": "\u75c5\u6bd2\u662fRNA\u75c5\u6bd2\u53c8\u4e0d\u662fDNA\uff0c\u6709\u4ec0\u4e48\u57fa\u56e0\u4e4b\u8bf4\uff1f", "like_counts": 12, "liked": false}, {"id": 4522911908768355, "created_at": "2020-07-04", "source": "", "user": {"id": 2041005640, "screen_name": "\u5c0f\u96ef\u5446", "profile_image_url": "https://tvax4.sinaimg.cn/crop.0.0.512.512.180/79a74648ly8ghsr2m8fzqj20e80e8aab.jpg?KID=imgbed,tva&Expires=1619207671&ssig=hhPNXOeomN", "verified": false, "verified_type": -1, "followers_count": 550, "mbtype": 0, "profile_url": "https://m.weibo.cn/u/2041005640?uid=2041005640", "remark": "", "following": false, "follow_me": false}, "text": "\u5e0c\u671b\u53d8\u5f02\u6210\u666e\u901a\u6d41\u611f\u75c5\u6bd2\u2026\u2026\u8fd9\u6837\u5bf9\u75c5\u6bd2\u548c\u4eba\u7c7b\u90fd\u597d\u3002\u6700\u540e\u548c\u8c10\u5171\u5904\u3002\u75c5\u6bd2\u75c5\u6bd2\u806a\u660e\u70b9\u5427\uff0c\u4f60\u53ea\u6709\u4e0d\u81f4\u547d\uff0c\u624d\u80fd\u548c\u4eba\u7c7b\u6c38\u4e45\u5171\u751f\u3002", "like_counts": 3, "liked": false}, {"id": 4522910829614527, "created_at": "2020-07-04", "source": "", "user": {"id": 5902285152, "screen_name": "\u8e66\u9ad8\u4e86\u65e5\u4e2a\u5929", "profile_image_url": "https://tvax1.sinaimg.cn/crop.0.0.1080.1080.180/006rrnZCly8ggyy5y1h7dj30u00u078f.jpg?KID=imgbed,tva&Expires=1619207671&ssig=qyp6uXPLy4", "verified": false, "verified_type": -1, "followers_count": 25, "mbtype": 0, "profile_url": "https://m.weibo.cn/u/5902285152?uid=5902285152", "remark": "", "following": false, "follow_me": false}, "text": "\u8ff7\u60d1\u8a00\u8bba", "like_counts": 0, "liked": false}, {"id": 4522910709151584, "created_at": "2020-07-04", "source": "", "user": {"id": 6083922114, "screen_name": "The_Prominent_Me", "profile_image_url": "https://tvax2.sinaimg.cn/crop.0.0.996.996.180/006DJw42ly8g9nxhl745zj30ro0rodhd.jpg?KID=imgbed,tva&Expires=1619207671&ssig=6g2pLIWu3Y", "verified": false, "verified_type": -1, "followers_count": 19, "mbtype": 2, "profile_url": "https://m.weibo.cn/u/6083922114?uid=6083922114", "remark": "", "following": false, "follow_me": false}, "text": "\u660e\u660e\u662f\u7535\u8111\u75c5\u6bd2\u6a21\u4eff\u7684\u771f\u6b63\u75c5\u6bd2", "like_counts": 8, "liked": false}, {"id": 4522909803148080, "created_at": "2020-07-04", "source": "", "user": {"id": 5366156477, "screen_name": "\u68a6\u60c5\u5f52\u590f", "profile_image_url": "https://tva2.sinaimg.cn/crop.0.0.100.100.180/005R9QqVjw8emwqsphp7gj302s02smx0.jpg?KID=imgbed,tva&Expires=1619207671&ssig=RS7ZvCLzYw", "verified": false, "verified_type": -1, "followers_count": 19, "mbtype": 0, "profile_url": "https://m.weibo.cn/u/5366156477?uid=5366156477", "remark": "", "following": false, "follow_me": false}, "text": "\u4f60\u8fd9\u662f\u5728\u98a0\u5012\u75c5\u6bd2\u548c\u7535\u8111\u75c5\u6bd2\u7684\u5173\u7cfb\u3002\u7535\u8111\u75c5\u6bd2\u662f\u67d0\u79cd\u7a0b\u5e8f(\u8f6f\u4ef6)\u548c\u75c5\u6bd2\u7684\u7279\u70b9\u5f88\u50cf\uff0c\u6240\u4ee5\u624d\u53eb\u7535\u8111\u75c5\u6bd2\u7684\uff0c\u662f\u7a0b\u5e8f\u50cf\u75c5\u6bd2\uff0c\u800c\u4e0d\u662f\u75c5\u6bd2\u50cf\u7a0b\u5e8f", "like_counts": 4, "liked": false}, {"id": 4522909438365351, "created_at": "2020-07-04", "source": "", "user": {"id": 2772890915, "screen_name": "\u5357\u5899\u94c1\u5934\u4f55\u4e00\u8bfa", "profile_image_url": "https://tvax4.sinaimg.cn/crop.13.405.1066.1066.180/a546f523ly8fvoir4f8ozj20u01hc4qp.jpg?KID=imgbed,tva&Expires=1619207671&ssig=d3AvOzumk5", "verified": false, "verified_type": -1, "followers_count": 91, "mbtype": 0, "profile_url": "https://m.weibo.cn/u/2772890915?uid=2772890915", "remark": "", "following": false, "follow_me": false}, "text": "\u4e0d\u61c2\u5c31\u522b\u778e\u8bf4", "like_counts": 34, "liked": false}, {"id": 4522907244911897, "created_at": "2020-07-04", "source": "", "user": {"id": 1414207945, "screen_name": "\u4eca\u5e74\u99a8\u5e78", "profile_image_url": "https://tvax4.sinaimg.cn/crop.0.0.512.512.180/544b19c9ly8fzj3va79q3j20e80e8q39.jpg?KID=imgbed,tva&Expires=1619207673&ssig=HIrkJWMC1x", "verified": true, "verified_type": 0, "followers_count": 1589600, "verified_type_ext": 0, "mbtype": 12, "profile_url": "https://m.weibo.cn/u/1414207945?uid=1414207945", "remark": "", "following": false, "follow_me": false}, "text": "\u4e0a\u5348\u597d<span class=\"url-icon\"><img alt=[\u8d5e\u554a] src=\"https://h5.sinaimg.cn/m/emoticon/icon/lxh/lxh_zana-dd20c7bed2.png\" style=\"width:1em; height:1em;\" /></span>", "like_counts": 0, "liked": false}, {"id": 4522906694752531, "created_at": "2020-07-04", "source": "", "user": {"id": 7279648225, "screen_name": "\u8fce\u98ce\u4e00\u5200\u65ad", "profile_image_url": "https://tvax4.sinaimg.cn/crop.39.0.882.882.180/007WEF33ly8gp349d5lksj30qo0oijth.jpg?KID=imgbed,tva&Expires=1619207673&ssig=yHxFMPyYKx", "verified": true, "verified_type": 0, "followers_count": 9935, "verified_type_ext": 0, "mbtype": 12, "profile_url": "https://m.weibo.cn/u/7279648225?uid=7279648225", "remark": "", "following": false, "follow_me": false}, "text": "\u53ea\u8981\u6709\u4e2d\u56fd\u519b\u4eba\u9a7b\u5b88\u7684\u9886\u571f\uff0c\u4ed6\u56fd\u4e00\u5bf8\u4e5f\u4f11\u60f3\u593a\u53bb\uff01", "like_counts": 0, "liked": false}]