{"visible": {"type": 0, "list_id": 0}, "created_at": "Sat Jul 04 10:05:14 +0800 2020", "id": "4522906124415969", "mid": "4522906124415969", "can_edit": false, "show_additional_indication": 0, "text": "<a  href=\"https://m.weibo.cn/search?containerid=231522type%3D1%26t%3D10%26q%3D%2329%25%E6%96%B0%E5%86%A0%E7%97%85%E6%AF%92%E6%A0%B7%E6%9C%AC%E5%87%BA%E7%8E%B0D614G%E5%8F%98%E5%BC%82%23&extparam=%2329%25%E6%96%B0%E5%86%A0%E7%97%85%E6%AF%92%E6%A0%B7%E6%9C%AC%E5%87%BA%E7%8E%B0D614G%E5%8F%98%E5%BC%82%23&luicode=20000061&lfid=4522906124415969\" data-hide=\"\"><span class=\"surl-text\">#29%\u65b0\u51a0\u75c5\u6bd2\u6837\u672c\u51fa\u73b0D614G\u53d8\u5f02#</span></a>  \u73b0\u5b9e\u4e16\u754c\u7684\u75c5\u6bd2\u548c\u7535\u8111\u75c5\u6bd2\u662f\u4e00\u6837\u4e00\u6837\u7684\uff01 \u90fd\u4f1a\u4e0d\u65ad\u7684\u590d\u5236\u3001\u4e0d\u65ad\u7684\u4f20\u64ad\u3001\u4e0d\u65ad\u7684\u53d8\u5f02\u3001\u4e0d\u65ad\u7684\u66f4\u6362\u5bbf\u4e3b\u3002\u6211\u89c9\u5f97\u8fd8\u662f\u5e94\u8be5\u5728\u6700\u57fa\u7840\u7684\u57fa\u56e0\u4e0a\u60f3\u60f3\u529e\u6cd5\uff0c\u4ece\u6839\u672c\u4e0a\u74e6\u89e3\u75c5\u6bd2\uff0c\u6d88\u706d\u5b83\uff01<a  href=\"https://m.weibo.cn/search?containerid=231522type%3D1%26t%3D10%26q%3D%23%E6%96%B0%E5%86%A0%E7%97%85%E6%AF%92D614G%E5%8F%98%E5%BC%82%E5%8F%AF%E8%83%BD%E5%8A%A0%E5%BC%BA%E7%97%85%E6%AF%92%E4%BC%A0%E6%92%AD%E6%80%A7%23&extparam=%23%E6%96%B0%E5%86%A0%E7%97%85%E6%AF%92D614G%E5%8F%98%E5%BC%82%E5%8F%AF%E8%83%BD%E5%8A%A0%E5%BC%BA%E7%97%85%E6%AF%92%E4%BC%A0%E6%92%AD%E6%80%A7%23&luicode=20000061&lfid=4522906124415969\" data-hide=\"\"><span class=\"surl-text\">#\u65b0\u51a0\u75c5\u6bd2D614G\u53d8\u5f02\u53ef\u80fd\u52a0\u5f3a\u75c5\u6bd2\u4f20\u64ad\u6027#</span></a> <a data-url=\"http://t.cn/A6y2dpxX\" href=\"https://video.weibo.com/show?fid=1034:4522906030637106\" data-hide=\"\"><span class='url-icon'><img style='width: 1rem;height: 1rem' src='https://h5.sinaimg.cn/upload/2015/09/25/3/timeline_card_small_video_default.png'></span><span class=\"surl-text\">\u00b7__\u5317\u6f02\u7684\u75de\u7237\u7684\u5fae\u535a\u89c6\u9891</span></a> ", "textLength": 251, "source": "\u5317\u6f02\u7684\u75de\u7237\u8d85\u8bdd", "favorited": false, "pic_ids": [], "pic_types": "", "is_paid": false, "mblog_vip_type": 0, "user": {"id": 7284801387, "screen_name": "\u00b7__\u5e7c\u513f\u56ed\u625b\u628a\u5b50", "profile_image_url": "https://tvax4.sinaimg.cn/crop.0.0.1080.1080.180/007X0hCzly8gnfdh8crt1j30u00u0q3t.jpg?KID=imgbed,tva&Expires=1619210160&ssig=7GqpXRMyeW", "profile_url": "https://m.weibo.cn/u/7284801387?uid=7284801387&luicode=20000061&lfid=4522906124415969", "statuses_count": 4625, "verified": true, "verified_type": 0, "verified_type_ext": 1, "verified_reason": "\u97f3\u4e50\u535a\u4e3b \u97f3\u4e50\u89c6\u9891\u81ea\u5a92\u4f53 \u89c6\u9891\u535a\u4e3b \u8d85\u8bdd\u4e3b\u6301\u4eba\uff08\u5317\u6f02\u7684\u75de\u7237\u8d85\u8bdd\uff09", "close_blue_v": false, "description": "\u6211\u5c31\u662f\u6211\uff0c\u4e0d\u4e00\u6837\u7684\u70df\u706b\ud83c\udf86\uff0c\u52aa\u529b\u505a\u4e2a\u5b89\u9759\u7684\u4eba\u2026\u2026", "gender": "m", "mbtype": 12, "urank": 6, "mbrank": 6, "follow_me": false, "following": false, "followers_count": 317890, "follow_count": 1508, "cover_image_phone": "https://wx4.sinaimg.cn/crop.0.0.640.640.640/007dCp3ogy1g9uwofqraej30e80e8aad.jpg", "avatar_hd": "https://wx4.sinaimg.cn/orj480/007X0hCzly8gnfdh8crt1j30u00u0q3t.jpg", "like": false, "like_me": false, "badge": {"panda": 1, "user_name_certificate": 1, "wenda_v2": 1, "china_2019": 1, "dzwbqlx_2019": 1, "rrgyj_2019": 1, "wbzy_2019": 1, "starlight_2019": 1, "hongbao_2020": 2, "daka_2020": 1, "pc_new": 6, "hongbaofeifuniu_2021": 2, "hongbaofeijika_2021": 1}}, "reposts_count": 59, "comments_count": 96, "attitudes_count": 613, "pending_approval_count": 0, "isLongText": false, "reward_exhibition_type": 2, "reward_scheme": "sinaweibo://reward?bid=1000293251&enter_id=1000293251&enter_type=1&oid=4522906124415969&seller=7284801387&share=18cb5613ebf3d8aadd9975c1036ab1f47&sign=5bf76818ead563a83de242d3c3adca8f", "hide_flag": 0, "mlevel": 0, "topic_id": "1022:100808750c888b0dc7faf834262393c9b8cfe3", "sync_mblog": true, "is_imported_topic": false, "darwin_tags": [{"object_type": "topic", "object_id": "1022:100808750c888b0dc7faf834262393c9b8cfe3", "display_name": "\u5317\u6f02\u7684\u75de\u7237\u8d85\u8bdd", "enterprise_uid": null, "pc_url": "https://huati.weibo.com/k/%E5%8C%97%E6%BC%82%E7%9A%84%E7%97%9E%E7%88%B7", "mapi_url": "sinaweibo://pageinfo?pageid=100808750c888b0dc7faf834262393c9b8cfe3&extparam=\u5317\u6f02\u7684\u75de\u7237", "bd_object_type": "super_topic"}], "mblogtype": 0, "more_info_type": 0, "cardid": "star_1244", "number_display_strategy": {"apply_scenario_flag": 3, "display_text_min_number": 1000000, "display_text": "100\u4e07+"}, "content_auth": 0, "pic_num": 0, "fid": 4522906041450718, "alchemy_params": {"ug_red_envelope": false}, "page_info": {"type": "video", "object_type": 11, "url_ori": "http://t.cn/A6y2dpxX", "page_pic": {"width": 640, "url": "https://wx1.sinaimg.cn/orj480/007X0hCzly1ggepp5ghx6j30nq0dc74b.jpg", "height": 360}, "page_url": "https://video.weibo.com/show?fid=1034%3A4522906030637106&luicode=20000061&lfid=4522906124415969", "object_id": "1034:4522906030637106", "page_title": "\u00b7__\u5317\u6f02\u7684\u75de\u7237\u7684\u5fae\u535a\u89c6\u9891", "title": "", "content1": "\u00b7__\u5317\u6f02\u7684\u75de\u7237\u7684\u5fae\u535a\u89c6\u9891", "content2": "#29%\u65b0\u51a0\u75c5\u6bd2\u6837\u672c\u51fa\u73b0D614G\u53d8\u5f02#  \u73b0\u5b9e\u4e16\u754c\u7684\u75c5\u6bd2\u548c\u7535\u8111\u75c5\u6bd2\u662f\u4e00\u6837\u4e00\u6837\u7684\uff01 \u90fd\u4f1a\u4e0d\u65ad\u7684\u590d\u5236\u3001\u4e0d\u65ad\u7684\u4f20\u64ad\u3001\u4e0d\u65ad\u7684\u53d8\u5f02\u3001\u4e0d\u65ad\u7684\u66f4\u6362\u5bbf\u4e3b\u3002\u6211\u89c9\u5f97\u8fd8\u662f\u5e94\u8be5\u5728\u6700\u57fa\u7840\u7684\u57fa\u56e0\u4e0a\u60f3\u60f3\u529e\u6cd5\uff0c\u4ece\u6839\u672c\u4e0a\u74e6\u89e3\u75c5\u6bd2\uff0c\u6d88\u706d\u5b83\uff01#\u65b0\u51a0\u75c5\u6bd2D614G\u53d8\u5f02\u53ef\u80fd\u52a0\u5f3a\u75c5\u6bd2\u4f20\u64ad\u6027#", "video_orientation": "horizontal", "play_count": "46\u4e07\u6b21\u64ad\u653e", "media_info": {"stream_url": "https://f.video.weibocdn.com/wD2CIRdblx07EzijWzYA01041200dEwm0E010.mp4?label=mp4_ld&template=640x360.25.0&trans_finger=40a32e8439c5409a63ccf853562a60ef&ori=0&ps=1BThihd3VLAY5R&Expires=1619202960&ssig=QguxFwb8%2FT&KID=unistore,video", "stream_url_hd": "https://f.video.weibocdn.com/O90wjxyBlx07EzikcwlG01041200lyYL0E010.mp4?label=mp4_hd&template=854x480.25.0&trans_finger=62b30a3f061b162e421008955c73f536&ori=0&ps=1BThihd3VLAY5R&Expires=1619202960&ssig=DoOdZ7TLFc&KID=unistore,video", "duration": 118.861}, "urls": {"mp4_hd_mp4": "https://f.video.weibocdn.com/O90wjxyBlx07EzikcwlG01041200lyYL0E010.mp4?label=mp4_hd&template=854x480.25.0&trans_finger=62b30a3f061b162e421008955c73f536&ori=0&ps=1BThihd3VLAY5R&Expires=1619202960&ssig=DoOdZ7TLFc&KID=unistore,video", "mp4_ld_mp4": "https://f.video.weibocdn.com/wD2CIRdblx07EzijWzYA01041200dEwm0E010.mp4?label=mp4_ld&template=640x360.25.0&trans_finger=40a32e8439c5409a63ccf853562a60ef&ori=0&ps=1BThihd3VLAY5R&Expires=1619202960&ssig=QguxFwb8%2FT&KID=unistore,video"}}, "bid": "J9BTmiwNj", "buttons": [{"type": "follow", "name": "\u5173\u6ce8", "sub_type": 0, "params": {"uid": 7284801387}}], "status_title": "29%\u65b0\u51a0\u75c5\u6bd2\u6837\u672c\u51fa\u73b0D614G\u53d8\u5f02", "ok": 1, "scheme": "https://weibo.cn/appurl?scheme=sinaweibo%3A%2F%2Fdetail%3Fmblogid%3D4522906124415969%26luicode%3D20000061%26lfid%3D4522906124415969&luicode=20000061&lfid=4522906124415969", "tipScheme": "https://weibo.cn/appurl?scheme=sinaweibo%3A%2F%2Fdetail%3Fmblogid%3D4522906124415969%26luicode%3D20000061%26lfid%3D4522906124415969&luicode=20000061&lfid=4522906124415969"}