[{"id": 4476911583999018, "created_at": "2020-02-28", "source": "", "user": {"id": 5507217163, "screen_name": "\u79be\u9ea6\u4f9d\u8bb8", "profile_image_url": "https://tvax1.sinaimg.cn/crop.0.0.996.996.180/0060HILhly8fe2x6y96zej30ro0roq3r.jpg?KID=imgbed,tva&Expires=1619210803&ssig=n209GB7%2BFi", "verified": false, "verified_type": -1, "followers_count": 116, "mbtype": 0, "profile_url": "https://m.weibo.cn/u/5507217163?uid=5507217163", "remark": "", "following": false, "follow_me": false}, "text": "3\u5929\u80fd\u5c31\u6cbb\u7597\u6210\u529f\u51fa\u9662\uff0c\u6709\u70b9\u5938\u5f20\u5427", "like_counts": 0, "liked": false}, {"id": 4476720738734069, "created_at": "2020-02-27", "source": "", "user": {"id": 5717133353, "screen_name": "\u5b88\u671b\u5317\u6781\u661f\u7684\u5c0f\u5c18\u57c3Y", "profile_image_url": "https://tvax4.sinaimg.cn/crop.0.0.986.986.180/006eUvyhly8gptpxdk5w2j30re0regmu.jpg?KID=imgbed,tva&Expires=1619210803&ssig=v6Sc4KEFPU", "verified": false, "verified_type": -1, "followers_count": 132, "mbtype": 12, "profile_url": "https://m.weibo.cn/u/5717133353?uid=5717133353", "remark": "", "following": false, "follow_me": false}, "text": "\u4e09\u5929\u54ea\u662f\u518d\u5ea6\u611f\u67d3\u554a\uff0c\u90a3\u662f\u538b\u6839\u5c31\u6ca1\u597d<span class=\"url-icon\"><img alt=[\u4e8c\u54c8] src=\"https://h5.sinaimg.cn/m/emoticon/icon/others/d_erha-139d0e07bd.png\" style=\"width:1em; height:1em;\" /></span>", "like_counts": 1, "liked": false}, {"id": 4476657018288127, "created_at": "2020-02-27", "source": "", "user": {"id": 2182182090, "screen_name": "sour\u90a3\u4e2a\u4e39", "profile_image_url": "https://tvax4.sinaimg.cn/crop.0.0.1080.1080.180/821174caly8gdjodt96qvj20u00u0djb.jpg?KID=imgbed,tva&Expires=1619210803&ssig=WJtWmfwIBM", "verified": false, "verified_type": -1, "followers_count": 388, "mbtype": 2, "profile_url": "https://m.weibo.cn/u/2182182090?uid=2182182090", "remark": "", "following": false, "follow_me": false}, "text": "\u4f60\u4ee5\u4e3a\u6211\u4eec\u662f\u968f\u53e3\u6765\u4e00\u4e2a\u6d41\u6c13\u75c5\u6bd2\u7684\u5417<span class=\"url-icon\"><img alt=[\u5141\u60b2] src=\"https://h5.sinaimg.cn/m/emoticon/icon/default/d_yunbei-a14a649db8.png\" style=\"width:1em; height:1em;\" /></span><span class=\"url-icon\"><img alt=[\u5141\u60b2] src=\"https://h5.sinaimg.cn/m/emoticon/icon/default/d_yunbei-a14a649db8.png\" style=\"width:1em; height:1em;\" /></span><span class=\"url-icon\"><img alt=[\u5141\u60b2] src=\"https://h5.sinaimg.cn/m/emoticon/icon/default/d_yunbei-a14a649db8.png\" style=\"width:1em; height:1em;\" /></span>\u4f60\u4eec\u6e05\u9192\u4e00\u70b9\u554a\uff0c\u6211\u4eec\u8fd9\u6709\u4f8b\u5b50\u554a\u5582<span class=\"url-icon\"><img alt=[\u5141\u60b2] src=\"https://h5.sinaimg.cn/m/emoticon/icon/default/d_yunbei-a14a649db8.png\" style=\"width:1em; height:1em;\" /></span><span class=\"url-icon\"><img alt=[\u5141\u60b2] src=\"https://h5.sinaimg.cn/m/emoticon/icon/default/d_yunbei-a14a649db8.png\" style=\"width:1em; height:1em;\" /></span><span class=\"url-icon\"><img alt=[\u5141\u60b2] src=\"https://h5.sinaimg.cn/m/emoticon/icon/default/d_yunbei-a14a649db8.png\" style=\"width:1em; height:1em;\" /></span>", "like_counts": 0, "liked": false}, {"id": 4476656691873374, "created_at": "2020-02-27", "source": "", "user": {"id": 2182182090, "screen_name": "sour\u90a3\u4e2a\u4e39", "profile_image_url": "https://tvax4.sinaimg.cn/crop.0.0.1080.1080.180/821174caly8gdjodt96qvj20u00u0djb.jpg?KID=imgbed,tva&Expires=1619210803&ssig=WJtWmfwIBM", "verified": false, "verified_type": -1, "followers_count": 388, "mbtype": 2, "profile_url": "https://m.weibo.cn/u/2182182090?uid=2182182090", "remark": "", "following": false, "follow_me": false}, "text": "\u56de\u590d<a href='https://m.weibo.cn/n/\u4f2f\u9b54'>@\u4f2f\u9b54</a>:<span class=\"url-icon\"><img alt=[\u5141\u60b2] src=\"https://h5.sinaimg.cn/m/emoticon/icon/default/d_yunbei-a14a649db8.png\" style=\"width:1em; height:1em;\" /></span><span class=\"url-icon\"><img alt=[\u5141\u60b2] src=\"https://h5.sinaimg.cn/m/emoticon/icon/default/d_yunbei-a14a649db8.png\" style=\"width:1em; height:1em;\" /></span><span class=\"url-icon\"><img alt=[\u5141\u60b2] src=\"https://h5.sinaimg.cn/m/emoticon/icon/default/d_yunbei-a14a649db8.png\" style=\"width:1em; height:1em;\" /></span>", "reply_id": 4476580778510187, "reply_text": "\u56de\u590d<a href='https://m.weibo.cn/n/\u6bcf\u65e5\u751c\u4efd'>@\u6bcf\u65e5\u751c\u4efd</a>:\u8349\u83c5\u4eba\u547d", "like_counts": 0, "liked": false}, {"id": 4476643131516220, "created_at": "2020-02-27", "source": "", "user": {"id": 1726675765, "screen_name": "\u8c01\u8fd8\u4e0d\u662fxxn\u4e86", "profile_image_url": "https://tvax4.sinaimg.cn/crop.0.0.996.996.180/66eafb35ly8gporokbe94j20ro0rpgni.jpg?KID=imgbed,tva&Expires=1619210803&ssig=lMw3F6YRFz", "verified": false, "verified_type": -1, "followers_count": 570, "mbtype": 12, "profile_url": "https://m.weibo.cn/u/1726675765?uid=1726675765", "remark": "", "following": false, "follow_me": false}, "text": "\u8fd9\u51fa\u9662\u6807\u51c6\u4e5f\u592a\u4f4e\u4e86", "like_counts": 1, "liked": false}, {"id": 4476636307307954, "created_at": "2020-02-27", "source": "", "user": {"id": 2296659797, "screen_name": "lovely\u9e70", "profile_image_url": "https://tva2.sinaimg.cn/crop.0.0.180.180.180/88e43f55jw1e8qgp5bmzyj2050050aa8.jpg?KID=imgbed,tva&Expires=1619210803&ssig=exWJz27Gw0", "verified": false, "verified_type": -1, "followers_count": 24, "mbtype": 0, "profile_url": "https://m.weibo.cn/u/2296659797?uid=2296659797", "remark": "", "following": false, "follow_me": false}, "text": "\u56de\u590d<a href='https://m.weibo.cn/n/\u9286\u83b3\u9b4d\u85a8'>@\u9286\u83b3\u9b4d\u85a8</a>:\u773c\u770b\u524d\u9762\u6709\u4eba\u6389\u5751\u91cc\u4e86\uff0c\u8fd8\u8981\u539f\u8def\u51b2\u8fc7\u53bb\uff0c\u8fd9\u662f\u4ec0\u4e48\u7cbe\u795e", "reply_id": 4476599456263403, "reply_text": "\u4e66\u4e0a\u7684\u6765\u7ec8\u89c9\u6d45\uff0c\u66f4\u4f55\u51b5\u4e2d\u56fd\u7684\u5373\u65f6\u7ecf\u9a8c\uff0c\u5bf9\u65e5\u672c\u6765\u8bf4\u4e5f\u662f\u4e0d\u786e\u5b9a\u7684\u7ecf\u9a8c\uff0c\u5b9e\u8df5\u624d\u662f\u68c0\u9a8c\u771f\u7406\u7684\u552f\u4e00\u6807\u51c6\uff0c\u65e2\u7136\u65e5\u672c\u613f\u610f\u7528\u5b9e\u8df5\u91cd\u65b0\u9a8c\u8bc1\u4e2d\u56fd\u7684\u533b\u7597\u7ecf\u9a8c\uff0c\u90a3\u662f\u4ed6\u4eec\u7684\u81ea\u7531\uff0c\u8fd9\u53cd\u8fc7\u6765\u4e5f\u8bf4\u660e\u4e86\u5176\u505a\u4e8b\u60c5\u7684\u4e25\u8c28\u6027\uff0c\u521a\u597d\u4e5f\u80fd\u9a8c\u8bc1\u548c\u5bf9\u6bd4\u5404\u56fd\u7684\u533b\u7597\u6c34\u5e73\u3002\u5404\u56fd\u90fd\u6709\u6743\u9009\u62e9\u5982\u4f55\u5e94\u5bf9\u4e0d\u660e\u98ce\u9669\uff0c\u5404\u56fd\u4e4b\u95f4\u505a\u597d\u5916\u90e8\u5e94\u5bf9\u5373\u53ef\u3002", "like_counts": 0, "liked": false}, {"id": 4476626702214086, "created_at": "2020-02-27", "source": "", "user": {"id": 3777999621, "screen_name": "\u98ce\u5e7d\u9999\u6c34\u6e05\u6f88", "profile_image_url": "https://tvax1.sinaimg.cn/crop.0.0.1080.1080.180/e12fb305ly8g84eelb292j20u00u0413.jpg?KID=imgbed,tva&Expires=1619210803&ssig=xWVUBPN5UY", "verified": false, "verified_type": -1, "followers_count": 371, "mbtype": 0, "profile_url": "https://m.weibo.cn/u/3777999621?uid=3777999621", "remark": "", "following": false, "follow_me": false}, "text": "\u4e8c\u5929", "like_counts": 0, "liked": false}, {"id": 4476623355114833, "created_at": "2020-02-27", "source": "", "user": {"id": 5651756053, "screen_name": "\u6cf0\u4ea8\u53eb\u6211\u5f1f\u59b9", "profile_image_url": "https://tvax3.sinaimg.cn/crop.0.0.750.750.180/006aubVHly8gk2sondg6kj30ku0ku0tu.jpg?KID=imgbed,tva&Expires=1619210803&ssig=bhN7c4Jax6", "verified": false, "verified_type": -1, "followers_count": 295, "mbtype": 2, "profile_url": "https://m.weibo.cn/u/5651756053?uid=5651756053", "remark": "", "following": false, "follow_me": false}, "text": "\u55ef\uff1f\uff1f\uff1f", "like_counts": 0, "liked": false}, {"id": 4476615704951729, "created_at": "2020-02-27", "source": "", "user": {"id": 5784475497, "screen_name": "\u9c7c\u7f38andey", "profile_image_url": "https://tva2.sinaimg.cn/crop.0.0.80.80.180/006jt4jTjw8eyr76uq9jbj3028028q2p.jpg?KID=imgbed,tva&Expires=1619210803&ssig=K7MKmRQr5f", "verified": false, "verified_type": -1, "followers_count": 93, "mbtype": 0, "profile_url": "https://m.weibo.cn/u/5784475497?uid=5784475497", "remark": "", "following": false, "follow_me": false}, "text": "\u68a8\u89c6\u9891\u662f\u5565\u535a\u773c\u7403\u5c31\u53d1\u5565\uff01\u53d1\u7684\u5185\u5bb9\u524d\u8a00\u4e0d\u642d\u540e\u8bed\uff0c\u6309\u4f0a\u6717\u7684\u6cd5\u5f8b\u4f20\u64ad\u4e0d\u5b9e\u4fe1\u606f\u76d1\u79811-3\u5e74\uff01", "like_counts": 0, "liked": false}, {"id": 4476614786182283, "created_at": "2020-02-27", "source": "", "user": {"id": 3160027743, "screen_name": "\u98dd\u7ead", "profile_image_url": "https://tvax3.sinaimg.cn/crop.0.15.640.640.180/bc5a325fly8fi29m9tk4uj20hs0imgm6.jpg?KID=imgbed,tva&Expires=1619210805&ssig=I4FRuJagQw", "verified": false, "verified_type": 220, "followers_count": 1442, "mbtype": 0, "profile_url": "https://m.weibo.cn/u/3160027743?uid=3160027743", "remark": "", "following": false, "follow_me": false}, "text": "\u8f6c\u53d1\u5fae\u535a", "like_counts": 0, "liked": false}, {"id": 4476612529224544, "created_at": "2020-02-27", "source": "", "user": {"id": 1793920823, "screen_name": "5ixgear", "profile_image_url": "https://tvax2.sinaimg.cn/crop.0.0.512.512.180/6aed0f37ly8gb7sh38vgdj20e80e8jrp.jpg?KID=imgbed,tva&Expires=1619210805&ssig=ALFHTqM%2B74", "verified": false, "verified_type": 220, "followers_count": 485, "mbtype": 0, "profile_url": "https://m.weibo.cn/u/1793920823?uid=1793920823", "remark": "", "following": false, "follow_me": false}, "text": "\u56de\u590d<a href='https://m.weibo.cn/n/\u5168\u90fd\u662f\u8fa3\u9e21\u4e36'>@\u5168\u90fd\u662f\u8fa3\u9e21\u4e36</a>:\u5176\u5b9e\u7b2c\u4e00\u6b21\u662f\u8bef\u8bca<span class=\"url-icon\"><img alt=[\u6c61] src=\"https://h5.sinaimg.cn/m/emoticon/icon/default/d_wu-374e5572e8.png\" style=\"width:1em; height:1em;\" /></span>", "reply_id": 4476577573883779, "reply_text": "2\u5929\u5c31\u51fa\u9662\u4e86\uff1f", "like_counts": 0, "liked": false}, {"id": 4476612345202244, "created_at": "2020-02-27", "source": "", "user": {"id": 1793920823, "screen_name": "5ixgear", "profile_image_url": "https://tvax2.sinaimg.cn/crop.0.0.512.512.180/6aed0f37ly8gb7sh38vgdj20e80e8jrp.jpg?KID=imgbed,tva&Expires=1619210805&ssig=ALFHTqM%2B74", "verified": false, "verified_type": 220, "followers_count": 485, "mbtype": 0, "profile_url": "https://m.weibo.cn/u/1793920823?uid=1793920823", "remark": "", "following": false, "follow_me": false}, "text": "\u73a9\u7b11\u5f00\u5927\u4e86\uff0c\u5982\u679c\u8fd9\u6837\uff0c\u90a3\u53ea\u8981\u6838\u9178\u6ca1\u89c1\u51fa\u6765\u90a3\u4e0d\u662f\u55bd\uff0c\u6838\u9178\u68c0\u6d4b\u2026\u2026\u53ea\u662f\u8f85\u52a9\u624b\u6bb5", "like_counts": 0, "liked": false}, {"id": 4476604258311242, "created_at": "2020-02-27", "source": "", "user": {"id": 2692497115, "screen_name": "70\u540e\u7684\u7231", "profile_image_url": "https://tvax3.sinaimg.cn/crop.0.0.996.996.180/a07c3edbly8g6545toqboj20ro0rodfz.jpg?KID=imgbed,tva&Expires=1619210805&ssig=a%2FcoyJeeUF", "verified": false, "verified_type": -1, "followers_count": 2908, "mbtype": 0, "profile_url": "https://m.weibo.cn/u/2692497115?uid=2692497115", "remark": "", "following": false, "follow_me": false}, "text": "29\u65e5\u786e\u8bca\uff0c1\u65e5\u5c31\u51fa\u9662\u4e86\uff1f", "like_counts": 0, "liked": false}, {"id": 4476602878668196, "created_at": "2020-02-27", "source": "", "user": {"id": 3684326434, "screen_name": "\u9165\u4f5b\u7237", "profile_image_url": "https://tvax2.sinaimg.cn/crop.0.0.1080.1080.180/db9a5c22ly8ggfh9r08r7j20u00u0gmz.jpg?KID=imgbed,tva&Expires=1619210805&ssig=H%2BVPXGeGfJ", "verified": true, "verified_type": 0, "followers_count": 3783, "verified_type_ext": 0, "mbtype": 12, "profile_url": "https://m.weibo.cn/u/3684326434?uid=3684326434", "remark": "", "following": false, "follow_me": false}, "text": "\u8fd9\u4e2a\u533b\u9662\u6709\u70b9\u5389\u5bb3\u2026\u2026", "like_counts": 0, "liked": false}, {"id": 4476602803363542, "created_at": "2020-02-27", "source": "", "user": {"id": 3684326434, "screen_name": "\u9165\u4f5b\u7237", "profile_image_url": "https://tvax2.sinaimg.cn/crop.0.0.1080.1080.180/db9a5c22ly8ggfh9r08r7j20u00u0gmz.jpg?KID=imgbed,tva&Expires=1619210805&ssig=H%2BVPXGeGfJ", "verified": true, "verified_type": 0, "followers_count": 3783, "verified_type_ext": 0, "mbtype": 12, "profile_url": "https://m.weibo.cn/u/3684326434?uid=3684326434", "remark": "", "following": false, "follow_me": false}, "text": "29\u53f7\u786e\u8bca1\u53f7\u51fa\u9662\uff1f\uff1f\uff1f\uff1f\uff1f", "like_counts": 0, "liked": false}, {"id": 4476600957363716, "created_at": "2020-02-27", "source": "", "user": {"id": 2596392953, "screen_name": "\u4e00\u53ea\u6492\u6b22\u7684\u67ef\u57fa", "profile_image_url": "https://tvax1.sinaimg.cn/crop.0.0.1008.1008.180/9ac1cff9ly8gpc46zfic1j20s00s0myz.jpg?KID=imgbed,tva&Expires=1619210805&ssig=g7w%2BYiu%2BLM", "verified": false, "verified_type": -1, "followers_count": 798, "mbtype": 0, "profile_url": "https://m.weibo.cn/u/2596392953?uid=2596392953", "remark": "", "following": false, "follow_me": false}, "text": "\u90a3\u5c31\u8bf4\u660e \u8fd8\u6ca1\u597d\u5f7b\u5e95 \u949f\u8001\u7237\u5b50\u8bf4 \u5f7b\u5e95\u597d\u4e86\u4ee5\u540e\u4f53\u5185\u662f\u6709\u6297\u4f53\u7684", "like_counts": 1, "liked": false}, {"id": 4476599456263403, "created_at": "2020-02-27", "source": "", "user": {"id": 2756278190, "screen_name": "\u9286\u83b3\u9b4d\u85a8", "profile_image_url": "https://tvax2.sinaimg.cn/crop.88.1.223.223.180/a44977aely8fx66yp0j2nj20b4069mx9.jpg?KID=imgbed,tva&Expires=1619210805&ssig=H4DEDd4VTG", "verified": false, "verified_type": -1, "followers_count": 91, "mbtype": 0, "profile_url": "https://m.weibo.cn/u/2756278190?uid=2756278190", "remark": "", "following": false, "follow_me": false}, "text": "\u4e66\u4e0a\u7684\u6765\u7ec8\u89c9\u6d45\uff0c\u66f4\u4f55\u51b5\u4e2d\u56fd\u7684\u5373\u65f6\u7ecf\u9a8c\uff0c\u5bf9\u65e5\u672c\u6765\u8bf4\u4e5f\u662f\u4e0d\u786e\u5b9a\u7684\u7ecf\u9a8c\uff0c\u5b9e\u8df5\u624d\u662f\u68c0\u9a8c\u771f\u7406\u7684\u552f\u4e00\u6807\u51c6\uff0c\u65e2\u7136\u65e5\u672c\u613f\u610f\u7528\u5b9e\u8df5\u91cd\u65b0\u9a8c\u8bc1\u4e2d\u56fd\u7684\u533b\u7597\u7ecf\u9a8c\uff0c\u90a3\u662f\u4ed6\u4eec\u7684\u81ea\u7531\uff0c\u8fd9\u53cd\u8fc7\u6765\u4e5f\u8bf4\u660e\u4e86\u5176\u505a\u4e8b\u60c5\u7684\u4e25\u8c28\u6027\uff0c\u521a\u597d\u4e5f\u80fd\u9a8c\u8bc1\u548c\u5bf9\u6bd4\u5404\u56fd\u7684\u533b\u7597\u6c34\u5e73\u3002\u5404\u56fd\u90fd\u6709\u6743\u9009\u62e9\u5982\u4f55\u5e94\u5bf9\u4e0d\u660e\u98ce\u9669\uff0c\u5404\u56fd\u4e4b\u95f4\u505a\u597d\u5916\u90e8\u5e94\u5bf9\u5373\u53ef\u3002", "like_counts": 0, "liked": false}, {"id": 4476598604858031, "created_at": "2020-02-27", "source": "", "user": {"id": 2467189500, "screen_name": "\u7626\u4e0b\u6765\u4f1a\u53d8\u5f97\u597d\u6027\u611f\u7684\u54e6", "profile_image_url": "https://tvax1.sinaimg.cn/crop.0.5.750.750.180/930e52fcly8fd35di4mmhj20ku0l5wg1.jpg?KID=imgbed,tva&Expires=1619210805&ssig=%2FQfWkrf0%2Br", "verified": false, "verified_type": -1, "followers_count": 514, "mbtype": 0, "profile_url": "https://m.weibo.cn/u/2467189500?uid=2467189500", "remark": "", "following": false, "follow_me": false}, "text": "\u5efa\u8bae\u4f60\u4eec\u751f\u9c7c\u7247\u6cbe\u82a5\u672b\u6bcf\u5929\u575a\u6301\u4e09\u9053\uff0c\u8f85\u4ee5\u6e05\u9152\ud83c\udf76\u6cbb\u7597\u3002\u8fd9\u6837\u4e00\u5929\u533b\u9662\u90fd\u53ef\u4ee5\u4e0d\u7528\u53bb", "like_counts": 0, "liked": false}, {"id": 4476598575121184, "created_at": "2020-02-27", "source": "", "user": {"id": 2684963651, "screen_name": "\u5c0fm\u5e0cg", "profile_image_url": "https://tvax2.sinaimg.cn/crop.0.0.996.996.180/a0094b43ly8g3xe7r8mmoj20ro0ro417.jpg?KID=imgbed,tva&Expires=1619210805&ssig=rVq3yT2%2F63", "verified": false, "verified_type": -1, "followers_count": 77, "mbtype": 2, "profile_url": "https://m.weibo.cn/u/2684963651?uid=2684963651", "remark": "", "following": false, "follow_me": false}, "text": "\u4f4f\u9662\u4e09\u5929\u5c31\u51fa\u9662\ud83d\udc2e\ud83c\udf7a", "like_counts": 1, "liked": false}, {"id": 4476598398891910, "created_at": "2020-02-27", "source": "", "user": {"id": 1408485140, "screen_name": "\u96ea\u513f0651", "profile_image_url": "https://tva3.sinaimg.cn/crop.0.0.180.180.180/53f3c714jw1e8qgp5bmzyj2050050aa8.jpg?KID=imgbed,tva&Expires=1619210807&ssig=gIxSwXgpVM", "verified": false, "verified_type": -1, "followers_count": 527, "mbtype": 12, "profile_url": "https://m.weibo.cn/u/1408485140?uid=1408485140", "remark": "", "following": false, "follow_me": false}, "text": "\u5c31\u7b97\u662f\u666e\u901a\u611f\u5192\uff0c\u4e09\u5929\u4e5f\u597d\u4e0d\u4e86\u554a\uff1f", "like_counts": 2, "liked": false}, {"id": 4476593176926509, "created_at": "2020-02-27", "source": "", "user": {"id": 5985032438, "screen_name": "\u6838\u6843\u699c", "profile_image_url": "https://tva2.sinaimg.cn/crop.0.0.650.650.180/006x2Algjw8f78kengp66j30i20i2aad.jpg?KID=imgbed,tva&Expires=1619210807&ssig=J8RTt%2BD20t", "verified": false, "verified_type": -1, "followers_count": 408, "mbtype": 0, "profile_url": "https://m.weibo.cn/u/5985032438?uid=5985032438", "remark": "", "following": false, "follow_me": false}, "text": "\u5927\u962a\u5e02\u653f\u5e9c\uff1a\u6b63\u5728\u8ba8\u8bba\u7814\u7a76\u8fd9\u7b971\u4f8b\u8fd8\u662f\u4e24\u4f8b\u3002", "like_counts": 0, "liked": false}, {"id": 4476591092522714, "created_at": "2020-02-27", "source": "", "user": {"id": 1213684604, "screen_name": "\u5feb\u9001\u6211\u4e0a\u53bb", "profile_image_url": "https://tvax2.sinaimg.cn/crop.0.0.751.751.180/48575b7cly8gdgx3zmpntj20kv0kvwgj.jpg?KID=imgbed,tva&Expires=1619210807&ssig=H%2FJHOp2Owd", "verified": false, "verified_type": -1, "followers_count": 237, "mbtype": 0, "profile_url": "https://m.weibo.cn/u/1213684604?uid=1213684604", "remark": "", "following": false, "follow_me": false}, "text": "\u53ef\u80fd\u662f\u6ca1\u6cbb\u597d<span class=\"url-icon\"><img alt=[\u5141\u60b2] src=\"https://h5.sinaimg.cn/m/emoticon/icon/default/d_yunbei-a14a649db8.png\" style=\"width:1em; height:1em;\" /></span><span class=\"url-icon\"><img alt=[doge] src=\"https://h5.sinaimg.cn/m/emoticon/icon/others/d_doge-be7f768d78.png\" style=\"width:1em; height:1em;\" /></span><span class=\"url-icon\"><img alt=[\u611f\u5192] src=\"https://h5.sinaimg.cn/m/emoticon/icon/default/d_ganmao-286fc59b6d.png\" style=\"width:1em; height:1em;\" /></span>", "like_counts": 0, "liked": false}, {"id": 4476590458998393, "created_at": "2020-02-27", "source": "", "user": {"id": 6468512308, "screen_name": "\u6768\u5bb6\u957f\u59d0", "profile_image_url": "https://tvax1.sinaimg.cn/crop.0.0.888.888.180/0073LdxGly8fvu5h3xpbyj30oo0oomzg.jpg?KID=imgbed,tva&Expires=1619210807&ssig=qvaWMNTkbk", "verified": false, "verified_type": -1, "followers_count": 56, "mbtype": 0, "profile_url": "https://m.weibo.cn/u/6468512308?uid=6468512308", "remark": "", "following": false, "follow_me": false}, "text": "\u65e5\u672c\u662f\u6765\u641e\u7b11\u7684\u5417<span class=\"url-icon\"><img alt=[\u7b11cry] src=\"https://h5.sinaimg.cn/m/emoticon/icon/default/d_xiaoku-f2bd11b506.png\" style=\"width:1em; height:1em;\" /></span><span class=\"url-icon\"><img alt=[\u7b11cry] src=\"https://h5.sinaimg.cn/m/emoticon/icon/default/d_xiaoku-f2bd11b506.png\" style=\"width:1em; height:1em;\" /></span><span class=\"url-icon\"><img alt=[\u7b11cry] src=\"https://h5.sinaimg.cn/m/emoticon/icon/default/d_xiaoku-f2bd11b506.png\" style=\"width:1em; height:1em;\" /></span><span class=\"url-icon\"><img alt=[\u7b11cry] src=\"https://h5.sinaimg.cn/m/emoticon/icon/default/d_xiaoku-f2bd11b506.png\" style=\"width:1em; height:1em;\" /></span>", "like_counts": 0, "liked": false}, {"id": 4476590350254807, "created_at": "2020-02-27", "source": "", "user": {"id": 5982943594, "screen_name": "\u5929\u5927\u5730\u5927\u7684\u65f6\u5019", "profile_image_url": "https://tvax4.sinaimg.cn/crop.0.0.512.512.180/006wTOWely8go3mmkel78j30e80e8q47.jpg?KID=imgbed,tva&Expires=1619210807&ssig=YiG2S0UX6X", "verified": false, "verified_type": -1, "followers_count": 93, "mbtype": 2, "profile_url": "https://m.weibo.cn/u/5982943594?uid=5982943594", "remark": "", "following": false, "follow_me": false}, "text": "\u7b2c\u4e09\u4e2a\u53ef\u80fd\u662f\u51fa\u9662\u68c0\u67e5\u7684\u9634\u6027\u662f\u5047\u9634\u6027\uff0c\u4e2d\u56fd\u51fa\u73b0\u8fc7\u4e0d\u5c11\u8fd9\u7c7b\u60c5\u51b5\u3002", "like_counts": 0, "liked": false}, {"id": 4476586126906479, "created_at": "2020-02-27", "source": "", "user": {"id": 3625930015, "screen_name": "\u7a00\u996d\u6e29\u5c0f\u53ef", "profile_image_url": "https://tvax1.sinaimg.cn/crop.0.0.996.996.180/d81f4d1fly8gpm3w6rbyoj20ro0rojt9.jpg?KID=imgbed,tva&Expires=1619210807&ssig=29wBeIK3yW", "verified": false, "verified_type": -1, "followers_count": 6, "mbtype": 11, "profile_url": "https://m.weibo.cn/u/3625930015?uid=3625930015", "remark": "", "following": false, "follow_me": false}, "text": "\u2026\u2026\u90a3\u4e48\u641e\u7b11\u7684", "like_counts": 0, "liked": false}, {"id": 4476585941586985, "created_at": "2020-02-27", "source": "", "user": {"id": 6255253520, "screen_name": "\u6162\u6162\u5768\u5768", "profile_image_url": "https://tvax3.sinaimg.cn/crop.0.32.960.960.180/006PkpbOly8gf66upjlt5j30qo0sht9x.jpg?KID=imgbed,tva&Expires=1619210807&ssig=NURHMSJqWL", "verified": false, "verified_type": -1, "followers_count": 0, "mbtype": 0, "profile_url": "https://m.weibo.cn/u/6255253520?uid=6255253520", "remark": "", "following": false, "follow_me": false}, "text": "<span class=\"url-icon\"><img alt=[\u5141\u60b2] src=\"https://h5.sinaimg.cn/m/emoticon/icon/default/d_yunbei-a14a649db8.png\" style=\"width:1em; height:1em;\" /></span><span class=\"url-icon\"><img alt=[\u5141\u60b2] src=\"https://h5.sinaimg.cn/m/emoticon/icon/default/d_yunbei-a14a649db8.png\" style=\"width:1em; height:1em;\" /></span><span class=\"url-icon\"><img alt=[\u5141\u60b2] src=\"https://h5.sinaimg.cn/m/emoticon/icon/default/d_yunbei-a14a649db8.png\" style=\"width:1em; height:1em;\" /></span>\u8fd9\u4e0d\u662f\u518d\u5ea6\u611f\u67d3\uff5e\u662f\u5c31\u6ca1\u6cbb\u597d\u5427\uff5e\u4e09\u5929\u80fd\u597d\u6211\u4e0d\u4fe1", "like_counts": 0, "liked": false}, {"id": 4476585199549187, "created_at": "2020-02-27", "source": "", "user": {"id": 2826469314, "screen_name": "Fiona\u665a\u665a\u5988\u54aa", "profile_image_url": "https://tvax1.sinaimg.cn/crop.0.26.1242.1242.180/a8787fc2ly8fmhbyovdrnj20yi0zyn26.jpg?KID=imgbed,tva&Expires=1619210807&ssig=EEDlDC7Fns", "verified": false, "verified_type": -1, "followers_count": 275, "mbtype": 0, "profile_url": "https://m.weibo.cn/u/2826469314?uid=2826469314", "remark": "", "following": false, "follow_me": false}, "text": "\u4ec0\u4e48\u518d\u6b21\u611f\u67d3\u660e\u660e\u5c31\u662f\u6ca1\u6cbb\u7597\u597d\u561b\uff01\u8fd9\u65e5\u672c\u7684\u5b98\u5458\u600e\u4e48\u4e0d\u8ddf\u6211\u4eec\u4e2d\u56fd\u53d6\u53d6\u7ecf\u5440\u5728\u8fd9\u81ea\u8bf4\u81ea\u8bdd\uff0c\u611a\u8822", "like_counts": 0, "liked": false}, {"id": 4476584868694154, "created_at": "2020-02-27", "source": "", "user": {"id": 2826469314, "screen_name": "Fiona\u665a\u665a\u5988\u54aa", "profile_image_url": "https://tvax1.sinaimg.cn/crop.0.26.1242.1242.180/a8787fc2ly8fmhbyovdrnj20yi0zyn26.jpg?KID=imgbed,tva&Expires=1619210810&ssig=FRrqTor5gK", "verified": false, "verified_type": -1, "followers_count": 275, "mbtype": 0, "profile_url": "https://m.weibo.cn/u/2826469314?uid=2826469314", "remark": "", "following": false, "follow_me": false}, "text": "\u65e5\u672c\u5728\u529e\u5bb6\u5bb6\u5462", "like_counts": 0, "liked": false}, {"id": 4476584163647394, "created_at": "2020-02-27", "source": "", "user": {"id": 1942948507, "screen_name": "\u4e00\u9e23\u60ca\u4ebaRAT", "profile_image_url": "https://tva2.sinaimg.cn/crop.0.0.180.180.180/73cf0a9bjw1e8qgp5bmzyj2050050aa8.jpg?KID=imgbed,tva&Expires=1619210810&ssig=ktAIrrnE1I", "verified": false, "verified_type": -1, "followers_count": 620, "mbtype": 0, "profile_url": "https://m.weibo.cn/u/1942948507?uid=1942948507", "remark": "", "following": false, "follow_me": false}, "text": "\u6284\u4f5c\u4e1a\u554a<span class=\"url-icon\"><img alt=[\u644a\u624b] src=\"https://h5.sinaimg.cn/m/emoticon/icon/default/d_tanshou-fa05d4eacf.png\" style=\"width:1em; height:1em;\" /></span><span class=\"url-icon\"><img alt=[\u644a\u624b] src=\"https://h5.sinaimg.cn/m/emoticon/icon/default/d_tanshou-fa05d4eacf.png\" style=\"width:1em; height:1em;\" /></span><span class=\"url-icon\"><img alt=[\u644a\u624b] src=\"https://h5.sinaimg.cn/m/emoticon/icon/default/d_tanshou-fa05d4eacf.png\" style=\"width:1em; height:1em;\" /></span>", "like_counts": 0, "liked": false}, {"id": 4476584108756212, "created_at": "2020-02-27", "source": "", "user": {"id": 1624204347, "screen_name": "moffeye", "profile_image_url": "https://tvax3.sinaimg.cn/crop.0.0.996.996.180/60cf643bly8gp8qauobnzj20ro0ro0un.jpg?KID=imgbed,tva&Expires=1619210810&ssig=bQJ%2BkYj18N", "verified": false, "verified_type": -1, "followers_count": 198, "mbtype": 0, "profile_url": "https://m.weibo.cn/u/1624204347?uid=1624204347", "remark": "", "following": false, "follow_me": false}, "text": "\u56de\u590d<a href='https://m.weibo.cn/n/\u674e\u541b\u7684\u4e16\u754c'>@\u674e\u541b\u7684\u4e16\u754c</a>:\u660e\u663e\u662f\u6ca1\u6cbb\u597d\uff0c29\u53f7\u52301\u53f7\uff0c\u7ed9\u4ed6\u7b974\u5929\uff0c\u65e5\u672c\u6709\u7279\u6548\u836f\uff1f", "reply_id": 4476581269600660, "reply_text": "\u53cd\u590d\u554a\u3002", "like_counts": 1, "liked": false}, {"id": 4476583853309887, "created_at": "2020-02-27", "source": "", "user": {"id": 3120361342, "screen_name": "AllenJ\u5904\u4e8e\u9965\u997f\u4e2d", "profile_image_url": "https://tvax2.sinaimg.cn/crop.13.0.724.724.180/b9fcef7ely8fgao84ppnsj20ku0k475e.jpg?KID=imgbed,tva&Expires=1619210810&ssig=4wOe8D1Xb6", "verified": false, "verified_type": 220, "followers_count": 2106, "mbtype": 2, "profile_url": "https://m.weibo.cn/u/3120361342?uid=3120361342", "remark": "", "following": false, "follow_me": false}, "text": "\u75c5\u6bd2\u5f88\u6d3b\u8dc3", "like_counts": 0, "liked": false}, {"id": 4476583706559318, "created_at": "2020-02-27", "source": "", "user": {"id": 1624204347, "screen_name": "moffeye", "profile_image_url": "https://tvax3.sinaimg.cn/crop.0.0.996.996.180/60cf643bly8gp8qauobnzj20ro0ro0un.jpg?KID=imgbed,tva&Expires=1619210810&ssig=bQJ%2BkYj18N", "verified": false, "verified_type": -1, "followers_count": 198, "mbtype": 0, "profile_url": "https://m.weibo.cn/u/1624204347?uid=1624204347", "remark": "", "following": false, "follow_me": false}, "text": "\u56de\u590d<a href='https://m.weibo.cn/n/\u51c9\u51c9\u9001\u7ed9ni'>@\u51c9\u51c9\u9001\u7ed9ni</a>:\u660e\u663e\u662f\u6ca1\u6cbb\u597d\u300229\u53f7\u786e\u8bca1\u53f7\u51fa\u9662\uff0c\u4ec0\u4e48\u795e\u836f\u8fd9\u4e48\u6709\u6548\uff1f", "reply_id": 4476577645789185, "reply_text": "\u518d\u6b21\u611f\u67d3\uff1f\u8fd8\u662f\u5176\u5b9e\u6ca1\u597d\uff1f", "like_counts": 0, "liked": false}, {"id": 4476583551688192, "created_at": "2020-02-27", "source": "", "user": {"id": 1940265327, "screen_name": "\u5c41\u5b69\u7136", "profile_image_url": "https://tvax1.sinaimg.cn/crop.0.0.512.512.180/73a6196fly8gd8hg2lvglj20e80e80tc.jpg?KID=imgbed,tva&Expires=1619210810&ssig=KkmfLT6nm9", "verified": false, "verified_type": -1, "followers_count": 259, "mbtype": 0, "profile_url": "https://m.weibo.cn/u/1940265327?uid=1940265327", "remark": "", "following": false, "follow_me": false}, "text": "\u4f4f3\u5929\u5c31\u51fa\u9662\u3002\u3002\u3002", "like_counts": 0, "liked": false}, {"id": 4476582787602106, "created_at": "2020-02-27", "source": "", "user": {"id": 5837821719, "screen_name": "\u521d\u58f0\u7693\u6708", "profile_image_url": "https://tvax2.sinaimg.cn/crop.0.0.996.996.180/006n4U6Ply8fr1p33rwz3j30ro0rojt9.jpg?KID=imgbed,tva&Expires=1619210810&ssig=9%2FOaFaC6s%2B", "verified": false, "verified_type": -1, "followers_count": 77, "mbtype": 0, "profile_url": "https://m.weibo.cn/u/5837821719?uid=5837821719", "remark": "", "following": false, "follow_me": false}, "text": "\u5176\u5b9e\u5c31\u662f\u6ca1\u597d\u900f\u5427", "like_counts": 0, "liked": false}, {"id": 4476582733400354, "created_at": "2020-02-27", "source": "", "user": {"id": 2513121562, "screen_name": "dispenakes", "profile_image_url": "https://tvax1.sinaimg.cn/crop.47.182.455.455.180/95cb311aly8fdhw03ouqrj20fa0mst92.jpg?KID=imgbed,tva&Expires=1619210810&ssig=u5aity7ElE", "verified": false, "verified_type": -1, "followers_count": 198, "mbtype": 0, "profile_url": "https://m.weibo.cn/u/2513121562?uid=2513121562", "remark": "", "following": false, "follow_me": false}, "text": "\u4f4f\u9662\u4e24\u4e09\u5929\u5c31\u5b8c\u4e8b\uff1f\uff1f\u795e\u9a6c\u64cd\u4f5c\uff1f\uff1f", "like_counts": 0, "liked": false}, {"id": 4476582670543124, "created_at": "2020-02-27", "source": "", "user": {"id": 2323107931, "screen_name": "\u722c\u5c71\u7684\u5c0f\u7c89\u732a_259", "profile_image_url": "https://tva1.sinaimg.cn/crop.0.0.180.180.180/8a77d05bjw8eia4x1hkgej20500500so.jpg?KID=imgbed,tva&Expires=1619210812&ssig=RDp5tJQKYO", "verified": false, "verified_type": -1, "followers_count": 86, "mbtype": 0, "profile_url": "https://m.weibo.cn/u/2323107931?uid=2323107931", "remark": "", "following": false, "follow_me": false}, "text": "\u518d\u6b21\u611f\u67d3\uff0c\u4f60\u5f53\u4eba\u4f53\u6297\u4f53\u662f\u5047\u7684\u554a\uff1f\u90a3\u4e48\u5feb\u5c31\u518d\u6b21\u611f\u67d3\uff0c\u4f60\u4eec\u5c45\u7136\u90a3\u4e48\u6de1\u5b9a\uff1f\u8fd8\u518d\u6b21\u590d\u6d3b\u3002\u75c5\u6bd2\u88ab\u6d88\u706d\u4e86\u4f1a\u81ea\u5df1\u590d\u6d3b\uff1f\u538b\u6839\u5c31\u662f\u514d\u75ab\u7cfb\u7edf\u6297\u4f53\u8fd8\u4e0d\u591f\uff0c\u8fd8\u6ca1\u597d\uff0c\u75c5\u6bd2\u8fd8\u6709\u4e00\u5927\u628a\uff0c\u4f60\u4eec\u5c31\u653e\u51fa\u53bb\u4e86\u3002", "like_counts": 0, "liked": false}, {"id": 4476582364497545, "created_at": "2020-02-27", "source": "", "user": {"id": 5876942328, "screen_name": "\u56fe\u7075\u8d85\u5e02", "profile_image_url": "https://tva3.sinaimg.cn/crop.0.0.170.170.180/006pJ3aojw8f1pvg6e1syj304q04qt8h.jpg?KID=imgbed,tva&Expires=1619210812&ssig=euEZaFsVbS", "verified": false, "verified_type": -1, "followers_count": 114, "mbtype": 2, "profile_url": "https://m.weibo.cn/u/5876942328?uid=5876942328", "remark": "", "following": false, "follow_me": false}, "text": "\u5237\u7259", "like_counts": 0, "liked": false}, {"id": 4476581927703334, "created_at": "2020-02-27", "source": "", "user": {"id": 2323107931, "screen_name": "\u722c\u5c71\u7684\u5c0f\u7c89\u732a_259", "profile_image_url": "https://tva1.sinaimg.cn/crop.0.0.180.180.180/8a77d05bjw8eia4x1hkgej20500500so.jpg?KID=imgbed,tva&Expires=1619210812&ssig=RDp5tJQKYO", "verified": false, "verified_type": -1, "followers_count": 86, "mbtype": 0, "profile_url": "https://m.weibo.cn/u/2323107931?uid=2323107931", "remark": "", "following": false, "follow_me": false}, "text": "\u56de\u590d<a href='https://m.weibo.cn/n/\u55b5\u5927aa'>@\u55b5\u5927aa</a>:\u53f0\u5dde\uff0c\u6cf0\u5dde\uff0c\u963f\u575d\u5dde\u3002\u53bb\u5403\u5427", "reply_id": 4476578119823508, "reply_text": "\u6211\u56fd\u53ea\u6709\u4e94\u4e2a\u5dde \u798f\u5dde \u6cc9\u5dde \u676d\u5dde \u8d35\u5dde \u6e29\u5dde \u8c01\u80fd\u591a\u8bf4\u51fa\u4e00\u4e2a\u6211\u5403\u7fd4<span class=\"url-icon\"><img alt=[\u7f9e\u55d2\u55d2] src=\"https://h5.sinaimg.cn/m/emoticon/icon/lxh/lxh_xiudada-e99552ddb3.png\" style=\"width:1em; height:1em;\" /></span>", "like_counts": 0, "liked": false}, {"id": 4476581856456410, "created_at": "2020-02-27", "source": "", "user": {"id": 5826014612, "screen_name": "\u56fe\u9017\u4e0d\u8981\u54c7", "profile_image_url": "https://tvax2.sinaimg.cn/crop.0.0.664.664.180/006mhmxCly8gb1jmzwo94j30ig0ig3yx.jpg?KID=imgbed,tva&Expires=1619210812&ssig=pPhQXi5MBx", "verified": false, "verified_type": -1, "followers_count": 2, "mbtype": 0, "profile_url": "https://m.weibo.cn/u/5826014612?uid=5826014612", "remark": "", "following": false, "follow_me": false}, "text": "\u56de\u590d<a href='https://m.weibo.cn/n/xxxhooXn'>@xxxhooXn</a>:\u54ce\u91cd\u4e86\u4f60\u505a\u53ef\u4ee5\u770b\u5230\u3002\u3002\u3002\u51cf\u8f7b\u4e86\u6839\u672c\u3002\u3002\u3002\u3002\u56e0\u4e3a\u8fd9\u75c5\u5bf9\u80ba\u6709\u635f\u4f24\u7684\u3002", "reply_id": 4476580418203386, "reply_text": "\u4e2d\u56fd\u8fd9\u4e48\u591a\u75c5\u4f8b\u7f51\u4e0a\u90fd\u6709\u8be6\u60c5\uff0c\u9634\u8f6c\u9633\u7684\u4f8b\u5b50\u90a3\u4e48\u591a\uff0c\u8bf4\u4e86\u505act\u6700\u4fdd\u9669\uff0c\u4e0d\u542c\u4e5f\u4e0d\u770b\u602a\u8c01\u554a\uff1f\uff1f\uff1f\uff1f\uff1f\uff1f", "like_counts": 0, "liked": false}, {"id": 4476581496463168, "created_at": "2020-02-27", "source": "", "user": {"id": 2776955750, "screen_name": "\u6f2b\u5377\u65d7\u4e91", "profile_image_url": "https://tva3.sinaimg.cn/crop.0.0.180.180.180/a584fb66jw1e8qgp5bmzyj2050050aa8.jpg?KID=imgbed,tva&Expires=1619210812&ssig=eHuB1PJ7x%2F", "verified": false, "verified_type": -1, "followers_count": 180, "mbtype": 0, "profile_url": "https://m.weibo.cn/u/2776955750?uid=2776955750", "remark": "", "following": false, "follow_me": false}, "text": "\u5bf9\u8fd9\u75c5\u6bd2\u771f\u8981\u7edd\u671b\u4e86<span class=\"url-icon\"><img alt=[\u60b2\u4f24] src=\"https://h5.sinaimg.cn/m/emoticon/icon/default/d_beishang-c95268c034.png\" style=\"width:1em; height:1em;\" /></span>", "like_counts": 0, "liked": false}, {"id": 4476581302557579, "created_at": "2020-02-27", "source": "", "user": {"id": 6597008749, "screen_name": "\u666e\u901a\u4f46\u81ea\u4fe1\u5973", "profile_image_url": "https://tvax2.sinaimg.cn/crop.0.0.986.986.180/007csnkVly8gowcam84nrj30re0regnp.jpg?KID=imgbed,tva&Expires=1619210812&ssig=Hg1DKgO273", "verified": false, "verified_type": -1, "followers_count": 101, "mbtype": 2, "profile_url": "https://m.weibo.cn/u/6597008749?uid=6597008749", "remark": "", "following": false, "follow_me": false}, "text": "\u8fd9\u4e2a\u4e0d\u7528\u6050\u614c\uff0c\u6211\u7ed9\u4ed6\u8bca\u65ad\u4e86\u3002\u4ed6\u8fd9\u4e2a\u5c5e\u4e8e\u5f62\u800c\u4e0a\u5b66\u7684\u597d\u4e86\u7684\u75c7\u72b6\u3002\u6cbb\u7597\u5c31\u662f\u518d\u5f85\u4e24\u5929\u3002", "like_counts": 3, "liked": false}, {"id": 4476581269600660, "created_at": "2020-02-27", "source": "", "user": {"id": 1215348874, "screen_name": "\u674e\u541b\u7684\u4e16\u754c", "profile_image_url": "https://tva4.sinaimg.cn/crop.0.0.180.180.180/4870c08ajw1e8qgp5bmzyj2050050aa8.jpg?KID=imgbed,tva&Expires=1619210812&ssig=DvrswEi3M7", "verified": true, "verified_type": 0, "followers_count": 111159, "verified_type_ext": 0, "mbtype": 12, "profile_url": "https://m.weibo.cn/u/1215348874?uid=1215348874", "remark": "", "following": false, "follow_me": false}, "text": "\u53cd\u590d\u554a\u3002", "like_counts": 0, "liked": false}, {"id": 4476581207079191, "created_at": "2020-02-27", "source": "", "user": {"id": 2323107931, "screen_name": "\u722c\u5c71\u7684\u5c0f\u7c89\u732a_259", "profile_image_url": "https://tva1.sinaimg.cn/crop.0.0.180.180.180/8a77d05bjw8eia4x1hkgej20500500so.jpg?KID=imgbed,tva&Expires=1619210812&ssig=RDp5tJQKYO", "verified": false, "verified_type": -1, "followers_count": 86, "mbtype": 0, "profile_url": "https://m.weibo.cn/u/2323107931?uid=2323107931", "remark": "", "following": false, "follow_me": false}, "text": "\u56de\u590d<a href='https://m.weibo.cn/n/\u51c9\u51c9\u9001\u7ed9ni'>@\u51c9\u51c9\u9001\u7ed9ni</a>:\u5e94\u8be5\u662f\u6ca1\u597d\u3002\u6b63\u5e38\u4eba\u4f53\u53d7\u5230\u75c5\u6bd2\u653b\u51fb\u6062\u590d\u540e\uff0c\u4f1a\u6709\u6297\u4f53\u7684\uff0c\u4e0d\u592a\u4f1a\u518d\u6b21\u611f\u67d3\u3002\u56e0\u4e3a\u4eba\u4f53\u5df2\u7ecf\u6709\u8fd9\u79cd\u75c5\u6bd2\u7684\u8bc6\u522b\u65b9\u6cd5\uff0c\u514d\u75ab\u7cfb\u7edf\u53ef\u4ee5\u5904\u7406\u4e86", "reply_id": 4476577645789185, "reply_text": "\u518d\u6b21\u611f\u67d3\uff1f\u8fd8\u662f\u5176\u5b9e\u6ca1\u597d\uff1f", "like_counts": 0, "liked": false}, {"id": 4476581177012659, "created_at": "2020-02-27", "source": "", "user": {"id": 1934611044, "screen_name": "\u9497\u5934\u51e4\u513f", "profile_image_url": "https://tvax4.sinaimg.cn/crop.0.0.512.512.180/734fd264ly8fqvxumi8l4j20e80e8q3j.jpg?KID=imgbed,tva&Expires=1619210812&ssig=N%2Fh77MfJ7r", "verified": false, "verified_type": 220, "followers_count": 2860, "mbtype": 12, "profile_url": "https://m.weibo.cn/u/1934611044?uid=1934611044", "remark": "", "following": false, "follow_me": false}, "text": "\u56de\u590d<a href='https://m.weibo.cn/n/\u82b1\u8fb9\u5f69\u76d2'>@\u82b1\u8fb9\u5f69\u76d2</a>:\u8fd9\u79cd\u4e0d\u7559\u9662\u89c2\u5bdf\u7684\u5417 \u56fd\u5185\u4e0d\u662f\u90fd\u68c0\u6d4b\u9634\u6027\u597d\u51e0\u6b21\u6700\u540e\u624d\u67e5\u51fa\u9633\u6027\u786e\u8bca  \u4e24\u5929\u771f\u4e0d\u8be5\u505a\u75ca\u6108\u5904\u7406\u51fa\u9662", "reply_id": 4476580354600529, "reply_text": "\u56de\u590d<a href='https://m.weibo.cn/n/\u9497\u5934\u51e4\u513f'>@\u9497\u5934\u51e4\u513f</a>:\u5371\u91cd\u7684\u4e5f\u80fd\u68c0\u51fa\u9634\u6027\uff0c\ud83c\udf53\uff0ccT\u90fd\u53ef\u80fd\u770b\u4e0d\u51fa\u6709\u75c5<span class=\"url-icon\"><img alt=[\u6012] src=\"https://h5.sinaimg.cn/m/emoticon/icon/default/d_nu-0ddf642bed.png\" style=\"width:1em; height:1em;\" /></span>", "like_counts": 0, "liked": false}, {"id": 4476581151609928, "created_at": "2020-02-27", "source": "", "user": {"id": 6721625964, "screen_name": "\u660e\u65e5\u767b\u57fa\u67e5\u5c14\u65af", "profile_image_url": "https://tvax4.sinaimg.cn/crop.0.0.1080.1080.180/007kTfY0ly8gdjhfd3hfdj30u00u0wgo.jpg?KID=imgbed,tva&Expires=1619210812&ssig=rhluO4Z3Zv", "verified": false, "verified_type": -1, "followers_count": 321, "mbtype": 12, "profile_url": "https://m.weibo.cn/u/6721625964?uid=6721625964", "remark": "", "following": false, "follow_me": false}, "text": "1\u670829\u786e\u8bca\uff0c2\u67081\u51fa\u9662\uff0c\u533b\u9662\u5446\u4e24\u5929\u5c31\u51fa\u6765\u4e86\uff1f\u8fd9\u4ed6\u5988\u5c31\u662f\u6ca1\u6d4b\u51c6\uff0c\u8bef\u653e\u7684\u5427\uff1f", "like_counts": 0, "liked": false}, {"id": 4476581097896943, "created_at": "2020-02-27", "source": "", "user": {"id": 6028872182, "screen_name": "Hello\u6d77\u7ef5\u83cc", "profile_image_url": "https://tvax3.sinaimg.cn/crop.0.0.996.996.180/006A0x3Uly8gig6hk05hkj30ro0rodgn.jpg?KID=imgbed,tva&Expires=1619210815&ssig=BJsN5eucpp", "verified": false, "verified_type": -1, "followers_count": 32, "mbtype": 0, "profile_url": "https://m.weibo.cn/u/6028872182?uid=6028872182", "remark": "", "following": false, "follow_me": false}, "text": "\u4e09\u5929\u5c31\u56de\u5bb6\uff01\u90a3\u4e0d\u662f\u518d\u5ea6\u611f\u67d3\uff0c\u90a3\u662f\u538b\u6839\u513f\u5c31\u6ca1\u6cbb\u597d\u5427\uff01\uff08\u90a3\u4e5f\u4e0d\u662f\u6d41\u4ea7\u554a\uff0c\u90a3\u662f\u538b\u6839\u513f\u5c31\u6ca1\u6000\u4e0a\u5427<span class=\"url-icon\"><img alt=[\u4e8c\u54c8] src=\"https://h5.sinaimg.cn/m/emoticon/icon/others/d_erha-139d0e07bd.png\" style=\"width:1em; height:1em;\" /></span>\uff09", "like_counts": 0, "liked": false}, {"id": 4476581067704596, "created_at": "2020-02-27", "source": "", "user": {"id": 1768298254, "screen_name": "Roc\u54af\u5623", "profile_image_url": "https://tva1.sinaimg.cn/crop.0.9.750.750.180/6966170ejw8fd1hrrh5uaj20ku0lc3zx.jpg?KID=imgbed,tva&Expires=1619210815&ssig=duh2grqFV5", "verified": false, "verified_type": -1, "followers_count": 3578, "mbtype": 2, "profile_url": "https://m.weibo.cn/u/1768298254?uid=1768298254", "remark": "", "following": false, "follow_me": false}, "text": "\u4e0d\u662f\u5acc\u5f03\u4e2d\u56fd\u6350\u8d60\u7684\u68c0\u6d4b\u76d2\u8d28\u91cf\u561b\uff1f\u81ea\u5df1\u4ea7\u7684\u6ca1\u8bdd\u8bf4", "like_counts": 0, "liked": false}, {"id": 4476580946316561, "created_at": "2020-02-27", "source": "", "user": {"id": 6241129076, "screen_name": "\u65e5\u5e38\u7406\u6bdb\u7ebf", "profile_image_url": "https://tvax4.sinaimg.cn/crop.0.0.1080.1080.180/006On8Mcly8gl6fwjnhchj30u00u0dic.jpg?KID=imgbed,tva&Expires=1619210815&ssig=tCxYLZ8PQP", "verified": false, "verified_type": -1, "followers_count": 113, "mbtype": 0, "profile_url": "https://m.weibo.cn/u/6241129076?uid=6241129076", "remark": "", "following": false, "follow_me": false}, "text": "\u80af\u5b9a\u662f\u75c7\u72b6\u7f13\u89e3\u4e86\u5c31\u51fa\u9662\u4e86\uff0c\u51fa\u9662\u524d\u4e5f\u6ca1\u6709\u518d\u68c0\u6d4b\uff0c\u4f46\u662f\u6062\u590d\u4e0d\u597d\uff0c\u53c8\u68c0\u6d4b\uff0c\u4f9d\u65e7\u662f\u9633\u6027", "like_counts": 0, "liked": false}, {"id": 4476580778510187, "created_at": "2020-02-27", "source": "", "user": {"id": 1687448975, "screen_name": "\u4f2f\u9b54", "profile_image_url": "https://tvax4.sinaimg.cn/crop.0.0.1080.1080.180/64946d8fly8gpen1zmqcjj20u00u077s.jpg?KID=imgbed,tva&Expires=1619210815&ssig=9AqFU%2BJHub", "verified": false, "verified_type": 220, "followers_count": 500, "mbtype": 0, "profile_url": "https://m.weibo.cn/u/1687448975?uid=1687448975", "remark": "", "following": false, "follow_me": false}, "text": "\u56de\u590d<a href='https://m.weibo.cn/n/\u6bcf\u65e5\u751c\u4efd'>@\u6bcf\u65e5\u751c\u4efd</a>:\u8349\u83c5\u4eba\u547d", "reply_id": 4476577729701464, "reply_text": "29\u53f7\u786e\u8bca\uff0c1\u53f7\u5c31\u51fa\u9662\uff1f\uff1f\uff1f\u5f00\u4ec0\u4e48\u73a9\u7b11\uff1f\uff1f", "like_counts": 0, "liked": false}, {"id": 4476580723726894, "created_at": "2020-02-27", "source": "", "user": {"id": 5896842953, "screen_name": "\u4e8c\u6b21\u5143\u7684\u5c0f\u4e8c51020", "profile_image_url": "https://tvax1.sinaimg.cn/crop.0.0.996.996.180/006r4yedly8fuolo4nu19j30ro0ro77q.jpg?KID=imgbed,tva&Expires=1619210815&ssig=4IrsLDJQcQ", "verified": false, "verified_type": -1, "followers_count": 101, "mbtype": 2, "profile_url": "https://m.weibo.cn/u/5896842953?uid=5896842953", "remark": "", "following": false, "follow_me": false}, "text": "\u6839\u672c\u5c31\u6ca1\u597d\u8fc7", "like_counts": 0, "liked": false}, {"id": 4476580678084897, "created_at": "2020-02-27", "source": "", "user": {"id": 7124925802, "screen_name": "\u6c5f\u67cf0528", "profile_image_url": "https://tvax2.sinaimg.cn/crop.0.0.1080.1080.180/007MbsG6ly8gdj2x0sptfj30u00u0jtq.jpg?KID=imgbed,tva&Expires=1619210815&ssig=QtaBi47bXg", "verified": false, "verified_type": -1, "followers_count": 838, "mbtype": 0, "profile_url": "https://m.weibo.cn/u/7124925802?uid=7124925802", "remark": "", "following": false, "follow_me": false}, "text": "\u65e5\u672c\u7684\u5904\u7f6e\u65b9\u5f0f\u771f\u8ba9\u4eba\u8ff7\u60d1<span class=\"url-icon\"><img alt=[\u8d39\u89e3] src=\"https://h5.sinaimg.cn/m/emoticon/icon/default/d_feijie-c1df37ef03.png\" style=\"width:1em; height:1em;\" /></span><span class=\"url-icon\"><img alt=[\u8d39\u89e3] src=\"https://h5.sinaimg.cn/m/emoticon/icon/default/d_feijie-c1df37ef03.png\" style=\"width:1em; height:1em;\" /></span><span class=\"url-icon\"><img alt=[\u6316\u9f3b] src=\"https://h5.sinaimg.cn/m/emoticon/icon/default/d_wabishi-816c4e8890.png\" style=\"width:1em; height:1em;\" /></span><span class=\"url-icon\"><img alt=[\u6316\u9f3b] src=\"https://h5.sinaimg.cn/m/emoticon/icon/default/d_wabishi-816c4e8890.png\" style=\"width:1em; height:1em;\" /></span>", "like_counts": 0, "liked": false}, {"id": 4476580418203386, "created_at": "2020-02-27", "source": "", "user": {"id": 5085666905, "screen_name": "xxxhooXn", "profile_image_url": "https://tvax3.sinaimg.cn/crop.0.0.512.512.180/005yaWhzly8gkuk46y5gpj30e80e8hap.jpg?KID=imgbed,tva&Expires=1619210815&ssig=r6fzRDJWXM", "verified": false, "verified_type": -1, "followers_count": 144, "mbtype": 2, "profile_url": "https://m.weibo.cn/u/5085666905?uid=5085666905", "remark": "", "following": false, "follow_me": false}, "text": "\u4e2d\u56fd\u8fd9\u4e48\u591a\u75c5\u4f8b\u7f51\u4e0a\u90fd\u6709\u8be6\u60c5\uff0c\u9634\u8f6c\u9633\u7684\u4f8b\u5b50\u90a3\u4e48\u591a\uff0c\u8bf4\u4e86\u505act\u6700\u4fdd\u9669\uff0c\u4e0d\u542c\u4e5f\u4e0d\u770b\u602a\u8c01\u554a\uff1f\uff1f\uff1f\uff1f\uff1f\uff1f", "like_counts": 2, "liked": false}, {"id": 4476580372253033, "created_at": "2020-02-27", "source": "", "user": {"id": 6769840970, "screen_name": "_\u6ed1\u6ed1\u867e\u6ed1", "profile_image_url": "https://tvax3.sinaimg.cn/crop.0.0.664.664.180/007o9yToly8gd902z8asmj30ig0iggmf.jpg?KID=imgbed,tva&Expires=1619210815&ssig=heCn9UMwvA", "verified": false, "verified_type": -1, "followers_count": 9, "mbtype": 0, "profile_url": "https://m.weibo.cn/u/6769840970?uid=6769840970", "remark": "", "following": false, "follow_me": false}, "text": "\u4e0d\u628a\u8fd9\u4e2a\u5f53\u5927\u4e8b\u513f\u770b\u4f1a\u5403\u4e8f\u7684..<span class=\"url-icon\"><img alt=[\u4e8c\u54c8] src=\"https://h5.sinaimg.cn/m/emoticon/icon/others/d_erha-139d0e07bd.png\" style=\"width:1em; height:1em;\" /></span>", "like_counts": 2, "liked": false}, {"id": 4476580354600529, "created_at": "2020-02-27", "source": "", "user": {"id": 2655011663, "screen_name": "\u82b1\u8fb9\u5f69\u76d2", "profile_image_url": "https://tva3.sinaimg.cn/crop.0.0.180.180.180/9e40434fjw1e8qgp5bmzyj2050050aa8.jpg?KID=imgbed,tva&Expires=1619210815&ssig=s6swzbPxul", "verified": false, "verified_type": -1, "followers_count": 268, "mbtype": 2, "profile_url": "https://m.weibo.cn/u/2655011663?uid=2655011663", "remark": "", "following": false, "follow_me": false}, "text": "\u56de\u590d<a href='https://m.weibo.cn/n/\u9497\u5934\u51e4\u513f'>@\u9497\u5934\u51e4\u513f</a>:\u5371\u91cd\u7684\u4e5f\u80fd\u68c0\u51fa\u9634\u6027\uff0c\ud83c\udf53\uff0ccT\u90fd\u53ef\u80fd\u770b\u4e0d\u51fa\u6709\u75c5<span class=\"url-icon\"><img alt=[\u6012] src=\"https://h5.sinaimg.cn/m/emoticon/icon/default/d_nu-0ddf642bed.png\" style=\"width:1em; height:1em;\" /></span>", "reply_id": 4476578039823164, "reply_text": "\u548b\u4e0d\u8bf4\u7b2c\u4e09\u4e2a\u539f\u56e0 \u672a\u75ca\u6108\u5c31\u51fa\u9662", "like_counts": 0, "liked": false}, {"id": 4476579860174160, "created_at": "2020-02-27", "source": "", "user": {"id": 6852604082, "screen_name": "lone\u7a0b", "profile_image_url": "https://tvax2.sinaimg.cn/crop.0.0.996.996.180/007tKPmily8fx8odps5kkj30ro0rodh5.jpg?KID=imgbed,tva&Expires=1619210817&ssig=zkHz7010LO", "verified": false, "verified_type": -1, "followers_count": 627, "mbtype": 2, "profile_url": "https://m.weibo.cn/u/6852604082?uid=6852604082", "remark": "", "following": false, "follow_me": false}, "text": "\u5b89\u57f9\u600e\u4e48\u6837\u4e86", "like_counts": 0, "liked": false}, {"id": 4476579479026748, "created_at": "2020-02-27", "source": "", "user": {"id": 6572205023, "screen_name": "\u65b9\u5757\u548c\u5f90\u7a57\u73cd\u4e00\u8d77\u8d70\u9ec4\u6cc9\u8def", "profile_image_url": "https://tvax3.sinaimg.cn/crop.0.0.828.828.180/007aMiKPly8gptmifr31ej30n00n0t98.jpg?KID=imgbed,tva&Expires=1619210817&ssig=BomGVd%2FZkH", "verified": false, "verified_type": -1, "followers_count": 152, "mbtype": 2, "profile_url": "https://m.weibo.cn/u/6572205023?uid=6572205023", "remark": "", "following": false, "follow_me": false}, "text": "\u56de\u590d<a href='https://m.weibo.cn/n/\u55b5\u5927aa'>@\u55b5\u5927aa</a>:\u5f90\u5dde\u88ab\u4f60\u5403\u4e86\uff1f", "reply_id": 4476578119823508, "reply_text": "\u6211\u56fd\u53ea\u6709\u4e94\u4e2a\u5dde \u798f\u5dde \u6cc9\u5dde \u676d\u5dde \u8d35\u5dde \u6e29\u5dde \u8c01\u80fd\u591a\u8bf4\u51fa\u4e00\u4e2a\u6211\u5403\u7fd4<span class=\"url-icon\"><img alt=[\u7f9e\u55d2\u55d2] src=\"https://h5.sinaimg.cn/m/emoticon/icon/lxh/lxh_xiudada-e99552ddb3.png\" style=\"width:1em; height:1em;\" /></span>", "like_counts": 0, "liked": false}, {"id": 4476579244088074, "created_at": "2020-02-27", "source": "", "user": {"id": 5697850379, "screen_name": "\u5973\u5b69\u50cf\u517b\u4e50\u591a\u4e00\u6837\u7684\u53ef\u8010", "profile_image_url": "https://tvax2.sinaimg.cn/crop.0.0.996.996.180/006dBBazly8g1yrs18rokj30ro0rowi4.jpg?KID=imgbed,tva&Expires=1619210817&ssig=zUq005k9nc", "verified": false, "verified_type": -1, "followers_count": 10132, "mbtype": 0, "profile_url": "https://m.weibo.cn/u/5697850379?uid=5697850379", "remark": "", "following": false, "follow_me": false}, "text": "\u5475\u5475\uff01\u771f\u6709\u610f\u601d\uff01", "like_counts": 1, "liked": false}, {"id": 4476579164082795, "created_at": "2020-02-27", "source": "", "user": {"id": 6589173317, "screen_name": "nawei88", "profile_image_url": "https://tvax4.sinaimg.cn/crop.0.0.400.400.180/007bVuYZly8fsumq6l4lmj30b40b40vg.jpg?KID=imgbed,tva&Expires=1619210817&ssig=yXs8ECrKDp", "verified": false, "verified_type": -1, "followers_count": 286, "mbtype": 0, "profile_url": "https://m.weibo.cn/u/6589173317?uid=6589173317", "remark": "", "following": false, "follow_me": false}, "text": "\u8fd9\u4e48\u5feb", "like_counts": 0, "liked": false}, {"id": 4476578992077104, "created_at": "2020-02-27", "source": "", "user": {"id": 2211312065, "screen_name": "\u770b\u6613\u5fae\u7b11\u4e16\u4e8b\u9759\u4e5a", "profile_image_url": "https://tvax3.sinaimg.cn/crop.0.0.996.996.180/83cdf1c1ly8gioqxjb4w7j20ro0roabs.jpg?KID=imgbed,tva&Expires=1619210817&ssig=aQ%2Ba%2B8v1Se", "verified": false, "verified_type": -1, "followers_count": 97, "mbtype": 2, "profile_url": "https://m.weibo.cn/u/2211312065?uid=2211312065", "remark": "", "following": false, "follow_me": false}, "text": "\u653f\u5e9c\u60f3\u7701\u94b1\u7701\u75af\u4e86\u5427", "like_counts": 0, "liked": false}, {"id": 4476578908402291, "created_at": "2020-02-27", "source": "", "user": {"id": 1720452202, "screen_name": "\u4f4e\u5230\u5c18\u57c3\u91cc\u662f\u56e0\u4e3a\u6454\u4e86\u4e2a\u5927\u9a6c\u8db4", "profile_image_url": "https://tvax3.sinaimg.cn/crop.0.0.996.996.180/668c046aly8fe9o0uvh6sj20ro0ro788.jpg?KID=imgbed,tva&Expires=1619210817&ssig=GEnBRE3wtm", "verified": false, "verified_type": -1, "followers_count": 96, "mbtype": 0, "profile_url": "https://m.weibo.cn/u/1720452202?uid=1720452202", "remark": "", "following": false, "follow_me": false}, "text": "\u5e94\u8be5\u662f\u6ca1\u597d\u5427\uff0c\u68c0\u6d4b\u8bd5\u5242\u56fd\u5185\u8981\u68c0\u6d4b\u597d\u51e0\u6b21\u8fd8\u8981\u89c2\u5bdf14\u5929\u624d\u80fd\u51fa\u9662\u554a", "like_counts": 0, "liked": false}, {"id": 4476578576323969, "created_at": "2020-02-27", "source": "", "user": {"id": 3164192740, "screen_name": "\u796d\u53f81617", "profile_image_url": "https://tvax4.sinaimg.cn/crop.0.0.996.996.180/bc99bfe4ly8gg51pliti7j20ro0rodij.jpg?KID=imgbed,tva&Expires=1619210817&ssig=hi83zs8ug9", "verified": false, "verified_type": -1, "followers_count": 188, "mbtype": 0, "profile_url": "https://m.weibo.cn/u/3164192740?uid=3164192740", "remark": "", "following": false, "follow_me": false}, "text": "\u679c\u7136\u662f\u6d41\u6c13\u75c5\u6bd2<span class=\"url-icon\"><img alt=[\u9ed1\u7ebf] src=\"https://h5.sinaimg.cn/m/emoticon/icon/default/d_heixian-1bcf71bba6.png\" style=\"width:1em; height:1em;\" /></span>", "like_counts": 0, "liked": false}, {"id": 4476578514099921, "created_at": "2020-02-27", "source": "", "user": {"id": 2093659437, "screen_name": "\u4e50\u6d3b\u6b66\u6c49", "profile_image_url": "https://tva4.sinaimg.cn/crop.0.0.180.180.180/7ccab52djw1e8qgp5bmzyj2050050aa8.jpg?KID=imgbed,tva&Expires=1619210817&ssig=tiXGJEbcoQ", "verified": true, "verified_type": 3, "followers_count": 1446105, "verified_type_ext": 0, "mbtype": 12, "profile_url": "https://m.weibo.cn/u/2093659437?uid=2093659437", "remark": "", "following": false, "follow_me": false}, "text": "<span class=\"url-icon\"><img alt=[\u5141\u60b2] src=\"https://h5.sinaimg.cn/m/emoticon/icon/default/d_yunbei-a14a649db8.png\" style=\"width:1em; height:1em;\" /></span>", "like_counts": 0, "liked": false}, {"id": 4476578509892455, "created_at": "2020-02-27", "source": "", "user": {"id": 5704702368, "screen_name": "Suri\u00b7XING", "profile_image_url": "https://tvax2.sinaimg.cn/crop.0.0.751.751.180/006e4lGwly8gozacl0814j30kv0kvjrs.jpg?KID=imgbed,tva&Expires=1619210819&ssig=zOp4tfviRz", "verified": true, "verified_type": 0, "followers_count": 1290, "verified_type_ext": 0, "mbtype": 12, "profile_url": "https://m.weibo.cn/u/5704702368?uid=5704702368", "remark": "", "following": false, "follow_me": false}, "text": "\u4e09\u56db\u5929\u5c31\u51fa\u9662\u4e86\uff1f<span class=\"url-icon\"><img alt=[\u7591\u95ee] src=\"https://h5.sinaimg.cn/m/emoticon/icon/default/d_yiwen-40c066d5c3.png\" style=\"width:1em; height:1em;\" /></span>", "like_counts": 6, "liked": false}, {"id": 4476578321301745, "created_at": "2020-02-27", "source": "", "user": {"id": 6893276441, "screen_name": "\u5468\u8682\u86811986", "profile_image_url": "https://tvax1.sinaimg.cn/crop.171.2.333.333.180/007wvu65ly8gded98fygjj30go0dnwfn.jpg?KID=imgbed,tva&Expires=1619210819&ssig=1oYh65MPy9", "verified": false, "verified_type": -1, "followers_count": 601, "mbtype": 0, "profile_url": "https://m.weibo.cn/u/6893276441?uid=6893276441", "remark": "", "following": false, "follow_me": false}, "text": "\u65e5\u97e9\u4e00\u95f4\u9694\u79bb\u96c6\u4f53\u533b\u9662\u90fd\u6ca1\u6709\uff0c\u516c\u7acb\u7206\u70b8\uff0c\u80fd\u63a7\u5236\u771f\u7684\u662f\u542c\u5929\u7531\u547d\u3002\u6700\u8d77\u7801\u65e5\u672c\u519b\u961f\u628a\u5e10\u7bf7\u652f\u8d77\u6765\u5148\u5427\u3002", "like_counts": 1, "liked": false}, {"id": 4476578149275539, "created_at": "2020-02-27", "source": "", "user": {"id": 2068172025, "screen_name": "Hustle_30", "profile_image_url": "https://tvax1.sinaimg.cn/crop.0.0.512.512.180/7b45ccf9ly8glb2105nj9j20e80e8afu.jpg?KID=imgbed,tva&Expires=1619210819&ssig=bYFm6fb%2Fs%2B", "verified": false, "verified_type": -1, "followers_count": 247, "mbtype": 0, "profile_url": "https://m.weibo.cn/u/2068172025?uid=2068172025", "remark": "", "following": false, "follow_me": false}, "text": "\u9762\u5bf9\u65b0\u75c5\u6bd2\uff0c\u771f\u7684\u4ee5\u4e3a\u81ea\u5df1\u7684\u533b\u7597\u6c34\u5e73\u5f88\u597d\uff1f", "like_counts": 1, "liked": false}, {"id": 4476578119823508, "created_at": "2020-02-27", "source": "", "user": {"id": 7361366930, "screen_name": "\u55b5\u5927aa", "profile_image_url": "https://tvax2.sinaimg.cn/crop.0.0.512.512.180/0082bxOGly8gckop157kfj30e80e8dg8.jpg?KID=imgbed,tva&Expires=1619210819&ssig=KmCYnSPNzp", "verified": false, "verified_type": -1, "followers_count": 34, "mbtype": 0, "profile_url": "https://m.weibo.cn/u/7361366930?uid=7361366930", "remark": "", "following": false, "follow_me": false}, "text": "\u6211\u56fd\u53ea\u6709\u4e94\u4e2a\u5dde \u798f\u5dde \u6cc9\u5dde \u676d\u5dde \u8d35\u5dde \u6e29\u5dde \u8c01\u80fd\u591a\u8bf4\u51fa\u4e00\u4e2a\u6211\u5403\u7fd4<span class=\"url-icon\"><img alt=[\u7f9e\u55d2\u55d2] src=\"https://h5.sinaimg.cn/m/emoticon/icon/lxh/lxh_xiudada-e99552ddb3.png\" style=\"width:1em; height:1em;\" /></span>", "like_counts": 0, "liked": false}, {"id": 4476578094605169, "created_at": "2020-02-27", "source": "", "user": {"id": 1799594892, "screen_name": "\u6dd8\u6dd8\u7684\u7f8e\u4e3d\u4eba\u751f", "profile_image_url": "https://tva3.sinaimg.cn/crop.0.0.180.180.180/6b43a38cjw1e8qgp5bmzyj2050050aa8.jpg?KID=imgbed,tva&Expires=1619210819&ssig=rtN%2F0o9VqS", "verified": false, "verified_type": -1, "followers_count": 129, "mbtype": 0, "profile_url": "https://m.weibo.cn/u/1799594892?uid=1799594892", "remark": "", "following": false, "follow_me": false}, "text": "\u4ed6\u4eec\u4ee5\u4e3a\u65b0\u51a0\u662f\u611f\u5192\u5417\uff1f", "like_counts": 1, "liked": false}, {"id": 4476578039823164, "created_at": "2020-02-27", "source": "", "user": {"id": 1934611044, "screen_name": "\u9497\u5934\u51e4\u513f", "profile_image_url": "https://tvax4.sinaimg.cn/crop.0.0.512.512.180/734fd264ly8fqvxumi8l4j20e80e8q3j.jpg?KID=imgbed,tva&Expires=1619210819&ssig=BfgHGaIAjn", "verified": false, "verified_type": 220, "followers_count": 2860, "mbtype": 12, "profile_url": "https://m.weibo.cn/u/1934611044?uid=1934611044", "remark": "", "following": false, "follow_me": false}, "text": "\u548b\u4e0d\u8bf4\u7b2c\u4e09\u4e2a\u539f\u56e0 \u672a\u75ca\u6108\u5c31\u51fa\u9662", "like_counts": 3, "liked": false}, {"id": 4476577959656137, "created_at": "2020-02-27", "source": "", "user": {"id": 2473907291, "screen_name": "\u9f4a\u5929\u5927\u8056\u4e36\u5f35\u609f\u7a7a", "profile_image_url": "https://tvax2.sinaimg.cn/crop.0.0.1080.1080.180/9374d45bly8fyqqo6va6zj20u00u078i.jpg?KID=imgbed,tva&Expires=1619210819&ssig=TrIpU1Hg5Q", "verified": false, "verified_type": -1, "followers_count": 247, "mbtype": 0, "profile_url": "https://m.weibo.cn/u/2473907291?uid=2473907291", "remark": "", "following": false, "follow_me": false}, "text": "2\u5929\u5c31\u51fa\u9662\u662f\u771f\u6cbb\u597d\u4e86\uff1f\u662f\u65e5\u672c\u533b\u7597\u6c34\u5e73\u771f\u7684\u9ad8\u8fd8\u662f\u6401\u8fd9\u63a9\u8033\u76d7\u94c3\u626f\u728a\u5b50\u5462<span class=\"url-icon\"><img alt=[doge] src=\"https://h5.sinaimg.cn/m/emoticon/icon/others/d_doge-be7f768d78.png\" style=\"width:1em; height:1em;\" /></span>", "like_counts": 4, "liked": false}, {"id": 4476577947291617, "created_at": "2020-02-27", "source": "", "user": {"id": 2249872265, "screen_name": "\u5218\u5b89\u5a1c\u5c0f\u63d0\u7434\u7684\u5927\u5907\u80ce", "profile_image_url": "https://tvax2.sinaimg.cn/crop.0.0.996.996.180/861a5389ly8gpifzwek0bj20ro0rodh8.jpg?KID=imgbed,tva&Expires=1619210819&ssig=rgnAXk7yCK", "verified": true, "verified_type": 0, "followers_count": 1909, "verified_type_ext": 0, "mbtype": 12, "profile_url": "https://m.weibo.cn/u/2249872265?uid=2249872265", "remark": "", "following": false, "follow_me": false}, "text": "\u4f30\u8ba1\u8fd9\u75c5\u6bd2\u662f\u5047\u6027\u8f6c\u9633 \u6e9c\u7740\u73a9\u5462 <span class=\"url-icon\"><img alt=[\u5141\u60b2] src=\"https://h5.sinaimg.cn/m/emoticon/icon/default/d_yunbei-a14a649db8.png\" style=\"width:1em; height:1em;\" /></span>", "like_counts": 16, "liked": false}, {"id": 4476577947289685, "created_at": "2020-02-27", "source": "", "user": {"id": 2130543002, "screen_name": "\u5de7\u514b\u529b\u7684\u62bd\u6410", "profile_image_url": "https://tva3.sinaimg.cn/crop.7.139.277.277.180/7efd819agw1emo7epmh9ij208m0blta0.jpg?KID=imgbed,tva&Expires=1619210819&ssig=4l8NAHI6%2Fn", "verified": false, "verified_type": -1, "followers_count": 225, "mbtype": 0, "profile_url": "https://m.weibo.cn/u/2130543002?uid=2130543002", "remark": "", "following": false, "follow_me": false}, "text": "\u56de\u590d<a href='https://m.weibo.cn/n/\u5de7\u514b\u529b\u7684\u62bd\u6410'>@\u5de7\u514b\u529b\u7684\u62bd\u6410</a>:\u611f\u5192\u90fd3\u5929\u597d\u4e0d\u4e86", "reply_id": 4476577880958361, "reply_text": "3\u5929\u51fa\u9662\u662f\u5f00\u73a9\u7b11\u7684\uff0c\u4ee5\u4e3a\u662f\u611f\u5192\u5462\uff1f\uff1f\uff1f\uff1f", "like_counts": 0, "liked": false}, {"id": 4476577880958361, "created_at": "2020-02-27", "source": "", "user": {"id": 2130543002, "screen_name": "\u5de7\u514b\u529b\u7684\u62bd\u6410", "profile_image_url": "https://tva3.sinaimg.cn/crop.7.139.277.277.180/7efd819agw1emo7epmh9ij208m0blta0.jpg?KID=imgbed,tva&Expires=1619210819&ssig=4l8NAHI6%2Fn", "verified": false, "verified_type": -1, "followers_count": 225, "mbtype": 0, "profile_url": "https://m.weibo.cn/u/2130543002?uid=2130543002", "remark": "", "following": false, "follow_me": false}, "text": "3\u5929\u51fa\u9662\u662f\u5f00\u73a9\u7b11\u7684\uff0c\u4ee5\u4e3a\u662f\u611f\u5192\u5462\uff1f\uff1f\uff1f\uff1f", "like_counts": 4, "liked": false}, {"id": 4476577830195065, "created_at": "2020-02-27", "source": "", "user": {"id": 7334038087, "screen_name": "\u89e6\u53ca\u771f\u5fc3bot", "profile_image_url": "https://tvax1.sinaimg.cn/crop.0.0.996.996.180/0080kSkTly8gk360856olj30ro0ro3zl.jpg?KID=imgbed,tva&Expires=1619210821&ssig=Zp0qvWxbKI", "verified": true, "verified_type": 0, "followers_count": 1209758, "verified_type_ext": 0, "mbtype": 12, "profile_url": "https://m.weibo.cn/u/7334038087?uid=7334038087", "remark": "", "following": false, "follow_me": false}, "text": "\u65e5\u672c:\u6211\u4e0d\u68c0\u6d4b\u5c31\u6ca1\u6709\u80ba\u708e<span class=\"url-icon\"><img alt=[\u55b5\u55b5] src=\"https://h5.sinaimg.cn/m/emoticon/icon/others/d_miao-c1b3d563bd.png\" style=\"width:1em; height:1em;\" /></span>", "like_counts": 36, "liked": false}, {"id": 4476577796785960, "created_at": "2020-02-27", "source": "", "user": {"id": 1769805997, "screen_name": "\u2588\u2588\u2588\u2588\u2588\u2588\u2588\u2588\u2588\u2588", "profile_image_url": "https://tvax4.sinaimg.cn/crop.0.0.512.512.180/697d18adly8gij46ujcf7j20e80e8jtx.jpg?KID=imgbed,tva&Expires=1619210821&ssig=yKbrzA%2FkcF", "verified": false, "verified_type": -1, "followers_count": 1725, "mbtype": 12, "profile_url": "https://m.weibo.cn/u/1769805997?uid=1769805997", "remark": "", "following": false, "follow_me": false}, "text": "\u8fd9\u51fa\u9662\u4e5f\u592a\u5feb\u4e86\u5427\uff0c2\u5929\u80fd\u6cbb\u4e2a\u5565\uff1f", "like_counts": 8, "liked": false}, {"id": 4476577729701464, "created_at": "2020-02-27", "source": "", "user": {"id": 3094433924, "screen_name": "\u6bcf\u65e5\u751c\u4efd", "profile_image_url": "https://tvax1.sinaimg.cn/crop.0.0.1080.1080.180/b8715084ly8gdi6w16ifbj20u00u0gmu.jpg?KID=imgbed,tva&Expires=1619210821&ssig=UlRkFVC8eK", "verified": true, "verified_type": 0, "followers_count": 2160423, "verified_type_ext": 1, "mbtype": 12, "profile_url": "https://m.weibo.cn/u/3094433924?uid=3094433924", "remark": "", "following": false, "follow_me": false}, "text": "29\u53f7\u786e\u8bca\uff0c1\u53f7\u5c31\u51fa\u9662\uff1f\uff1f\uff1f\u5f00\u4ec0\u4e48\u73a9\u7b11\uff1f\uff1f", "like_counts": 113, "liked": false}, {"id": 4476577720620305, "created_at": "2020-02-27", "source": "", "user": {"id": 3366711520, "screen_name": "\u533b\u7f8e\u5c0f\u5356\u90e8-", "profile_image_url": "https://tvax1.sinaimg.cn/crop.0.0.751.751.180/c8abf0e0ly8gp5fwdyz57j20kv0kvjsd.jpg?KID=imgbed,tva&Expires=1619210821&ssig=buXdIDI9Rq", "verified": false, "verified_type": -1, "followers_count": 5560, "mbtype": 12, "profile_url": "https://m.weibo.cn/u/3366711520?uid=3366711520", "remark": "", "following": false, "follow_me": false}, "text": "\u4f4f\u4e24\u4e09\u5929\u5c31\u51fa\u9662\u4e86\uff1f\uff1f", "like_counts": 58, "liked": false}, {"id": 4476577674992495, "created_at": "2020-02-27", "source": "", "user": {"id": 6939461797, "screen_name": "\u5e7f\u4e1c\u7b2c\u4e00\u540d\u9e2d", "profile_image_url": "https://tvax3.sinaimg.cn/crop.0.0.996.996.180/007zDh1bly8fzjydxgqlpj30ro0romyj.jpg?KID=imgbed,tva&Expires=1619210821&ssig=d4wGvWBtS8", "verified": false, "verified_type": -1, "followers_count": 13514, "mbtype": 12, "profile_url": "https://m.weibo.cn/u/6939461797?uid=6939461797", "remark": "", "following": false, "follow_me": false}, "text": "\u8fd9\u4e48\u5feb\uff1f\uff1f", "like_counts": 9, "liked": false}, {"id": 4476577662629332, "created_at": "2020-02-27", "source": "", "user": {"id": 2390389655, "screen_name": "\u53c8\u662f\u597d\u60f3\u6bd5\u4e1a\u7684\u4e00\u5929", "profile_image_url": "https://tvax3.sinaimg.cn/crop.0.0.750.750.180/8e7a7397ly8gozrwkyfenj20ku0kuq44.jpg?KID=imgbed,tva&Expires=1619210821&ssig=70LWj9rO6q", "verified": false, "verified_type": -1, "followers_count": 152, "mbtype": 2, "profile_url": "https://m.weibo.cn/u/2390389655?uid=2390389655", "remark": "", "following": false, "follow_me": false}, "text": "\u672c\u6765\u5c31\u6ca1\u6cbb\u597d\u5427", "like_counts": 6, "liked": false}, {"id": 4476577573883779, "created_at": "2020-02-27", "source": "", "user": {"id": 5657367726, "screen_name": "\u5168\u90fd\u662f\u8fa3\u9e21\u4e36", "profile_image_url": "https://tva1.sinaimg.cn/crop.0.0.1424.1424.180/006aRJMyjw8ezc9043nwwj313k13kdj4.jpg?KID=imgbed,tva&Expires=1619210821&ssig=ht%2FAVQOzUO", "verified": false, "verified_type": -1, "followers_count": 142, "mbtype": 2, "profile_url": "https://m.weibo.cn/u/5657367726?uid=5657367726", "remark": "", "following": false, "follow_me": false}, "text": "2\u5929\u5c31\u51fa\u9662\u4e86\uff1f", "like_counts": 9, "liked": false}]