[{"id": 4522288668502578, "created_at": "2020-07-02", "source": "", "user": {"id": 3809986952, "screen_name": "\u96cf\u751c\u5927\u4eba", "profile_image_url": "https://tvax4.sinaimg.cn/crop.0.0.664.664.180/e317c988ly8gm5q0mn1l2j20ig0ig0tp.jpg?KID=imgbed,tva&Expires=1619179057&ssig=g3lDM7hRDU", "verified": false, "verified_type": -1, "followers_count": 274, "mbtype": 0, "profile_url": "https://m.weibo.cn/u/3809986952?uid=3809986952", "remark": "", "following": false, "follow_me": false}, "text": "\u6027\u80fd\u529b\u4e5f\u51cf\u5f31\u4e86\uff0c\u592a\u53ef\u601c\u4e86\uff0c\u4ee5\u540e\u627e\u4e24\u4e2a\u8981\u95ee\u95ee\u6709\u6ca1\u6709\u611f\u67d3\u65b0\u51a0", "like_counts": 0, "liked": false}, {"id": 4522240663808837, "created_at": "2020-07-02", "source": "", "user": {"id": 1458455664, "screen_name": "\u592a\u5e73\u9053-\u5f69\u8679\u7011\u5e03", "profile_image_url": "https://tvax4.sinaimg.cn/crop.0.0.750.750.180/56ee4470ly8g0y0980ubcj20ku0kuab1.jpg?KID=imgbed,tva&Expires=1619179057&ssig=gpcHVG7seG", "verified": false, "verified_type": -1, "followers_count": 1290, "mbtype": 2, "profile_url": "https://m.weibo.cn/u/1458455664?uid=1458455664", "remark": "", "following": false, "follow_me": false}, "text": "\u6d88\u706d\u7537\u4eba", "like_counts": 1, "liked": false}, {"id": 4522232548076457, "created_at": "2020-07-02", "source": "", "user": {"id": 2165320112, "screen_name": "\u6f2b\u6b65\u4eba\u751f_\u745e", "profile_image_url": "https://tvax1.sinaimg.cn/crop.0.0.1002.1002.180/811029b0ly8g6xqlftg5pj20ru0ruzns.jpg?KID=imgbed,tva&Expires=1619179057&ssig=5lfBdtH7OK", "verified": false, "verified_type": 220, "followers_count": 2552, "mbtype": 2, "profile_url": "https://m.weibo.cn/u/2165320112?uid=2165320112", "remark": "", "following": false, "follow_me": false}, "text": "\u7a81\u7136\u5c31\u53d8\u6210\u641e\u7b11\u7684\u4e86  \u7537\u540c\u80de\u4eec", "like_counts": 0, "liked": false}, {"id": 4522224441599552, "created_at": "2020-07-02", "source": "", "user": {"id": 3859793080, "screen_name": "rtm2010", "profile_image_url": "https://tvax4.sinaimg.cn/crop.1098.27.1053.1053.180/e60fc4b8ly8gdhqpjfkujj21t00u0h2g.jpg?KID=imgbed,tva&Expires=1619179057&ssig=vQv8dOxhLN", "verified": false, "verified_type": -1, "followers_count": 177, "mbtype": 0, "profile_url": "https://m.weibo.cn/u/3859793080?uid=3859793080", "remark": "", "following": false, "follow_me": false}, "text": "\u54c8\u54c8\u54c8\u54c8", "like_counts": 0, "liked": false}, {"id": 4524756554355350, "created_at": "2020-07-09", "source": "", "user": {"id": 3700577345, "screen_name": "jasondu\u6770\u68ee\u5ea6", "profile_image_url": "https://tva2.sinaimg.cn/crop.0.0.720.720.180/dc925441jw8eqqu61dawuj20k00k0dgj.jpg?KID=imgbed,tva&Expires=1619179067&ssig=1lWJ9S1wb2", "verified": false, "verified_type": -1, "followers_count": 21, "mbtype": 0, "profile_url": "https://m.weibo.cn/u/3700577345?uid=3700577345", "remark": "", "following": false, "follow_me": false}, "text": "\u5173\u6ce8\u70b9\u771f\u7279\u522b", "like_counts": 0, "liked": false}]