[{"id": 4464568803781310, "created_at": "2020-01-25", "source": "", "user": {"id": 7336697668, "screen_name": "yf08911", "profile_image_url": "https://tvax4.sinaimg.cn/crop.0.0.996.996.180/0080w2dmly8g8wktuox95j30ro0rojx8.jpg?KID=imgbed,tva&Expires=1619210662&ssig=j8zMUNEbE6", "verified": true, "verified_type": 0, "followers_count": 3347, "verified_type_ext": 0, "mbtype": 12, "profile_url": "https://m.weibo.cn/u/7336697668?uid=7336697668", "remark": "", "following": false, "follow_me": false}, "text": "\u597d\u597d\u6b47\u6b47\u5427\uff0c\u4e00\u8def\u8d70\u597d", "like_counts": 0, "liked": false}, {"id": 4464568585209622, "created_at": "2020-01-25", "source": "", "user": {"id": 5541963175, "screen_name": "sll\u6d77\u9614\u5929\u7a7a", "profile_image_url": "https://tvax3.sinaimg.cn/crop.0.0.1080.1080.180/00633vMPly8gknna6xx6sj30u00u0q87.jpg?KID=imgbed,tva&Expires=1619210662&ssig=DbyvRTyL%2BR", "verified": false, "verified_type": -1, "followers_count": 2634, "mbtype": 2, "profile_url": "https://m.weibo.cn/u/5541963175?uid=5541963175", "remark": "", "following": false, "follow_me": false}, "text": "\u75db\u5fc3\u5411\u533b\u62a4\u4eba\u5458\u81f4\u656c", "like_counts": 1, "liked": false}, {"id": 4464568015421883, "created_at": "2020-01-25", "source": "", "user": {"id": 7331893194, "screen_name": "\u9ed1\u8272\u90c1\u91d1\u9999hxl", "profile_image_url": "https://tvax4.sinaimg.cn/crop.0.0.664.664.180/0080bSlQly8g97sgsp770j30ig0igmy5.jpg?KID=imgbed,tva&Expires=1619210662&ssig=DM84Evo6tF", "verified": false, "verified_type": -1, "followers_count": 1190, "mbtype": 2, "profile_url": "https://m.weibo.cn/u/7331893194?uid=7331893194", "remark": "", "following": false, "follow_me": false}, "text": "\u6b66\u6c49\u52a0\u6cb9\uff0c", "like_counts": 0, "liked": false}, {"id": 4464567994621319, "created_at": "2020-01-25", "source": "", "user": {"id": 6566889572, "screen_name": "\u51b7\u6a31\u6f2b\u6d9f", "profile_image_url": "https://tvax3.sinaimg.cn/crop.0.0.664.664.180/007apZXKly8fs0lzaybguj30ig0igwfh.jpg?KID=imgbed,tva&Expires=1619210662&ssig=VT4wZWqDJJ", "verified": false, "verified_type": -1, "followers_count": 51, "mbtype": 0, "profile_url": "https://m.weibo.cn/u/6566889572?uid=6566889572", "remark": "", "following": false, "follow_me": false}, "text": "\u4e3a\u5728\u4e00\u7ebf\u62fc\u640f\u7684\u4ed6\u4eec\u52a0\u6cb9\u5427", "like_counts": 0, "liked": false}, {"id": 4464567847647575, "created_at": "2020-01-25", "source": "", "user": {"id": 6426173318, "screen_name": "_momo\u557e\u557e", "profile_image_url": "https://tvax4.sinaimg.cn/crop.0.0.1080.1080.180/0070TzeKly8giq8mn951cj30u00u0whe.jpg?KID=imgbed,tva&Expires=1619210662&ssig=CccoeTSngY", "verified": true, "verified_type": 0, "followers_count": 2238, "verified_type_ext": 0, "mbtype": 2, "profile_url": "https://m.weibo.cn/u/6426173318?uid=6426173318", "remark": "", "following": false, "follow_me": false}, "text": "\u54ce \u4e0d\u5bb9\u5ffd\u89c6 \u52a0\u6cb9\u6b66\u6c49 \u52a0\u6cb9\u4e2d\u56fd\ud83c\udde8\ud83c\uddf3", "like_counts": 0, "liked": false}, {"id": 4464567625187340, "created_at": "2020-01-25", "source": "", "user": {"id": 6142762694, "screen_name": "\u662f\u4f60\u554a-zh", "profile_image_url": "https://tvax3.sinaimg.cn/crop.0.0.996.996.180/006HIpbEly8gptsrc7lglj30ro0roadu.jpg?KID=imgbed,tva&Expires=1619210662&ssig=uerCtMSa5g", "verified": false, "verified_type": -1, "followers_count": 178, "mbtype": 2, "profile_url": "https://m.weibo.cn/u/6142762694?uid=6142762694", "remark": "", "following": false, "follow_me": false}, "text": "\u613f\u5e73\u5b89", "like_counts": 0, "liked": false}, {"id": 4464567566546452, "created_at": "2020-01-25", "source": "", "user": {"id": 5374748996, "screen_name": "\u6751\u4e0a\u7537\u795e", "profile_image_url": "https://tvax3.sinaimg.cn/crop.0.0.664.664.180/005RJTJWly8gj9us422azj30ig0igace.jpg?KID=imgbed,tva&Expires=1619210665&ssig=9yeXaEFCIO", "verified": true, "verified_type": 0, "followers_count": 2792, "verified_type_ext": 0, "mbtype": 0, "profile_url": "https://m.weibo.cn/u/5374748996?uid=5374748996", "remark": "", "following": false, "follow_me": false}, "text": "\u5411\u4ed6\u4eec\u81f4\u656c\u3002", "like_counts": 0, "liked": false}, {"id": 4464567528946997, "created_at": "2020-01-25", "source": "", "user": {"id": 3738821557, "screen_name": "\u662f\u5976\u5976\u7684\u8521\u5c0f\u4f73", "profile_image_url": "https://tvax4.sinaimg.cn/crop.0.0.828.828.180/ded9e3b5ly8gbemrcyxipj20n00n0gmv.jpg?KID=imgbed,tva&Expires=1619210665&ssig=EPZdtqsFDR", "verified": false, "verified_type": -1, "followers_count": 673, "mbtype": 2, "profile_url": "https://m.weibo.cn/u/3738821557?uid=3738821557", "remark": "", "following": false, "follow_me": false}, "text": "\u613f\u5e73\u5b89\ud83d\ude4f\ud83d\ude4f\ud83d\ude4f", "like_counts": 0, "liked": false}, {"id": 4464567486694175, "created_at": "2020-01-25", "source": "", "user": {"id": 6574125989, "screen_name": "\u6211\u7684\u6781\u54c1\u8001\u5a46\u662f\u4e2a\u7f8e\u5973", "profile_image_url": "https://tvax1.sinaimg.cn/crop.0.0.996.996.180/007aUmu9ly8gkyomxmdshj30ro0ro0vi.jpg?KID=imgbed,tva&Expires=1619210665&ssig=yym4UDxoHv", "verified": false, "verified_type": -1, "followers_count": 5836, "mbtype": 0, "profile_url": "https://m.weibo.cn/u/6574125989?uid=6574125989", "remark": "", "following": false, "follow_me": false}, "text": "\u4e00\u8def\u8d70\u597d", "like_counts": 0, "liked": false}, {"id": 4464567470050233, "created_at": "2020-01-25", "source": "", "user": {"id": 7292494692, "screen_name": "\u6d41\u6d6a\u72d7\u4efb", "profile_image_url": "https://tvax4.sinaimg.cn/crop.0.0.996.996.180/007Xwz08ly8g84kmohg1mj30ro0ro75s.jpg?KID=imgbed,tva&Expires=1619210665&ssig=TfZ9ng6vaA", "verified": false, "verified_type": -1, "followers_count": 1363, "mbtype": 0, "profile_url": "https://m.weibo.cn/u/7292494692?uid=7292494692", "remark": "", "following": false, "follow_me": false}, "text": "\u5154\u5154", "like_counts": 0, "liked": false}, {"id": 4464566349848201, "created_at": "2020-01-25", "source": "", "user": {"id": 5144905982, "screen_name": "\u4f60\u4e03\u4f60\u4e03_", "profile_image_url": "https://tvax3.sinaimg.cn/crop.0.0.1080.1080.180/005Cbv4yly8gnjwilhr17j30u00u0myc.jpg?KID=imgbed,tva&Expires=1619210665&ssig=Zb8G7Eskwx", "verified": false, "verified_type": -1, "followers_count": 90, "mbtype": 2, "profile_url": "https://m.weibo.cn/u/5144905982?uid=5144905982", "remark": "", "following": false, "follow_me": false}, "text": "\u54ce\u597d\u5fc3\u75db", "like_counts": 0, "liked": false}]