[{"visible": {"type": 0, "list_id": 0}, "created_at": "Sat Jan 25 10:23:54 +0800 2020", "id": "4464566375785681", "mid": "4464566375785681", "can_edit": false, "show_additional_indication": 0, "text": "\u8f6c\u53d1\u5fae\u535a", "source": "iPhone\u5ba2\u6237\u7aef", "favorited": false, "pic_ids": [], "pic_types": "", "is_paid": false, "mblog_vip_type": 0, "user": {"id": 6468058580, "screen_name": "\u7f8e\u4e3d\u7684\u516c\u4e3b\u68a6\u7231\u7f8e\u4e3d", "profile_image_url": "https://tvax1.sinaimg.cn/crop.231.79.383.383.180/0073Jjvuly8fnrpjkwlojj30j60eeju0.jpg?KID=imgbed,tva&Expires=1619047135&ssig=mu1P1AeY%2FK", "profile_url": "https://m.weibo.cn/u/6468058580?uid=6468058580", "statuses_count": 4372, "verified": false, "verified_type": -1, "close_blue_v": false, "description": "\u7f8e\u5973\u4e00\u679a", "gender": "f", "mbtype": 0, "urank": 4, "mbrank": 0, "follow_me": false, "following": false, "followers_count": 191, "follow_count": 882, "cover_image_phone": "https://tva1.sinaimg.cn/crop.0.0.640.640.640/549d0121tw1egm1kjly3jj20hs0hsq4f.jpg", "avatar_hd": "https://wx1.sinaimg.cn/orj480/0073Jjvuly8fnrpjkwlojj30j60eeju0.jpg", "like": false, "like_me": false, "badge": {"panda": 1, "user_name_certificate": 1, "wenda_v2": 1, "wbzy_2018": 1, "hongbaofei_2019": 1, "womensday_2018": 1, "suishoupai_2019": 5, "earth_2019": 1, "hongrenjie_2019": 1, "china_2019": 1, "dzwbqlx_2019": 1, "rrgyj_2019": 1, "hongbao_2020": 2, "feiyan_2020": 1}}, "reposts_count": 0, "comments_count": 0, "attitudes_count": 0, "pending_approval_count": 0, "isLongText": false, "reward_exhibition_type": 0, "hide_flag": 0, "mlevel": 0, "darwin_tags": [], "mblogtype": 0, "more_info_type": 0, "number_display_strategy": {"apply_scenario_flag": 3, "display_text_min_number": 1000000, "display_text": "100\u4e07+"}, "content_auth": 0, "repost_type": 1, "pic_num": 0, "alchemy_params": {"ug_red_envelope": false}, "raw_text": "\u8f6c\u53d1\u5fae\u535a", "bid": "Ir5Fjoh7r"}]