[{"id": 4478767185874474, "created_at": "2020-03-04", "source": "", "user": {"id": 2269529895, "screen_name": "\u676d\u5dde\u8d75\u7fbd\u8863", "profile_image_url": "https://tvax4.sinaimg.cn/crop.0.0.986.986.180/87464727ly8gmix468mroj20re0re3zj.jpg?KID=imgbed,tva&Expires=1619211681&ssig=Ca21Uc%2FHL%2F", "verified": true, "verified_type": 0, "followers_count": 1523245, "verified_type_ext": 0, "mbtype": 12, "profile_url": "https://m.weibo.cn/u/2269529895?uid=2269529895", "remark": "", "following": false, "follow_me": false}, "text": "\u201c\u6211\u4eec\u7684\u4e16\u754c\u5145\u65a5\u7740\u5927\u91cf\u65e0\u8c13\u7684\u4e8b\u60c5\u3002\u201d <span class=\"url-icon\"><img alt=[\u563b\u563b] src=\"https://h5.sinaimg.cn/m/emoticon/icon/default/d_xixi-643ef6e48d.png\" style=\"width:1em; height:1em;\" /></span>", "like_counts": 0, "liked": false}, {"id": 4478767030327647, "created_at": "2020-03-04", "source": "", "user": {"id": 7316346652, "screen_name": "\u9752\u7ba9", "profile_image_url": "https://tvax4.sinaimg.cn/crop.0.0.996.996.180/007Z8DZaly8go7z2bksq9j30ro0ro760.jpg?KID=imgbed,tva&Expires=1619211681&ssig=9W5IgtOsJj", "verified": true, "verified_type": 0, "followers_count": 156940, "verified_type_ext": 0, "mbtype": 12, "profile_url": "https://m.weibo.cn/u/7316346652?uid=7316346652", "remark": "", "following": false, "follow_me": false}, "text": "\u5929\u8fb9\u4f1a\u6709\u665a\u971e\u5c31\u50cf\u665a\u6765\u7684\u4f60\u6ee1\u773c\u7b11\u610f", "like_counts": 0, "liked": false}, {"id": 4478767021912567, "created_at": "2020-03-04", "source": "", "user": {"id": 1243861101, "screen_name": "\u6728\u7a7a\u4e66\u9152\u5f55", "profile_image_url": "https://tvax3.sinaimg.cn/crop.0.0.996.996.180/4a23d06dly8glovge3orij20ro0ro77h.jpg?KID=imgbed,tva&Expires=1619211681&ssig=Ler3UP9D3n", "verified": true, "verified_type": 0, "followers_count": 208054, "verified_type_ext": 1, "mbtype": 12, "profile_url": "https://m.weibo.cn/u/1243861101?uid=1243861101", "remark": "", "following": false, "follow_me": false}, "text": "\u5f53\u4e0b\u6700\u9002\u5408\u8bfb\u4e66\u770b\u7f51\u914c\u5c0f\u9152", "like_counts": 0, "liked": false}, {"id": 4478767021904896, "created_at": "2020-03-04", "source": "", "user": {"id": 6723073731, "screen_name": "Starstylelist", "profile_image_url": "https://tvax4.sinaimg.cn/crop.0.0.1080.1080.180/007kZkB5ly8gg4xfiq95tj30u00u040v.jpg?KID=imgbed,tva&Expires=1619211681&ssig=GSV1looK4p", "verified": true, "verified_type": 0, "followers_count": 1822929, "verified_type_ext": 1, "mbtype": 12, "profile_url": "https://m.weibo.cn/u/6723073731?uid=6723073731", "remark": "", "following": false, "follow_me": false}, "text": "\u6c99\u53d1~", "like_counts": 0, "liked": false}, {"id": 4478767018006981, "created_at": "2020-03-04", "source": "", "user": {"id": 1081153981, "screen_name": "\u6bcf\u65e5\u5f71\u89c6\u5927\u5168", "profile_image_url": "https://tvax3.sinaimg.cn/crop.0.0.750.750.180/407119bdly8ghocmx79ktj20ku0kugmk.jpg?KID=imgbed,tva&Expires=1619211681&ssig=7Z4JRg5FnR", "verified": true, "verified_type": 0, "followers_count": 167175, "verified_type_ext": 0, "mbtype": 12, "profile_url": "https://m.weibo.cn/u/1081153981?uid=1081153981", "remark": "", "following": false, "follow_me": false}, "text": "\u6765\u770b\u4f60\u4e86", "like_counts": 0, "liked": false}, {"id": 4478767013980694, "created_at": "2020-03-04", "source": "", "user": {"id": 2715239797, "screen_name": "\u5f69\u82b8\u4e4b\u5357", "profile_image_url": "https://tvax3.sinaimg.cn/crop.0.0.996.996.180/a1d74575ly8ghr818ttnnj20ro0ro0tn.jpg?KID=imgbed,tva&Expires=1619211681&ssig=bgZFHJarVA", "verified": true, "verified_type": 0, "followers_count": 2163291, "verified_type_ext": 0, "mbtype": 12, "profile_url": "https://m.weibo.cn/u/2715239797?uid=2715239797", "remark": "", "following": false, "follow_me": false}, "text": "\u4e0b\u5348\u597d<span class=\"url-icon\"><img alt=[\u5fc3] src=\"https://h5.sinaimg.cn/m/emoticon/icon/others/l_xin-43af9086c0.png\" style=\"width:1em; height:1em;\" /></span>", "like_counts": 0, "liked": false}, {"id": 4478789814084863, "created_at": "2020-03-04", "source": "", "user": {"id": 6833012458, "screen_name": "l063423", "profile_image_url": "https://tvax3.sinaimg.cn/crop.0.0.996.996.180/007sqCGmly8gdilz9g5w3j30ro0rot9t.jpg?KID=imgbed,tva&Expires=1619211661&ssig=ZAEWM5aik7", "verified": false, "verified_type": -1, "followers_count": 24, "mbtype": 0, "profile_url": "https://m.weibo.cn/u/6833012458?uid=6833012458", "remark": "", "following": false, "follow_me": false}, "text": "\u8d76\u7d27\u628a\u4e1c\u4eac\u5965\u8fd0\u4f1a\u505c\u4e86\u5427", "like_counts": 0, "liked": false}, {"id": 4478783731748237, "created_at": "2020-03-04", "source": "", "user": {"id": 2972269754, "screen_name": "\u7231\u601d\u793cM1", "profile_image_url": "https://tvax4.sinaimg.cn/crop.0.0.512.512.180/b1293cbaly8gbmpf98xfyj20e80e8t9c.jpg?KID=imgbed,tva&Expires=1619211661&ssig=F%2FqXZmzvDN", "verified": false, "verified_type": -1, "followers_count": 774, "mbtype": 0, "profile_url": "https://m.weibo.cn/u/2972269754?uid=2972269754", "remark": "", "following": false, "follow_me": false}, "text": "\u4e2d\u56fd\u52a0\u6cb9", "like_counts": 0, "liked": false}, {"id": 4478783514408404, "created_at": "2020-03-04", "source": "", "user": {"id": 6090650344, "screen_name": "\u6743\u79d1\u89c6\u529b", "profile_image_url": "https://tvax3.sinaimg.cn/crop.171.35.444.444.180/006EbKnSly8g9dsw5flztj30m80g1gnh.jpg?KID=imgbed,tva&Expires=1619211661&ssig=L90oGfBkMr", "verified": true, "verified_type": 2, "followers_count": 86436, "verified_type_ext": 50, "mbtype": 0, "profile_url": "https://m.weibo.cn/u/6090650344?uid=6090650344", "remark": "", "following": false, "follow_me": false}, "text": "\u6211\u4e25\u91cd\u6000\u7591\u8fd9\u4e2a\u75c5\u6bd2\u6709\u667a\u5546<span class=\"url-icon\"><img alt=[\u55b5\u55b5] src=\"https://h5.sinaimg.cn/m/emoticon/icon/others/d_miao-c1b3d563bd.png\" style=\"width:1em; height:1em;\" /></span>", "like_counts": 0, "liked": false}, {"id": 4478783136367254, "created_at": "2020-03-04", "source": "", "user": {"id": 3813706532, "screen_name": "Fairy\u891a", "profile_image_url": "https://tvax1.sinaimg.cn/crop.0.0.996.996.180/e3508b24ly8g6f9nzr1lyj20ro0rowh0.jpg?KID=imgbed,tva&Expires=1619211661&ssig=H%2Fjhps%2FvAj", "verified": false, "verified_type": -1, "followers_count": 508, "mbtype": 0, "profile_url": "https://m.weibo.cn/u/3813706532?uid=3813706532", "remark": "", "following": false, "follow_me": false}, "text": "\u4ed6\u8fd8\u662f\u6ca1\u5fcd\u4f4f\uff0c\u8fd8\u662f\u53d8\u8eab\u4e86\uff0c\u8fd8\u662f\u7a81\u53d8\u7684\u90a3\u79cd", "like_counts": 0, "liked": false}, {"id": 4478782276271338, "created_at": "2020-03-04", "source": "", "user": {"id": 6071423405, "screen_name": "\u79bb\u5f00\u53ea\u662f\u4e3a\u66f4\u597d\u7684\u76f8\u9047", "profile_image_url": "https://tvax4.sinaimg.cn/crop.0.0.1002.1002.180/006CT4zXly8gdwxzlq3njj30ru0rujy2.jpg?KID=imgbed,tva&Expires=1619211661&ssig=SJIIhhwUBN", "verified": false, "verified_type": -1, "followers_count": 11184, "mbtype": 0, "profile_url": "https://m.weibo.cn/u/6071423405?uid=6071423405", "remark": "", "following": false, "follow_me": false}, "text": "\u6253\u5f00\u5fae\u535a\u5c31\u770b\u5230\u4f60\u7684\u6d88\u606f<span class=\"url-icon\"><img alt=[\u597d\u559c\u6b22] src=\"https://h5.sinaimg.cn/m/emoticon/icon/lxh/lxh_haoxihuan-51860b62e6.png\" style=\"width:1em; height:1em;\" /></span><span class=\"url-icon\"><img alt=[\u597d\u559c\u6b22] src=\"https://h5.sinaimg.cn/m/emoticon/icon/lxh/lxh_haoxihuan-51860b62e6.png\" style=\"width:1em; height:1em;\" /></span>", "like_counts": 0, "liked": false}, {"id": 4478780791417856, "created_at": "2020-03-04", "source": "", "user": {"id": 6131216400, "screen_name": "\u4eca\u65e5\u96be\u88c1\u79e3\u9675\u62a5", "profile_image_url": "https://tvax2.sinaimg.cn/crop.0.0.332.332.180/006GVXt6ly8gaks5xkktvj3098098jrj.jpg?KID=imgbed,tva&Expires=1619211661&ssig=aAli9n1llV", "verified": false, "verified_type": -1, "followers_count": 10705, "mbtype": 0, "profile_url": "https://m.weibo.cn/u/6131216400?uid=6131216400", "remark": "", "following": false, "follow_me": false}, "text": "\u5168\u90e8\u5e72\u8d27\u7edd\u5bf9\u7cbe\u534e<span class=\"url-icon\"><img alt=[\u8d5e\u554a] src=\"https://h5.sinaimg.cn/m/emoticon/icon/lxh/lxh_zana-dd20c7bed2.png\" style=\"width:1em; height:1em;\" /></span><span class=\"url-icon\"><img alt=[\u8d5e\u554a] src=\"https://h5.sinaimg.cn/m/emoticon/icon/lxh/lxh_zana-dd20c7bed2.png\" style=\"width:1em; height:1em;\" /></span><span class=\"url-icon\"><img alt=[\u8d5e\u554a] src=\"https://h5.sinaimg.cn/m/emoticon/icon/lxh/lxh_zana-dd20c7bed2.png\" style=\"width:1em; height:1em;\" /></span><span class=\"url-icon\"><img alt=[\u8d5e\u554a] src=\"https://h5.sinaimg.cn/m/emoticon/icon/lxh/lxh_zana-dd20c7bed2.png\" style=\"width:1em; height:1em;\" /></span><span class=\"url-icon\"><img alt=[\u8d5e\u554a] src=\"https://h5.sinaimg.cn/m/emoticon/icon/lxh/lxh_zana-dd20c7bed2.png\" style=\"width:1em; height:1em;\" /></span><span class=\"url-icon\"><img alt=[\u8d5e\u554a] src=\"https://h5.sinaimg.cn/m/emoticon/icon/lxh/lxh_zana-dd20c7bed2.png\" style=\"width:1em; height:1em;\" /></span>", "like_counts": 0, "liked": false}, {"id": 4478779013547490, "created_at": "2020-03-04", "source": "", "user": {"id": 6608505526, "screen_name": "ixxx9_", "profile_image_url": "https://tvax4.sinaimg.cn/crop.0.0.1002.1002.180/007deCaOly8gg0788v6lyj30ru0ruabu.jpg?KID=imgbed,tva&Expires=1619211661&ssig=gBuGxEX7Kt", "verified": false, "verified_type": -1, "followers_count": 126, "mbtype": 2, "profile_url": "https://m.weibo.cn/u/6608505526?uid=6608505526", "remark": "", "following": false, "follow_me": false}, "text": "\u611f\u89c9\u597d\u50cf\u751f\u6d3b\u5728\u6e38\u620f\u4e16\u754c \u4e00\u5173\u53c8\u4e00\u5173\u5462 <span class=\"url-icon\"><img alt=[\u8d39\u89e3] src=\"https://h5.sinaimg.cn/m/emoticon/icon/default/d_feijie-c1df37ef03.png\" style=\"width:1em; height:1em;\" /></span><span class=\"url-icon\"><img alt=[\u8d39\u89e3] src=\"https://h5.sinaimg.cn/m/emoticon/icon/default/d_feijie-c1df37ef03.png\" style=\"width:1em; height:1em;\" /></span><span class=\"url-icon\"><img alt=[\u8d39\u89e3] src=\"https://h5.sinaimg.cn/m/emoticon/icon/default/d_feijie-c1df37ef03.png\" style=\"width:1em; height:1em;\" /></span>", "like_counts": 0, "liked": false}, {"id": 4478778711032465, "created_at": "2020-03-04", "source": "", "user": {"id": 6078600256, "screen_name": "\u5bb6\u5e38\u4fbf\u996d\u529e\u6cd5", "profile_image_url": "https://tvax2.sinaimg.cn/crop.0.0.512.512.180/006DnbBCly8gbzp9ruy63j30e80e8mxg.jpg?KID=imgbed,tva&Expires=1619211663&ssig=CsUunZUY0a", "verified": false, "verified_type": -1, "followers_count": 581, "mbtype": 0, "profile_url": "https://m.weibo.cn/u/6078600256?uid=6078600256", "remark": "", "following": false, "follow_me": false}, "text": "\u5212\u91cd\u70b9\u7f8e\u56fd\u4e00\u4e2a\u75c5\u4eba\u65e2\u6709\u578b\u53c8\u6709\u578b", "like_counts": 1, "liked": false}, {"id": 4478778279300462, "created_at": "2020-03-04", "source": "", "user": {"id": 2037802192, "screen_name": "\u6c34\u5e95\u541b", "profile_image_url": "https://tvax2.sinaimg.cn/crop.0.0.1006.1006.180/797664d0ly8goyykaokeij20ry0rydi9.jpg?KID=imgbed,tva&Expires=1619211663&ssig=9ux5N0weC0", "verified": false, "verified_type": -1, "followers_count": 11, "mbtype": 12, "profile_url": "https://m.weibo.cn/u/2037802192?uid=2037802192", "remark": "", "following": false, "follow_me": false}, "text": "\u5982\u679c\u4ee5\u540e\u7ecf\u5e38\u7a81\u53d1\u75ab\u60c5\u548b\u529e\uff0c\u611f\u89c9\u8d8a\u6765\u8d8a\u5371\u9669\u4e86<span class=\"url-icon\"><img alt=[\u6cea] src=\"https://h5.sinaimg.cn/m/emoticon/icon/default/d_lei-4cdf6ee412.png\" style=\"width:1em; height:1em;\" /></span>\u6bd4\u81ea\u7136\u707e\u5bb3\u8fd8\u53ef\u6015", "like_counts": 0, "liked": false}, {"id": 4478778053134583, "created_at": "2020-03-04", "source": "", "user": {"id": 5434015369, "screen_name": "\u5927\u5927\u5927\u5927\u5927_\u7ae5\u7ae5", "profile_image_url": "https://tva1.sinaimg.cn/crop.0.0.1242.1242.180/005VKzDbjw8f3k4863rh7j30yi0yimyt.jpg?KID=imgbed,tva&Expires=1619211663&ssig=r%2BQHV1kgvL", "verified": false, "verified_type": -1, "followers_count": 60, "mbtype": 0, "profile_url": "https://m.weibo.cn/u/5434015369?uid=5434015369", "remark": "", "following": false, "follow_me": false}, "text": "\u56de\u590d<a href='https://m.weibo.cn/n/\u53eb\u6653\u5f64\u7684\u90fd\u597d\u770b'>@\u53eb\u6653\u5f64\u7684\u90fd\u597d\u770b</a>:\u4e2d\u56fd\u52a0\u6cb9\uff01\u97e9\u56fd\u4e5f\u52a0\u6cb9\uff01<span class=\"url-icon\"><img alt=[\u6cea] src=\"https://h5.sinaimg.cn/m/emoticon/icon/default/d_lei-4cdf6ee412.png\" style=\"width:1em; height:1em;\" /></span>\u4e16\u754c\u52a0\u6cb9\uff01\uff01\uff01\uff01", "reply_id": 4478767579695565, "reply_text": "\u5047\u8bbe\u5982\u679c\u578b\u66f4\u6e29\u548c\u4e14\u4ea7\u751f\u6297\u4f53\u540e\u540c\u6b65\u4f5c\u7528\u578b", "like_counts": 2, "liked": false}, {"id": 4478777793034396, "created_at": "2020-03-04", "source": "", "user": {"id": 2914041752, "screen_name": "Corry\u90d1", "profile_image_url": "https://tvax1.sinaimg.cn/crop.0.0.1068.1068.180/adb0bf98ly8goo4r7eesdj20to0togo5.jpg?KID=imgbed,tva&Expires=1619211663&ssig=r8QsGzAX9c", "verified": false, "verified_type": -1, "followers_count": 383, "mbtype": 0, "profile_url": "https://m.weibo.cn/u/2914041752?uid=2914041752", "remark": "", "following": false, "follow_me": false}, "text": "\u8fd9\u662f\u4e2a\u6709\u601d\u60f3\u7684\u75c5\u6bd2\u4e48\uff0c\u8fd8\u662f\u5b83\u4e5f\u5728\u7814\u7a76\u4eba\u7c7b\u3002\u5e0c\u671b\u75ab\u82d7\u5feb\u5feb\u51fa\u6765\uff0c\u8ba9\u5927\u5bb6\u597d\u8fc7\u6b63\u5e38\u751f\u6d3b", "like_counts": 0, "liked": false}, {"id": 4478777788835414, "created_at": "2020-03-04", "source": "", "user": {"id": 7341518823, "screen_name": "\u8db3\u84dd\u7ea2\u4eba", "profile_image_url": "https://tvax4.sinaimg.cn/crop.0.0.996.996.180/0080QgpVly8ga6qgxcbblj30ro0rotb6.jpg?KID=imgbed,tva&Expires=1619211663&ssig=Amfiob4165", "verified": true, "verified_type": 0, "followers_count": 102343, "verified_type_ext": 0, "mbtype": 0, "profile_url": "https://m.weibo.cn/u/7341518823?uid=7341518823", "remark": "", "following": false, "follow_me": false}, "text": "\u56de\u590d<a href='https://m.weibo.cn/n/\u53eb\u6653\u5f64\u7684\u90fd\u597d\u770b'>@\u53eb\u6653\u5f64\u7684\u90fd\u597d\u770b</a>:\u5047\u8bbe\u5982\u679c\u578b\u66f4\u6e29\u548c\u4e14\u4ea7\u751f\u6297\u4f53\u540e\u540c\u6b65\u4f5c\u7528\u578b\uff0c\u628a\u5047\u8bbe\u548c\u5982\u679c\u53bb\u6389", "reply_id": 4478767579695565, "reply_text": "\u5047\u8bbe\u5982\u679c\u578b\u66f4\u6e29\u548c\u4e14\u4ea7\u751f\u6297\u4f53\u540e\u540c\u6b65\u4f5c\u7528\u578b", "like_counts": 3, "liked": false}, {"id": 4478777511909517, "created_at": "2020-03-04", "source": "", "user": {"id": 7077766215, "screen_name": "\u5927\u9526\u7761\u4e0d\u9192", "profile_image_url": "https://tvax1.sinaimg.cn/crop.0.0.1080.1080.180/007IZAjBly8ghrubvfa9ij30u00u0aeh.jpg?KID=imgbed,tva&Expires=1619211663&ssig=0n%2BMqv%2BTXm", "verified": true, "verified_type": 0, "followers_count": 62, "verified_type_ext": 0, "mbtype": 0, "profile_url": "https://m.weibo.cn/u/7077766215?uid=7077766215", "remark": "", "following": false, "follow_me": false}, "text": "\u56de\u590d<a href='https://m.weibo.cn/n/\u53eb\u6653\u5f64\u7684\u90fd\u597d\u770b'>@\u53eb\u6653\u5f64\u7684\u90fd\u597d\u770b</a>:\u5e0c\u671b\u75ab\u60c5\u65e9\u70b9\u89e3\u9664\ud83d\ude4f", "reply_id": 4478767579695565, "reply_text": "\u5047\u8bbe\u5982\u679c\u578b\u66f4\u6e29\u548c\u4e14\u4ea7\u751f\u6297\u4f53\u540e\u540c\u6b65\u4f5c\u7528\u578b", "like_counts": 3, "liked": false}, {"id": 4478777294153970, "created_at": "2020-03-04", "source": "", "user": {"id": 6074630865, "screen_name": "\u56fd\u4ea7\u5c0f\u4ed9\u5973\u8fdb\u53e3\u5c0f", "profile_image_url": "https://tvax1.sinaimg.cn/crop.0.0.996.996.180/006D6wZbly8gbrp0hffupj30ro0rogps.jpg?KID=imgbed,tva&Expires=1619211663&ssig=m1zOgBO%2FoR", "verified": false, "verified_type": -1, "followers_count": 569, "mbtype": 0, "profile_url": "https://m.weibo.cn/u/6074630865?uid=6074630865", "remark": "", "following": false, "follow_me": false}, "text": "\u5c45\u7136\u8fd8\u53ef\u4ee5\u540c\u65f6\u611f\u67d3\u4e24\u79cd\u8fd9\u662f\u4ec0\u4e48\u795e\u5947\u75c5\u6bd2", "like_counts": 1, "liked": false}, {"id": 4478777285278828, "created_at": "2020-03-04", "source": "", "user": {"id": 5944213526, "screen_name": "\u66fc\u73e0\u6c99\u534e\u5f00\u82b1\u55bd", "profile_image_url": "https://tvax2.sinaimg.cn/crop.0.0.996.996.180/006uhjtIly8goiiozik11j30ro0rotb6.jpg?KID=imgbed,tva&Expires=1619211663&ssig=QAHkOKQUVk", "verified": false, "verified_type": -1, "followers_count": 30276, "mbtype": 2, "profile_url": "https://m.weibo.cn/u/5944213526?uid=5944213526", "remark": "", "following": false, "follow_me": false}, "text": "\u4e0b\u5348\u597d<span class=\"url-icon\"><img alt=[\u5fc3] src=\"https://h5.sinaimg.cn/m/emoticon/icon/others/l_xin-43af9086c0.png\" style=\"width:1em; height:1em;\" /></span><span class=\"url-icon\"><img alt=[\u5fc3] src=\"https://h5.sinaimg.cn/m/emoticon/icon/others/l_xin-43af9086c0.png\" style=\"width:1em; height:1em;\" /></span>", "like_counts": 0, "liked": false}, {"id": 4478777269150081, "created_at": "2020-03-04", "source": "", "user": {"id": 6076947219, "screen_name": "\u5927\u4f1a\u7684\u8bdd", "profile_image_url": "https://tvax3.sinaimg.cn/crop.0.0.512.512.180/006DgfzJly8gbzp42rcydj30e80e80sy.jpg?KID=imgbed,tva&Expires=1619211663&ssig=0URghHPS18", "verified": false, "verified_type": -1, "followers_count": 591, "mbtype": 0, "profile_url": "https://m.weibo.cn/u/6076947219?uid=6076947219", "remark": "", "following": false, "follow_me": false}, "text": "\u578b\u76f8\u5bf9\u66f4\u53e4\u8001\u4ece\u5360\u6bd4\u4e0a\u770b\u4e9a\u578b\u66f4\u4e3a\u666e\u904d\u8fbe\u5230\u4e9a\u578b\u5360\u901a\u8fc7\u4e0e\u5176\u4ed6\u51a0\u72b6\u75c5\u6bd2\u6bd4\u8f83\u4f5c\u8005\u53d1\u73b0\u578b\u65b0\u51a0\u75c5\u6bd2\u4e0e\u8759\u8760\u6765\u6e90\u7684\u51a0\u72b6\u75c5\u6bd2\u5728\u8fdb\u5316\u6811\u4e0a\u66f4\u63a5\u8fd1\u4ece\u800c\u5f97\u51fa\u578b\u76f8\u5bf9\u66f4\u53e4\u8001\u7684\u7ed3\u8bba<a class='k' href='https://m.weibo.cn/search?containerid=231522type%3D1%26t%3D10%26q%3D%23%E4%B8%AD%E5%9B%BD%E7%A7%91%E7%A0%94%E5%9B%A2%E9%98%9F%E5%8F%91%E7%8E%B0%E6%96%B0%E5%86%A0%E7%97%85%E6%AF%92%E5%B7%B2%E7%AA%81%E5%8F%98%23'>#\u4e2d\u56fd\u79d1\u7814\u56e2\u961f\u53d1\u73b0\u65b0\u51a0\u75c5\u6bd2\u5df2\u7a81\u53d8#</a>", "like_counts": 0, "liked": false}, {"id": 4478777087888419, "created_at": "2020-03-04", "source": "", "user": {"id": 1280869050, "screen_name": "\u901f\u6548\u788e\u5fc3\u4e38", "profile_image_url": "https://tvax4.sinaimg.cn/crop.0.0.996.996.180/4c5882baly8g8g0f0gmajj20ro0rognu.jpg?KID=imgbed,tva&Expires=1619211665&ssig=PMwbKPvZbb", "verified": false, "verified_type": -1, "followers_count": 292, "mbtype": 2, "profile_url": "https://m.weibo.cn/u/1280869050?uid=1280869050", "remark": "", "following": false, "follow_me": false}, "text": "\u65f6\u95f4\u957f\u4e86\u611f\u89c9\u65e0\u6240\u8c13\u4e86\uff0c\u53cd\u6b63\u8be5\u6b7b\u4e5f\u9003\u4e0d\u8fc7\uff0c\u7231\u4ed6\u5988\u7684\u548b\u6ef4\u548b\u6ef4\u5427", "like_counts": 0, "liked": false}, {"id": 4478776946131879, "created_at": "2020-03-04", "source": "", "user": {"id": 7338119579, "screen_name": "\u5c0f\u50b2\u5a07lhhh", "profile_image_url": "https://tvax4.sinaimg.cn/crop.0.0.996.996.180/0080C07ply8g9019c1kndj30ro0rodi6.jpg?KID=imgbed,tva&Expires=1619211665&ssig=Aap4nrqZCv", "verified": false, "verified_type": -1, "followers_count": 257, "mbtype": 0, "profile_url": "https://m.weibo.cn/u/7338119579?uid=7338119579", "remark": "", "following": false, "follow_me": false}, "text": "\u52a0\u4e0a\u9632\u62a4", "like_counts": 0, "liked": false}, {"id": 4478776870583574, "created_at": "2020-03-04", "source": "", "user": {"id": 6116557292, "screen_name": "A\u950bjay\u4f26", "profile_image_url": "https://tvax2.sinaimg.cn/crop.0.0.199.199.180/006FWrXSgy1fe3og223ucj305k05kweb.jpg?KID=imgbed,tva&Expires=1619211665&ssig=s%2Bp0wfoaDv", "verified": false, "verified_type": -1, "followers_count": 5490, "mbtype": 0, "profile_url": "https://m.weibo.cn/u/6116557292?uid=6116557292", "remark": "", "following": false, "follow_me": false}, "text": "<a class='k' href='https://m.weibo.cn/search?containerid=231522type%3D1%26t%3D10%26q%3D%23%E4%B8%AD%E5%9B%BD%E7%A7%91%E7%A0%94%E5%9B%A2%E9%98%9F%E5%8F%91%E7%8E%B0%E6%96%B0%E5%86%A0%E7%97%85%E6%AF%92%E5%B7%B2%E7%AA%81%E5%8F%98%23'>#\u4e2d\u56fd\u79d1\u7814\u56e2\u961f\u53d1\u73b0\u65b0\u51a0\u75c5\u6bd2\u5df2\u7a81\u53d8#</a>\u4e2d\u56fd\u79d1\u7814\u56e2\u961f\u6700\u65b0\u53d1\u73b0\u663e\u793a\u65b0\u51a0\u75c5\u6bd2\u5df2\u4e8e\u8fd1\u671f\u4ea7\u751f\u4e86\u4e2a\u7a81\u53d8\u70b9", "like_counts": 0, "liked": false}, {"id": 4478776509951987, "created_at": "2020-03-04", "source": "", "user": {"id": 7136190869, "screen_name": "\u563b\u563b\u54c8\u54c8\u5f53", "profile_image_url": "https://tvax1.sinaimg.cn/crop.0.0.996.996.180/007MWJeJly8gbiz1kji2hj30ro0roac5.jpg?KID=imgbed,tva&Expires=1619211665&ssig=dCa4Nv0d3P", "verified": false, "verified_type": -1, "followers_count": 2, "mbtype": 0, "profile_url": "https://m.weibo.cn/u/7136190869?uid=7136190869", "remark": "", "following": false, "follow_me": false}, "text": "\u6211\u4eec\u8fd9\u91cc\u519c\u6751\uff0c\u5f88\u591a\u4eba\u5df2\u7ecf\u4e0d\u5e26\u53e3\u7f69\u4e86\uff0c", "like_counts": 0, "liked": false}, {"id": 4478775729305369, "created_at": "2020-03-04", "source": "", "user": {"id": 6269378546, "screen_name": "\u53e4\u4ee3\u82e5\u6709\u4eca\u7f51\u53cb\u5510\u8bd7\u4f55\u6b62\u4e09\u767e\u9996", "profile_image_url": "https://tvax4.sinaimg.cn/crop.0.0.896.896.180/006QhFKOly8gonxkt33g9j30ow0ow0tt.jpg?KID=imgbed,tva&Expires=1619211665&ssig=skSPdK2OhQ", "verified": false, "verified_type": -1, "followers_count": 44, "mbtype": 0, "profile_url": "https://m.weibo.cn/u/6269378546?uid=6269378546", "remark": "", "following": false, "follow_me": false}, "text": "\u8fd9\u80cc\u666f\u97f3\u4e50\u4e0d\u60f3\u542c\u4e86", "like_counts": 0, "liked": false}, {"id": 4478775040951799, "created_at": "2020-03-04", "source": "", "user": {"id": 6143009170, "screen_name": "\u592a\u9633\u7684\u9524\u5b502\u5440", "profile_image_url": "https://tvax3.sinaimg.cn/crop.0.0.149.149.180/006HJrj4gy1fe6vog66zoj3046046gli.jpg?KID=imgbed,tva&Expires=1619211665&ssig=KFQDq%2BsBbb", "verified": false, "verified_type": -1, "followers_count": 193, "mbtype": 0, "profile_url": "https://m.weibo.cn/u/6143009170?uid=6143009170", "remark": "", "following": false, "follow_me": false}, "text": "\u8fd9\u75c5\u6bd2\u7ed9\u5b83\u7559\u9057\u4e66\u4e86\u5427\u4eca\u5929\u542c\u5f20\u6587\u5b8f\u533b\u751f\u8bb2\u53ef\u80fd\u548c\u4eba\u7c7b\u5e76\u5b58\u6210\u4e3a\u6162\u6027\u75c5\u592a\u6050\u6016\u4e86", "like_counts": 1, "liked": false}, {"id": 4478774927781028, "created_at": "2020-03-04", "source": "", "user": {"id": 5858782507, "screen_name": "\u963fZ\u7684\u51c9\u767d\u5f00", "profile_image_url": "https://tvax1.sinaimg.cn/crop.0.0.996.996.180/006ouQY3ly8gluk0e8pzhj30ro0roq4h.jpg?KID=imgbed,tva&Expires=1619211665&ssig=Kk0rxp9lpP", "verified": false, "verified_type": -1, "followers_count": 762, "mbtype": 2, "profile_url": "https://m.weibo.cn/u/5858782507?uid=5858782507", "remark": "", "following": false, "follow_me": false}, "text": "\u56e0\u4e3a\u75c5\u6bd2\u662f\u5355\u94fe\u7ed3\u6784\u7684\uff0c\u5f88\u5bb9\u6613\u7a81\u53d8", "like_counts": 2, "liked": false}, {"id": 4478774479076095, "created_at": "2020-03-04", "source": "", "user": {"id": 6112642503, "screen_name": "\u7efb\u604b\u7eaf\u6d01\u601d\u5ff5", "profile_image_url": "https://tva4.sinaimg.cn/crop.0.77.310.310.180/006FG1y7jw1fc1j0ruwhlj308m0cwjrl.jpg?KID=imgbed,tva&Expires=1619211668&ssig=tZ%2BuLDPG8q", "verified": false, "verified_type": -1, "followers_count": 11609, "mbtype": 0, "profile_url": "https://m.weibo.cn/u/6112642503?uid=6112642503", "remark": "", "following": false, "follow_me": false}, "text": "\u8bc4\u8bba\u652f\u6301", "like_counts": 0, "liked": false}, {"id": 4478774474860646, "created_at": "2020-03-04", "source": "", "user": {"id": 5055662465, "screen_name": "\u8096\u5bd2\u5a9c", "profile_image_url": "https://tvax1.sinaimg.cn/crop.0.0.996.996.180/005w92KZly8ge3r2m6xh9j30ro0rota7.jpg?KID=imgbed,tva&Expires=1619211668&ssig=i8cNfK36qB", "verified": true, "verified_type": 0, "followers_count": 10238, "verified_type_ext": 0, "mbtype": 2, "profile_url": "https://m.weibo.cn/u/5055662465?uid=5055662465", "remark": "", "following": false, "follow_me": false}, "text": "\u610f\u601d\u5c31\u662f\u6709\u53d8\u5f02\u7684\u53ef\u80fd\u4f46\u662f\u8fd8\u6ca1\u6709\u53d8\u5f02", "like_counts": 1, "liked": false}, {"id": 4478773099410057, "created_at": "2020-03-04", "source": "", "user": {"id": 6124752909, "screen_name": "YJ7KRSHPPT286", "profile_image_url": "https://tvax2.sinaimg.cn/crop.0.0.1080.1080.180/006GuQ1fly8gct39j8hvaj30u00u0423.jpg?KID=imgbed,tva&Expires=1619211668&ssig=AHHStkGgT8", "verified": false, "verified_type": -1, "followers_count": 140, "mbtype": 0, "profile_url": "https://m.weibo.cn/u/6124752909?uid=6124752909", "remark": "", "following": false, "follow_me": false}, "text": "\u75c5\u53d8\u4e86\u5427", "like_counts": 0, "liked": false}, {"id": 4478772566493126, "created_at": "2020-03-04", "source": "", "user": {"id": 5202694231, "screen_name": "\u5a31\u53e5", "profile_image_url": "https://tvax1.sinaimg.cn/crop.0.0.828.828.180/005G5Yr5ly8gdi6jz5xrwj30n00n0q4o.jpg?KID=imgbed,tva&Expires=1619211668&ssig=ShUayyzaks", "verified": true, "verified_type": 0, "followers_count": 126253, "verified_type_ext": 0, "mbtype": 12, "profile_url": "https://m.weibo.cn/u/5202694231?uid=5202694231", "remark": "", "following": false, "follow_me": false}, "text": "\u56de\u590d<a href='https://m.weibo.cn/n/\u53eb\u6653\u5f64\u7684\u90fd\u597d\u770b'>@\u53eb\u6653\u5f64\u7684\u90fd\u597d\u770b</a>:\u5047\u8bbe\u5982\u679c\uff01", "reply_id": 4478767579695565, "reply_text": "\u5047\u8bbe\u5982\u679c\u578b\u66f4\u6e29\u548c\u4e14\u4ea7\u751f\u6297\u4f53\u540e\u540c\u6b65\u4f5c\u7528\u578b", "like_counts": 6, "liked": false}, {"id": 4478772260949660, "created_at": "2020-03-04", "source": "", "user": {"id": 1093590241, "screen_name": "Veta-Jiang", "profile_image_url": "https://tva1.sinaimg.cn/crop.0.0.180.180.180/412edce1jw1e8qgp5bmzyj2050050aa8.jpg?KID=imgbed,tva&Expires=1619211668&ssig=onXws04H5O", "verified": false, "verified_type": -1, "followers_count": 116, "mbtype": 0, "profile_url": "https://m.weibo.cn/u/1093590241?uid=1093590241", "remark": "", "following": false, "follow_me": false}, "text": "\u5404\u7c7b\u4f53\u80b2\u8d5b\u4e8b\u9ad8\u6e05\u76f4\u64ad+\u6295\u4f4f\u5b98\u7f51\uff1a<a href=\"https://weibo.cn/sinaurl?f=w&amp;u=http%3A%2F%2Ft.cn%2FA6PrYeVj\">\u7f51\u9875\u94fe\u63a5</a>   \u9996\u5b58\u6700\u9ad8\u53ef\u900188888\u6709\u5174\u8da3\u52a0V\u54a8\u8be2\uff01and9080 \u5176\u5b83\u7684\u4e5f\u6709\u54e6", "like_counts": 9, "liked": false}, {"id": 4478772088817540, "created_at": "2020-03-04", "source": "", "user": {"id": 2978257137, "screen_name": "\u8461\u8404\u7cd6\u9178\u949996", "profile_image_url": "https://tvax4.sinaimg.cn/crop.0.0.960.960.180/b18498f1ly8fzyeg4lnuej20qo0qoq5h.jpg?KID=imgbed,tva&Expires=1619211670&ssig=5ft0QFDCjg", "verified": false, "verified_type": -1, "followers_count": 1492, "mbtype": 0, "profile_url": "https://m.weibo.cn/u/2978257137?uid=2978257137", "remark": "", "following": false, "follow_me": false}, "text": "\u592a\u7b26\u5408\u4e86<span class=\"url-icon\"><img alt=[\u53ef\u7231] src=\"https://h5.sinaimg.cn/m/emoticon/icon/default/d_keai-9aae643ce8.png\" style=\"width:1em; height:1em;\" /></span><span class=\"url-icon\"><img alt=[\u53ef\u7231] src=\"https://h5.sinaimg.cn/m/emoticon/icon/default/d_keai-9aae643ce8.png\" style=\"width:1em; height:1em;\" /></span>", "like_counts": 0, "liked": false}, {"id": 4478771644501986, "created_at": "2020-03-04", "source": "", "user": {"id": 5223862160, "screen_name": "\u71b1\u739b\u5409solta", "profile_image_url": "https://tvax4.sinaimg.cn/crop.0.0.1002.1002.180/005HwNbily8golis1nbj9j30ru0ruab0.jpg?KID=imgbed,tva&Expires=1619211670&ssig=C6Wf4CUDIs", "verified": true, "verified_type": 0, "followers_count": 212897, "verified_type_ext": 0, "mbtype": 12, "profile_url": "https://m.weibo.cn/u/5223862160?uid=5223862160", "remark": "", "following": false, "follow_me": false}, "text": "\u652f\u6301\u4e00\u4e0b", "like_counts": 0, "liked": false}, {"id": 4478771120291609, "created_at": "2020-03-04", "source": "", "user": {"id": 5776997393, "screen_name": "\u90a3\u98ce\u60c5\u9cb8\u9c7cspell", "profile_image_url": "https://tva2.sinaimg.cn/crop.0.0.180.180.180/006iXGVjjw1eykb6vx9c5j3050050glz.jpg?KID=imgbed,tva&Expires=1619211670&ssig=FTMkD1umpg", "verified": false, "verified_type": -1, "followers_count": 130, "mbtype": 0, "profile_url": "https://m.weibo.cn/u/5776997393?uid=5776997393", "remark": "", "following": false, "follow_me": false}, "text": "\u5e0c\u671b\u75ab\u60c5\u65e9\u65e5\u7ed3\u675f", "like_counts": 0, "liked": false}, {"id": 4478770930635968, "created_at": "2020-03-04", "source": "", "user": {"id": 5548608887, "screen_name": "\u5410\u69fd\u592b", "profile_image_url": "https://tvax4.sinaimg.cn/crop.0.0.664.664.180/0063voDJly8g3wotmfyuaj30ig0iht9c.jpg?KID=imgbed,tva&Expires=1619211670&ssig=VsmkCZijl7", "verified": true, "verified_type": 0, "followers_count": 1005522, "verified_type_ext": 1, "mbtype": 12, "profile_url": "https://m.weibo.cn/u/5548608887?uid=5548608887", "remark": "", "following": false, "follow_me": false}, "text": "\u8bb0\u5f97\u56de\u8bbf\uff01\uff01\uff01\uff01", "like_counts": 0, "liked": false}, {"id": 4478770625252643, "created_at": "2020-03-04", "source": "", "user": {"id": 7398422805, "screen_name": "\u5c0f\u897f\u5317\u6765", "profile_image_url": "https://tvax4.sinaimg.cn/crop.0.0.996.996.180/0084H1K5ly8gdgsvyvpf2j30ro0rot9h.jpg?KID=imgbed,tva&Expires=1619211670&ssig=ixAQyZZ3Kh", "verified": false, "verified_type": -1, "followers_count": 1130, "mbtype": 0, "profile_url": "https://m.weibo.cn/u/7398422805?uid=7398422805", "remark": "", "following": false, "follow_me": false}, "text": "\uff01", "like_counts": 0, "liked": false}, {"id": 4478770457562385, "created_at": "2020-03-04", "source": "", "user": {"id": 3319051305, "screen_name": "137712\u7a7a\u8c08", "profile_image_url": "https://tvax3.sinaimg.cn/crop.0.0.996.996.180/c5d4b429ly8gcfafmvm3zj20ro0rotb7.jpg?KID=imgbed,tva&Expires=1619211670&ssig=aJvsa5btTr", "verified": false, "verified_type": -1, "followers_count": 5262, "mbtype": 0, "profile_url": "https://m.weibo.cn/u/3319051305?uid=3319051305", "remark": "", "following": false, "follow_me": false}, "text": "\u6211\u8fd8\u6ca1\u5a36\u5ab3\u5987\u513f\u5462", "like_counts": 4, "liked": false}, {"id": 4478770306330425, "created_at": "2020-03-04", "source": "", "user": {"id": 6878665616, "screen_name": "\u5206\u624b\u633d\u56de\u524d\u4efb\u6307\u5bfc2018", "profile_image_url": "https://tvax2.sinaimg.cn/crop.0.0.664.664.180/007vwb9Cly8fyeei1i8jsj30ig0ig0ts.jpg?KID=imgbed,tva&Expires=1619211670&ssig=VRyozQ%2FnZV", "verified": true, "verified_type": 0, "followers_count": 15294, "verified_type_ext": 0, "mbtype": 0, "profile_url": "https://m.weibo.cn/u/6878665616?uid=6878665616", "remark": "", "following": false, "follow_me": false}, "text": "\u4e3a\u4f60\u6253\u4e2acall", "like_counts": 0, "liked": false}, {"id": 4478770230415754, "created_at": "2020-03-04", "source": "", "user": {"id": 6408437995, "screen_name": "\u6800-\u6208", "profile_image_url": "https://tvax1.sinaimg.cn/crop.0.0.996.996.180/006ZH9t9ly8ga3b9s07v7j30ro0romyn.jpg?KID=imgbed,tva&Expires=1619211670&ssig=Op7O8p8Jl%2B", "verified": false, "verified_type": -1, "followers_count": 828, "mbtype": 0, "profile_url": "https://m.weibo.cn/u/6408437995?uid=6408437995", "remark": "", "following": false, "follow_me": false}, "text": "\u53ef\u6015", "like_counts": 0, "liked": false}, {"id": 4478770088484793, "created_at": "2020-03-04", "source": "", "user": {"id": 6090924938, "screen_name": "\u6574\u5f62\u5708\u7684\u90a3\u4e9b\u4e8b\u513f", "profile_image_url": "https://tvax3.sinaimg.cn/crop.0.0.996.996.180/006EcTOOly8gpaaoeh3q9j30ro0rpacc.jpg?KID=imgbed,tva&Expires=1619211672&ssig=vaho8nWfp2", "verified": true, "verified_type": 0, "followers_count": 535429, "verified_type_ext": 1, "mbtype": 12, "profile_url": "https://m.weibo.cn/u/6090924938?uid=6090924938", "remark": "", "following": false, "follow_me": false}, "text": "\u4e0d\u9519<span class=\"url-icon\"><img alt=[\u7ed9\u529b] src=\"https://h5.sinaimg.cn/m/emoticon/icon/others/f_geili-78be8d9152.png\" style=\"width:1em; height:1em;\" /></span><span class=\"url-icon\"><img alt=[\u7ed9\u529b] src=\"https://h5.sinaimg.cn/m/emoticon/icon/others/f_geili-78be8d9152.png\" style=\"width:1em; height:1em;\" /></span><span class=\"url-icon\"><img alt=[\u7ed9\u529b] src=\"https://h5.sinaimg.cn/m/emoticon/icon/others/f_geili-78be8d9152.png\" style=\"width:1em; height:1em;\" /></span>", "like_counts": 0, "liked": false}, {"id": 4478770080053558, "created_at": "2020-03-04", "source": "", "user": {"id": 5983852940, "screen_name": "\u83f2\u529b\u5f69\u8679", "profile_image_url": "https://tvax4.sinaimg.cn/crop.0.0.512.512.180/006wXDv6ly8ga28aq6k1cj30e80e8jrv.jpg?KID=imgbed,tva&Expires=1619211672&ssig=H5RYawVMOA", "verified": true, "verified_type": 0, "followers_count": 531132, "verified_type_ext": 0, "mbtype": 2, "profile_url": "https://m.weibo.cn/u/5983852940?uid=5983852940", "remark": "", "following": false, "follow_me": false}, "text": "\u65e5\u5e38\u6765\u770b\u770b", "like_counts": 0, "liked": false}, {"id": 4478769584771364, "created_at": "2020-03-04", "source": "", "user": {"id": 3937105056, "screen_name": "\u6df1\u6252\u533b\u59d0", "profile_image_url": "https://tvax2.sinaimg.cn/crop.140.196.388.388.180/eaab74a0ly8g7tgfb42boj20jg0jgdgb.jpg?KID=imgbed,tva&Expires=1619211672&ssig=04wErvW15d", "verified": true, "verified_type": 0, "followers_count": 1146872, "verified_type_ext": 0, "mbtype": 12, "profile_url": "https://m.weibo.cn/u/3937105056?uid=3937105056", "remark": "", "following": false, "follow_me": false}, "text": "\u4e0b\u5348\u597d<span class=\"url-icon\"><img alt=[\u7ed9\u529b] src=\"https://h5.sinaimg.cn/m/emoticon/icon/others/f_geili-78be8d9152.png\" style=\"width:1em; height:1em;\" /></span>", "like_counts": 0, "liked": false}, {"id": 4478769324156189, "created_at": "2020-03-04", "source": "", "user": {"id": 1971199107, "screen_name": "\u5c0f\u732b\u7684\u840c\u60f3", "profile_image_url": "https://tvax1.sinaimg.cn/crop.0.0.750.750.180/757e1c83ly8g41uxq8yzmj20ku0kumyg.jpg?KID=imgbed,tva&Expires=1619211672&ssig=jx33ba9QxL", "verified": true, "verified_type": 0, "followers_count": 15912, "verified_type_ext": 0, "mbtype": 0, "profile_url": "https://m.weibo.cn/u/1971199107?uid=1971199107", "remark": "", "following": false, "follow_me": false}, "text": "<span class=\"url-icon\"><img alt=[\u9c9c\u82b1] src=\"https://h5.sinaimg.cn/m/emoticon/icon/others/w_xianhua-f902c37199.png\" style=\"width:1em; height:1em;\" /></span>\u8d60\u597d\u53cb\uff0c\u795d\u5e73\u5b89\u559c\u4e50<span class=\"url-icon\"><img alt=[\u5154\u5b50] src=\"https://h5.sinaimg.cn/m/emoticon/icon/others/d_tuzi-d2b0222faa.png\" style=\"width:1em; height:1em;\" /></span>", "like_counts": 0, "liked": false}, {"id": 4478769236903958, "created_at": "2020-03-04", "source": "", "user": {"id": 6883237419, "screen_name": "\u84dd\u9177\u9177\u54d2", "profile_image_url": "https://tvax3.sinaimg.cn/crop.0.0.1080.1080.180/007vPmunly8g9h6oaac7lj30u00u0jun.jpg?KID=imgbed,tva&Expires=1619211672&ssig=RyxJtF%2B3%2F%2F", "verified": true, "verified_type": 0, "followers_count": 152287, "verified_type_ext": 0, "mbtype": 2, "profile_url": "https://m.weibo.cn/u/6883237419?uid=6883237419", "remark": "", "following": false, "follow_me": false}, "text": "\u6bcf\u5929\u65e9\u4e0a\u770b\u5230\u9633\u5149\u5c31\u60f3\u5230\u4f60\u4e86\u3002", "like_counts": 0, "liked": false}, {"id": 4478769177962160, "created_at": "2020-03-04", "source": "", "user": {"id": 6359506268, "screen_name": "W220721", "profile_image_url": "https://tvax1.sinaimg.cn/crop.0.0.996.996.180/006WnQ5Kly8gcfuwhy9u8j30ro0rp0uu.jpg?KID=imgbed,tva&Expires=1619211672&ssig=zBlS2wDkhw", "verified": false, "verified_type": -1, "followers_count": 148, "mbtype": 0, "profile_url": "https://m.weibo.cn/u/6359506268?uid=6359506268", "remark": "", "following": false, "follow_me": false}, "text": "\u8c22\u8c22", "like_counts": 0, "liked": false}, {"id": 4478768502087167, "created_at": "2020-03-04", "source": "", "user": {"id": 5681919108, "screen_name": "\u7ec8\u4f34", "profile_image_url": "https://tvax1.sinaimg.cn/crop.0.0.996.996.180/006cwKIAly8gdim4r6bhoj30ro0rojsn.jpg?KID=imgbed,tva&Expires=1619211672&ssig=AaAewfjDc4", "verified": true, "verified_type": 0, "followers_count": 685194, "verified_type_ext": 1, "mbtype": 12, "profile_url": "https://m.weibo.cn/u/5681919108?uid=5681919108", "remark": "", "following": false, "follow_me": false}, "text": "\u4e0b\u6b21\u89c1\u4f60 \u8c08\u7b11\u98ce\u751f\u4e0d\u52a8\u60c5", "like_counts": 0, "liked": false}, {"id": 4478768430979851, "created_at": "2020-03-04", "source": "", "user": {"id": 5148968119, "screen_name": "\u5947\u5e7b\u68a6\u60f3\u5c9b", "profile_image_url": "https://tvax4.sinaimg.cn/crop.0.0.1080.1080.180/005CsxOTly8gl1t7p27tuj30u00u0mz3.jpg?KID=imgbed,tva&Expires=1619211672&ssig=zoyWL%2BuiNP", "verified": true, "verified_type": 0, "followers_count": 103867, "verified_type_ext": 0, "mbtype": 12, "profile_url": "https://m.weibo.cn/u/5148968119?uid=5148968119", "remark": "", "following": false, "follow_me": false}, "text": "<span class=\"url-icon\"><img alt=[\u5fc3] src=\"https://h5.sinaimg.cn/m/emoticon/icon/others/l_xin-43af9086c0.png\" style=\"width:1em; height:1em;\" /></span>", "like_counts": 0, "liked": false}, {"id": 4478768297334603, "created_at": "2020-03-04", "source": "", "user": {"id": 6272988791, "screen_name": "Korea-\u7f8e\u5c11\u5973", "profile_image_url": "https://tvax2.sinaimg.cn/crop.0.0.1080.1080.180/006QwOWzly8gg4x2cwod9j30u00u0wji.jpg?KID=imgbed,tva&Expires=1619211672&ssig=0bPCXCCcL3", "verified": true, "verified_type": 0, "followers_count": 1729281, "verified_type_ext": 1, "mbtype": 12, "profile_url": "https://m.weibo.cn/u/6272988791?uid=6272988791", "remark": "", "following": false, "follow_me": false}, "text": "\u652f\u6301\u4e00\u4e0b\u535a\u4e3b", "like_counts": 0, "liked": false}, {"id": 4478768125464327, "created_at": "2020-03-04", "source": "", "user": {"id": 5014846080, "screen_name": "idol\u661f\u65f6\u5c1a", "profile_image_url": "https://tvax4.sinaimg.cn/crop.0.0.996.996.180/005tnMycly8gkmlayfa31j30ro0romz6.jpg?KID=imgbed,tva&Expires=1619211674&ssig=eSlSVCv6l6", "verified": true, "verified_type": 0, "followers_count": 2020673, "verified_type_ext": 1, "mbtype": 12, "profile_url": "https://m.weibo.cn/u/5014846080?uid=5014846080", "remark": "", "following": false, "follow_me": false}, "text": "\u6d3b\u5728\u8fd9\u73cd\u8d35\u7684\u4eba\u95f4\uff0c\u592a\u9633\u5f3a\u70c8\uff0c\u6c34\u6ce2\u6e29\u67d4", "like_counts": 0, "liked": false}, {"id": 4478767886223796, "created_at": "2020-03-04", "source": "", "user": {"id": 6158511007, "screen_name": "\u7e0c\u8f49", "profile_image_url": "https://tvax1.sinaimg.cn/crop.0.0.996.996.180/006IMu2Hly8gbn0d7r43dj30ro0rodjs.jpg?KID=imgbed,tva&Expires=1619211674&ssig=Zfc%2Bq8s5ek", "verified": false, "verified_type": -1, "followers_count": 129, "mbtype": 2, "profile_url": "https://m.weibo.cn/u/6158511007?uid=6158511007", "remark": "", "following": false, "follow_me": false}, "text": "\u5e74\u7eaa\u5927\u4e86\uff0c\u770b\u5565\u90fd\u5bb9\u6613\u54ed\uff0c\u54ce\uff0c\u7a0d\u4e0d\u6ce8\u610f\u5c31\u662f\u6cea\u4eba", "like_counts": 0, "liked": false}, {"id": 4478767819102546, "created_at": "2020-03-04", "source": "", "user": {"id": 6358093185, "screen_name": "\u641e\u7b11\u5185\u6db5\u561a\u6c99\u96d5", "profile_image_url": "https://tvax2.sinaimg.cn/crop.10.0.492.492.180/006WhUu5ly8fmzxsnoqlhj30e80domy7.jpg?KID=imgbed,tva&Expires=1619211674&ssig=c8AO26ZVBZ", "verified": true, "verified_type": 0, "followers_count": 433056, "verified_type_ext": 1, "mbtype": 11, "profile_url": "https://m.weibo.cn/u/6358093185?uid=6358093185", "remark": "", "following": false, "follow_me": false}, "text": "\u4e0b\u5348\u597d<span class=\"url-icon\"><img alt=[\u7ed9\u529b] src=\"https://h5.sinaimg.cn/m/emoticon/icon/others/f_geili-78be8d9152.png\" style=\"width:1em; height:1em;\" /></span>", "like_counts": 0, "liked": false}, {"id": 4478767756423671, "created_at": "2020-03-04", "source": "", "user": {"id": 2042602527, "screen_name": "\u4e56\u4e56\u732b\u6ce1\u6ce1", "profile_image_url": "https://tva2.sinaimg.cn/crop.0.0.180.180.180/79bfa41fjw1e8qgp5bmzyj2050050aa8.jpg?KID=imgbed,tva&Expires=1619211674&ssig=OdIK1Toj7Y", "verified": false, "verified_type": -1, "followers_count": 166, "mbtype": 2, "profile_url": "https://m.weibo.cn/u/2042602527?uid=2042602527", "remark": "", "following": false, "follow_me": false}, "text": "\u6700\u96be\u8fc7\u7684\u662f\uff0c\u4f60\u60f3\u54ed\u5374\u6839\u672c\u54ed\u4e0d\u51fa\u6765\uff0c\uff0c\u53ea\u662f\u65e0\u58f0\u7684\u96be\u8fc7\uff0c\u7761\u4e00\u89c9\uff0c\u660e\u5929\u53c8\u662f\u65b0\u7684\u4e00\u5929", "like_counts": 0, "liked": false}, {"id": 4478767722729060, "created_at": "2020-03-04", "source": "", "user": {"id": 1825907520, "screen_name": "carpenterwormi", "profile_image_url": "https://tvax4.sinaimg.cn/crop.0.0.996.996.180/6cd52340ly8gd1wbnjb92j20ro0ro0vu.jpg?KID=imgbed,tva&Expires=1619211674&ssig=zIt6SEwGv5", "verified": false, "verified_type": -1, "followers_count": 80, "mbtype": 0, "profile_url": "https://m.weibo.cn/u/1825907520?uid=1825907520", "remark": "", "following": false, "follow_me": false}, "text": "\u751f\u6d3b\u662f\u65e0\u60c5\u7684\uff0c\u793e\u4f1a\u662f\u73b0\u5b9e\u7684\uff0c\u73b0\u5728\u53ea\u80fd\u7528\u4e94\u5473\u6742\u9648\u63cf\u8ff0\u4e00\u4e0b\u5fc3\u60c5\u3002<span class=\"url-icon\"><img alt=[\u592a\u5f00\u5fc3] src=\"https://h5.sinaimg.cn/m/emoticon/icon/default/d_taikaixin-b7d86de3fd.png\" style=\"width:1em; height:1em;\" /></span><span class=\"url-icon\"><img alt=[\u592a\u5f00\u5fc3] src=\"https://h5.sinaimg.cn/m/emoticon/icon/default/d_taikaixin-b7d86de3fd.png\" style=\"width:1em; height:1em;\" /></span>", "like_counts": 0, "liked": false}, {"id": 4478767718279984, "created_at": "2020-03-04", "source": "", "user": {"id": 7017088797, "screen_name": "\u5c0f\u5b69566", "profile_image_url": "https://tvax3.sinaimg.cn/crop.0.0.1002.1002.180/007ESZlzly8gbuzdy3cnvj30ru0rudgb.jpg?KID=imgbed,tva&Expires=1619211674&ssig=%2Bv6wUMYoPB", "verified": false, "verified_type": -1, "followers_count": 5170, "mbtype": 0, "profile_url": "https://m.weibo.cn/u/7017088797?uid=7017088797", "remark": "", "following": false, "follow_me": false}, "text": "\u5c31\u662f\u8bf4\u73b0\u5728\u75ab\u82d7\u7814\u7a76\u51fa\u6765\u4e5f\u4e0d\u4e00\u5b9a\u6709\u7528\u4e86", "like_counts": 1, "liked": false}, {"id": 4478767705643055, "created_at": "2020-03-04", "source": "", "user": {"id": 7017787684, "screen_name": "\u5411\u5f80\u7684\u5929\u7a7a127", "profile_image_url": "https://tvax3.sinaimg.cn/crop.0.0.1002.1002.180/007EVV9Wly8gbzkdoqdt8j30ru0rujup.jpg?KID=imgbed,tva&Expires=1619211677&ssig=21KA2pkypL", "verified": false, "verified_type": -1, "followers_count": 5317, "mbtype": 2, "profile_url": "https://m.weibo.cn/u/7017787684?uid=7017787684", "remark": "", "following": false, "follow_me": false}, "text": "\u75ab\u82d7\u5c31\u662f\u7814\u53d1\u51fa\u6765\u4e5f\u6ca1\u6709\u7528\u4e86", "like_counts": 1, "liked": false}, {"id": 4478767680081636, "created_at": "2020-03-04", "source": "", "user": {"id": 3496359763, "screen_name": "\u51a5\u57df\u6708\u5149", "profile_image_url": "https://tva2.sinaimg.cn/crop.0.0.750.750.180/d0663753jw8f4qoyukhu6j20ku0kujrp.jpg?KID=imgbed,tva&Expires=1619211677&ssig=re6nAitqrH", "verified": false, "verified_type": -1, "followers_count": 69, "mbtype": 0, "profile_url": "https://m.weibo.cn/u/3496359763?uid=3496359763", "remark": "", "following": false, "follow_me": false}, "text": "\u6211\u8fd9\u4e00\u8f88\u5b50\u90fd\u5f88\u5584\u826f\u6240\u4ee5\u5e0c\u671b\u4fdd\u6211\u5bb6\u4eba\u5e73\u5b89\u5065\u5eb7\u5e78\u798f", "like_counts": 1, "liked": false}, {"id": 4478767659045308, "created_at": "2020-03-04", "source": "", "user": {"id": 6142721568, "screen_name": "\u94a2\u9645\u989700", "profile_image_url": "https://tva2.sinaimg.cn/crop.0.0.100.100.180/006HIeukjw1fcx1ujfx3hj302s02smwy.jpg?KID=imgbed,tva&Expires=1619211677&ssig=2319hdFMxJ", "verified": false, "verified_type": -1, "followers_count": 118, "mbtype": 0, "profile_url": "https://m.weibo.cn/u/6142721568?uid=6142721568", "remark": "", "following": false, "follow_me": false}, "text": "\u96be\u53d7\u5c31\u5403\u4e1c\u897f<span class=\"url-icon\"><img alt=[\u6cea] src=\"https://h5.sinaimg.cn/m/emoticon/icon/default/d_lei-4cdf6ee412.png\" style=\"width:1em; height:1em;\" /></span>", "like_counts": 0, "liked": false}, {"id": 4478767609501486, "created_at": "2020-03-04", "source": "", "user": {"id": 7330283719, "screen_name": "\u4e00\u68a6\u60c5\u6df1", "profile_image_url": "https://tvax3.sinaimg.cn/crop.0.0.996.996.180/008057Ezly8gg4u1rdji8j30ro0ro75o.jpg?KID=imgbed,tva&Expires=1619211677&ssig=aoWp%2FWvm7z", "verified": true, "verified_type": 0, "followers_count": 1087202, "verified_type_ext": 0, "mbtype": 12, "profile_url": "https://m.weibo.cn/u/7330283719?uid=7330283719", "remark": "", "following": false, "follow_me": false}, "text": "\u4e0d\u8d1f\u97f6\u534e \u652f\u6301\u4e00\u4e0b\u535a\u4e3b", "like_counts": 0, "liked": false}, {"id": 4478767587779061, "created_at": "2020-03-04", "source": "", "user": {"id": 6171114978, "screen_name": "\u63a0\u4e43\u8d6490", "profile_image_url": "https://tva3.sinaimg.cn/crop.0.0.100.100.180/006JDmUyjw1fdh09tt7aej302s02sglg.jpg?KID=imgbed,tva&Expires=1619211677&ssig=ICAFSQ%2FyH6", "verified": false, "verified_type": -1, "followers_count": 10233, "mbtype": 0, "profile_url": "https://m.weibo.cn/u/6171114978?uid=6171114978", "remark": "", "following": false, "follow_me": false}, "text": "\u5f53\u4e0b\u6700\u9002\u5408\u8bfb\u4e66\u770b\u7f51\u914c\u5c0f\u9152", "like_counts": 1, "liked": false}, {"id": 4478767579695565, "created_at": "2020-03-04", "source": "", "user": {"id": 2723094213, "screen_name": "\u53eb\u6653\u5f64\u7684\u90fd\u597d\u770b", "profile_image_url": "https://tva4.sinaimg.cn/crop.0.0.996.996.180/a24f1ec5jw8f1xmmlmiyyj20ro0rptbm.jpg?KID=imgbed,tva&Expires=1619211677&ssig=UMiyuQNVxF", "verified": false, "verified_type": 220, "followers_count": 1045, "mbtype": 0, "profile_url": "https://m.weibo.cn/u/2723094213?uid=2723094213", "remark": "", "following": false, "follow_me": false}, "text": "\u5047\u8bbe\u5982\u679c\u578b\u66f4\u6e29\u548c\u4e14\u4ea7\u751f\u6297\u4f53\u540e\u540c\u6b65\u4f5c\u7528\u578b", "like_counts": 18, "liked": false}, {"id": 4478767575849599, "created_at": "2020-03-04", "source": "", "user": {"id": 5347013248, "screen_name": "\u8fb9\u6625\u5b50\u7231\u866b\u866b\u7684\u5973\u5b69", "profile_image_url": "https://tva2.sinaimg.cn/crop.0.0.199.199.180/005PRwpagw1emywbxpcb4j305k05k74o.jpg?KID=imgbed,tva&Expires=1619211677&ssig=HyUhVmMDka", "verified": false, "verified_type": -1, "followers_count": 10343, "mbtype": 2, "profile_url": "https://m.weibo.cn/u/5347013248?uid=5347013248", "remark": "", "following": false, "follow_me": false}, "text": "\u4e5f\u8bb8\u75c5\u6bd2\u65e9\u5c31\u5df2\u7ecf\u53d8\u5f02\u4e86", "like_counts": 7, "liked": false}, {"id": 4478767563208947, "created_at": "2020-03-04", "source": "", "user": {"id": 5288590234, "screen_name": "\u5b9e\u5728\u592a\u75af\u72c2245", "profile_image_url": "https://tvax2.sinaimg.cn/crop.0.0.996.996.180/005LUnUuly8gdn8g3zqfqj30ro0rodgr.jpg?KID=imgbed,tva&Expires=1619211677&ssig=%2F5b68dp4cJ", "verified": false, "verified_type": -1, "followers_count": 12239, "mbtype": 0, "profile_url": "https://m.weibo.cn/u/5288590234?uid=5288590234", "remark": "", "following": false, "follow_me": false}, "text": "\u4e00\u5929\u4e00\u4e2a\u53d1\u73b0\u6bcf\u6b21\u90fd\u5f88\u60ca\u559c\u8bf4\u767d\u4e86\u73b0\u5728\u8fd8\u6ca1\u5934\u7eea\u5927\u5bb6\u4e0d\u8981\u653e\u677e", "like_counts": 6, "liked": false}, {"id": 4478767550575487, "created_at": "2020-03-04", "source": "", "user": {"id": 6117580876, "screen_name": "IDY\u68ee\u68ee", "profile_image_url": "https://tvax4.sinaimg.cn/crop.0.0.750.750.180/006G0Kfily8gca4dx3f14j30ku0ku3zq.jpg?KID=imgbed,tva&Expires=1619211679&ssig=ZWbygT8g2b", "verified": false, "verified_type": -1, "followers_count": 10477, "mbtype": 0, "profile_url": "https://m.weibo.cn/u/6117580876?uid=6117580876", "remark": "", "following": false, "follow_me": false}, "text": "\u5047\u8bbe\u5982\u679c\u578b\u66f4\u6e29\u548c\u4e14\u4ea7\u751f\u6297\u4f53\u540e\u540c\u6b65\u4f5c\u7528\u578b", "like_counts": 1, "liked": false}, {"id": 4478767500495144, "created_at": "2020-03-04", "source": "", "user": {"id": 5105616191, "screen_name": "\u6155\u9e7f", "profile_image_url": "https://tvax4.sinaimg.cn/crop.0.0.996.996.180/005zwE0fly8gomzb1lw4cj30ro0ro0t5.jpg?KID=imgbed,tva&Expires=1619211679&ssig=g1RTRDp6Ii", "verified": true, "verified_type": 0, "followers_count": 282229, "verified_type_ext": 1, "mbtype": 12, "profile_url": "https://m.weibo.cn/u/5105616191?uid=5105616191", "remark": "", "following": false, "follow_me": false}, "text": "\u6bcf\u5929\u575a\u6301\u4e92\u52a8~", "like_counts": 0, "liked": false}, {"id": 4478767500493668, "created_at": "2020-03-04", "source": "", "user": {"id": 7349311129, "screen_name": "\u7075\u7075\u901a\u963f\u94a2", "profile_image_url": "https://tvax2.sinaimg.cn/crop.0.0.1080.1080.180/0081mXyhly8gnccx82eddj30u00u0wgq.jpg?KID=imgbed,tva&Expires=1619211679&ssig=C7AwhNmqOo", "verified": true, "verified_type": 0, "followers_count": 195552, "verified_type_ext": 0, "mbtype": 2, "profile_url": "https://m.weibo.cn/u/7349311129?uid=7349311129", "remark": "", "following": false, "follow_me": false}, "text": "\u505a\u4f60\u7c89\u4e1d\u4e5f\u4e0d\u9519\uff0c<span class=\"url-icon\"><img alt=[\u4e2d\u56fd\u8d5e] src=\"https://h5.sinaimg.cn/m/emoticon/icon/others/d_chnlike-8fc550a807.png\" style=\"width:1em; height:1em;\" /></span>", "like_counts": 0, "liked": false}, {"id": 4478767483205329, "created_at": "2020-03-04", "source": "", "user": {"id": 7346944372, "screen_name": "\u6bcf\u65e5\u519b\u89c6", "profile_image_url": "https://tvax1.sinaimg.cn/crop.0.0.996.996.180/0081d1QMly8ghw72rqt2ej30ro0romym.jpg?KID=imgbed,tva&Expires=1619211679&ssig=lLkz5JYMHP", "verified": true, "verified_type": 0, "followers_count": 362127, "verified_type_ext": 0, "mbtype": 12, "profile_url": "https://m.weibo.cn/u/7346944372?uid=7346944372", "remark": "", "following": false, "follow_me": false}, "text": "\u5360\u4e2a\u4f4d\u7f6e", "like_counts": 0, "liked": false}, {"id": 4478767437567477, "created_at": "2020-03-04", "source": "", "user": {"id": 5677278449, "screen_name": "Tiamo3o", "profile_image_url": "https://tvax1.sinaimg.cn/crop.0.0.828.828.180/006cdhtfly8gn7n7wmvswj30n00n0408.jpg?KID=imgbed,tva&Expires=1619211679&ssig=YBHtP9Sufs", "verified": true, "verified_type": 0, "followers_count": 219052, "verified_type_ext": 0, "mbtype": 12, "profile_url": "https://m.weibo.cn/u/5677278449?uid=5677278449", "remark": "", "following": false, "follow_me": false}, "text": "\u89c1\u5c71\u662f\u5c71 \u89c1\u6d77\u662f\u6d77 \u89c1\u82b1\u4fbf\u662f\u82b1\u552f\u72ec\u89c1\u4e86\u4f60 \u4e91\u6d77\u5f00\u59cb\u7ffb\u6d8c", "like_counts": 0, "liked": false}, {"id": 4478767386347286, "created_at": "2020-03-04", "source": "", "user": {"id": 3553254104, "screen_name": "\u67da\u5b50\u59d0\u59d0\u7231\u81ed\u7f8e", "profile_image_url": "https://tvax1.sinaimg.cn/crop.0.0.1080.1080.180/d3ca5ad8ly8ghljavgk8wj20u00u0ju5.jpg?KID=imgbed,tva&Expires=1619211679&ssig=vC8BrGrTQR", "verified": true, "verified_type": 0, "followers_count": 480939, "verified_type_ext": 1, "mbtype": 12, "profile_url": "https://m.weibo.cn/u/3553254104?uid=3553254104", "remark": "", "following": false, "follow_me": false}, "text": "<span class=\"url-icon\"><img alt=[\u597d\u7231\u54e6] src=\"https://h5.sinaimg.cn/m/emoticon/icon/lxh/lxh_haoaio-bd64a94751.png\" style=\"width:1em; height:1em;\" /></span>", "like_counts": 0, "liked": false}, {"id": 4478767349096203, "created_at": "2020-03-04", "source": "", "user": {"id": 6004787385, "screen_name": "\u6574\u5f62\u4f60\u95ee\u6211", "profile_image_url": "https://tvax4.sinaimg.cn/crop.0.0.750.750.180/006yntvrly8gl0e9oq4aaj30ku0kut9p.jpg?KID=imgbed,tva&Expires=1619211679&ssig=AF%2BZIkoAZB", "verified": true, "verified_type": 0, "followers_count": 1100272, "verified_type_ext": 1, "mbtype": 12, "profile_url": "https://m.weibo.cn/u/6004787385?uid=6004787385", "remark": "", "following": false, "follow_me": false}, "text": "\u4e0b\u5348\u597d<span class=\"url-icon\"><img alt=[\u597d\u7231\u54e6] src=\"https://h5.sinaimg.cn/m/emoticon/icon/lxh/lxh_haoaio-bd64a94751.png\" style=\"width:1em; height:1em;\" /></span>", "like_counts": 0, "liked": false}, {"id": 4478767257209587, "created_at": "2020-03-04", "source": "", "user": {"id": 6378411082, "screen_name": "\u7686\u4f34", "profile_image_url": "https://tvax1.sinaimg.cn/crop.0.0.1080.1080.180/006XFa66ly8gmv4a92pi9j30u00u075r.jpg?KID=imgbed,tva&Expires=1619211679&ssig=gYSQAXBrEm", "verified": true, "verified_type": 0, "followers_count": 17131, "verified_type_ext": 0, "mbtype": 12, "profile_url": "https://m.weibo.cn/u/6378411082?uid=6378411082", "remark": "", "following": false, "follow_me": false}, "text": "\u5927\u529b\u652f\u6301\u535a\u4e3b\u3002", "like_counts": 0, "liked": false}]