{"visible": {"type": 0, "list_id": 0}, "created_at": "Mon Apr 20 13:46:10 +0800 2020", "id": "4495782637510562", "mid": "4495782637510562", "can_edit": false, "show_additional_indication": 0, "text": "\u3010\u6d17\u624b\u4f1a\u611f\u67d3\u65b0\u51a0\uff1f<a  href=\"https://m.weibo.cn/search?containerid=231522type%3D1%26t%3D10%26q%3D%23%E5%B7%B4%E9%BB%8E%E5%9B%9E%E5%BA%94%E9%9D%9E%E9%A5%AE%E7%94%A8%E6%B0%B4%E6%A3%80%E5%87%BA%E6%96%B0%E5%86%A0%E7%97%85%E6%AF%92%23&extparam=%23%E5%B7%B4%E9%BB%8E%E5%9B%9E%E5%BA%94%E9%9D%9E%E9%A5%AE%E7%94%A8%E6%B0%B4%E6%A3%80%E5%87%BA%E6%96%B0%E5%86%A0%E7%97%85%E6%AF%92%23&luicode=20000061&lfid=4495782637510562\" data-hide=\"\"><span class=\"surl-text\">#\u5df4\u9ece\u56de\u5e94\u975e\u996e\u7528\u6c34\u68c0\u51fa\u65b0\u51a0\u75c5\u6bd2#</span></a>\u3011\u65b0\u534e\u793e\u62a5\u9053\uff0c\u5f53\u5730\u65f6\u95f419\u65e5\u4e0b\u5348\uff0c\u5df4\u9ece\u5e02\u653f\u5e9c\u5411\u5a92\u4f53\u8868\u793a\uff0c\u8fc7\u53bb24\u5c0f\u65f6\u5185\u5df4\u9ece\u6c34\u52a1\u90e8\u95e8\u7684\u5b9e\u9a8c\u5ba4\u572827\u4e2a\u975e\u996e\u7528\u81ea\u6765\u6c34\u91c7\u6837\u70b9\u4e2d\uff0c\u68c0\u6d4b\u52304\u4e2a\u6709\u65b0\u51a0\u75c5\u6bd2\u5b58\u5728\u3002\u4e3a\u9884\u9632\u8d77\u89c1\uff0c\u5df4\u9ece\u5e02\u653f\u5e9c\u5df2\u7acb\u5373\u6682\u505c\u4f7f\u7528\u8fd9\u4e9b\u6c34\u6e90\u3002<br /><br />\u5b98\u65b9\u8868\u793a\uff0c\u5df4\u9ece\u7684\u975e\u996e\u7528\u6c34\u7cfb\u7edf\u4ece\u585e\u7eb3\u6cb3\u7b49\u6cb3\u6d41\u62bd\u53d6\uff0c\u4e3b\u8981\u7528\u4e8e\u6e05\u6d01\u8857\u9053\u3001\u6d47\u704c\u516c\u56ed\u7b49\uff0c\u548c\u996e\u7528\u6c34\u4e0d\u662f\u4e00\u4e2a\u7cfb\u7edf\uff0c\u81ea19\u4e16\u7eaa\u4ee5\u6765\u4e24\u4e2a\u7cfb\u7edf\u5c31\u662f\u5206\u5f00\u7684\u3002\u5df4\u9ece\u996e\u7528\u6c34\u7cfb\u7edf\u76ee\u524d\u6ca1\u6709\u68c0\u6d4b\u51fa\u4efb\u4f55\u65b0\u51a0\u75c5\u6bd2\u7684\u75d5\u8ff9\uff0c\u4e0d\u5b58\u5728\u5b89\u5168\u95ee\u9898\uff0c\u6c11\u4f17\u4f7f\u7528\u201c\u6ca1\u6709\u98ce\u9669\u201d\u3002<a data-url=\"http://t.cn/A6wYjcqy\" href=\"http://t.cn/A6wYjcqy\" data-hide=\"\"><span class='url-icon'><img style='width: 1rem;height: 1rem' src='https://h5.sinaimg.cn/upload/2015/09/25/3/timeline_card_small_web_default.png'></span><span class=\"surl-text\">\u6d17\u624b\u4f1a\u611f\u67d3\u65b0\u51a0\uff1f\u6cd5\u56fd\u975e\u996e\u7528\u6c34\u7cfb\u7edf\u68c0\u6d4b\u51fa\u65b0\u51a0\u75c5\u6bd2</span></a>  <a data-url=\"http://t.cn/A6wYjIxX\" href=\"https://video.weibo.com/show?fid=1034:4495780002594833\" data-hide=\"\"><span class='url-icon'><img style='width: 1rem;height: 1rem' src='https://h5.sinaimg.cn/upload/2015/09/25/3/timeline_card_small_video_default.png'></span><span class=\"surl-text\">21\u4e16\u7eaa\u7ecf\u6d4e\u62a5\u9053\u7684\u5fae\u535a\u89c6\u9891</span></a>", "textLength": 495, "source": "\u5fae\u535a\u89c6\u9891\u53f7", "favorited": false, "pic_ids": [], "pic_types": "", "is_paid": false, "mblog_vip_type": 0, "user": {"id": 1651428902, "screen_name": "21\u4e16\u7eaa\u7ecf\u6d4e\u62a5\u9053", "profile_image_url": "https://tvax1.sinaimg.cn/crop.0.0.996.996.180/626ece26ly8gdi75cbpb8j20ro0romy3.jpg?KID=imgbed,tva&Expires=1619695362&ssig=%2BZs9y%2BAxhF", "profile_url": "https://m.weibo.cn/u/1651428902?uid=1651428902&luicode=20000061&lfid=4495782637510562", "statuses_count": 103322, "verified": true, "verified_type": 3, "verified_type_ext": 0, "verified_reason": "21\u4e16\u7eaa\u7ecf\u6d4e\u62a5\u9053\u5b98\u65b9\u5fae\u535a", "close_blue_v": false, "description": "\u63d0\u4f9b\u8d22\u7ecf\u8d44\u8baf\u3001\u5546\u4e1a\u6545\u4e8b\u3001\u5404\u754c\u89c2\u70b9\uff0c\u5173\u6ce8\u5236\u5ea6\u5efa\u8bbe\u3002\u5fae\u4fe1\u641c\u7d22&lt;21\u4e16\u7eaa\u7ecf\u6d4e\u62a5\u9053&gt;\u6216\u52a0&lt;jjbd21&gt;,\u66f4\u591a\u7cbe\u5f69\u5185\u5bb9\u7b49\u7740\u4f60\u3002", "gender": "m", "mbtype": 12, "urank": 48, "mbrank": 3, "follow_me": false, "following": false, "followers_count": 21312416, "follow_count": 803, "cover_image_phone": "https://wx2.sinaimg.cn/crop.0.0.640.640.640/0033ImPzly1gnj7ur75rej60u00u0qi702.jpg", "avatar_hd": "https://wx1.sinaimg.cn/orj480/626ece26ly8gdi75cbpb8j20ro0romy3.jpg", "like": false, "like_me": false, "badge": {"bind_taobao": 1, "self_media": 1, "dzwbqlx_2016": 1, "follow_whitelist_video": 1, "user_name_certificate": 1, "wenchuan_10th": 1, "wenda_v2": 1, "qixi_2018": 1, "relation_display": 1, "china_2019": 1, "hongkong_2019": 1, "gongjiri_2019": 1, "macao_2019": 1, "china_2019_2": 1, "hongbao_2020": 2, "feiyan_2020": 1, "graduation_2020": 1, "pc_new": 1, "dailv_2020": 1, "school_2020": 1, "hongrenjie_2020": 1, "china_2020": 1, "hongbaofeijika_2021": 1, "lvzhilingyang_2021": 1}}, "reposts_count": 28, "comments_count": 12, "attitudes_count": 29, "pending_approval_count": 6, "isLongText": true, "reward_exhibition_type": 0, "hide_flag": 0, "mlevel": 0, "darwin_tags": [], "mblogtype": 0, "more_info_type": 0, "cardid": "star_11247_common", "content_auth": 0, "pic_num": 0, "fid": 4495780017603155, "alchemy_params": {"ug_red_envelope": false}, "page_info": {"type": "video", "object_type": 11, "url_ori": "http://t.cn/A6wYjIxX", "page_pic": {"width": 1280, "url": "https://wx4.sinaimg.cn/large/626ece26gy1ge06bf55wrj20zk0k0jt3.jpg", "height": 720}, "page_url": "https://video.weibo.com/show?fid=1034%3A4495780002594833&luicode=20000061&lfid=4495782637510562", "object_id": "1034:4495780002594833", "page_title": "21\u4e16\u7eaa\u7ecf\u6d4e\u62a5\u9053\u7684\u5fae\u535a\u89c6\u9891", "title": "\u6d17\u624b\u4f1a\u611f\u67d3\u65b0\u51a0\uff1f\u5df4\u9ece\u56de\u5e94\u975e\u996e\u7528\u6c34\u68c0\u51fa\u65b0\u51a0\u75c5\u6bd2", "content1": "21\u4e16\u7eaa\u7ecf\u6d4e\u62a5\u9053\u7684\u5fae\u535a\u89c6\u9891", "content2": "\u3010\u6d17\u624b\u4f1a\u611f\u67d3\u65b0\u51a0\uff1f#\u5df4\u9ece\u56de\u5e94\u975e\u996e\u7528\u6c34\u68c0\u51fa\u65b0\u51a0\u75c5\u6bd2#\u3011\u65b0\u534e\u793e\u62a5\u9053\uff0c\u5f53\u5730\u65f6\u95f419\u65e5\u4e0b\u5348\uff0c\u5df4\u9ece\u5e02\u653f\u5e9c\u5411\u5a92\u4f53\u8868\u793a\uff0c\u8fc7\u53bb24\u5c0f\u65f6\u5185\u5df4\u9ece\u6c34\u52a1\u90e8\u95e8\u7684\u5b9e\u9a8c\u5ba4\u572827\u4e2a\u975e\u996e\u7528\u81ea\u6765\u6c34\u91c7\u6837\u70b9\u4e2d\uff0c\u68c0\u6d4b\u52304\u4e2a\u6709\u65b0\u51a0\u75c5\u6bd2\u5b58\u5728\u3002\u4e3a\u9884\u9632\u8d77\u89c1\uff0c\u5df4\u9ece\u5e02\u653f\u5e9c\u5df2\u7acb\u5373\u6682\u505c\u4f7f\u7528\u8fd9\u4e9b\u6c34\u6e90\u3002\n\n\u5b98\u65b9\u8868\u793a\uff0c\u5df4\u9ece\u7684\u975e\u996e\u7528\u6c34\u7cfb\u7edf\u4ece\u585e\u7eb3", "video_orientation": "horizontal", "play_count": "6\u4e07\u6b21\u64ad\u653e", "media_info": {"stream_url": "https://f.video.weibocdn.com/002DqUJ9gx07CDUH2yQn010412005zUB0E010.mp4?label=mp4_ld&template=640x360.25.0&trans_finger=40a32e8439c5409a63ccf853562a60ef&ori=0&ps=1BThihd3VLAY5R&Expires=1619688162&ssig=KmjQQTaWg9&KID=unistore,video", "stream_url_hd": "https://f.video.weibocdn.com/001M5xdxgx07CDUHeOV1010412008xxb0E010.mp4?label=mp4_hd&template=852x480.25.0&trans_finger=62b30a3f061b162e421008955c73f536&ori=0&ps=1BThihd3VLAY5R&Expires=1619688162&ssig=JGtMeZIy6M&KID=unistore,video", "duration": 37.964}, "urls": {"mp4_720p_mp4": "https://f.video.weibocdn.com/001KUDuogx07CDUHQpIQ01041200hAnW0E010.mp4?label=mp4_720p&template=1280x720.25.0&trans_finger=1f0da16358befad33323e3a1b7f95fc9&ori=0&ps=1BThihd3VLAY5R&Expires=1619688162&ssig=S2QMaNy8QF&KID=unistore,video", "mp4_ld_mp4": "https://f.video.weibocdn.com/002DqUJ9gx07CDUH2yQn010412005zUB0E010.mp4?label=mp4_ld&template=640x360.25.0&trans_finger=40a32e8439c5409a63ccf853562a60ef&ori=0&ps=1BThihd3VLAY5R&Expires=1619688162&ssig=KmjQQTaWg9&KID=unistore,video", "mp4_hd_mp4": "https://f.video.weibocdn.com/001M5xdxgx07CDUHeOV1010412008xxb0E010.mp4?label=mp4_hd&template=852x480.25.0&trans_finger=62b30a3f061b162e421008955c73f536&ori=0&ps=1BThihd3VLAY5R&Expires=1619688162&ssig=JGtMeZIy6M&KID=unistore,video"}}, "bid": "IEbK7vvQ6", "buttons": [{"type": "follow", "name": "\u5173\u6ce8", "sub_type": 0, "params": {"uid": 1651428902}}], "status_title": "\u6d17\u624b\u4f1a\u611f\u67d3\u65b0\u51a0\uff1f#\u5df4\u9ece\u56de\u5e94\u975e\u996e\u7528\u6c34\u68c0\u51fa\u65b0\u51a0\u75c5\u6bd2#", "ok": 1, "scheme": "https://weibo.cn/appurl?scheme=sinaweibo%3A%2F%2Fdetail%3Fmblogid%3D4495782637510562%26luicode%3D20000061%26lfid%3D4495782637510562&luicode=20000061&lfid=4495782637510562", "tipScheme": "https://weibo.cn/appurl?scheme=sinaweibo%3A%2F%2Fdetail%3Fmblogid%3D4495782637510562%26luicode%3D20000061%26lfid%3D4495782637510562&luicode=20000061&lfid=4495782637510562"}