[{"id": 4525648033154740, "created_at": "2020-07-11", "source": "", "user": {"id": 5670971939, "screen_name": "\u897f\u5b89\u8d85\u54e5V", "profile_image_url": "https://tvax4.sinaimg.cn/crop.0.0.1080.1080.180/006bMORlly8gdjuf0oh6hj30u00u0dj1.jpg?KID=imgbed,tva&Expires=1619179698&ssig=3wXHVBGCAD", "verified": true, "verified_type": 0, "followers_count": 493718, "verified_type_ext": 0, "mbtype": 13, "profile_url": "https://m.weibo.cn/u/5670971939?uid=5670971939", "remark": "", "following": false, "follow_me": false}, "text": "<a class='k' href='https://m.weibo.cn/search?containerid=231522type%3D1%26t%3D10%26q%3D%23%E8%B6%85%E5%93%A5%E4%B9%B1%E8%AF%84%23'>#\u8d85\u54e5\u4e71\u8bc4#</a>", "like_counts": 0, "liked": false}, {"id": 4525584950907337, "created_at": "2020-07-11", "source": "", "user": {"id": 1486489760, "screen_name": "\u695a\u840d\u5fae\u5ba2", "profile_image_url": "https://tvax2.sinaimg.cn/crop.28.93.863.863.180/589a08a0gy1fqgjg4slr9j213z0u0txh.jpg?KID=imgbed,tva&Expires=1619179698&ssig=OqFEqZpHq4", "verified": true, "verified_type": 0, "followers_count": 1279261, "verified_type_ext": 1, "mbtype": 12, "profile_url": "https://m.weibo.cn/u/1486489760?uid=1486489760", "remark": "", "following": false, "follow_me": false}, "text": "\u8981\u5f15\u8d77\u9ad8\u5ea6\u91cd\u89c6\u4e86", "like_counts": 0, "liked": false}, {"id": 4525573185686482, "created_at": "2020-07-11", "source": "", "user": {"id": 3238729482, "screen_name": "\u5410\u69fd\u7206\u6599\u54e5", "profile_image_url": "https://tva4.sinaimg.cn/crop.0.0.750.750.180/c10b170ajw8fb10lqbn94j20ku0kuq3l.jpg?KID=imgbed,tva&Expires=1619179698&ssig=RHTIqeFYjW", "verified": true, "verified_type": 0, "followers_count": 701513, "verified_type_ext": 1, "mbtype": 12, "profile_url": "https://m.weibo.cn/u/3238729482?uid=3238729482", "remark": "", "following": false, "follow_me": false}, "text": "\u8f6c\u53d1\u5fae\u535a", "like_counts": 0, "liked": false}, {"id": 4525520610813447, "created_at": "2020-07-11", "source": "", "user": {"id": 3874268626, "screen_name": "\u4e54\u8001\u7237\u73a9\u8f6c\u5730\u7403", "profile_image_url": "https://tvax4.sinaimg.cn/crop.0.0.996.996.180/e6eca5d2ly8ggqnvmehryj20ro0rojt9.jpg?KID=imgbed,tva&Expires=1619179698&ssig=1jSlIycblb", "verified": true, "verified_type": 0, "followers_count": 1084731, "verified_type_ext": 1, "mbtype": 12, "profile_url": "https://m.weibo.cn/u/3874268626?uid=3874268626", "remark": "", "following": false, "follow_me": false}, "text": "<a class='k' href='https://m.weibo.cn/search?containerid=231522type%3D1%26t%3D10%26q%3D%23%E5%93%88%E8%90%A8%E5%85%8B%E6%96%AF%E5%9D%A6%E4%B8%8D%E6%98%8E%E5%8E%9F%E5%9B%A0%E8%82%BA%E7%82%8E%E5%8F%AF%E8%83%BD%E4%B8%BA%E6%96%B0%E5%86%A0%23'>#\u54c8\u8428\u514b\u65af\u5766\u4e0d\u660e\u539f\u56e0\u80ba\u708e\u53ef\u80fd\u4e3a\u65b0\u51a0#</a> \u5982\u679c\u662f\u65b0\u51a0\u80ba\u708e\uff0c\u8fd8\u771f\u662f\u4e0d\u80fd\u5c0f\u89d1\uff01<span class=\"url-icon\"><img alt=[\u601d\u8003] src=\"https://h5.sinaimg.cn/m/emoticon/icon/default/d_sikao-ff9602dd08.png\" style=\"width:1em; height:1em;\" /></span>", "like_counts": 1, "liked": false}, {"id": 4525507980712044, "created_at": "2020-07-11", "source": "", "user": {"id": 2178514797, "screen_name": "\u519b\u6b66\u5b63", "profile_image_url": "https://tvax3.sinaimg.cn/crop.0.0.996.996.180/81d97f6dly8fni8mo57mbj20ro0rowf5.jpg?KID=imgbed,tva&Expires=1619179698&ssig=3B%2F0vgRcfx", "verified": true, "verified_type": 0, "followers_count": 4913898, "verified_type_ext": 1, "mbtype": 12, "profile_url": "https://m.weibo.cn/u/2178514797?uid=2178514797", "remark": "", "following": false, "follow_me": false}, "text": "\u8f6c\u53d1\u5fae\u535a", "like_counts": 0, "liked": false}, {"id": 4525499202854676, "created_at": "2020-07-11", "source": "", "user": {"id": 1831538920, "screen_name": "\u534e\u521b\u4f20\u5a92\u8001\u8584", "profile_image_url": "https://tvax4.sinaimg.cn/crop.24.0.1193.1193.180/6d2b10e8ly8fm6atdrp3xj20yi0x5q5a.jpg?KID=imgbed,tva&Expires=1619179698&ssig=DEjITSCAGg", "verified": true, "verified_type": 0, "followers_count": 564649, "verified_type_ext": 1, "mbtype": 12, "profile_url": "https://m.weibo.cn/u/1831538920?uid=1831538920", "remark": "", "following": false, "follow_me": false}, "text": "<span class=\"url-icon\"><img alt=[\u6c57] src=\"https://h5.sinaimg.cn/m/emoticon/icon/default/d_han-d8ebda66d3.png\" style=\"width:1em; height:1em;\" /></span>\u8fd9\u4e2a\u65b0\u51a0\u80ba\u708e\u53ef\u771f\u201c\u7f20\u4eba\u201d\uff01", "like_counts": 0, "liked": false}, {"id": 4525484870419309, "created_at": "2020-07-11", "source": "", "user": {"id": 1107560787, "screen_name": "\u539f\u70fd_BOE", "profile_image_url": "https://tvax3.sinaimg.cn/crop.0.0.996.996.180/42040953ly8gbzbfhm8sdj20ro0rogno.jpg?KID=imgbed,tva&Expires=1619179698&ssig=rJaqYujdtn", "verified": true, "verified_type": 0, "followers_count": 623175, "verified_type_ext": 1, "mbtype": 12, "profile_url": "https://m.weibo.cn/u/1107560787?uid=1107560787", "remark": "", "following": false, "follow_me": false}, "text": "<a class='k' href='https://m.weibo.cn/p/index?containerid=1008089185a01514d3fcc63c34bcc5e52217b5'>csmo\u770b\u4e16\u754c[\u8d85\u8bdd]</a>\u53ef\u80fd\u662f", "like_counts": 0, "liked": false}, {"id": 4525480291044449, "created_at": "2020-07-11", "source": "", "user": {"id": 6081206843, "screen_name": "\u9526\u8863\u9752\u9e1f", "profile_image_url": "https://tvax2.sinaimg.cn/crop.0.0.996.996.180/006Dy7Hlly8g8t34efaidj30ro0roabj.jpg?KID=imgbed,tva&Expires=1619179698&ssig=QzDZlg%2BF03", "verified": true, "verified_type": 0, "followers_count": 65885, "verified_type_ext": 1, "mbtype": 12, "profile_url": "https://m.weibo.cn/u/6081206843?uid=6081206843", "remark": "", "following": false, "follow_me": false}, "text": "\u9694\u79bb\u5e76\u63a7\u5236\u4f20\u67d3\u6e90\u662f\u6700\u5173\u952e\u7684\u3002", "like_counts": 5, "liked": false}, {"id": 4525498443514504, "created_at": "2020-07-11", "source": "", "user": {"id": 2365961811, "screen_name": "\u7693\u4f26\u738b\u660e\u5ddd", "profile_image_url": "https://tvax4.sinaimg.cn/crop.0.0.996.996.180/8d05b653ly8gdmic90okkj20ro0romyj.jpg?KID=imgbed,tva&Expires=1619179731&ssig=VxPVZRTQ2V", "verified": true, "verified_type": 0, "followers_count": 1417023, "verified_type_ext": 1, "mbtype": 12, "profile_url": "https://m.weibo.cn/u/2365961811?uid=2365961811", "remark": "", "following": false, "follow_me": false}, "text": "//<a href='https://m.weibo.cn/n/\u539f\u70fd_BOE'>@\u539f\u70fd_BOE</a>:<a class='k' href='https://m.weibo.cn/p/index?containerid=1008089185a01514d3fcc63c34bcc5e52217b5'>csmo\u770b\u4e16\u754c[\u8d85\u8bdd]</a>\u53ef\u80fd\u662f", "like_counts": 0, "liked": false}, {"id": 4525521583248808, "created_at": "2020-07-11", "source": "", "user": {"id": 1899156270, "screen_name": "icon\u661f\u65f6\u5c1a", "profile_image_url": "https://tvax1.sinaimg.cn/crop.0.0.996.996.180/7132d32ely8gl2wbeusp8j20ro0rogmz.jpg?KID=imgbed,tva&Expires=1619179714&ssig=A581CmMASz", "verified": true, "verified_type": 0, "followers_count": 3567724, "verified_type_ext": 1, "mbtype": 12, "profile_url": "https://m.weibo.cn/u/1899156270?uid=1899156270", "remark": "", "following": false, "follow_me": false}, "text": "<span class=\"url-icon\"><img alt=[\u718a\u732b] src=\"https://h5.sinaimg.cn/m/emoticon/icon/others/d_xiongmao-74969ad038.png\" style=\"width:1em; height:1em;\" /></span><span class=\"url-icon\"><img alt=[\u718a\u732b] src=\"https://h5.sinaimg.cn/m/emoticon/icon/others/d_xiongmao-74969ad038.png\" style=\"width:1em; height:1em;\" /></span><span class=\"url-icon\"><img alt=[\u718a\u732b] src=\"https://h5.sinaimg.cn/m/emoticon/icon/others/d_xiongmao-74969ad038.png\" style=\"width:1em; height:1em;\" /></span>", "like_counts": 0, "liked": false}, {"id": 4525792854432351, "created_at": "2020-07-12", "source": "", "user": {"id": 6550071034, "screen_name": "\u5931\u604b\u633d\u56de\u7231\u60c5\u524d\u4efb", "profile_image_url": "https://tvax4.sinaimg.cn/crop.428.3.1072.1072.180/0079hqH0ly8frawok1ha0j31hm0u0tj1.jpg?KID=imgbed,tva&Expires=1619179703&ssig=%2FJ7cWNDUN%2B", "verified": true, "verified_type": 0, "followers_count": 220177, "verified_type_ext": 0, "mbtype": 12, "profile_url": "https://m.weibo.cn/u/6550071034?uid=6550071034", "remark": "", "following": false, "follow_me": false}, "text": "\u4e3a\u4f60\u559d\u5f69", "like_counts": 0, "liked": false}, {"id": 4525762298364377, "created_at": "2020-07-12", "source": "", "user": {"id": 5769282030, "screen_name": "\u5c0f\u68c9\u8884\u7231\u60c5\u633d\u56de\u79d8\u7c4d", "profile_image_url": "https://tvax2.sinaimg.cn/crop.0.0.1002.1002.180/006irjNYly8fwdalb5v63j30ru0ruwh9.jpg?KID=imgbed,tva&Expires=1619179703&ssig=LY6wOKJpsd", "verified": true, "verified_type": 0, "followers_count": 143836, "verified_type_ext": 0, "mbtype": 12, "profile_url": "https://m.weibo.cn/u/5769282030?uid=5769282030", "remark": "", "following": false, "follow_me": false}, "text": "\u652f\u6301", "like_counts": 0, "liked": false}]