{"visible": {"type": 0, "list_id": 0}, "created_at": "Sat Jul 11 12:33:07 +0800 2020", "id": "4525480054921680", "mid": "4525480054921680", "edit_count": 1, "can_edit": false, "edit_at": "Sat Jul 11 12:45:41 +0800 2020", "version": 1, "show_additional_indication": 0, "text": "<a  href=\"https://m.weibo.cn/search?containerid=231522type%3D1%26t%3D10%26q%3D%23%E5%93%88%E8%90%A8%E5%85%8B%E6%96%AF%E5%9D%A6%E4%B8%8D%E6%98%8E%E5%8E%9F%E5%9B%A0%E8%82%BA%E7%82%8E%E5%8F%AF%E8%83%BD%E4%B8%BA%E6%96%B0%E5%86%A0%23&extparam=%23%E5%93%88%E8%90%A8%E5%85%8B%E6%96%AF%E5%9D%A6%E4%B8%8D%E6%98%8E%E5%8E%9F%E5%9B%A0%E8%82%BA%E7%82%8E%E5%8F%AF%E8%83%BD%E4%B8%BA%E6%96%B0%E5%86%A0%23&luicode=20000061&lfid=4525480054921680\" data-hide=\"\"><span class=\"surl-text\">#\u54c8\u8428\u514b\u65af\u5766\u4e0d\u660e\u539f\u56e0\u80ba\u708e\u53ef\u80fd\u4e3a\u65b0\u51a0#</span></a><a  href=\"https://m.weibo.cn/search?containerid=231522type%3D1%26t%3D10%26q%3D%23%E5%BC%A0%E6%96%87%E5%AE%8F%E8%A7%A3%E8%AF%BB%E5%93%88%E8%90%A8%E5%85%8B%E6%96%AF%E5%9D%A6%E4%B8%8D%E6%98%8E%E5%8E%9F%E5%9B%A0%E8%82%BA%E7%82%8E%23&extparam=%23%E5%BC%A0%E6%96%87%E5%AE%8F%E8%A7%A3%E8%AF%BB%E5%93%88%E8%90%A8%E5%85%8B%E6%96%AF%E5%9D%A6%E4%B8%8D%E6%98%8E%E5%8E%9F%E5%9B%A0%E8%82%BA%E7%82%8E%23&luicode=20000061&lfid=4525480054921680\" data-hide=\"\"><span class=\"surl-text\">#\u5f20\u6587\u5b8f\u89e3\u8bfb\u54c8\u8428\u514b\u65af\u5766\u4e0d\u660e\u539f\u56e0\u80ba\u708e#</span></a>\uff1a\u54c8\u8428\u514b\u65af\u5766\u51fa\u73b0\u4e86\u6bd4\u8f83\u9ad8\u7684\u75c5\u539f\u5b66\u9634\u6027\u7684\u80ba\u708e\uff0c\u6b66\u6c49\u65e9\u671f\u75c5\u539f\u5b66\u68c0\u6d4b\u80fd\u529b\u4f4e\u4e0b\u7684\u65f6\u5019\u4e5f\u51fa\u73b0\u8fc7\u8fd9\u79cd\u60c5\u51b5\uff0c\u5f53\u65f6\u738b\u8fb0\u9662\u58eb\u62b5\u8fbe\u6b66\u6c49\u65f6\u5c31\u6307\u51fa\u75c5\u539f\u6027\u68c0\u6d4b\u80fd\u529b\u8981\u5feb\u901f\u8ddf\u4e0a\uff0c\u5426\u5219\u4f1a\u51fa\u73b0\u5927\u91cf\u68c0\u6d4b\u9634\u6027\u7684\u65b0\u51a0\u80ba\u708e\uff0c\u6b66\u6c49\u65b9\u8231\u533b\u9662\u5c31\u662f\u5728\u8fd9\u6837\u7684\u80cc\u666f\u4e0b\u5feb\u901f\u5efa\u7acb\u8d77\u6765\u7684\u3002 <a  href=\"https://m.weibo.cn/search?containerid=231522type%3D1%26t%3D10%26q%3D%23%E6%BD%87%E6%BD%87%E8%AF%AD%E6%A6%AD%23&extparam=%23%E6%BD%87%E6%BD%87%E8%AF%AD%E6%A6%AD%23&luicode=20000061&lfid=4525480054921680\" data-hide=\"\"><span class=\"surl-text\">#\u6f47\u6f47\u8bed\u69ad#</span></a>", "textLength": 307, "source": "", "favorited": false, "pic_ids": [], "pic_types": "", "is_paid": false, "mblog_vip_type": 0, "user": {"id": 2930162624, "screen_name": "\u53f8\u99ac\u5b50\u701f\u701f", "profile_image_url": "https://tvax2.sinaimg.cn/crop.0.0.994.994.180/aea6bbc0ly8gijkk41byjj20rm0rm77t.jpg?KID=imgbed,tva&Expires=1619210167&ssig=ZkmNxrarOc", "profile_url": "https://m.weibo.cn/u/2930162624?uid=2930162624&luicode=20000061&lfid=4525480054921680", "statuses_count": 78761, "verified": true, "verified_type": 0, "verified_type_ext": 1, "verified_reason": "\u77e5\u540d\u8d22\u7ecf\u535a\u4e3b \u8d85\u8bdd\u4e3b\u6301\u4eba\uff08\u6f47\u6f47\u8bed\u69ad\u8d85\u8bdd\uff09", "close_blue_v": false, "description": "\u6f47\u6f47\u79cb\u96e8\u67d3\u9752\u5c18\uff0c\u68a6\u65ad\u5173\u6cb3\u591c\u6b63\u6df1\u3002 \u4e24\u88ad\u5f81\u8863\u4e09\u5c3a\u5251\uff0c\u4e00\u8154\u78a7\u8840\u767e\u5e74\u8eab\u3002 \u94c1\u67aa\u6709\u5e78\u6210\u529f\u4e1a\uff0c\u971c\u9b13\u65e0\u6687\u9053\u82e6\u8f9b\u3002 \u9189\u91cc\u4e0d\u77e5\u6ca7\u6d77\u5ba2\uff0c\u53ea\u4eca\u552f\u8bb0\u674e\u5c06\u519b\u3002", "gender": "m", "mbtype": 12, "urank": 48, "mbrank": 7, "follow_me": false, "following": false, "followers_count": 1299840, "follow_count": 307, "cover_image_phone": "https://wx2.sinaimg.cn/crop.0.0.640.640.640/aea6bbc0ly1fc4f0b82u9j20u00u0tpc.jpg", "avatar_hd": "https://wx2.sinaimg.cn/orj480/aea6bbc0ly8gijkk41byjj20rm0rm77t.jpg", "like": false, "like_me": false, "badge": {"follow_whitelist_video": 1, "super_star_2017": 1, "travel_2017": 1, "user_name_certificate": 1, "suishoupai_2018": 6, "wenchuan_10th": 1, "super_star_2018": 1, "worldcup_2018": 34, "dailv_2018": 1, "qixi_2018": 1, "national_day_2018": 1, "double11_2018": 1, "weibo_display_fans": 1, "relation_display": 1, "wbzy_2018": 1, "memorial_2018": 1, "v_influence_2018": 1, "hongbaofei_2019": 1, "denglong_2019": 1, "fu_2019": 1, "womensday_2018": 1, "suishoupai_2019": 2, "wusi_2019": 1, "earth_2019": 1, "hongrenjie_2019": 1, "dailv_2019": 1, "china_2019": 1, "hongkong_2019": 1, "taohuayuan_2019": 1, "dzwbqlx_2019": 1, "rrgyj_2019": 1, "weishi_2019": 1, "wbzy_2019": 1, "gongjiri_2019": 1, "hongbao_2020": 2, "feiyan_2020": 1, "kangyi_2020": 1, "graduation_2020": 1, "dailv_2020": 1, "school_2020": 1, "gongyi_2020": 1, "hongrenjie_2020": 1, "china_2020": 1, "weibozhiye_2020": 1, "hongbaofeijika_2021": 1, "weibozhiyexianxia_2021": 1}}, "reposts_count": 33, "comments_count": 16, "attitudes_count": 23, "pending_approval_count": 0, "isLongText": true, "reward_exhibition_type": 2, "reward_scheme": "sinaweibo://reward?bid=1000293251&enter_id=1000293251&enter_type=1&oid=4525480054921680&seller=2930162624&share=18cb5613ebf3d8aadd9975c1036ab1f47&sign=8b1f8161cabac6f95abf5258836e8452", "hide_flag": 0, "mlevel": 0, "darwin_tags": [], "mblogtype": 0, "more_info_type": 0, "cardid": "star_003", "number_display_strategy": {"apply_scenario_flag": 3, "display_text_min_number": 1000000, "display_text": "100\u4e07+"}, "content_auth": 0, "pic_num": 0, "alchemy_params": {"ug_red_envelope": false}, "page_info": {"type": "search_topic", "object_type": 0, "page_pic": {"url": "https://wx1.sinaimg.cn/thumb300/5a65b423ly1ggmkvg38x5j21hc0u00vh.jpg"}, "page_url": "https://m.weibo.cn/search?containerid=231522type%3D1%26t%3D10%26q%3D%23%E5%93%88%E8%90%A8%E5%85%8B%E6%96%AF%E5%9D%A6%E4%B8%8D%E6%98%8E%E5%8E%9F%E5%9B%A0%E8%82%BA%E7%82%8E%E5%8F%AF%E8%83%BD%E4%B8%BA%E6%96%B0%E5%86%A0%23&extparam=%23%E5%93%88%E8%90%A8%E5%85%8B%E6%96%AF%E5%9D%A6%E4%B8%8D%E6%98%8E%E5%8E%9F%E5%9B%A0%E8%82%BA%E7%82%8E%E5%8F%AF%E8%83%BD%E4%B8%BA%E6%96%B0%E5%86%A0%23&luicode=20000061&lfid=4525480054921680", "page_title": "#\u54c8\u8428\u514b\u65af\u5766\u4e0d\u660e\u539f\u56e0\u80ba\u708e\u53ef\u80fd\u4e3a\u65b0\u51a0#", "content1": "0\u8ba8\u8bba 0\u9605\u8bfb "}, "bid": "JaGQRkElW", "buttons": [{"type": "follow", "name": "\u5173\u6ce8", "sub_type": 0, "params": {"uid": 2930162624}}], "status_title": "\u54c8\u8428\u514b\u65af\u5766\u4e0d\u660e\u539f\u56e0\u80ba\u708e\u53ef\u80fd\u4e3a\u65b0\u51a0", "ok": 1, "scheme": "https://weibo.cn/appurl?scheme=sinaweibo%3A%2F%2Fdetail%3Fmblogid%3D4525480054921680%26luicode%3D20000061%26lfid%3D4525480054921680&luicode=20000061&lfid=4525480054921680", "tipScheme": "https://weibo.cn/appurl?scheme=sinaweibo%3A%2F%2Fdetail%3Fmblogid%3D4525480054921680%26luicode%3D20000061%26lfid%3D4525480054921680&luicode=20000061&lfid=4525480054921680"}