{"visible": {"type": 0, "list_id": 0}, "created_at": "Sun Jun 28 19:35:21 +0800 2020", "id": "4520875271743014", "mid": "4520875271743014", "can_edit": false, "show_additional_indication": 0, "text": "<a  href=\"https://m.weibo.cn/search?containerid=231522type%3D1%26t%3D10%26q%3D%23%E5%89%8D%E7%94%B3%E8%8A%B1%E4%B8%BB%E5%B8%85%E5%9B%A0%E6%96%B0%E5%86%A0%E8%82%BA%E7%82%8E%E5%8E%BB%E4%B8%96%23&extparam=%23%E5%89%8D%E7%94%B3%E8%8A%B1%E4%B8%BB%E5%B8%85%E5%9B%A0%E6%96%B0%E5%86%A0%E8%82%BA%E7%82%8E%E5%8E%BB%E4%B8%96%23&luicode=20000061&lfid=4520875271743014\" data-hide=\"\"><span class=\"surl-text\">#\u524d\u7533\u82b1\u4e3b\u5e05\u56e0\u65b0\u51a0\u80ba\u708e\u53bb\u4e16#</span></a> <br />\u585e\u5c14\u7ef4\u4e9a\u8db3\u7403\u540d\u5bbf\u3001\u524d\u4e0a\u6d77\u7533\u82b1\u4e3b\u6559\u7ec3\u4f0a\u5229\u4e9a-\u4f69\u7279\u79d1\u7ef4\u5947\u56e0\u611f\u67d3\u65b0\u51a0\u80ba\u708e\uff0c\u4e0d\u5e78\u901d\u4e16\uff0c\u4eab\u5e7474\u5c81\u3002<span class=\"url-icon\"><img alt=[\u4f24\u5fc3] src=\"https://h5.sinaimg.cn/m/emoticon/icon/others/l_shangxin-49b2fe44a6.png\" style=\"width:1em; height:1em;\" /></span><br />\u636e\u6089\uff0c\u4f69\u7279\u79d1\u7ef4\u5947\u662f\u56e0\u53d1\u70e7\u548c\u5341\u4e8c\u6307\u80a0\u6e83\u75a1\u800c\u5165\u9662\u7684\uff0c\u968f\u540e\uff0c\u4f69\u7279\u79d1\u7ef4\u5947\u88ab\u786e\u8bca\u4e3a\u611f\u67d3\u65b0\u51a0\u3002<br />\u5728\u7ecf\u8fc7\u6cbb\u7597\u540e\uff0c\u4f69\u7279\u79d1\u7ef4\u5947\u60c5\u51b5\u8d8b\u4e8e\u7a33\u5b9a\uff0c\u4f46\u968f\u540e\u4ed6\u7684\u75c5\u60c5\u8fc5\u901f\u6076\u5316\uff0c\u6700\u7ec8\u4e0d\u5e78\u53bb\u4e16\u3002", "textLength": 281, "source": "\u641c\u72d7\u9ad8\u901f\u6d4f\u89c8\u5668", "favorited": false, "pic_ids": ["006HJpSdgy1gg88gluuyej30hs0nb7dq"], "pic_types": "", "thumbnail_pic": "https://wx1.sinaimg.cn/thumbnail/006HJpSdgy1gg88gluuyej30hs0nb7dq.jpg", "bmiddle_pic": "http://wx1.sinaimg.cn/bmiddle/006HJpSdgy1gg88gluuyej30hs0nb7dq.jpg", "original_pic": "https://wx1.sinaimg.cn/large/006HJpSdgy1gg88gluuyej30hs0nb7dq.jpg", "is_paid": false, "mblog_vip_type": 0, "user": {"id": 6143003661, "screen_name": "\u706b\u72d0\u4f53\u80b2\u5b98\u535a", "profile_image_url": "https://tvax4.sinaimg.cn/crop.45.39.120.120.180/006HJpSdly8gaqev8vpuxj306005h743.jpg?KID=imgbed,tva&Expires=1619210156&ssig=yk4X774ry%2B", "profile_url": "https://m.weibo.cn/u/6143003661?uid=6143003661&luicode=20000061&lfid=4520875271743014", "statuses_count": 2004, "verified": true, "verified_type": 2, "verified_type_ext": 50, "verified_reason": "\u5e7f\u5dde\u706b\u72d0\u4f53\u80b2\u54a8\u8be2\u6709\u9650\u516c\u53f8", "close_blue_v": false, "description": "\u7231\u8fd0\u52a8\uff0c\u7231\u751f\u6d3b\uff0c\u7231\u4e2d\u8d85\u3002", "gender": "m", "mbtype": 12, "urank": 4, "mbrank": 5, "follow_me": false, "following": false, "followers_count": 301805, "follow_count": 640, "cover_image_phone": "https://tva1.sinaimg.cn/crop.0.0.640.640.640/549d0121tw1egm1kjly3jj20hs0hsq4f.jpg", "avatar_hd": "https://wx4.sinaimg.cn/orj480/006HJpSdly8gaqev8vpuxj306005h743.jpg", "like": false, "like_me": false, "badge": {"user_name_certificate": 1}}, "picStatus": "1", "reposts_count": 13, "comments_count": 13, "attitudes_count": 25, "pending_approval_count": 0, "isLongText": true, "reward_exhibition_type": 0, "hide_flag": 0, "mlevel": 0, "darwin_tags": [], "mblogtype": 0, "more_info_type": 0, "number_display_strategy": {"apply_scenario_flag": 3, "display_text_min_number": 1000000, "display_text": "100\u4e07+"}, "content_auth": 0, "pic_num": 1, "alchemy_params": {"ug_red_envelope": false}, "page_info": {"type": "search_topic", "object_type": 0, "page_pic": {"url": "https://wx2.sinaimg.cn/large/7ad6e415ly1gg7n8boa0aj20dw0dwjsk.jpg"}, "page_url": "https://m.weibo.cn/search?containerid=231522type%3D1%26t%3D10%26q%3D%23%E5%89%8D%E7%94%B3%E8%8A%B1%E4%B8%BB%E5%B8%85%E5%9B%A0%E6%96%B0%E5%86%A0%E8%82%BA%E7%82%8E%E5%8E%BB%E4%B8%96%23&extparam=%23%E5%89%8D%E7%94%B3%E8%8A%B1%E4%B8%BB%E5%B8%85%E5%9B%A0%E6%96%B0%E5%86%A0%E8%82%BA%E7%82%8E%E5%8E%BB%E4%B8%96%23&luicode=20000061&lfid=4520875271743014", "page_title": "#\u524d\u7533\u82b1\u4e3b\u5e05\u56e0\u65b0\u51a0\u80ba\u708e\u53bb\u4e16#", "content1": "0\u8ba8\u8bba 0\u9605\u8bfb "}, "pics": [{"pid": "006HJpSdgy1gg88gluuyej30hs0nb7dq", "url": "https://wx1.sinaimg.cn/orj360/006HJpSdgy1gg88gluuyej30hs0nb7dq.jpg", "size": "orj360", "geo": {"width": 360, "height": 471, "croped": false}, "large": {"size": "large", "url": "https://wx1.sinaimg.cn/large/006HJpSdgy1gg88gluuyej30hs0nb7dq.jpg", "geo": {"width": "640", "height": "839", "croped": false}}}], "bid": "J8L3N7jr8", "buttons": [{"type": "follow", "name": "\u5173\u6ce8", "sub_type": 0, "params": {"uid": 6143003661}}], "status_title": "\u524d\u7533\u82b1\u4e3b\u5e05\u56e0\u65b0\u51a0\u80ba\u708e\u53bb\u4e16", "ok": 1, "scheme": "https://weibo.cn/appurl?scheme=sinaweibo%3A%2F%2Fdetail%3Fmblogid%3D4520875271743014%26luicode%3D20000061%26lfid%3D4520875271743014&luicode=20000061&lfid=4520875271743014", "tipScheme": "https://weibo.cn/appurl?scheme=sinaweibo%3A%2F%2Fdetail%3Fmblogid%3D4520875271743014%26luicode%3D20000061%26lfid%3D4520875271743014&luicode=20000061&lfid=4520875271743014"}