[{"visible": {"type": 0, "list_id": 0}, "created_at": "Sun Jun 28 19:35:21 +0800 2020", "id": "4520875271743014", "mid": "4520875271743014", "can_edit": false, "show_additional_indication": 0, "text": "<a  href=\"https://m.weibo.cn/search?containerid=231522type%3D1%26t%3D10%26q%3D%23%E5%89%8D%E7%94%B3%E8%8A%B1%E4%B8%BB%E5%B8%85%E5%9B%A0%E6%96%B0%E5%86%A0%E8%82%BA%E7%82%8E%E5%8E%BB%E4%B8%96%23&extparam=%23%E5%89%8D%E7%94%B3%E8%8A%B1%E4%B8%BB%E5%B8%85%E5%9B%A0%E6%96%B0%E5%86%A0%E8%82%BA%E7%82%8E%E5%8E%BB%E4%B8%96%23\" data-hide=\"\"><span class=\"surl-text\">#\u524d\u7533\u82b1\u4e3b\u5e05\u56e0\u65b0\u51a0\u80ba\u708e\u53bb\u4e16#</span></a> <br />\u585e\u5c14\u7ef4\u4e9a\u8db3\u7403\u540d\u5bbf\u3001\u524d\u4e0a\u6d77\u7533\u82b1\u4e3b\u6559\u7ec3\u4f0a\u5229\u4e9a-\u4f69\u7279\u79d1\u7ef4\u5947\u56e0\u611f\u67d3\u65b0\u51a0\u80ba\u708e\uff0c\u4e0d\u5e78\u901d\u4e16\uff0c\u4eab\u5e7474\u5c81\u3002<span class=\"url-icon\"><img alt=[\u4f24\u5fc3] src=\"https://h5.sinaimg.cn/m/emoticon/icon/others/l_shangxin-49b2fe44a6.png\" style=\"width:1em; height:1em;\" /></span><br />\u636e\u6089\uff0c\u4f69\u7279\u79d1\u7ef4\u5947\u662f\u56e0\u53d1\u70e7\u548c\u5341\u4e8c\u6307\u80a0\u6e83\u75a1\u800c\u5165\u9662\u7684\uff0c\u968f\u540e\uff0c\u4f69\u7279\u79d1\u7ef4\u5947\u88ab\u786e\u8bca\u4e3a\u611f\u67d3\u65b0\u51a0\u3002<br />\u5728\u7ecf\u8fc7\u6cbb\u7597\u540e\uff0c\u4f69\u7279\u79d1\u7ef4\u5947\u60c5\u51b5\u8d8b\u4e8e\u7a33\u5b9a\uff0c\u4f46\u968f\u540e\u4ed6\u7684\u75c5\u60c5\u8fc5\u901f\u6076\u5316\uff0c\u6700\u7ec8\u4e0d\u5e78\u53bb\u4e16 ...<a href=\"/status/4520875271743014\">\u5168\u6587</a>", "textLength": 281, "source": "\u641c\u72d7\u9ad8\u901f\u6d4f\u89c8\u5668", "favorited": false, "pic_ids": ["006HJpSdgy1gg88gluuyej30hs0nb7dq"], "pic_types": "", "thumbnail_pic": "https://wx1.sinaimg.cn/thumbnail/006HJpSdgy1gg88gluuyej30hs0nb7dq.jpg", "bmiddle_pic": "http://wx1.sinaimg.cn/bmiddle/006HJpSdgy1gg88gluuyej30hs0nb7dq.jpg", "original_pic": "https://wx1.sinaimg.cn/large/006HJpSdgy1gg88gluuyej30hs0nb7dq.jpg", "is_paid": false, "mblog_vip_type": 0, "user": {"id": 6143003661, "screen_name": "\u706b\u72d0\u4f53\u80b2\u5b98\u535a", "profile_image_url": "https://tvax4.sinaimg.cn/crop.45.39.120.120.180/006HJpSdly8gaqev8vpuxj306005h743.jpg?KID=imgbed,tva&Expires=1619178759&ssig=XAad%2Fz3OiQ", "profile_url": "https://m.weibo.cn/u/6143003661?uid=6143003661", "statuses_count": 2002, "verified": true, "verified_type": 2, "verified_type_ext": 50, "verified_reason": "\u5e7f\u5dde\u706b\u72d0\u4f53\u80b2\u54a8\u8be2\u6709\u9650\u516c\u53f8", "close_blue_v": false, "description": "\u7231\u8fd0\u52a8\uff0c\u7231\u751f\u6d3b\uff0c\u7231\u4e2d\u8d85\u3002", "gender": "m", "mbtype": 12, "urank": 4, "mbrank": 5, "follow_me": false, "following": false, "followers_count": 301806, "follow_count": 640, "cover_image_phone": "https://tva1.sinaimg.cn/crop.0.0.640.640.640/549d0121tw1egm1kjly3jj20hs0hsq4f.jpg", "avatar_hd": "https://wx4.sinaimg.cn/orj480/006HJpSdly8gaqev8vpuxj306005h743.jpg", "like": false, "like_me": false, "badge": {"user_name_certificate": 1}}, "picStatus": "1", "reposts_count": 13, "comments_count": 13, "attitudes_count": 25, "pending_approval_count": 0, "isLongText": true, "reward_exhibition_type": 0, "hide_flag": 0, "mlevel": 0, "darwin_tags": [], "mblogtype": 0, "more_info_type": 0, "number_display_strategy": {"apply_scenario_flag": 3, "display_text_min_number": 1000000, "display_text": "100\u4e07+"}, "content_auth": 0, "pic_num": 1, "page_info": {"type": "search_topic", "object_type": 0, "page_pic": {"url": "https://wx2.sinaimg.cn/large/7ad6e415ly1gg7n8boa0aj20dw0dwjsk.jpg"}, "page_url": "https://m.weibo.cn/search?containerid=231522type%3D1%26t%3D10%26q%3D%23%E5%89%8D%E7%94%B3%E8%8A%B1%E4%B8%BB%E5%B8%85%E5%9B%A0%E6%96%B0%E5%86%A0%E8%82%BA%E7%82%8E%E5%8E%BB%E4%B8%96%23&extparam=%23%E5%89%8D%E7%94%B3%E8%8A%B1%E4%B8%BB%E5%B8%85%E5%9B%A0%E6%96%B0%E5%86%A0%E8%82%BA%E7%82%8E%E5%8E%BB%E4%B8%96%23", "page_title": "#\u524d\u7533\u82b1\u4e3b\u5e05\u56e0\u65b0\u51a0\u80ba\u708e\u53bb\u4e16#", "content1": "0\u8ba8\u8bba 0\u9605\u8bfb "}, "pics": [{"pid": "006HJpSdgy1gg88gluuyej30hs0nb7dq", "url": "https://wx1.sinaimg.cn/orj360/006HJpSdgy1gg88gluuyej30hs0nb7dq.jpg", "size": "orj360", "geo": {"width": 360, "height": 471, "croped": false}, "large": {"size": "large", "url": "https://wx1.sinaimg.cn/large/006HJpSdgy1gg88gluuyej30hs0nb7dq.jpg", "geo": {"width": "640", "height": "839", "croped": false}}}], "bid": "J8L3N7jr8"}, {"visible": {"type": 0, "list_id": 0}, "created_at": "Sun Jun 28 19:38:47 +0800 2020", "id": "4520876136014489", "mid": "4520876136014489", "can_edit": false, "show_additional_indication": 0, "text": "\u611f\u8c22\u60a8\u66fe\u7ecf\u6267\u6559\u4e0a\u6d77\u7533\u82b1\uff0c\u4e00\u8def\u8d70\u597d<span class=\"url-icon\"><img alt=[\u8721\u70db] src=\"https://h5.sinaimg.cn/m/emoticon/icon/others/o_lazhu-afb8e4fbdc.png\" style=\"width:1em; height:1em;\" /></span><span class=\"url-icon\"><img alt=[\u8721\u70db] src=\"https://h5.sinaimg.cn/m/emoticon/icon/others/o_lazhu-afb8e4fbdc.png\" style=\"width:1em; height:1em;\" /></span><span class=\"url-icon\"><img alt=[\u8721\u70db] src=\"https://h5.sinaimg.cn/m/emoticon/icon/others/o_lazhu-afb8e4fbdc.png\" style=\"width:1em; height:1em;\" /></span>", "source": "iPhone\u5ba2\u6237\u7aef", "favorited": false, "pic_ids": [], "pic_types": "", "is_paid": false, "mblog_vip_type": 0, "user": {"id": 7409562591, "screen_name": "\u5b81\u7231\u5a1c\u8431", "profile_image_url": "https://tvax2.sinaimg.cn/crop.0.0.828.828.180/0085rLI3ly8gcpve6mkjmj30n00n0756.jpg?KID=imgbed,tva&Expires=1619178759&ssig=UR%2BK5o5fxv", "profile_url": "https://m.weibo.cn/u/7409562591?uid=7409562591", "statuses_count": 1658, "verified": false, "verified_type": -1, "close_blue_v": false, "description": "", "gender": "m", "mbtype": 0, "urank": 0, "mbrank": 0, "follow_me": false, "following": false, "followers_count": 1071, "follow_count": 39, "cover_image_phone": "https://tva1.sinaimg.cn/crop.0.0.640.640.640/549d0121tw1egm1kjly3jj20hs0hsq4f.jpg", "avatar_hd": "https://wx2.sinaimg.cn/orj480/0085rLI3ly8gcpve6mkjmj30n00n0756.jpg", "like": false, "like_me": false, "badge": {"bind_taobao": 1, "user_name_certificate": 1, "dailv_2020": 1}}, "reposts_count": 0, "comments_count": 0, "attitudes_count": 0, "pending_approval_count": 0, "isLongText": false, "reward_exhibition_type": 0, "hide_flag": 0, "mlevel": 0, "darwin_tags": [], "mblogtype": 0, "more_info_type": 0, "number_display_strategy": {"apply_scenario_flag": 3, "display_text_min_number": 1000000, "display_text": "100\u4e07+"}, "content_auth": 0, "repost_type": 3, "pic_num": 0, "alchemy_params": {"ug_red_envelope": false}, "raw_text": "\u611f\u8c22\u60a8\u66fe\u7ecf\u6267\u6559\u4e0a\u6d77\u7533\u82b1\uff0c\u4e00\u8def\u8d70\u597d[\u8721\u70db][\u8721\u70db][\u8721\u70db]", "bid": "J8L5bpeDT"}, {"visible": {"type": 0, "list_id": 0}, "created_at": "Sun Jun 28 19:38:37 +0800 2020", "id": "4520876098129946", "mid": "4520876098129946", "can_edit": false, "show_additional_indication": 0, "text": "\u771f\u7684\u592a\u96be\u4e86\uff0c\u4e00\u8def\u8d70\u597d", "source": "iPhone\u5ba2\u6237\u7aef", "favorited": false, "pic_ids": [], "pic_types": "", "is_paid": false, "mblog_vip_type": 0, "user": {"id": 5634722899, "screen_name": "\u6211\u8981\u53d1\u53d1\u53d1111", "profile_image_url": "https://tvax1.sinaimg.cn/crop.0.0.828.828.180/0069kIPply8gezaccffdhj30n00n0mye.jpg?KID=imgbed,tva&Expires=1619178759&ssig=9HceJvQJBH", "profile_url": "https://m.weibo.cn/u/5634722899?uid=5634722899", "statuses_count": 60893, "verified": false, "verified_type": -1, "close_blue_v": false, "description": "", "gender": "f", "mbtype": 2, "urank": 9, "mbrank": 1, "follow_me": false, "following": false, "followers_count": 387, "follow_count": 3228, "cover_image_phone": "https://tva1.sinaimg.cn/crop.0.0.640.640.640/549d0121tw1egm1kjly3jj20hs0hsq4f.jpg", "avatar_hd": "https://wx1.sinaimg.cn/orj480/0069kIPply8gezaccffdhj30n00n0mye.jpg", "like": false, "like_me": false, "badge": {"bind_taobao": 1, "unread_pool": 1, "unread_pool_ext": 1, "travel_2017": 1, "user_name_certificate": 1, "suishoupai_2018": 1, "worldcup_2018": 34, "wenda_v2": 1, "national_day_2018": 1, "double11_2018": 1, "wbzy_2018": 1, "memorial_2018": 1, "hongbaofei_2019": 1, "fu_2019": 1, "suishoupai_2019": 2, "hongrenjie_2019": 1, "china_2019": 1, "dzwbqlx_2019": 1, "wbzy_2019": 1, "gongjiri_2019": 1, "macao_2019": 1, "china_2019_2": 1, "hongbao_2020": 2, "feiyan_2020": 1, "hope_2020": 1, "kangyi_2020": 1, "graduation_2020": 1, "dailv_2020": 1, "vpick_2020": 1, "school_2020": 1, "zaolang_2020": 1, "weibozhiye_2020": 1, "hongbaofeijika_2021": 1, "weibozhiyexianxia_2021": 1, "nihaoshenghuojie_2021": 1}}, "reposts_count": 0, "comments_count": 0, "attitudes_count": 0, "pending_approval_count": 0, "isLongText": false, "reward_exhibition_type": 0, "hide_flag": 0, "mlevel": 0, "darwin_tags": [], "mblogtype": 0, "more_info_type": 0, "number_display_strategy": {"apply_scenario_flag": 3, "display_text_min_number": 1000000, "display_text": "100\u4e07+"}, "content_auth": 0, "repost_type": 3, "pic_num": 0, "alchemy_params": {"ug_red_envelope": false}, "raw_text": "\u771f\u7684\u592a\u96be\u4e86\uff0c\u4e00\u8def\u8d70\u597d", "bid": "J8L57y6Ya"}, {"visible": {"type": 0, "list_id": 0}, "created_at": "Sun Jun 28 19:38:21 +0800 2020", "id": "4520876030838965", "mid": "4520876030838965", "can_edit": false, "show_additional_indication": 0, "text": "\u4e00\u8def\u8d70\u597d<span class=\"url-icon\"><img alt=[\u8721\u70db] src=\"https://h5.sinaimg.cn/m/emoticon/icon/others/o_lazhu-afb8e4fbdc.png\" style=\"width:1em; height:1em;\" /></span>\u613f\u5929\u5802\u6709\u8db3\u7403\u4e3a\u4f34\u3002", "source": "\u5c0f\u7c73CC9e", "favorited": false, "pic_ids": [], "pic_types": "", "is_paid": false, "mblog_vip_type": 0, "user": {"id": 5401371190, "screen_name": "\u827e\u838e\u7684\u84dd\u88d9\u5b50", "profile_image_url": "https://tvax3.sinaimg.cn/crop.0.0.664.664.180/005TxBoaly8gnbpa9tf4dj30ig0ig3zc.jpg?KID=imgbed,tva&Expires=1619178759&ssig=zlOh%2BW%2FZx5", "profile_url": "https://m.weibo.cn/u/5401371190?uid=5401371190", "statuses_count": 58591, "verified": false, "verified_type": -1, "close_blue_v": false, "description": "", "gender": "f", "mbtype": 12, "urank": 0, "mbrank": 2, "follow_me": false, "following": false, "followers_count": 1099, "follow_count": 366, "cover_image_phone": "https://tva1.sinaimg.cn/crop.0.0.640.640.640/549d0121tw1egm1kjly3jj20hs0hsq4f.jpg", "avatar_hd": "https://wx3.sinaimg.cn/orj480/005TxBoaly8gnbpa9tf4dj30ig0ig3zc.jpg", "like": false, "like_me": false, "badge": {"user_name_certificate": 1, "graduation_2020": 1, "dailv_2020": 1, "vpick_2020": 1, "school_2020": 1, "hongrenjie_2020": 1, "zaolang_2020": 1, "weibozhiye_2020": 1, "hongbaofeifuniu_2021": 1, "weibozhiyexianxia_2021": 1, "nihaoshenghuojie_2021": 1}}, "reposts_count": 0, "comments_count": 0, "attitudes_count": 0, "pending_approval_count": 0, "isLongText": false, "reward_exhibition_type": 0, "hide_flag": 0, "mlevel": 0, "darwin_tags": [], "mblogtype": 0, "more_info_type": 0, "number_display_strategy": {"apply_scenario_flag": 3, "display_text_min_number": 1000000, "display_text": "100\u4e07+"}, "content_auth": 0, "repost_type": 3, "pic_num": 0, "alchemy_params": {"ug_red_envelope": false}, "raw_text": " \u4e00\u8def\u8d70\u597d[\u8721\u70db]\u613f\u5929\u5802\u6709\u8db3\u7403\u4e3a\u4f34\u3002", "bid": "J8L513wfH"}, {"visible": {"type": 0, "list_id": 0}, "created_at": "Sun Jun 28 19:38:08 +0800 2020", "id": "4520875976423203", "mid": "4520875976423203", "can_edit": false, "show_additional_indication": 0, "text": "\u8001\u5e05\u4e00\u8def\u8d70\u597d<span class=\"url-icon\"><img alt=[\u8721\u70db] src=\"https://h5.sinaimg.cn/m/emoticon/icon/others/o_lazhu-afb8e4fbdc.png\" style=\"width:1em; height:1em;\" /></span><span class=\"url-icon\"><img alt=[\u8721\u70db] src=\"https://h5.sinaimg.cn/m/emoticon/icon/others/o_lazhu-afb8e4fbdc.png\" style=\"width:1em; height:1em;\" /></span><span class=\"url-icon\"><img alt=[\u8721\u70db] src=\"https://h5.sinaimg.cn/m/emoticon/icon/others/o_lazhu-afb8e4fbdc.png\" style=\"width:1em; height:1em;\" /></span>", "source": "iPhone\u5ba2\u6237\u7aef", "favorited": false, "pic_ids": [], "pic_types": "", "is_paid": false, "mblog_vip_type": 0, "user": {"id": 5053520092, "screen_name": "\u72ec\u89d2\u517dde\u5e78\u8fd0", "profile_image_url": "https://tvax4.sinaimg.cn/crop.0.0.829.829.180/005w03qAly8gm732m2891j30n10n1gmy.jpg?KID=imgbed,tva&Expires=1619178759&ssig=OQ9Vt0GZFf", "profile_url": "https://m.weibo.cn/u/5053520092?uid=5053520092", "statuses_count": 55076, "verified": false, "verified_type": -1, "close_blue_v": false, "description": "", "gender": "m", "mbtype": 0, "urank": 9, "mbrank": 0, "follow_me": false, "following": false, "followers_count": 349, "follow_count": 2760, "cover_image_phone": "https://tva1.sinaimg.cn/crop.0.0.640.640.640/549d0121tw1egm1kjly3jj20hs0hsq4f.jpg", "avatar_hd": "https://wx4.sinaimg.cn/orj480/005w03qAly8gm732m2891j30n10n1gmy.jpg", "like": false, "like_me": false, "badge": {"unread_pool": 1, "unread_pool_ext": 1, "travel_2017": 1, "user_name_certificate": 1, "suishoupai_2018": 1, "worldcup_2018": 34, "lol_s8": 1, "double11_2018": 1, "wbzy_2018": 1, "memorial_2018": 1, "hongbaofei_2019": 1, "suishoupai_2019": 1, "hongrenjie_2019": 1, "china_2019": 1, "dzwbqlx_2019": 1, "hongbao_2020": 1, "graduation_2020": 1, "dailv_2020": 1, "vpick_2020": 1, "school_2020": 1, "zaolang_2020": 1, "weibozhiye_2020": 1, "hongbaofeifuniu_2021": 1, "hongbaofeijika_2021": 1, "weibozhiyexianxia_2021": 1, "nihaoshenghuojie_2021": 1}}, "reposts_count": 0, "comments_count": 0, "attitudes_count": 0, "pending_approval_count": 0, "isLongText": false, "reward_exhibition_type": 0, "hide_flag": 0, "mlevel": 0, "darwin_tags": [], "mblogtype": 0, "more_info_type": 0, "number_display_strategy": {"apply_scenario_flag": 3, "display_text_min_number": 1000000, "display_text": "100\u4e07+"}, "content_auth": 0, "repost_type": 3, "pic_num": 0, "alchemy_params": {"ug_red_envelope": false}, "raw_text": "\u8001\u5e05\u4e00\u8def\u8d70\u597d[\u8721\u70db][\u8721\u70db][\u8721\u70db]", "bid": "J8L4VqWY3"}, {"visible": {"type": 0, "list_id": 0}, "created_at": "Sun Jun 28 19:38:07 +0800 2020", "id": "4520875967557651", "mid": "4520875967557651", "can_edit": false, "show_additional_indication": 0, "text": "\u771f\u7684\u662f\u75db\u5fc3\u7684\u6d88\u606f<span class=\"url-icon\"><img alt=[\u60b2\u4f24] src=\"https://h5.sinaimg.cn/m/emoticon/icon/default/d_beishang-c95268c034.png\" style=\"width:1em; height:1em;\" /></span>\u4e00\u8def\u8d70\u597d", "source": "iPhone\u5ba2\u6237\u7aef", "favorited": false, "pic_ids": [], "pic_types": "", "is_paid": false, "mblog_vip_type": 0, "user": {"id": 7333632259, "screen_name": "\u7f8e\u99a8\u6700\u53ef\u7231", "profile_image_url": "https://tvax1.sinaimg.cn/crop.0.0.751.751.180/0080jaLhly8gog5m8ilugj30kv0kvmyh.jpg?KID=imgbed,tva&Expires=1619178759&ssig=DwFEcDjP8R", "profile_url": "https://m.weibo.cn/u/7333632259?uid=7333632259", "statuses_count": 92075, "verified": true, "verified_type": 0, "verified_type_ext": 0, "verified_reason": "\u8d85\u8bdd\u5c0f\u4e3b\u6301\u4eba\uff08\u5364\u86cb\u5bb6\u7684\u5175\u8d85\u8bdd\uff09", "close_blue_v": false, "description": "\u6211\u8d85\u7ea7\u65e0\u654c\u6700\u53ef\u7231.", "gender": "f", "mbtype": 2, "urank": 0, "mbrank": 1, "follow_me": false, "following": false, "followers_count": 1245, "follow_count": 144, "cover_image_phone": "https://tva1.sinaimg.cn/crop.0.0.640.640.640/549d0121tw1egm1kjly3jj20hs0hsq4f.jpg", "avatar_hd": "https://wx1.sinaimg.cn/orj480/0080jaLhly8gog5m8ilugj30kv0kvmyh.jpg", "like": false, "like_me": false, "badge": {"user_name_certificate": 1, "shuang11_2019": 1, "wbzy_2019": 1, "hongbao_2020": 2, "feiyan_2020": 1, "kangyi_2020": 1, "graduation_2020": 1, "dailv_2020": 1, "vpick_2020": 1, "school_2020": 1, "hongrenjie_2020": 1, "china_2020": 1, "zjszgf_2020": 1, "hongbaofeijika_2021": 1, "weibozhiyexianxia_2021": 1, "nihaoshenghuojie_2021": 1}}, "reposts_count": 0, "comments_count": 0, "attitudes_count": 0, "pending_approval_count": 0, "isLongText": false, "reward_exhibition_type": 0, "hide_flag": 0, "mlevel": 0, "darwin_tags": [], "mblogtype": 0, "more_info_type": 0, "number_display_strategy": {"apply_scenario_flag": 3, "display_text_min_number": 1000000, "display_text": "100\u4e07+"}, "content_auth": 0, "repost_type": 4, "pic_num": 0, "alchemy_params": {"ug_red_envelope": false}, "raw_text": "\u771f\u7684\u662f\u75db\u5fc3\u7684\u6d88\u606f[\u60b2\u4f24]\u4e00\u8def\u8d70\u597d", "bid": "J8L4UvI5B"}, {"visible": {"type": 0, "list_id": 0}, "created_at": "Sun Jun 28 19:37:50 +0800 2020", "id": "4520875896089102", "mid": "4520875896089102", "can_edit": false, "show_additional_indication": 0, "text": "\u975e\u5e38\u597d\u7684\u6559\u7ec3\uff0c\u4eba\u54c1\u7279\u522b\u597d\uff0c\u813e\u6c14\u4e5f\u597d\uff0c\u4e00\u8def\u8d70\u597d\uff0c\u4eca\u5e74\u771f\u7684\u662f\u592a\u60b2\u4f24\u7684\u4e00\u5e74\u4e86\u3002", "source": "\u7ea2\u7c73Note7 4800\u4e07\u76f8\u673a", "favorited": false, "pic_ids": [], "pic_types": "", "is_paid": false, "mblog_vip_type": 0, "user": {"id": 7389315955, "screen_name": "\u897f\u74dc\u9171\u5c0f\u4ed9\u5973", "profile_image_url": "https://tvax1.sinaimg.cn/crop.0.0.1080.1080.180/00844ODply8ghnxog5rlzj30u00u00x5.jpg?KID=imgbed,tva&Expires=1619178759&ssig=SWne3dOFgD", "profile_url": "https://m.weibo.cn/u/7389315955?uid=7389315955", "statuses_count": 57460, "verified": false, "verified_type": -1, "close_blue_v": false, "description": "", "gender": "f", "mbtype": 2, "urank": 0, "mbrank": 2, "follow_me": false, "following": false, "followers_count": 1187, "follow_count": 456, "cover_image_phone": "https://tva1.sinaimg.cn/crop.0.0.640.640.640/549d0121tw1egm1kjly3jj20hs0hsq4f.jpg", "avatar_hd": "https://wx1.sinaimg.cn/orj480/00844ODply8ghnxog5rlzj30u00u00x5.jpg", "like": false, "like_me": false, "badge": {"user_name_certificate": 1, "graduation_2020": 1, "dailv_2020": 1, "vpick_2020": 1, "school_2020": 1, "hongrenjie_2020": 1, "zaolang_2020": 1, "weibozhiye_2020": 1, "hongbaofeifuniu_2021": 1, "hongbaofeijika_2021": 1, "weibozhiyexianxia_2021": 1, "nihaoshenghuojie_2021": 1}}, "reposts_count": 0, "comments_count": 0, "attitudes_count": 0, "pending_approval_count": 0, "isLongText": false, "reward_exhibition_type": 0, "hide_flag": 0, "mlevel": 0, "darwin_tags": [], "mblogtype": 0, "more_info_type": 0, "number_display_strategy": {"apply_scenario_flag": 3, "display_text_min_number": 1000000, "display_text": "100\u4e07+"}, "content_auth": 0, "repost_type": 3, "pic_num": 0, "alchemy_params": {"ug_red_envelope": false}, "raw_text": "\u975e\u5e38\u597d\u7684\u6559\u7ec3\uff0c\u4eba\u54c1\u7279\u522b\u597d\uff0c\u813e\u6c14\u4e5f\u597d\uff0c\u4e00\u8def\u8d70\u597d\uff0c\u4eca\u5e74\u771f\u7684\u662f\u592a\u60b2\u4f24\u7684\u4e00\u5e74\u4e86\u3002", "bid": "J8L4Npy3k"}, {"visible": {"type": 0, "list_id": 0}, "created_at": "Sun Jun 28 19:37:43 +0800 2020", "id": "4520875871817928", "mid": "4520875871817928", "can_edit": false, "show_additional_indication": 0, "text": "\u4e00\u8def\u8d70\u597d\uff01\u6c38\u8fdc\u4e0d\u4f1a\u5fd8\u8bb0\u60a8\u7684\u4ed8\u51fa", "source": "iPhone\u5ba2\u6237\u7aef", "favorited": false, "pic_ids": [], "pic_types": "", "is_paid": false, "mblog_vip_type": 0, "user": {"id": 2468409834, "screen_name": "\u640f\u5c71\u51fb\u6c34", "profile_image_url": "https://tvax4.sinaimg.cn/crop.0.0.512.512.180/9320f1ealy8gm75q9uxupj20e80e80t5.jpg?KID=imgbed,tva&Expires=1619178759&ssig=a%2BV1pL6dSW", "profile_url": "https://m.weibo.cn/u/2468409834?uid=2468409834", "statuses_count": 40888, "verified": false, "verified_type": -1, "close_blue_v": false, "description": "", "gender": "m", "mbtype": 2, "urank": 14, "mbrank": 1, "follow_me": false, "following": false, "followers_count": 247, "follow_count": 1047, "cover_image_phone": "https://tva1.sinaimg.cn/crop.0.0.640.640.640/549d0121tw1egm1kjly3jj20hs0hsq4f.jpg", "avatar_hd": "https://wx4.sinaimg.cn/orj480/9320f1ealy8gm75q9uxupj20e80e80t5.jpg", "like": false, "like_me": false, "badge": {"bind_taobao": 1, "unread_pool": 1, "unread_pool_ext": 1, "user_name_certificate": 1, "worldcup_2018": 17, "double11_2018": 1, "wbzy_2018": 1, "hongbaofei_2019": 1, "fu_2019": 1, "china_2019": 1, "shuang11_2019": 1, "graduation_2020": 1, "dailv_2020": 1, "vpick_2020": 1, "school_2020": 1, "china_2020": 1, "zaolang_2020": 1, "weibozhiye_2020": 1, "hongbaofeijika_2021": 1, "weibozhiyexianxia_2021": 1, "nihaoshenghuojie_2021": 1}}, "reposts_count": 0, "comments_count": 0, "attitudes_count": 0, "pending_approval_count": 0, "isLongText": false, "reward_exhibition_type": 0, "hide_flag": 0, "mlevel": 0, "darwin_tags": [], "mblogtype": 0, "more_info_type": 0, "number_display_strategy": {"apply_scenario_flag": 3, "display_text_min_number": 1000000, "display_text": "100\u4e07+"}, "content_auth": 0, "repost_type": 3, "pic_num": 0, "alchemy_params": {"ug_red_envelope": false}, "raw_text": "\u4e00\u8def\u8d70\u597d\uff01\u6c38\u8fdc\u4e0d\u4f1a\u5fd8\u8bb0\u60a8\u7684\u4ed8\u51fa", "bid": "J8L4L7CVq"}, {"visible": {"type": 0, "list_id": 0}, "created_at": "Sun Jun 28 19:37:27 +0800 2020", "id": "4520875804776017", "mid": "4520875804776017", "can_edit": false, "show_additional_indication": 0, "text": "\u771f\u7684\u662f\u4e00\u5927\u635f\u5931\u2026\u611f\u8c22\u60a8\u4e00\u76f4\u4ee5\u6765\u7684\u8d21\u732e", "source": "iPhone\u5ba2\u6237\u7aef", "favorited": false, "pic_ids": [], "pic_types": "", "is_paid": false, "mblog_vip_type": 0, "user": {"id": 7309256082, "screen_name": "\u7f8e\u4f73\u6700\u7f8e", "profile_image_url": "https://tvax1.sinaimg.cn/crop.0.0.888.888.180/007YETp8ly8gl4ze6bcerj30oo0oodhj.jpg?KID=imgbed,tva&Expires=1619178759&ssig=Q3MHRwOB2e", "profile_url": "https://m.weibo.cn/u/7309256082?uid=7309256082", "statuses_count": 97037, "verified": true, "verified_type": 0, "verified_type_ext": 0, "verified_reason": "\u5a31\u4e50\u535a\u4e3b", "close_blue_v": false, "description": "\u6211\u4e0d\u7ba1\uff0c\u6211\u6700\u7f8e\uff0c\u7f8e\u4f73\u6700\u7f8e\u3002\ud83d\ude18", "gender": "f", "mbtype": 2, "urank": 0, "mbrank": 1, "follow_me": false, "following": false, "followers_count": 1352, "follow_count": 290, "cover_image_phone": "https://tva1.sinaimg.cn/crop.0.0.640.640.640/549d0121tw1egm1kjly3jj20hs0hsq4f.jpg", "avatar_hd": "https://wx1.sinaimg.cn/orj480/007YETp8ly8gl4ze6bcerj30oo0oodhj.jpg", "like": false, "like_me": false, "badge": {"bind_taobao": 1, "user_name_certificate": 1, "china_2019": 1, "dzwbqlx_2019": 1, "shuang11_2019": 1, "wbzy_2019": 1, "hongbao_2020": 1, "feiyan_2020": 1, "kangyi_2020": 1, "dailv_2020": 1, "vpick_2020": 1, "school_2020": 1, "hongrenjie_2020": 1, "china_2020": 1, "zjszgf_2020": 1, "hongbaofeifuniu_2021": 1, "hongbaofeijika_2021": 1, "weibozhiyexianxia_2021": 1, "nihaoshenghuojie_2021": 1}}, "reposts_count": 0, "comments_count": 0, "attitudes_count": 0, "pending_approval_count": 0, "isLongText": false, "reward_exhibition_type": 0, "hide_flag": 0, "mlevel": 0, "darwin_tags": [], "mblogtype": 0, "more_info_type": 0, "cardid": "star_11247_common", "number_display_strategy": {"apply_scenario_flag": 3, "display_text_min_number": 1000000, "display_text": "100\u4e07+"}, "content_auth": 0, "repost_type": 4, "pic_num": 0, "alchemy_params": {"ug_red_envelope": false}, "raw_text": "\u771f\u7684\u662f\u4e00\u5927\u635f\u5931\u2026\u611f\u8c22\u60a8\u4e00\u76f4\u4ee5\u6765\u7684\u8d21\u732e", "bid": "J8L4Ek2sx"}, {"visible": {"type": 0, "list_id": 0}, "created_at": "Sun Jun 28 19:37:19 +0800 2020", "id": "4520875766672076", "mid": "4520875766672076", "can_edit": false, "show_additional_indication": 0, "text": "\u613f\u5929\u5802\u6ca1\u6709\u75c5\u75db\uff0c\u613f\u60a8\u7ee7\u7eed\u4e0e\u8db3\u7403\u76f8\u4f34\uff0c\u4e00\u8def\u8d70\u597d<span class=\"url-icon\"><img alt=[\u8721\u70db] src=\"https://h5.sinaimg.cn/m/emoticon/icon/others/o_lazhu-afb8e4fbdc.png\" style=\"width:1em; height:1em;\" /></span>", "source": "iPhone\u5ba2\u6237\u7aef", "favorited": false, "pic_ids": [], "pic_types": "", "is_paid": false, "mblog_vip_type": 0, "user": {"id": 2826230822, "screen_name": "\u8513\u5929\u90fd\u662f\u5c0f\u5996\u7cbe", "profile_image_url": "https://tvax3.sinaimg.cn/crop.0.0.828.828.180/a874dc26ly8giyhn15s1mj20n00n0jt1.jpg?KID=imgbed,tva&Expires=1619178759&ssig=n7jVJ5vrO%2B", "profile_url": "https://m.weibo.cn/u/2826230822?uid=2826230822", "statuses_count": 87220, "verified": false, "verified_type": -1, "close_blue_v": false, "description": "\u955c\u5b50\u91cc\u7684\u6211\u4e0d\u50cf\u6211", "gender": "f", "mbtype": 2, "urank": 9, "mbrank": 2, "follow_me": false, "following": false, "followers_count": 437, "follow_count": 953, "cover_image_phone": "https://tva1.sinaimg.cn/crop.0.0.640.640.640/549d0121tw1egm1kjly3jj20hs0hsq4f.jpg", "avatar_hd": "https://wx3.sinaimg.cn/orj480/a874dc26ly8giyhn15s1mj20n00n0jt1.jpg", "like": false, "like_me": false, "badge": {"unread_pool": 1, "unread_pool_ext": 1, "user_name_certificate": 1, "worldcup_2018": 34, "wenda_v2": 1, "double11_2018": 1, "wbzy_2018": 1, "hongbaofei_2019": 1, "fu_2019": 1, "hongbao_2020": 1, "feiyan_2020": 1, "hope_2020": 1, "kangyi_2020": 1, "graduation_2020": 1, "dailv_2020": 1, "vpick_2020": 1, "school_2020": 1, "zaolang_2020": 1, "weibozhiye_2020": 1, "hongbaofeifuniu_2021": 1, "hongbaofeijika_2021": 1, "weibozhiyexianxia_2021": 1, "nihaoshenghuojie_2021": 1}}, "reposts_count": 0, "comments_count": 0, "attitudes_count": 0, "pending_approval_count": 0, "isLongText": false, "reward_exhibition_type": 0, "hide_flag": 0, "mlevel": 0, "darwin_tags": [], "mblogtype": 0, "more_info_type": 0, "number_display_strategy": {"apply_scenario_flag": 3, "display_text_min_number": 1000000, "display_text": "100\u4e07+"}, "content_auth": 0, "repost_type": 3, "pic_num": 0, "alchemy_params": {"ug_red_envelope": false}, "raw_text": "\u613f\u5929\u5802\u6ca1\u6709\u75c5\u75db\uff0c\u613f\u60a8\u7ee7\u7eed\u4e0e\u8db3\u7403\u76f8\u4f34\uff0c\u4e00\u8def\u8d70\u597d[\u8721\u70db]", "bid": "J8L4ArZI8"}, {"visible": {"type": 0, "list_id": 0}, "created_at": "Sun Jun 28 19:37:17 +0800 2020", "id": "4520875758092722", "mid": "4520875758092722", "can_edit": false, "show_additional_indication": 0, "text": "\u613f\u5929\u5802\u6ca1\u6709\u75c5\u75db<span class=\"url-icon\"><img alt=[\u8721\u70db] src=\"https://h5.sinaimg.cn/m/emoticon/icon/others/o_lazhu-afb8e4fbdc.png\" style=\"width:1em; height:1em;\" /></span><span class=\"url-icon\"><img alt=[\u8721\u70db] src=\"https://h5.sinaimg.cn/m/emoticon/icon/others/o_lazhu-afb8e4fbdc.png\" style=\"width:1em; height:1em;\" /></span>", "source": "iPhone\u5ba2\u6237\u7aef", "favorited": false, "pic_ids": [], "pic_types": "", "is_paid": false, "mblog_vip_type": 0, "user": {"id": 1325273831, "screen_name": "\u75af\u5154\u5b50\u54df\u5466", "profile_image_url": "https://tvax4.sinaimg.cn/crop.0.0.828.828.180/4efe12e7ly8gcri3eody7j20n00n0q51.jpg?KID=imgbed,tva&Expires=1619178759&ssig=m06fnluR9U", "profile_url": "https://m.weibo.cn/u/1325273831?uid=1325273831", "statuses_count": 81634, "verified": false, "verified_type": 220, "close_blue_v": false, "description": "\u273f\u7f8e\u5986\u8fbe\u4eba\u273f", "gender": "f", "mbtype": 2, "urank": 43, "mbrank": 1, "follow_me": false, "following": false, "followers_count": 1174, "follow_count": 4361, "cover_image_phone": "https://tva4.sinaimg.cn/crop.0.0.640.640.640/a1d3feabjw1ecat3p2p2qj20hs0hsmz4.jpg", "avatar_hd": "https://wx4.sinaimg.cn/orj480/4efe12e7ly8gcri3eody7j20n00n0q51.jpg", "like": false, "like_me": false, "badge": {"bind_taobao": 1, "zongyiji": 1, "unread_pool": 1, "unread_pool_ext": 1, "travel_2017": 1, "user_name_certificate": 1, "suishoupai_2018": 8, "super_star_2018": 1, "worldcup_2018": 34, "lol_s8": 1, "national_day_2018": 1, "double11_2018": 1, "wbzy_2018": 1, "memorial_2018": 1, "hongbaofei_2019": 1, "denglong_2019": 1, "fu_2019": 1, "suishoupai_2019": 2, "hongrenjie_2019": 1, "china_2019": 1, "dzwbqlx_2019": 1, "wbzy_2019": 1, "starlight_2019": 1, "gongjiri_2019": 1, "hongbao_2020": 1, "feiyan_2020": 1, "hope_2020": 1, "kangyi_2020": 1, "graduation_2020": 1, "dailv_2020": 1, "vpick_2020": 1, "school_2020": 1, "zaolang_2020": 1, "weibozhiye_2020": 1, "hongbaofeifuniu_2021": 1, "hongbaofeijika_2021": 1, "weibozhiyexianxia_2021": 1, "nihaoshenghuojie_2021": 1, "lvzhilingyang_2021": 1}}, "reposts_count": 0, "comments_count": 0, "attitudes_count": 0, "pending_approval_count": 0, "isLongText": false, "reward_exhibition_type": 0, "hide_flag": 0, "mlevel": 0, "darwin_tags": [], "mblogtype": 0, "more_info_type": 0, "number_display_strategy": {"apply_scenario_flag": 3, "display_text_min_number": 1000000, "display_text": "100\u4e07+"}, "content_auth": 0, "repost_type": 3, "pic_num": 0, "alchemy_params": {"ug_red_envelope": false}, "raw_text": "\u613f\u5929\u5802\u6ca1\u6709\u75c5\u75db[\u8721\u70db][\u8721\u70db]", "bid": "J8L4zxXhM"}, {"visible": {"type": 0, "list_id": 0}, "created_at": "Sun Jun 28 19:36:59 +0800 2020", "id": "4520875686400722", "mid": "4520875686400722", "can_edit": false, "show_additional_indication": 0, "text": "\u8be5\u6b7b\u7684\u65b0\u51a0\uff0c\u4e00\u8def\u8d70\u597d\u554a\uff01", "source": "iPhone\u5ba2\u6237\u7aef", "favorited": false, "pic_ids": [], "pic_types": "", "is_paid": false, "mblog_vip_type": 0, "user": {"id": 7435297987, "screen_name": "\u5ba0\u817b\u4f31\u7684\u6211", "profile_image_url": "https://tvax3.sinaimg.cn/crop.0.0.132.132.180/0087bKF5ly4gdp3m7ucxsj303o03oa9u.jpg?KID=imgbed,tva&Expires=1619178762&ssig=SgGXkaOkSH", "profile_url": "https://m.weibo.cn/u/7435297987?uid=7435297987", "statuses_count": 870, "verified": false, "verified_type": -1, "close_blue_v": false, "description": "", "gender": "m", "mbtype": 2, "urank": 0, "mbrank": 1, "follow_me": false, "following": false, "followers_count": 11, "follow_count": 83, "cover_image_phone": "https://tva1.sinaimg.cn/crop.0.0.640.640.640/549d0121tw1egm1kjly3jj20hs0hsq4f.jpg", "avatar_hd": "https://wx3.sinaimg.cn/orj480/0087bKF5ly4gdp3m7ucxsj303o03oa9u.jpg", "like": false, "like_me": false, "badge": {"bind_taobao": 1, "user_name_certificate": 1}}, "reposts_count": 0, "comments_count": 0, "attitudes_count": 0, "pending_approval_count": 0, "isLongText": false, "reward_exhibition_type": 0, "hide_flag": 0, "mlevel": 0, "darwin_tags": [], "mblogtype": 0, "more_info_type": 0, "number_display_strategy": {"apply_scenario_flag": 3, "display_text_min_number": 1000000, "display_text": "100\u4e07+"}, "content_auth": 0, "repost_type": 3, "pic_num": 0, "alchemy_params": {"ug_red_envelope": false}, "raw_text": "\u8be5\u6b7b\u7684\u65b0\u51a0\uff0c\u4e00\u8def\u8d70\u597d\u554a\uff01", "bid": "J8L4sqR7s"}]