{"visible": {"type": 0, "list_id": 0}, "created_at": "Thu Jul 16 10:54:40 +0800 2020", "id": "4527267218990180", "mid": "4527267218990180", "can_edit": false, "show_additional_indication": 0, "text": "<a  href=\"https://m.weibo.cn/search?containerid=231522type%3D1%26t%3D10%26q%3D%23%E5%A4%9A%E5%9B%BD%E5%9C%A82019%E5%B9%B4%E5%BA%9F%E6%B0%B4%E4%B8%AD%E5%8F%91%E7%8E%B0%E6%96%B0%E5%86%A0%E7%97%85%E6%AF%92%23&extparam=%23%E5%A4%9A%E5%9B%BD%E5%9C%A82019%E5%B9%B4%E5%BA%9F%E6%B0%B4%E4%B8%AD%E5%8F%91%E7%8E%B0%E6%96%B0%E5%86%A0%E7%97%85%E6%AF%92%23&luicode=20000061&lfid=4527267218990180\" data-hide=\"\"><span class=\"surl-text\">#\u591a\u56fd\u57282019\u5e74\u5e9f\u6c34\u4e2d\u53d1\u73b0\u65b0\u51a0\u75c5\u6bd2#</span></a> \u897f\u73ed\u7259\u3001\u5df4\u897f\u3001\u610f\u5927\u5229\u7814\u7a76\u4eba\u5458\u5206\u522b\u5728\u53bb\u5e743\u6708\u300111\u6708\u300112\u6708\u7684\u5e9f\u6c34\u6837\u672c\u4e2d\u68c0\u51fa\u65b0\u51a0\u75c5\u6bd2\u3002\u602a\u4e0d\u5f97\u67d0\u5927\u56fd\u5728\u786e\u8bca\u75c5\u4f8b\u75c5\u4f8b\uff0c\u6b7b\u4ea1\u75c5\u4f8b\u9065\u9065\u9886\u5148\u4e16\u754c\uff0c\u5374\u6545\u4f5c\u53d7\u5bb3\u8005\uff0c\u6025\u6025\u5fd9\u5fd9\u9000\u51fa\u4e16\u536b\uff0c\u5c31\u6015\u4e16\u536b\u5230\u8be5\u56fd\u68c0\u6d4b\u5e9f\u6c34<span class=\"url-icon\"><img alt=[\u54c8\u54c8] src=\"https://h5.sinaimg.cn/m/emoticon/icon/default/d_haha-0ec05e6dad.png\" style=\"width:1em; height:1em;\" /></span> ", "textLength": 222, "source": "HUAWEI Mate 20 Pro", "favorited": false, "pic_ids": [], "pic_types": "", "is_paid": false, "mblog_vip_type": 0, "user": {"id": 2675602984, "screen_name": "\u6d77\u5916\u963fQ", "profile_image_url": "https://tva4.sinaimg.cn/crop.149.0.480.480.180/9f7a7628gw1f000s2dq3mj20m80eu0ww.jpg?KID=imgbed,tva&Expires=1619210171&ssig=I3XFwtDu5v", "profile_url": "https://m.weibo.cn/u/2675602984?uid=2675602984&luicode=20000061&lfid=4527267218990180", "statuses_count": 7708, "verified": true, "verified_type": 0, "verified_type_ext": 1, "verified_reason": "\u7f8e\u56fd\u75ab\u60c5\u65e5\u8bb0\u8bb0\u5f55\u8005", "close_blue_v": false, "description": "\u77e5\u540d\u6124\u9752", "gender": "m", "mbtype": 11, "urank": 31, "mbrank": 4, "follow_me": false, "following": false, "followers_count": 121021, "follow_count": 91, "cover_image_phone": "https://tva1.sinaimg.cn/crop.0.0.640.640.640/549d0121tw1egm1kjly3jj20hs0hsq4f.jpg", "avatar_hd": "https://ww4.sinaimg.cn/orj480/9f7a7628gw1f000s2dq3mj20m80eu0ww.jpg", "like": false, "like_me": false, "badge": {"unread_pool": 1, "unread_pool_ext": 1, "dzwbqlx_2016": 1, "follow_whitelist_video": 1, "super_star_2017": 1, "user_name_certificate": 1, "suishoupai_2019": 1, "hongbao_2020": 2, "dailv_2020": 1, "school_2020": 1}}, "reposts_count": 6, "comments_count": 8, "attitudes_count": 39, "pending_approval_count": 0, "isLongText": false, "reward_exhibition_type": 2, "reward_scheme": "sinaweibo://reward?bid=1000293251&enter_id=1000293251&enter_type=1&oid=4527267218990180&seller=2675602984&share=18cb5613ebf3d8aadd9975c1036ab1f47&sign=dbb000d41c9b34d4da1c9d0636a7aa67", "hide_flag": 0, "mlevel": 0, "darwin_tags": [], "mblogtype": 0, "more_info_type": 0, "number_display_strategy": {"apply_scenario_flag": 3, "display_text_min_number": 1000000, "display_text": "100\u4e07+"}, "content_auth": 0, "pic_num": 0, "alchemy_params": {"ug_red_envelope": false}, "page_info": {"type": "search_topic", "object_type": 0, "page_pic": {"url": "https://wx2.sinaimg.cn/large/9e5389bbly1ggsjo61g17j205q05qdfr.jpg"}, "page_url": "https://m.weibo.cn/search?containerid=231522type%3D1%26t%3D10%26q%3D%23%E5%A4%9A%E5%9B%BD%E5%9C%A82019%E5%B9%B4%E5%BA%9F%E6%B0%B4%E4%B8%AD%E5%8F%91%E7%8E%B0%E6%96%B0%E5%86%A0%E7%97%85%E6%AF%92%23&extparam=%23%E5%A4%9A%E5%9B%BD%E5%9C%A82019%E5%B9%B4%E5%BA%9F%E6%B0%B4%E4%B8%AD%E5%8F%91%E7%8E%B0%E6%96%B0%E5%86%A0%E7%97%85%E6%AF%92%23&luicode=20000061&lfid=4527267218990180", "page_title": "#\u591a\u56fd\u57282019\u5e74\u5e9f\u6c34\u4e2d\u53d1\u73b0\u65b0\u51a0\u75c5\u6bd2#", "content1": "0\u8ba8\u8bba 0\u9605\u8bfb "}, "bid": "JbrlnBIKU", "buttons": [{"type": "follow", "name": "\u5173\u6ce8", "sub_type": 0, "params": {"uid": 2675602984}}], "status_title": "\u591a\u56fd\u57282019\u5e74\u5e9f\u6c34\u4e2d\u53d1\u73b0\u65b0\u51a0\u75c5\u6bd2", "ok": 1, "scheme": "https://weibo.cn/appurl?scheme=sinaweibo%3A%2F%2Fdetail%3Fmblogid%3D4527267218990180%26luicode%3D20000061%26lfid%3D4527267218990180&luicode=20000061&lfid=4527267218990180", "tipScheme": "https://weibo.cn/appurl?scheme=sinaweibo%3A%2F%2Fdetail%3Fmblogid%3D4527267218990180%26luicode%3D20000061%26lfid%3D4527267218990180&luicode=20000061&lfid=4527267218990180"}