[{"id": 4477328539364350, "created_at": "2020-02-29", "source": "", "user": {"id": 6826144737, "screen_name": "\u5996\u989c\u9189\u9b45_L", "profile_image_url": "https://tvax3.sinaimg.cn/crop.0.0.996.996.180/007rXO4Fly8gdju5b59waj30ro0roq4c.jpg?KID=imgbed,tva&Expires=1619210693&ssig=9TsmWJKW0S", "verified": false, "verified_type": -1, "followers_count": 14, "mbtype": 0, "profile_url": "https://m.weibo.cn/u/6826144737?uid=6826144737", "remark": "", "following": false, "follow_me": false}, "text": "\u9999\u6e2f\u4e4b\u6240\u4ee5\u8fd9\u4e48\u591a\u5e9f\u9752\uff0c\u5927\u90e8\u5206\u90fd\u662f\u79fb\u6c11\u7684\u540e\u4ee3\uff0c\u4ed6\u4eec\u5bf9\u4e8e\u4e2d\u534e\u6587\u5316\u548c\u4e2d\u534e\u6c11\u65cf\u6ca1\u6709\u8ba4\u540c\u611f\u3002\u4f60\u4eec\u8fd9\u6837\u5f15\u8fdb\u5916\u56fd\u4eba\uff0c\u662f\u60f3\u50cf\u524d\u82cf\u8054\u90a3\u6837\u88ab\u5206\u5316\u5417\uff1f <a class='k' href='https://m.weibo.cn/search?containerid=231522type%3D1%26t%3D10%26q%3D%23%E5%A4%96%E5%9B%BD%E4%BA%BA%E6%B0%B8%E4%B9%85%E5%B1%85%E7%95%99%E7%AE%A1%E7%90%86%E6%9D%A1%E4%BE%8B%23'>#\u5916\u56fd\u4eba\u6c38\u4e45\u5c45\u7559\u7ba1\u7406\u6761\u4f8b#</a> \u575a\u51b3\u53cd\u5bf9\uff01\uff01\uff01 \u7236\u6bcd\u517b\u5927\u7684\u5b69\u5b50\u5c31\u4e3a\u4e86\u9f13\u52b1\u8054\u59fb\uff1f\u4f60\u75af\u4e86\u5427\uff01\u6768\u5b9c\u52c7\uff01\u592a\u751f\u6c14\u4e86!", "like_counts": 1, "liked": false}]