{"visible": {"type": 0, "list_id": 0}, "created_at": "Sat Feb 29 15:32:56 +0800 2020", "id": "4477327721254936", "mid": "4477327721254936", "can_edit": false, "version": 1, "show_additional_indication": 0, "text": "\u3010\u91cd\u8981\u77e5\u8bc6\u5b66\u8d77\u6765<span class=\"url-icon\"><img alt=[\u8bdd\u7b52] src=\"https://h5.sinaimg.cn/m/emoticon/icon/others/o_huatong-0a3e80b147.png\" style=\"width:1em; height:1em;\" /></span>\u4f60\u771f\u7684\u660e\u767d\u4ec0\u4e48\u662f\u65b0\u51a0\u75c5\u6bd2\u4e86\u5417\uff1f\u3011\u7a7a\u6c14\u4e2d\u4e00\u822c\u4e0d\u4f1a\u6709\u65b0\u51a0\u75c5\u6bd2\uff0c\u4e3b\u8981\u662f\u8fd1\u8ddd\u79bb\u547c\u5438\u9053\u98de\u6cab\u4f20\u64ad\uff01\u6d59\u56e2\uff1a\u542c\u597d\u4e86\uff01 <a data-url=\"http://t.cn/A6PsuHd6\" href=\"https://video.weibo.com/show?fid=1034:4470113416708132\" data-hide=\"\"><span class='url-icon'><img style='width: 1rem;height: 1rem' src='https://h5.sinaimg.cn/upload/2015/09/25/3/timeline_card_small_video_default.png'></span><span class=\"surl-text\">\u4e00\u5f20\u5218\u4e0a\u58eb\u7684\u5fae\u535a\u89c6\u9891</span></a> <a  href=\"https://m.weibo.cn/search?containerid=231522type%3D1%26t%3D10%26q%3D%23%E6%96%B0%E5%86%A0%E8%82%BA%E7%82%8E%E7%97%85%E6%AF%92%E5%87%A0%E4%B9%8E%E4%BA%BA%E4%BA%BA%E6%98%93%E6%84%9F%23&extparam=%23%E6%96%B0%E5%86%A0%E8%82%BA%E7%82%8E%E7%97%85%E6%AF%92%E5%87%A0%E4%B9%8E%E4%BA%BA%E4%BA%BA%E6%98%93%E6%84%9F%23&luicode=20000061&lfid=4477327721254936\" data-hide=\"\"><span class=\"surl-text\">#\u65b0\u51a0\u80ba\u708e\u75c5\u6bd2\u51e0\u4e4e\u4eba\u4eba\u6613\u611f#</span></a><a  href=\"https://m.weibo.cn/search?containerid=231522type%3D1%26t%3D10%26q%3D%23%E7%A9%BA%E6%B0%94%E4%BC%A0%E6%92%AD%E9%9D%9E%E6%96%B0%E5%86%A0%E8%82%BA%E7%82%8E%E4%B8%BB%E8%A6%81%E4%BC%A0%E6%92%AD%E6%96%B9%E5%BC%8F%23&extparam=%23%E7%A9%BA%E6%B0%94%E4%BC%A0%E6%92%AD%E9%9D%9E%E6%96%B0%E5%86%A0%E8%82%BA%E7%82%8E%E4%B8%BB%E8%A6%81%E4%BC%A0%E6%92%AD%E6%96%B9%E5%BC%8F%23&luicode=20000061&lfid=4477327721254936\" data-hide=\"\"><span class=\"surl-text\">#\u7a7a\u6c14\u4f20\u64ad\u975e\u65b0\u51a0\u80ba\u708e\u4e3b\u8981\u4f20\u64ad\u65b9\u5f0f#</span></a> ", "textLength": 204, "source": "\u5fae\u535a\u89c6\u9891\u53f7", "favorited": false, "pic_ids": [], "pic_types": "", "is_paid": false, "mblog_vip_type": 0, "user": {"id": 3142846247, "screen_name": "\u6d59\u6c5f\u56e2\u7701\u59d4", "profile_image_url": "https://tvax1.sinaimg.cn/crop.0.0.996.996.180/bb540727ly8gln1hxyroaj20ro0ro0tg.jpg?KID=imgbed,tva&Expires=1619695306&ssig=J6LRQzQCIb", "profile_url": "https://m.weibo.cn/u/3142846247?uid=3142846247&luicode=20000061&lfid=4477327721254936", "statuses_count": 52988, "verified": true, "verified_type": 1, "verified_type_ext": 0, "verified_reason": "\u5171\u9752\u56e2\u6d59\u6c5f\u7701\u59d4\u5458\u4f1a\u5b98\u65b9\u5fae\u535a", "close_blue_v": false, "description": "\u6d59\u6c5f\u56e2\u7701\u59d4\u65b0\u6d6a\u5b98\u65b9\u5fae\u535a\uff0c\u4ecb\u7ecd\u6d59\u6c5f\u5171\u9752\u56e2\u5de5\u4f5c\u3001\u9752\u5e74\u5de5\u4f5c\uff0c\u8046\u542c\u9752\u5e74\u5fc3\u58f0\uff0c\u5173\u6ce8\u9752\u5e74\u9700\u6c42\uff0c\u589e\u5f3a\u4e0e\u9752\u5e74\u7684\u4e92\u52a8\u4ea4\u6d41\uff0c\u6253\u9020\u201c\u9752\u5e74\u4e4b\u5bb6\u201d\u3002", "gender": "m", "mbtype": 12, "urank": 48, "mbrank": 6, "follow_me": false, "following": false, "followers_count": 1373541, "follow_count": 1359, "cover_image_phone": "https://wx1.sinaimg.cn/crop.0.0.640.640.640/bb540727ly1glqqstrskyj20u00u041e.jpg", "avatar_hd": "https://wx1.sinaimg.cn/orj480/bb540727ly8gln1hxyroaj20ro0ro0tg.jpg", "like": false, "like_me": false, "badge": {"dzwbqlx_2016": 1, "follow_whitelist_video": 1, "league_badge": 1, "panda": 1, "user_name_certificate": 1, "suishoupai_2018": 1, "wenchuan_10th": 1, "wenda_v2": 1, "dailv_2018": 3, "qixi_2018": 1, "meilizhongguo_2018": 1, "national_day_2018": 1, "relation_display": 1, "memorial_2018": 1, "denglong_2019": 1, "fu_2019": 1, "suishoupai_2019": 7, "wusi_2019": 1, "earth_2019": 1, "hongrenjie_2019": 1, "china_2019": 1, "hongkong_2019": 1, "dzwbqlx_2019": 1, "rrgyj_2019": 1, "family_2019": 1, "starlight_2019": 1, "gongjiri_2019": 1, "macao_2019": 1, "china_2019_2": 1, "hongbao_2020": 2, "feiyan_2020": 1, "daka_2020": 1, "graduation_2020": 1, "pc_new": 6, "school_2020": 1, "gongyi_2020": 1, "china_2020": 1, "zaolang_2020": 1}}, "reposts_count": 3, "comments_count": 1, "attitudes_count": 6, "pending_approval_count": 0, "isLongText": false, "reward_exhibition_type": 0, "hide_flag": 0, "mlevel": 0, "darwin_tags": [], "mblogtype": 0, "more_info_type": 0, "cardid": "star_1219", "content_auth": 0, "safe_tags": 131072, "pic_num": 0, "alchemy_params": {"ug_red_envelope": false}, "page_info": {"type": "video", "object_type": 11, "url_ori": "http://t.cn/A6PsuHd6", "page_pic": {"width": 480, "url": "https://wx3.sinaimg.cn/orj480/881d02f2ly1gbqajsdcr0j20g00sgwfr.jpg", "height": 853}, "page_url": "https://video.weibo.com/show?fid=1034%3A4470113416708132&luicode=20000061&lfid=4477327721254936", "object_id": "1034:4470113416708132", "page_title": "\u4e00\u5f20\u5218\u4e0a\u58eb\u7684\u5fae\u535a\u89c6\u9891", "title": "\u7a7a\u6c14\u4e2d\u4e00\u822c\u4e0d\u4f1a\u6709\u65b0\u51a0\u75c5\u6bd2\uff0c\u4e3b\u8981\u662f\u8fd1\u8ddd\u79bb\u547c\u5438\u9053\u98de\u6cab\u4f20\u64ad\uff01", "content1": "\u4e00\u5f20\u5218\u4e0a\u58eb\u7684\u5fae\u535a\u89c6\u9891", "content2": "\u7a7a\u6c14\u4e2d\u4e00\u822c\u4e0d\u4f1a\u6709\u65b0\u51a0\u75c5\u6bd2\uff0c\u4e3b\u8981\u662f\u8fd1\u8ddd\u79bb\u547c\u5438\u9053\u98de\u6cab\u4f20\u64ad\uff01#\u7a7a\u6c14\u4e2d\u4e00\u822c\u4e0d\u4f1a\u6709\u65b0\u51a0\u75c5\u6bd2#", "video_orientation": "vertical", "play_count": "4\u4e07\u6b21\u64ad\u653e", "media_info": {"stream_url": "https://f.video.weibocdn.com/001axaJXlx07AOVVFepW010412000AmF0E010.mp4?label=mp4_ld&template=360x640.24.0&trans_finger=81b11b8c5ffb62d33ceb3244bdd17e7b&ori=0&ps=1BThihd3VLAY5R&Expires=1619688106&ssig=Baku5bsFAh&KID=unistore,video", "stream_url_hd": "https://f.video.weibocdn.com/0002P2VWlx07AOVVIoIw0104120014vR0E010.mp4?label=mp4_hd&template=576x1024.24.0&trans_finger=7c347e6ee1691b93dc7e5726f4ef34b3&ori=0&ps=1BThihd3VLAY5R&Expires=1619688106&ssig=9yL4FWumzA&KID=unistore,video", "duration": 6.524}, "urls": {"mp4_hd_mp4": "https://f.video.weibocdn.com/0002P2VWlx07AOVVIoIw0104120014vR0E010.mp4?label=mp4_hd&template=576x1024.24.0&trans_finger=7c347e6ee1691b93dc7e5726f4ef34b3&ori=0&ps=1BThihd3VLAY5R&Expires=1619688106&ssig=9yL4FWumzA&KID=unistore,video", "mp4_ld_mp4": "https://f.video.weibocdn.com/001axaJXlx07AOVVFepW010412000AmF0E010.mp4?label=mp4_ld&template=360x640.24.0&trans_finger=81b11b8c5ffb62d33ceb3244bdd17e7b&ori=0&ps=1BThihd3VLAY5R&Expires=1619688106&ssig=Baku5bsFAh&KID=unistore,video", "hevc_mp4_hd": "https://f.video.weibocdn.com/00393mkmlx07APhMk6Ji010412000U9h0E010.mp4?label=hevc_mp4_hd&template=576x1024.29.0&trans_finger=278849cc220b59b4685720a801949929&ori=0&ps=1BThihd3VLAY5R&Expires=1619688106&ssig=JKUD5A5rwP&KID=unistore,video"}}, "bid": "IwrE85gsU", "buttons": [{"type": "follow", "name": "\u5173\u6ce8", "sub_type": 0, "params": {"uid": 3142846247}}], "status_title": "\u91cd\u8981\u77e5\u8bc6\u5b66\u8d77\u6765\u4f60\u771f\u7684\u660e\u767d\u4ec0\u4e48\u662f\u65b0\u51a0\u75c5\u6bd2\u4e86\u5417\uff1f", "ok": 1, "scheme": "https://weibo.cn/appurl?scheme=sinaweibo%3A%2F%2Fdetail%3Fmblogid%3D4477327721254936%26luicode%3D20000061%26lfid%3D4477327721254936&luicode=20000061&lfid=4477327721254936", "tipScheme": "https://weibo.cn/appurl?scheme=sinaweibo%3A%2F%2Fdetail%3Fmblogid%3D4477327721254936%26luicode%3D20000061%26lfid%3D4477327721254936&luicode=20000061&lfid=4477327721254936"}