[{"id": 4477373040374162, "created_at": "2020-02-29", "source": "", "user": {"id": 2464829680, "screen_name": "\u4e91\u5377\u5377\u5377\u5462", "profile_image_url": "https://tvax4.sinaimg.cn/crop.0.0.1080.1080.180/92ea50f0ly8gay9xluxjzj20u00u0n0k.jpg?KID=imgbed,tva&Expires=1619211655&ssig=bva3oWs0KB", "verified": false, "verified_type": 220, "followers_count": 272, "mbtype": 0, "profile_url": "https://m.weibo.cn/u/2464829680?uid=2464829680", "remark": "", "following": false, "follow_me": false}, "text": "\u597d\u5413\u4eba", "like_counts": 0, "liked": false}, {"id": 4477373040370978, "created_at": "2020-02-29", "source": "", "user": {"id": 6670688415, "screen_name": "\u840c\u840c\u54d2\u7684\u5999\u5999", "profile_image_url": "https://tvax4.sinaimg.cn/crop.0.0.1080.1080.180/007hrwMDly8fzfuuvvclnj30u00u0dgy.jpg?KID=imgbed,tva&Expires=1619211655&ssig=5PuZY4rEPy", "verified": false, "verified_type": -1, "followers_count": 194, "mbtype": 2, "profile_url": "https://m.weibo.cn/u/6670688415?uid=6670688415", "remark": "", "following": false, "follow_me": false}, "text": "\u8dd1\u8fd9\u4e48\u5feb\u5417", "like_counts": 0, "liked": false}, {"id": 4477373011921151, "created_at": "2020-02-29", "source": "", "user": {"id": 7344988036, "screen_name": "\u8d1d\u8d1d\u7f8ev", "profile_image_url": "https://tvax2.sinaimg.cn/crop.0.0.1006.1006.180/00814OUYly8gap3yf3q0zj30ry0ryjxh.jpg?KID=imgbed,tva&Expires=1619211655&ssig=rHi2NpV%2BX6", "verified": false, "verified_type": -1, "followers_count": 253, "mbtype": 0, "profile_url": "https://m.weibo.cn/u/7344988036?uid=7344988036", "remark": "", "following": false, "follow_me": false}, "text": "\u63a8\u8350\u5927\u5bb6\u770b\u770b", "like_counts": 0, "liked": false}, {"id": 4477373007225901, "created_at": "2020-02-29", "source": "", "user": {"id": 7222600442, "screen_name": "\u552f\u613f\u603b\u76f8\u9022", "profile_image_url": "https://tvax2.sinaimg.cn/crop.0.0.1080.1080.180/007SNijwly8g9is0v8vihj30u00u00uy.jpg?KID=imgbed,tva&Expires=1619211655&ssig=shrCdkIOEp", "verified": false, "verified_type": -1, "followers_count": 206, "mbtype": 11, "profile_url": "https://m.weibo.cn/u/7222600442?uid=7222600442", "remark": "", "following": false, "follow_me": false}, "text": "\u597d\u597d\u9694\u79bb\u5427", "like_counts": 0, "liked": false}, {"id": 4477372994333934, "created_at": "2020-02-29", "source": "", "user": {"id": 6864283027, "screen_name": "\u548c\u5149\u6e29\u6696\u5728\u6e05\u6668", "profile_image_url": "https://tvax2.sinaimg.cn/crop.0.0.1002.1002.180/007uxPAnly8gcgttp2j6yj30ru0ru75h.jpg?KID=imgbed,tva&Expires=1619211655&ssig=IdCojmZVu6", "verified": true, "verified_type": 0, "followers_count": 2137, "verified_type_ext": 0, "mbtype": 2, "profile_url": "https://m.weibo.cn/u/6864283027?uid=6864283027", "remark": "", "following": false, "follow_me": false}, "text": "\u8d76\u7d27\u63a7\u5236", "like_counts": 0, "liked": false}, {"id": 4477372994325498, "created_at": "2020-02-29", "source": "", "user": {"id": 6226801320, "screen_name": "\u5929\u5929\u5171\u9e23", "profile_image_url": "https://tvax2.sinaimg.cn/crop.0.0.996.996.180/006Np1tmly8g8s1xw1lnyj30ro0ro0u7.jpg?KID=imgbed,tva&Expires=1619211655&ssig=X6CQjBsNNL", "verified": false, "verified_type": -1, "followers_count": 1339, "mbtype": 2, "profile_url": "https://m.weibo.cn/u/6226801320?uid=6226801320", "remark": "", "following": false, "follow_me": false}, "text": "\u8d5e\u4e00\u4e2a\ud83d\udc4d", "like_counts": 0, "liked": false}, {"id": 4477372978242781, "created_at": "2020-02-29", "source": "", "user": {"id": 6894656275, "screen_name": "\u5403\u83e0\u841d\u871c\u7684\u5c11\u5973", "profile_image_url": "https://tvax1.sinaimg.cn/crop.0.0.996.996.180/007wBh3tly8gn085foiqgj30ro0rogp4.jpg?KID=imgbed,tva&Expires=1619211657&ssig=UQuMUzjWk3", "verified": false, "verified_type": -1, "followers_count": 286, "mbtype": 2, "profile_url": "https://m.weibo.cn/u/6894656275?uid=6894656275", "remark": "", "following": false, "follow_me": false}, "text": "\u597d\u60ca\u9669\u554a", "like_counts": 0, "liked": false}, {"id": 4477372738344159, "created_at": "2020-02-29", "source": "", "user": {"id": 3165579987, "screen_name": "\u5a31\u7f8e\u7f8e", "profile_image_url": "https://tvax4.sinaimg.cn/crop.0.0.1080.1080.180/bcaeead3ly8g6do6xej3lj20u00u0gp5.jpg?KID=imgbed,tva&Expires=1619211657&ssig=vhco5n%2BLAx", "verified": true, "verified_type": 0, "followers_count": 1023921, "verified_type_ext": 1, "mbtype": 11, "profile_url": "https://m.weibo.cn/u/3165579987?uid=3165579987", "remark": "", "following": false, "follow_me": false}, "text": "\u8dd1\u7684\u8fd8\u633a\u5feb", "like_counts": 3, "liked": false}, {"id": 4477372709847866, "created_at": "2020-02-29", "source": "", "user": {"id": 3165579987, "screen_name": "\u5a31\u7f8e\u7f8e", "profile_image_url": "https://tvax4.sinaimg.cn/crop.0.0.1080.1080.180/bcaeead3ly8g6do6xej3lj20u00u0gp5.jpg?KID=imgbed,tva&Expires=1619211657&ssig=vhco5n%2BLAx", "verified": true, "verified_type": 0, "followers_count": 1023921, "verified_type_ext": 1, "mbtype": 11, "profile_url": "https://m.weibo.cn/u/3165579987?uid=3165579987", "remark": "", "following": false, "follow_me": false}, "text": "\u7b11\u6b7b\u6211\u4e86\u54c8\u54c8\u54c8\u54c8\u54c8\u54c8", "like_counts": 42, "liked": false}, {"id": 4480529196334365, "created_at": "2020-03-09", "source": "", "user": {"id": 1972622767, "screen_name": "\u725b\u89d2\u718a\u732b", "profile_image_url": "https://tva4.sinaimg.cn/crop.0.0.180.180.180/7593d5afjw1e8qgp5bmzyj2050050aa8.jpg?KID=imgbed,tva&Expires=1619211635&ssig=MAwFGcy9jH", "verified": false, "verified_type": -1, "followers_count": 383, "mbtype": 0, "profile_url": "https://m.weibo.cn/u/1972622767?uid=1972622767", "remark": "", "following": false, "follow_me": false}, "text": "\u5916\u56fd\u4eba\u5173\u952e\u65f6\u5019\u4e86\u7d20\u8d28\u5c31\u662f\u4f4e", "like_counts": 0, "liked": false}, {"id": 4479742893551814, "created_at": "2020-03-07", "source": "", "user": {"id": 3202804532, "screen_name": "Johnlock_forever", "profile_image_url": "https://tvax2.sinaimg.cn/crop.0.0.512.512.180/bee6eb34ly8gpf2pz6ebcj20e80e8wer.jpg?KID=imgbed,tva&Expires=1619211635&ssig=r%2BHr1TJWIp", "verified": false, "verified_type": -1, "followers_count": 335, "mbtype": 2, "profile_url": "https://m.weibo.cn/u/3202804532?uid=3202804532", "remark": "", "following": false, "follow_me": false}, "text": "\u54c8\u54c8\u54c8\u54c8\u54c8", "like_counts": 0, "liked": false}, {"id": 4477968715620140, "created_at": "2020-03-02", "source": "", "user": {"id": 1917254533, "screen_name": "\u9aa8\u5934\u5317\u5317", "profile_image_url": "https://tva1.sinaimg.cn/crop.0.0.180.180.180/7246fb85jw1e8qgp5bmzyj2050050aa8.jpg?KID=imgbed,tva&Expires=1619211635&ssig=aKH0BHK1hg", "verified": false, "verified_type": -1, "followers_count": 2407, "mbtype": 0, "profile_url": "https://m.weibo.cn/u/1917254533?uid=1917254533", "remark": "", "following": false, "follow_me": false}, "text": "\u533b\u751f\u8dd1\u5f97\u8d3c\u905b\uff0c\u4e00\u770b\u5c31\u662f\u5e73\u65f6\u6ca1\u5c11\u5065\u8eab<span class=\"url-icon\"><img alt=[\u54c8\u54c8] src=\"https://h5.sinaimg.cn/m/emoticon/icon/default/d_haha-0ec05e6dad.png\" style=\"width:1em; height:1em;\" /></span>", "like_counts": 1, "liked": false}, {"id": 4477833471035323, "created_at": "2020-03-02", "source": "", "user": {"id": 5495105456, "screen_name": "\u662f\u9ca4\u9c7c7", "profile_image_url": "https://tvax2.sinaimg.cn/crop.0.0.828.828.180/005ZSTXaly8gei7ma6c1oj30n00n0gmg.jpg?KID=imgbed,tva&Expires=1619211635&ssig=DT6nUJlTFH", "verified": false, "verified_type": -1, "followers_count": 21, "mbtype": 0, "profile_url": "https://m.weibo.cn/u/5495105456?uid=5495105456", "remark": "", "following": false, "follow_me": false}, "text": "\u56de\u590d<a href='https://m.weibo.cn/n/\u516b\u7ec4\u5154\u5a31\u4e50'>@\u516b\u7ec4\u5154\u5a31\u4e50</a>:\u5bf9\u4e0d\u8d77\u6211\u4e5f\u7b11\u4e86\u2026\u2026", "reply_id": 4477373213180116, "reply_text": "\u5c0f\u6837\u513f\uff0c\u8dd1\u5f97\u8fd8\u633a\u5feb\u554a\uff0c\u533b\u751f\u4e5f\u4e0d\u8d56\uff0c\u8dd1\u7684\u4e5f\u5feb\u54c8\u54c8\u54c8", "like_counts": 0, "liked": false}, {"id": 4477769360218681, "created_at": "2020-03-01", "source": "", "user": {"id": 1862377664, "screen_name": "gulugulu-h", "profile_image_url": "https://tvax3.sinaimg.cn/crop.0.0.828.828.180/6f01a0c0ly8g3wzo6jis2j20n00n0q42.jpg?KID=imgbed,tva&Expires=1619211635&ssig=YgY5%2Fj302m", "verified": false, "verified_type": -1, "followers_count": 539, "mbtype": 0, "profile_url": "https://m.weibo.cn/u/1862377664?uid=1862377664", "remark": "", "following": false, "follow_me": false}, "text": "\u533b\u751f\u5e73\u65f6\u7edd\u5bf9\u7ec3\u8fc7<span class=\"url-icon\"><img alt=[\u7b11cry] src=\"https://h5.sinaimg.cn/m/emoticon/icon/default/d_xiaoku-f2bd11b506.png\" style=\"width:1em; height:1em;\" /></span><span class=\"url-icon\"><img alt=[\u7b11cry] src=\"https://h5.sinaimg.cn/m/emoticon/icon/default/d_xiaoku-f2bd11b506.png\" style=\"width:1em; height:1em;\" /></span>\u533b\u751f\u7edd\u5bf9\u7ec3\u8fc7<span class=\"url-icon\"><img alt=[\u7b11cry] src=\"https://h5.sinaimg.cn/m/emoticon/icon/default/d_xiaoku-f2bd11b506.png\" style=\"width:1em; height:1em;\" /></span><span class=\"url-icon\"><img alt=[\u7b11cry] src=\"https://h5.sinaimg.cn/m/emoticon/icon/default/d_xiaoku-f2bd11b506.png\" style=\"width:1em; height:1em;\" /></span>\u7a7f\u7740\u9632\u62a4\u670d\u8fd8\u80fd\u8dd1\u90a3\u4e48\u5feb", "like_counts": 1, "liked": false}, {"id": 4477729326044114, "created_at": "2020-03-01", "source": "", "user": {"id": 2187553393, "screen_name": "\u675c\u82e5\u9f50", "profile_image_url": "https://tva3.sinaimg.cn/crop.0.0.750.750.180/82636a71jw8f4yofiiyulj20ku0kvgn8.jpg?KID=imgbed,tva&Expires=1619211635&ssig=SS19soOqMt", "verified": false, "verified_type": 220, "followers_count": 1473, "mbtype": 11, "profile_url": "https://m.weibo.cn/u/2187553393?uid=2187553393", "remark": "", "following": false, "follow_me": false}, "text": "<a href='https://m.weibo.cn/n/\u6211\u662f\u8fb0\u8fb0\u4e5f\u662f\u5c0f\u767d'>@\u6211\u662f\u8fb0\u8fb0\u4e5f\u662f\u5c0f\u767d</a> \u2026\u2026", "like_counts": 0, "liked": false}, {"id": 4477490087039780, "created_at": "2020-03-01", "source": "", "user": {"id": 1868748204, "screen_name": "\u554a\u54a9\u6f74", "profile_image_url": "https://tva1.sinaimg.cn/crop.0.0.180.180.180/6f62d5acjw1e8qgp5bmzyj2050050aa8.jpg?KID=imgbed,tva&Expires=1619211635&ssig=OEH%2Fqdm0hm", "verified": false, "verified_type": -1, "followers_count": 96, "mbtype": 0, "profile_url": "https://m.weibo.cn/u/1868748204?uid=1868748204", "remark": "", "following": false, "follow_me": false}, "text": "\u600e\u4e48\u770b\u90fd\u4e0d\u50cf\u662f\u75c5\u4eba\uff0c\u8089\u773c\u53ef\u89c1\u80ba\u6ca1\u95ee\u9898\u5440", "like_counts": 1, "liked": false}, {"id": 4477458349147152, "created_at": "2020-03-01", "source": "", "user": {"id": 2615750615, "screen_name": "JIANG\u5218\u83b9", "profile_image_url": "https://tva2.sinaimg.cn/crop.0.0.480.480.180/9be92fd7jw8eidq2dj034j20dc0dc0sy.jpg?KID=imgbed,tva&Expires=1619211635&ssig=FjeFsX1Qd%2B", "verified": false, "verified_type": -1, "followers_count": 294, "mbtype": 0, "profile_url": "https://m.weibo.cn/u/2615750615?uid=2615750615", "remark": "", "following": false, "follow_me": false}, "text": "\u4e3a\u4ec0\u4e48\u8981\u8dd1\u5462\uff1f\u96be\u9053\u4e0d\u7528\u6cbb\u5c31\u80fd\u597d\uff1f", "like_counts": 0, "liked": false}, {"id": 4477448630369109, "created_at": "2020-02-29", "source": "", "user": {"id": 1915397960, "screen_name": "\u5e05\u53d42015", "profile_image_url": "https://tvax1.sinaimg.cn/crop.0.0.1002.1002.180/722aa748ly8gomozhgp9dj20ru0ruwfb.jpg?KID=imgbed,tva&Expires=1619211635&ssig=7kszzyC%2BgQ", "verified": false, "verified_type": -1, "followers_count": 69, "mbtype": 0, "profile_url": "https://m.weibo.cn/u/1915397960?uid=1915397960", "remark": "", "following": false, "follow_me": false}, "text": "\u8fd9\u4e2a\u914d\u97f3\u6709\u70b9\u8fc7\u5206", "like_counts": 0, "liked": false}, {"id": 4477448055551926, "created_at": "2020-02-29", "source": "", "user": {"id": 2554536974, "screen_name": "9\u64ad\u7279", "profile_image_url": "https://tvax3.sinaimg.cn/crop.0.0.828.828.180/9843240ely8gc7vscda8jj20n00n03zm.jpg?KID=imgbed,tva&Expires=1619211635&ssig=3l89UXwiQC", "verified": false, "verified_type": -1, "followers_count": 143, "mbtype": 0, "profile_url": "https://m.weibo.cn/u/2554536974?uid=2554536974", "remark": "", "following": false, "follow_me": false}, "text": "\u8fd9\u6709\u4ec0\u4e48\u597d\u7b11\u7684", "like_counts": 0, "liked": false}, {"id": 4477441961137119, "created_at": "2020-02-29", "source": "", "user": {"id": 1906185097, "screen_name": "Bartola", "profile_image_url": "https://tva4.sinaimg.cn/crop.0.1.1242.1242.180/719e1389jw8fd1lnlpmq8j20yi0ykdin.jpg?KID=imgbed,tva&Expires=1619211637&ssig=KM87fCjRjD", "verified": false, "verified_type": -1, "followers_count": 691, "mbtype": 0, "profile_url": "https://m.weibo.cn/u/1906185097?uid=1906185097", "remark": "", "following": false, "follow_me": false}, "text": "\u56de\u590d<a href='https://m.weibo.cn/n/\u7d2b\u8272\u7684\u5154\u5c3e\u5df4'>@\u7d2b\u8272\u7684\u5154\u5c3e\u5df4</a>:\u897f\u73ed\u7259\u8bed\u4e3a\u4ec0\u4e48\u662f\u610f\u5927\u5229\uff1f\u96be\u9053\u4e0d\u5e94\u8be5\u662f\u610f\u5927\u5229\u8bed\uff1f", "reply_id": 4477414123763981, "reply_text": "\u56de\u590d<a href='https://m.weibo.cn/n/Bartola'>@Bartola</a>:\u897f\u73ed\u7259\u8bed\uff0c\u6211\u542c\u5230\u4ed6\u95ee:\u00bfPor qu\u00e9?(\u4e3a\u4ec0\u4e48\uff09", "like_counts": 0, "liked": false}, {"id": 4477432713346802, "created_at": "2020-02-29", "source": "", "user": {"id": 3911126254, "screen_name": "KrisSyusuke", "profile_image_url": "https://tvax4.sinaimg.cn/crop.0.0.1002.1002.180/e91f0ceely8gdinfwy153j20ru0rujs6.jpg?KID=imgbed,tva&Expires=1619211637&ssig=L66vk9UE5R", "verified": true, "verified_type": 0, "followers_count": 191, "verified_type_ext": 0, "mbtype": 2, "profile_url": "https://m.weibo.cn/u/3911126254?uid=3911126254", "remark": "", "following": false, "follow_me": false}, "text": "\u56de\u590d<a href='https://m.weibo.cn/n/\u91d1\u6728\u571f\u706b\u91cc\u9762\u6709\u4e2a\u6c34'>@\u91d1\u6728\u571f\u706b\u91cc\u9762\u6709\u4e2a\u6c34</a>:<span class=\"url-icon\"><img alt=[\u5141\u60b2] src=\"https://h5.sinaimg.cn/m/emoticon/icon/default/d_yunbei-a14a649db8.png\" style=\"width:1em; height:1em;\" /></span><span class=\"url-icon\"><img alt=[\u5141\u60b2] src=\"https://h5.sinaimg.cn/m/emoticon/icon/default/d_yunbei-a14a649db8.png\" style=\"width:1em; height:1em;\" /></span><span class=\"url-icon\"><img alt=[\u5141\u60b2] src=\"https://h5.sinaimg.cn/m/emoticon/icon/default/d_yunbei-a14a649db8.png\" style=\"width:1em; height:1em;\" /></span>", "reply_id": 4477405021980335, "reply_text": "<a href='https://m.weibo.cn/n/KrisSyusuke'>@KrisSyusuke</a> <a href='https://m.weibo.cn/n/pinewing'>@pinewing</a> <a href='https://m.weibo.cn/n/\u840c\u6d45\u9633'>@\u840c\u6d45\u9633</a>", "like_counts": 0, "liked": false}, {"id": 4477430196259132, "created_at": "2020-02-29", "source": "", "user": {"id": 6759329449, "screen_name": "Rhona\u67d4", "profile_image_url": "https://tvax1.sinaimg.cn/crop.0.0.664.664.180/007nrsmJly8gdlijqm4d7j30ig0ig751.jpg?KID=imgbed,tva&Expires=1619211637&ssig=TvMFcWphM%2F", "verified": false, "verified_type": -1, "followers_count": 2, "mbtype": 0, "profile_url": "https://m.weibo.cn/u/6759329449?uid=6759329449", "remark": "", "following": false, "follow_me": false}, "text": "\u53ef\u80fd\u662f\u7f8e\u56fd\u5927\u7247\u770b\u591a\u4e86", "like_counts": 0, "liked": false}, {"id": 4477427880915584, "created_at": "2020-02-29", "source": "", "user": {"id": 1282995082, "screen_name": "\u5c0f\u5996\u7cef\u7c73\u56e2", "profile_image_url": "https://tva3.sinaimg.cn/crop.0.0.180.180.180/4c78f38ajw1e8qgp5bmzyj2050050aa8.jpg?KID=imgbed,tva&Expires=1619211637&ssig=XFxX5EvLsm", "verified": false, "verified_type": -1, "followers_count": 182, "mbtype": 0, "profile_url": "https://m.weibo.cn/u/1282995082?uid=1282995082", "remark": "", "following": false, "follow_me": false}, "text": "\u8dd1\u7684\u50cf\u9635\u98ce", "like_counts": 0, "liked": false}, {"id": 4477426988188978, "created_at": "2020-02-29", "source": "", "user": {"id": 2313867017, "screen_name": "\u4f3c\u66fe\u603b\u76f8\u8bc6", "profile_image_url": "https://tvax2.sinaimg.cn/crop.0.0.664.664.180/89eacf09ly8g7q4r7pdu7j20ig0ig3zg.jpg?KID=imgbed,tva&Expires=1619211637&ssig=TbUzrpaTeS", "verified": false, "verified_type": -1, "followers_count": 616, "mbtype": 2, "profile_url": "https://m.weibo.cn/u/2313867017?uid=2313867017", "remark": "", "following": false, "follow_me": false}, "text": "\u56de\u590d<a href='https://m.weibo.cn/n/\u662f\u6211translator'>@\u662f\u6211translator</a>:<span class=\"url-icon\"><img alt=[\u53ef\u601c] src=\"https://h5.sinaimg.cn/m/emoticon/icon/default/d_kelian-a9df4278bf.png\" style=\"width:1em; height:1em;\" /></span><span class=\"url-icon\"><img alt=[\u53ef\u601c] src=\"https://h5.sinaimg.cn/m/emoticon/icon/default/d_kelian-a9df4278bf.png\" style=\"width:1em; height:1em;\" /></span><span class=\"url-icon\"><img alt=[\u53ef\u601c] src=\"https://h5.sinaimg.cn/m/emoticon/icon/default/d_kelian-a9df4278bf.png\" style=\"width:1em; height:1em;\" /></span>", "reply_id": 4477426069902302, "reply_text": "<a href='https://m.weibo.cn/n/\u4f3c\u66fe\u603b\u76f8\u8bc6'>@\u4f3c\u66fe\u603b\u76f8\u8bc6</a>", "like_counts": 0, "liked": false}, {"id": 4477426069902302, "created_at": "2020-02-29", "source": "", "user": {"id": 2957742331, "screen_name": "\u662f\u6211translator", "profile_image_url": "https://tva2.sinaimg.cn/crop.0.0.1080.1080.180/b04b90fbjw8et3k5oqa70j20u00u0n0c.jpg?KID=imgbed,tva&Expires=1619211637&ssig=vTPrLCvOx1", "verified": false, "verified_type": -1, "followers_count": 229, "mbtype": 2, "profile_url": "https://m.weibo.cn/u/2957742331?uid=2957742331", "remark": "", "following": false, "follow_me": false}, "text": "<a href='https://m.weibo.cn/n/\u4f3c\u66fe\u603b\u76f8\u8bc6'>@\u4f3c\u66fe\u603b\u76f8\u8bc6</a>", "like_counts": 0, "liked": false}, {"id": 4477425922657651, "created_at": "2020-02-29", "source": "", "user": {"id": 2261977260, "screen_name": "_\u658e_", "profile_image_url": "https://tvax3.sinaimg.cn/crop.0.0.667.667.180/86d308acly8gotyvpfp8mj20ij0ijdhe.jpg?KID=imgbed,tva&Expires=1619211637&ssig=0WBoYnbn0R", "verified": false, "verified_type": -1, "followers_count": 317, "mbtype": 0, "profile_url": "https://m.weibo.cn/u/2261977260?uid=2261977260", "remark": "", "following": false, "follow_me": false}, "text": "\u56de\u590d<a href='https://m.weibo.cn/n/\u516b\u7ec4\u5154\u5a31\u4e50'>@\u516b\u7ec4\u5154\u5a31\u4e50</a>:\u6ca1\u6709\u4e0b\u9650\u7684\u8425\u9500\u53f7", "reply_id": 4477373213180116, "reply_text": "\u5c0f\u6837\u513f\uff0c\u8dd1\u5f97\u8fd8\u633a\u5feb\u554a\uff0c\u533b\u751f\u4e5f\u4e0d\u8d56\uff0c\u8dd1\u7684\u4e5f\u5feb\u54c8\u54c8\u54c8", "like_counts": 1, "liked": false}, {"id": 4477424009501321, "created_at": "2020-02-29", "source": "", "user": {"id": 6411665082, "screen_name": "\u664b\u6c5f\u7b80\u56fe", "profile_image_url": "https://tvax1.sinaimg.cn/crop.209.188.858.858.180/006ZUGYWly8funfyizhskj30to0zmh60.jpg?KID=imgbed,tva&Expires=1619211637&ssig=2OBoi2pj0L", "verified": false, "verified_type": -1, "followers_count": 10017, "mbtype": 12, "profile_url": "https://m.weibo.cn/u/6411665082?uid=6411665082", "remark": "", "following": false, "follow_me": false}, "text": "dbq\u6211\u4e0d\u5e94\u8be5\u7b11\u7684\uff0cbgm\u4ec0\u4e48\u9b3c\u554a\u4f60<span class=\"url-icon\"><img alt=[\u5141\u60b2] src=\"https://h5.sinaimg.cn/m/emoticon/icon/default/d_yunbei-a14a649db8.png\" style=\"width:1em; height:1em;\" /></span>", "like_counts": 0, "liked": false}, {"id": 4477423531563886, "created_at": "2020-02-29", "source": "", "user": {"id": 5995137234, "screen_name": "\u5b64\u72ec\u7684\u585e\u73ed", "profile_image_url": "https://tvax2.sinaimg.cn/crop.0.0.996.996.180/006xIZ3Qly8gf3fqdqf1pj30ro0rogno.jpg?KID=imgbed,tva&Expires=1619211637&ssig=5ZpZtCvUZh", "verified": false, "verified_type": -1, "followers_count": 76, "mbtype": 2, "profile_url": "https://m.weibo.cn/u/5995137234?uid=5995137234", "remark": "", "following": false, "follow_me": false}, "text": "\u533b\u751f\u4f53\u529b\u8fd9\u4e48\u597d\uff0c\u4ee5\u524d\u6211\u4e00\u76f4\u90fd\u5728\u8bef\u4f1a", "like_counts": 1, "liked": false}, {"id": 4477421686436739, "created_at": "2020-02-29", "source": "", "user": {"id": 2439929092, "screen_name": "\u738b\u5e0c\u6e90Sharewang", "profile_image_url": "https://tvax3.sinaimg.cn/crop.0.0.812.812.180/916e5d04ly8gn517592qpj20mk0mkgp5.jpg?KID=imgbed,tva&Expires=1619211637&ssig=e7cTagS7au", "verified": false, "verified_type": -1, "followers_count": 6101, "mbtype": 2, "profile_url": "https://m.weibo.cn/u/2439929092?uid=2439929092", "remark": "", "following": false, "follow_me": false}, "text": "\u914d\u8fd9\u79cd\u97f3\u4e50\uff0c\u4e00\u70b9\u90fd\u4e0d\u597d\u7b11", "like_counts": 1, "liked": false}, {"id": 4477416653675594, "created_at": "2020-02-29", "source": "", "user": {"id": 6072912912, "screen_name": "\u51e4\u4f55\u65f6", "profile_image_url": "https://tvax2.sinaimg.cn/crop.0.0.512.512.180/006CZk4gly8gbzcn3eftej30e80e8q3d.jpg?KID=imgbed,tva&Expires=1619211639&ssig=GsvD%2BSE%2Bcp", "verified": false, "verified_type": -1, "followers_count": 15, "mbtype": 2, "profile_url": "https://m.weibo.cn/u/6072912912?uid=6072912912", "remark": "", "following": false, "follow_me": false}, "text": "\u6076\u641e\u89c6\u9891\u5417\uff1f", "like_counts": 1, "liked": false}, {"id": 4477414933246870, "created_at": "2020-02-29", "source": "", "user": {"id": 5943573174, "screen_name": "_CFBDSIR2149_", "profile_image_url": "https://tvax1.sinaimg.cn/crop.0.0.664.664.180/006ueCTsly8gmffgzc9yzj30ig0igmyi.jpg?KID=imgbed,tva&Expires=1619211639&ssig=ZLiWsj%2F2p3", "verified": false, "verified_type": -1, "followers_count": 97, "mbtype": 12, "profile_url": "https://m.weibo.cn/u/5943573174?uid=5943573174", "remark": "", "following": false, "follow_me": false}, "text": "\u6211\u77e5\u9053\u4e0d\u8be5\u7b11\u53ef\u662f\u6211\u618b\u4e0d\u4f4f\u554a\u54c8\u54c8\u54c8\u54c8\u54c8\u54c8\u54c8\u54c8\u54c8\u54c8", "like_counts": 0, "liked": false}, {"id": 4477414123763981, "created_at": "2020-02-29", "source": "", "user": {"id": 3775201770, "screen_name": "\u7d2b\u8272\u7684\u5154\u5c3e\u5df4", "profile_image_url": "https://tvax1.sinaimg.cn/crop.0.0.750.750.180/e10501ealy8fzr0l78x8nj20ku0kugmx.jpg?KID=imgbed,tva&Expires=1619211639&ssig=Lpf7g7O50%2B", "verified": false, "verified_type": -1, "followers_count": 137, "mbtype": 0, "profile_url": "https://m.weibo.cn/u/3775201770?uid=3775201770", "remark": "", "following": false, "follow_me": false}, "text": "\u56de\u590d<a href='https://m.weibo.cn/n/Bartola'>@Bartola</a>:\u897f\u73ed\u7259\u8bed\uff0c\u6211\u542c\u5230\u4ed6\u95ee:\u00bfPor qu\u00e9?(\u4e3a\u4ec0\u4e48\uff09", "reply_id": 4477390036275152, "reply_text": "\u8fd9\u662f\u7f8e\u56fd\ud83c\uddfa\ud83c\uddf8\u5427\uff1f", "like_counts": 1, "liked": false}, {"id": 4477409929514877, "created_at": "2020-02-29", "source": "", "user": {"id": 1821767960, "screen_name": "\u4e7e\u8fb0", "profile_image_url": "https://tvax2.sinaimg.cn/crop.0.0.996.996.180/6c95f918ly8gn1zh0jmd8j20ro0ron30.jpg?KID=imgbed,tva&Expires=1619211639&ssig=Re1qSqN7tm", "verified": false, "verified_type": -1, "followers_count": 100, "mbtype": 0, "profile_url": "https://m.weibo.cn/u/1821767960?uid=1821767960", "remark": "", "following": false, "follow_me": false}, "pic": {"pid": "6c95f918ly1gcdkjfb8yvj20el09iaa9", "url": "https://wx4.sinaimg.cn/orj360/6c95f918ly1gcdkjfb8yvj20el09iaa9.jpg", "size": "orj360", "geo": {"width": 414, "height": 270, "croped": false}, "large": {"size": "large", "url": "https://wx4.sinaimg.cn/large/6c95f918ly1gcdkjfb8yvj20el09iaa9.jpg", "geo": {"width": "525", "height": "342", "croped": false}}}, "text": "gun", "like_counts": 1, "liked": false}, {"id": 4477409153714530, "created_at": "2020-02-29", "source": "", "user": {"id": 5888694550, "screen_name": "kikyou----5", "profile_image_url": "https://tvax3.sinaimg.cn/crop.0.0.996.996.180/006qwmsmly8gjgm3jfvq9j30ro0rojse.jpg?KID=imgbed,tva&Expires=1619211639&ssig=MEt61Md7uQ", "verified": false, "verified_type": -1, "followers_count": 14, "mbtype": 2, "profile_url": "https://m.weibo.cn/u/5888694550?uid=5888694550", "remark": "", "following": false, "follow_me": false}, "text": "\u914d\u4e50\u4f60\u6709\u4e8b\u5417<span class=\"url-icon\"><img alt=[\u54fc] src=\"https://h5.sinaimg.cn/m/emoticon/icon/default/d_heng-3032fd08c2.png\" style=\"width:1em; height:1em;\" /></span>", "like_counts": 0, "liked": false}, {"id": 4477407887064595, "created_at": "2020-02-29", "source": "", "user": {"id": 5927480844, "screen_name": "\u7439\u9e23", "profile_image_url": "https://tvax2.sinaimg.cn/crop.0.0.996.996.180/006t96xKly8gfr0vxi7iuj30ro0ro0vq.jpg?KID=imgbed,tva&Expires=1619211639&ssig=BODMYVaB7R", "verified": false, "verified_type": -1, "followers_count": 159, "mbtype": 12, "profile_url": "https://m.weibo.cn/u/5927480844?uid=5927480844", "remark": "", "following": false, "follow_me": false}, "text": "\u8d81\u673a", "like_counts": 0, "liked": false}, {"id": 4477406758509262, "created_at": "2020-02-29", "source": "", "user": {"id": 6270131240, "screen_name": "\u597d\u7684\u7c73\u7c73", "profile_image_url": "https://tvax2.sinaimg.cn/crop.0.0.844.844.180/006QkPz2ly8gpikayhd9xj30ng0nggon.jpg?KID=imgbed,tva&Expires=1619211639&ssig=tc8kaHWcCZ", "verified": false, "verified_type": -1, "followers_count": 254, "mbtype": 11, "profile_url": "https://m.weibo.cn/u/6270131240?uid=6270131240", "remark": "", "following": false, "follow_me": false}, "text": "\u56de\u590d<a href='https://m.weibo.cn/n/\u516b\u7ec4\u5154\u5a31\u4e50'>@\u516b\u7ec4\u5154\u5a31\u4e50</a>:\u8fd9\u6709\u5565\u597d\u7b11\u7684<span class=\"url-icon\"><img alt=[\u7591\u95ee] src=\"https://h5.sinaimg.cn/m/emoticon/icon/default/d_yiwen-40c066d5c3.png\" style=\"width:1em; height:1em;\" /></span>", "reply_id": 4477373213180116, "reply_text": "\u5c0f\u6837\u513f\uff0c\u8dd1\u5f97\u8fd8\u633a\u5feb\u554a\uff0c\u533b\u751f\u4e5f\u4e0d\u8d56\uff0c\u8dd1\u7684\u4e5f\u5feb\u54c8\u54c8\u54c8", "like_counts": 7, "liked": false}, {"id": 4477406075136095, "created_at": "2020-02-29", "source": "", "user": {"id": 1819081901, "screen_name": "IHYS", "profile_image_url": "https://tva3.sinaimg.cn/crop.0.0.1080.1080.180/6c6cfcadjw8f1twjadql9j20u00u0mym.jpg?KID=imgbed,tva&Expires=1619211639&ssig=FoDIgLdNGk", "verified": false, "verified_type": -1, "followers_count": 265, "mbtype": 0, "profile_url": "https://m.weibo.cn/u/1819081901?uid=1819081901", "remark": "", "following": false, "follow_me": false}, "text": "\u53ef\u6015 \u884c\u8d70\u7684\ud83e\udda0", "like_counts": 0, "liked": false}, {"id": 4477405021980335, "created_at": "2020-02-29", "source": "", "user": {"id": 5874833996, "screen_name": "\u91d1\u6728\u571f\u706b\u91cc\u9762\u6709\u4e2a\u6c34", "profile_image_url": "https://tvax1.sinaimg.cn/crop.0.0.1080.1080.180/006pAcH2ly8gouvzvyb09j30u00u0gpz.jpg?KID=imgbed,tva&Expires=1619211639&ssig=Al8qwp2KFF", "verified": false, "verified_type": -1, "followers_count": 54, "mbtype": 2, "profile_url": "https://m.weibo.cn/u/5874833996?uid=5874833996", "remark": "", "following": false, "follow_me": false}, "text": "<a href='https://m.weibo.cn/n/KrisSyusuke'>@KrisSyusuke</a> <a href='https://m.weibo.cn/n/pinewing'>@pinewing</a> <a href='https://m.weibo.cn/n/\u840c\u6d45\u9633'>@\u840c\u6d45\u9633</a>", "like_counts": 0, "liked": false}, {"id": 4477403391286164, "created_at": "2020-02-29", "source": "", "user": {"id": 3817249811, "screen_name": "\u5c0f\u7334\u5b50_ya", "profile_image_url": "https://tvax3.sinaimg.cn/crop.0.0.996.996.180/e3869c13ly8fj11fh3brwj20ro0rowf7.jpg?KID=imgbed,tva&Expires=1619211639&ssig=NxTvAdVgCM", "verified": false, "verified_type": -1, "followers_count": 110, "mbtype": 0, "profile_url": "https://m.weibo.cn/u/3817249811?uid=3817249811", "remark": "", "following": false, "follow_me": false}, "text": "<a href='https://m.weibo.cn/n/Oliveeeee_'>@Oliveeeee_</a> <a href='https://m.weibo.cn/n/\u4e09\u4ef6\u534a'>@\u4e09\u4ef6\u534a</a> \u54c8\u54c8\u54c8\u54c8\u54c8\u54c8\u54c8\u54c8\u8dd1\u5f97\u8fd8\u633a\u5feb", "like_counts": 0, "liked": false}, {"id": 4477402371303704, "created_at": "2020-02-29", "source": "", "user": {"id": 1478303340, "screen_name": "\u4e1c\u840d\u8c61\u68cb\u7f51", "profile_image_url": "https://tva4.sinaimg.cn/crop.113.63.285.285.180/581d1e6cjw8es4d26shntj20b40b43za.jpg?KID=imgbed,tva&Expires=1619211641&ssig=kjTtyy8zdb", "verified": true, "verified_type": 2, "followers_count": 1756, "verified_type_ext": 0, "mbtype": 0, "profile_url": "https://m.weibo.cn/u/1478303340?uid=1478303340", "remark": "", "following": false, "follow_me": false}, "text": "\u8fd9\u96c6\u770b\u8fc7<span class=\"url-icon\"><img alt=[\u5141\u60b2] src=\"https://h5.sinaimg.cn/m/emoticon/icon/default/d_yunbei-a14a649db8.png\" style=\"width:1em; height:1em;\" /></span>", "like_counts": 0, "liked": false}, {"id": 4477401985527450, "created_at": "2020-02-29", "source": "", "user": {"id": 2143355017, "screen_name": "\u90fd\u4e00\u6837\u5f97", "profile_image_url": "https://tvax2.sinaimg.cn/crop.0.0.926.926.180/7fc10089ly8gm0wibdx04j20pq0pqq4w.jpg?KID=imgbed,tva&Expires=1619211641&ssig=7JNrxtTcCW", "verified": false, "verified_type": -1, "followers_count": 58, "mbtype": 0, "profile_url": "https://m.weibo.cn/u/2143355017?uid=2143355017", "remark": "", "following": false, "follow_me": false}, "text": "\u56de\u590d<a href='https://m.weibo.cn/n/92626_'>@92626_</a>:\u8dd1\u5565\u561b~~", "reply_id": 4477400957890149, "reply_text": "<a href='https://m.weibo.cn/n/IIchimaruGin'>@IIchimaruGin</a> \u54c8\u54c8\u54c8\u54c8\u54c8\u54c8\u54c8\u54c8\u54c8", "like_counts": 0, "liked": false}, {"id": 4477400957890149, "created_at": "2020-02-29", "source": "", "user": {"id": 1809970102, "screen_name": "92626_", "profile_image_url": "https://tvax2.sinaimg.cn/crop.0.0.736.736.180/6be1f3b6ly8g1d3ouledej20kg0kggpr.jpg?KID=imgbed,tva&Expires=1619211641&ssig=dxpzRtk4Vb", "verified": false, "verified_type": 220, "followers_count": 562, "mbtype": 0, "profile_url": "https://m.weibo.cn/u/1809970102?uid=1809970102", "remark": "", "following": false, "follow_me": false}, "text": "<a href='https://m.weibo.cn/n/IIchimaruGin'>@IIchimaruGin</a> \u54c8\u54c8\u54c8\u54c8\u54c8\u54c8\u54c8\u54c8\u54c8", "like_counts": 0, "liked": false}, {"id": 4477400538587954, "created_at": "2020-02-29", "source": "", "user": {"id": 1906185097, "screen_name": "Bartola", "profile_image_url": "https://tva4.sinaimg.cn/crop.0.1.1242.1242.180/719e1389jw8fd1lnlpmq8j20yi0ykdin.jpg?KID=imgbed,tva&Expires=1619211641&ssig=SfKZDLJcnJ", "verified": false, "verified_type": -1, "followers_count": 691, "mbtype": 0, "profile_url": "https://m.weibo.cn/u/1906185097?uid=1906185097", "remark": "", "following": false, "follow_me": false}, "text": "\u56de\u590d<a href='https://m.weibo.cn/n/\u662f\u5377\u7eb8\u554a'>@\u662f\u5377\u7eb8\u554a</a>:\u54ea\u91cc\uff1f", "reply_id": 4477399112393969, "reply_text": "\u56de\u590d<a href='https://m.weibo.cn/n/Bartola'>@Bartola</a>:\u610f\u5927\u5229\uff0c\u5df2\u7ecf\u6709\u62a5\u9053\u7684\u4e86", "like_counts": 0, "liked": false}, {"id": 4477400291172033, "created_at": "2020-02-29", "source": "", "user": {"id": 5823058628, "screen_name": "\u5927\u660e\u6e56\u7554\u7684\u5c0f\u79bd\u517d", "profile_image_url": "https://tvax1.sinaimg.cn/crop.0.0.888.888.180/006m4Xysly8gasejhae29j30oo0oogns.jpg?KID=imgbed,tva&Expires=1619211641&ssig=NpWJvYTAHS", "verified": false, "verified_type": -1, "followers_count": 51, "mbtype": 0, "profile_url": "https://m.weibo.cn/u/5823058628?uid=5823058628", "remark": "", "following": false, "follow_me": false}, "text": "\u56de\u590d<a href='https://m.weibo.cn/n/Bartola'>@Bartola</a>:\u55ef\u2026\u2026\u2026\u2026\u8db3\u591f\u4e86", "reply_id": 4477392574148920, "reply_text": "\u56de\u590d<a href='https://m.weibo.cn/n/\u5927\u660e\u6e56\u7554\u7684\u5c0f\u79bd\u517d'>@\u5927\u660e\u6e56\u7554\u7684\u5c0f\u79bd\u517d</a>:\u90a3\u4f4d\u9003\u8dd1\u7684\u75c5\u4eba\u547c\u53eb\u7684\u8bed\u8a00\u90fd\u4e0d\u662f\u610f\u5927\u5229\u8bed\u554a\u2026\u2026\u4e00\u4e2a\ud83d\udcb6\u5e7f\u544a\u724c\u4e0d\u4ee3\u8868\u5730\u533a", "like_counts": 0, "liked": false}, {"id": 4477400287167403, "created_at": "2020-02-29", "source": "", "user": {"id": 5515354706, "screen_name": "\u5434\u5440\u5c0f\u5440\u4e9a\u5440", "profile_image_url": "https://tvax1.sinaimg.cn/crop.0.0.888.888.180/0061fRHYly8gdw4f5ogmtj30oo0oomz2.jpg?KID=imgbed,tva&Expires=1619211641&ssig=Jj%2BBbhgd33", "verified": false, "verified_type": -1, "followers_count": 126, "mbtype": 0, "profile_url": "https://m.weibo.cn/u/5515354706?uid=5515354706", "remark": "", "following": false, "follow_me": false}, "text": "\u6ca1\u5fc5\u8981\u7b11\u8bdd\u522b\u4eba\u5427\uff0c\u4e2d\u56fd\u4e0d\u662f\u4e5f\u6709\u9003\u79bb\u7684\uff1f", "like_counts": 0, "liked": false}, {"id": 4477399112393969, "created_at": "2020-02-29", "source": "", "user": {"id": 2318384625, "screen_name": "\u662f\u5377\u7eb8\u554a", "profile_image_url": "https://tva4.sinaimg.cn/crop.0.0.720.720.180/8a2fbdf1jw8eevl613qyuj20k00k0mxn.jpg?KID=imgbed,tva&Expires=1619211641&ssig=EG6sIKLtOK", "verified": false, "verified_type": -1, "followers_count": 339, "mbtype": 0, "profile_url": "https://m.weibo.cn/u/2318384625?uid=2318384625", "remark": "", "following": false, "follow_me": false}, "text": "\u56de\u590d<a href='https://m.weibo.cn/n/Bartola'>@Bartola</a>:\u610f\u5927\u5229\uff0c\u5df2\u7ecf\u6709\u62a5\u9053\u7684\u4e86", "reply_id": 4477392574148920, "reply_text": "\u56de\u590d<a href='https://m.weibo.cn/n/\u5927\u660e\u6e56\u7554\u7684\u5c0f\u79bd\u517d'>@\u5927\u660e\u6e56\u7554\u7684\u5c0f\u79bd\u517d</a>:\u90a3\u4f4d\u9003\u8dd1\u7684\u75c5\u4eba\u547c\u53eb\u7684\u8bed\u8a00\u90fd\u4e0d\u662f\u610f\u5927\u5229\u8bed\u554a\u2026\u2026\u4e00\u4e2a\ud83d\udcb6\u5e7f\u544a\u724c\u4e0d\u4ee3\u8868\u5730\u533a", "like_counts": 0, "liked": false}, {"id": 4477396918762771, "created_at": "2020-02-29", "source": "", "user": {"id": 5867243418, "screen_name": "\u4e39\u8bfa\u79cb\u98ce", "profile_image_url": "https://tvax1.sinaimg.cn/default/images/default_avatar_male_180.gif?KID=imgbed,tva&Expires=1619211641&ssig=hqtUJ5da0S", "verified": false, "verified_type": -1, "followers_count": 0, "mbtype": 0, "profile_url": "https://m.weibo.cn/u/5867243418?uid=5867243418", "remark": "", "following": false, "follow_me": false}, "text": "\u7b11\u4ec0\u4e48\uff0c\u4e2d\u56fd\u4e5f\u6709\u8fd9\u6837\u7684\u4eba\uff0c\u6b7b\u6d3b\u4e0d\u53bb\u9694\u79bb\uff0c\u751a\u81f3\u6253\u533b\u62a4\u4eba\u5458", "like_counts": 0, "liked": false}, {"id": 4477392746054825, "created_at": "2020-02-29", "source": "", "user": {"id": 7375689807, "screen_name": "\u52a0\u6cb9\u554a\u70ed\u5e72\u9762", "profile_image_url": "https://tvax4.sinaimg.cn/crop.0.0.996.996.180/00839DQPly8gg382jxzf1j30ro0ro3zv.jpg?KID=imgbed,tva&Expires=1619211641&ssig=BCr3Rspq1u", "verified": false, "verified_type": -1, "followers_count": 23, "mbtype": 2, "profile_url": "https://m.weibo.cn/u/7375689807?uid=7375689807", "remark": "", "following": false, "follow_me": false}, "text": "\u533b\u751f\u8dd1\u7684\u597d\u5feb\u554a\u3002\u3002\u3002\u3002\u3002", "like_counts": 0, "liked": false}, {"id": 4477392574148920, "created_at": "2020-02-29", "source": "", "user": {"id": 1906185097, "screen_name": "Bartola", "profile_image_url": "https://tva4.sinaimg.cn/crop.0.1.1242.1242.180/719e1389jw8fd1lnlpmq8j20yi0ykdin.jpg?KID=imgbed,tva&Expires=1619211641&ssig=SfKZDLJcnJ", "verified": false, "verified_type": -1, "followers_count": 691, "mbtype": 0, "profile_url": "https://m.weibo.cn/u/1906185097?uid=1906185097", "remark": "", "following": false, "follow_me": false}, "text": "\u56de\u590d<a href='https://m.weibo.cn/n/\u5927\u660e\u6e56\u7554\u7684\u5c0f\u79bd\u517d'>@\u5927\u660e\u6e56\u7554\u7684\u5c0f\u79bd\u517d</a>:\u90a3\u4f4d\u9003\u8dd1\u7684\u75c5\u4eba\u547c\u53eb\u7684\u8bed\u8a00\u90fd\u4e0d\u662f\u610f\u5927\u5229\u8bed\u554a\u2026\u2026\u4e00\u4e2a\ud83d\udcb6\u5e7f\u544a\u724c\u4e0d\u4ee3\u8868\u5730\u533a", "reply_id": 4477392162544567, "reply_text": "\u56de\u590d<a href='https://m.weibo.cn/n/Bartola'>@Bartola</a>:\u5e7f\u544a\u724c\u4e0a\u770b\u5230\u6b27\u5143\ud83d\udcb6\u6807\u4e86\uff0c\u5e94\u8be5\u662f\u6b27\u6d32\u6b27\u5143\u533a\u56fd\u5bb6", "like_counts": 0, "liked": false}, {"id": 4477392162544567, "created_at": "2020-02-29", "source": "", "user": {"id": 5823058628, "screen_name": "\u5927\u660e\u6e56\u7554\u7684\u5c0f\u79bd\u517d", "profile_image_url": "https://tvax1.sinaimg.cn/crop.0.0.888.888.180/006m4Xysly8gasejhae29j30oo0oogns.jpg?KID=imgbed,tva&Expires=1619211643&ssig=QppidGZkYd", "verified": false, "verified_type": -1, "followers_count": 51, "mbtype": 0, "profile_url": "https://m.weibo.cn/u/5823058628?uid=5823058628", "remark": "", "following": false, "follow_me": false}, "text": "\u56de\u590d<a href='https://m.weibo.cn/n/Bartola'>@Bartola</a>:\u5e7f\u544a\u724c\u4e0a\u770b\u5230\u6b27\u5143\ud83d\udcb6\u6807\u4e86\uff0c\u5e94\u8be5\u662f\u6b27\u6d32\u6b27\u5143\u533a\u56fd\u5bb6", "reply_id": 4477390036275152, "reply_text": "\u8fd9\u662f\u7f8e\u56fd\ud83c\uddfa\ud83c\uddf8\u5427\uff1f", "like_counts": 0, "liked": false}, {"id": 4477391805715849, "created_at": "2020-02-29", "source": "", "user": {"id": 2323162345, "screen_name": "\u5c04\u4ebaQ\u5ea7", "profile_image_url": "https://tva2.sinaimg.cn/crop.0.0.180.180.180/8a78a4e9jw1e8qgp5bmzyj2050050aa8.jpg?KID=imgbed,tva&Expires=1619211643&ssig=gJVoGtaHfm", "verified": false, "verified_type": -1, "followers_count": 9, "mbtype": 0, "profile_url": "https://m.weibo.cn/u/2323162345?uid=2323162345", "remark": "", "following": false, "follow_me": false}, "text": "\u591f\u62fc\uff0c\u4e3a\u767d\u8863\u5929\u4f7f\u70b9\u8d5e<span class=\"url-icon\"><img alt=[\u5141\u60b2] src=\"https://h5.sinaimg.cn/m/emoticon/icon/default/d_yunbei-a14a649db8.png\" style=\"width:1em; height:1em;\" /></span>", "like_counts": 0, "liked": false}, {"id": 4477391684133052, "created_at": "2020-02-29", "source": "", "user": {"id": 5657824640, "screen_name": "\u662f\u77f3\u7396\u554a", "profile_image_url": "https://tvax4.sinaimg.cn/crop.0.0.200.200.180/006aTEE8ly8ge0jfwgrr1j305k05mq38.jpg?KID=imgbed,tva&Expires=1619211643&ssig=uXd1Zun89H", "verified": false, "verified_type": -1, "followers_count": 39, "mbtype": 0, "profile_url": "https://m.weibo.cn/u/5657824640?uid=5657824640", "remark": "", "following": false, "follow_me": false}, "text": "<a href='https://m.weibo.cn/n/\u9017\u9017\u4e0d\u662f\u8c46\u8c46yu'>@\u9017\u9017\u4e0d\u662f\u8c46\u8c46yu</a>", "like_counts": 0, "liked": false}, {"id": 4477391424940103, "created_at": "2020-02-29", "source": "", "user": {"id": 5836459737, "screen_name": "\u8299\u82e5\u62c9\u63d0\u59ae", "profile_image_url": "https://tvax1.sinaimg.cn/crop.0.0.1080.1080.180/006mZbNnly8gfue640i2sj30u00u0ju4.jpg?KID=imgbed,tva&Expires=1619211643&ssig=Xjn8Cw%2FXKK", "verified": false, "verified_type": -1, "followers_count": 211, "mbtype": 0, "profile_url": "https://m.weibo.cn/u/5836459737?uid=5836459737", "remark": "", "following": false, "follow_me": false}, "text": "\u641e\u4ec0\u4e48\u98de\u673a", "like_counts": 0, "liked": false}, {"id": 4477390434359571, "created_at": "2020-02-29", "source": "", "user": {"id": 2864706462, "screen_name": "\u76f8\u9047\u5e03\u62c9\u683c", "profile_image_url": "https://tvax2.sinaimg.cn/crop.0.0.960.960.180/aabff39ely8fmzn27msrsj20qo0qo40o.jpg?KID=imgbed,tva&Expires=1619211643&ssig=8KYLdH3Daw", "verified": false, "verified_type": -1, "followers_count": 85, "mbtype": 0, "profile_url": "https://m.weibo.cn/u/2864706462?uid=2864706462", "remark": "", "following": false, "follow_me": false}, "text": "\u533b\u751f\u7a7f\u6210\u8fd9\u6837\u8fd8\u80fd\u8dd1\u8fd9\u4e48\u5feb\uff0c\u771f\u662f\u5389\u5bb3\ud83d\udc4d", "like_counts": 7, "liked": false}, {"id": 4477390036275152, "created_at": "2020-02-29", "source": "", "user": {"id": 1906185097, "screen_name": "Bartola", "profile_image_url": "https://tva4.sinaimg.cn/crop.0.1.1242.1242.180/719e1389jw8fd1lnlpmq8j20yi0ykdin.jpg?KID=imgbed,tva&Expires=1619211643&ssig=re%2FGMuCWcj", "verified": false, "verified_type": -1, "followers_count": 691, "mbtype": 0, "profile_url": "https://m.weibo.cn/u/1906185097?uid=1906185097", "remark": "", "following": false, "follow_me": false}, "text": "\u8fd9\u662f\u7f8e\u56fd\ud83c\uddfa\ud83c\uddf8\u5427\uff1f", "like_counts": 3, "liked": false}, {"id": 4477389361113606, "created_at": "2020-02-29", "source": "", "user": {"id": 1730880303, "screen_name": "\u6211\u662f\u6731\u76ae", "profile_image_url": "https://tvax2.sinaimg.cn/crop.0.0.1080.1080.180/672b232fly8gpn82gh0kij20u00u0ada.jpg?KID=imgbed,tva&Expires=1619211643&ssig=n8MSMHXxZl", "verified": false, "verified_type": 220, "followers_count": 480, "mbtype": 12, "profile_url": "https://m.weibo.cn/u/1730880303?uid=1730880303", "remark": "", "following": false, "follow_me": false}, "text": "\u4e58\u98de\u673a\u51fa\u9003\uff1f\u8fd9\u80fd\u8ffd\u7684\u4e0a\u5417", "like_counts": 0, "liked": false}, {"id": 4477388873976336, "created_at": "2020-02-29", "source": "", "user": {"id": 2105860023, "screen_name": "\u6ca1\u6709\u5f69\u8679\u5403\u7684\u957f\u9888\u9e7f", "profile_image_url": "https://tva4.sinaimg.cn/crop.0.0.180.180.180/7d84dfb7jw1e8qgp5bmzyj2050050aa8.jpg?KID=imgbed,tva&Expires=1619211643&ssig=EO0pYZj6F1", "verified": false, "verified_type": -1, "followers_count": 783, "mbtype": 2, "profile_url": "https://m.weibo.cn/u/2105860023?uid=2105860023", "remark": "", "following": false, "follow_me": false}, "text": "\u8fd9\u662f\u5728\u56fd\u5916\u5427", "like_counts": 0, "liked": false}, {"id": 4477388316525477, "created_at": "2020-02-29", "source": "", "user": {"id": 2945806573, "screen_name": "Missguozi", "profile_image_url": "https://tvax2.sinaimg.cn/crop.0.0.986.986.180/af9570edly8gjb0az0wscj20re0redhn.jpg?KID=imgbed,tva&Expires=1619211643&ssig=j11t0NlBw0", "verified": false, "verified_type": -1, "followers_count": 248, "mbtype": 0, "profile_url": "https://m.weibo.cn/u/2945806573?uid=2945806573", "remark": "", "following": false, "follow_me": false}, "text": "\u8bf4\u771f\u7684\uff0c\u867d\u7136\u597d\u7b11\uff0c\u4f46\u662f\u533b\u62a4\u4eba\u5458\u7a7f\u7740\u9632\u62a4\u670d\u8ffd\u4eba\u4e5f\u662f\u592a\u60e8\u4e86", "like_counts": 5, "liked": false}, {"id": 4477388140253437, "created_at": "2020-02-29", "source": "", "user": {"id": 6152475491, "screen_name": "asulami", "profile_image_url": "https://tvax3.sinaimg.cn/crop.0.0.1006.1006.180/006In9VFly8gb6kzml7vnj30ry0ry75e.jpg?KID=imgbed,tva&Expires=1619211643&ssig=Vt1jnMFW85", "verified": false, "verified_type": -1, "followers_count": 31, "mbtype": 0, "profile_url": "https://m.weibo.cn/u/6152475491?uid=6152475491", "remark": "", "following": false, "follow_me": false}, "text": "<a href='https://m.weibo.cn/n/\u4e0d\u6613\u71c3\u4e0d\u6613\u7206\u70b8'>@\u4e0d\u6613\u71c3\u4e0d\u6613\u7206\u70b8</a>", "like_counts": 0, "liked": false}, {"id": 4477387746030613, "created_at": "2020-02-29", "source": "", "user": {"id": 1785584212, "screen_name": "Emy_\u6b23\u5706", "profile_image_url": "https://tvax4.sinaimg.cn/crop.0.0.512.512.180/6a6dda54ly8g4b75zu0tzj20e80e8mxm.jpg?KID=imgbed,tva&Expires=1619211646&ssig=3PY%2Bghab%2Bj", "verified": false, "verified_type": 220, "followers_count": 663, "mbtype": 12, "profile_url": "https://m.weibo.cn/u/1785584212?uid=1785584212", "remark": "", "following": false, "follow_me": false}, "text": "<a href='https://m.weibo.cn/n/\u7231\u559d\u9614\u843d\u7684\u5c0f\u80d6\u5b50'>@\u7231\u559d\u9614\u843d\u7684\u5c0f\u80d6\u5b50</a>", "like_counts": 0, "liked": false}, {"id": 4477386764070739, "created_at": "2020-02-29", "source": "", "user": {"id": 1458329984, "screen_name": "\u501a\u5fae\u98ce2022", "profile_image_url": "https://tvax4.sinaimg.cn/crop.0.0.1006.1006.180/56ec5980ly8ggf531bqqlj20ry0rz3z4.jpg?KID=imgbed,tva&Expires=1619211646&ssig=zkB2Wwo1GH", "verified": false, "verified_type": -1, "followers_count": 40, "mbtype": 2, "profile_url": "https://m.weibo.cn/u/1458329984?uid=1458329984", "remark": "", "following": false, "follow_me": false}, "text": "\u5728\u4e2d\u56fd\u4f1a\u600e\u6837\uff1f\u5211\u62d8\u5427", "like_counts": 0, "liked": false}, {"id": 4477386281892834, "created_at": "2020-02-29", "source": "", "user": {"id": 5597128629, "screen_name": "\u846b\u82a6\u516b\u5a03\u82e6\u74dc", "profile_image_url": "https://tvax1.sinaimg.cn/crop.0.0.664.664.180/0066MYQdly8fdpod1idtaj30ig0igab1.jpg?KID=imgbed,tva&Expires=1619211646&ssig=RUCG2kd0gl", "verified": false, "verified_type": -1, "followers_count": 55, "mbtype": 2, "profile_url": "https://m.weibo.cn/u/5597128629?uid=5597128629", "remark": "", "following": false, "follow_me": false}, "text": "\u4e0d\u8be5\u5632\u7b11\u522b\u4eba \u4eba\u5bb6\u5236\u5ea6\u8ddf\u6211\u4eec\u4e0d\u540c\uff0c\u4ed6\u4eec\u4e0d\u592a\u4fe1\u4efbzf", "like_counts": 13, "liked": false}, {"id": 4477386177381858, "created_at": "2020-02-29", "source": "", "user": {"id": 6105757980, "screen_name": "Misshippo\u4eca\u5929\u4e5f\u4e0d\u60f3\u4e0a\u73ediu", "profile_image_url": "https://tvax3.sinaimg.cn/crop.0.0.896.896.180/006Fd8zqly8gnv6uf28uij30ow0owjta.jpg?KID=imgbed,tva&Expires=1619211646&ssig=9bsutUFUl0", "verified": false, "verified_type": -1, "followers_count": 65, "mbtype": 2, "profile_url": "https://m.weibo.cn/u/6105757980?uid=6105757980", "remark": "", "following": false, "follow_me": false}, "text": "\u8fd9\u4e48\u6c99\u96d5\uff0c\u4e0d\u6127\u662f\u610f\u5446\u5229", "like_counts": 1, "liked": false}, {"id": 4477385888049737, "created_at": "2020-02-29", "source": "", "user": {"id": 1016256121, "screen_name": "\u53ea\u7231\u67e0\u6aac\u8336418", "profile_image_url": "https://tvax1.sinaimg.cn/crop.0.0.1242.1242.180/3c92d679ly8fw99eaolqlj20yi0yita2.jpg?KID=imgbed,tva&Expires=1619211646&ssig=fEub8d2Ne2", "verified": false, "verified_type": -1, "followers_count": 161, "mbtype": 11, "profile_url": "https://m.weibo.cn/u/1016256121?uid=1016256121", "remark": "", "following": false, "follow_me": false}, "text": "\u533b\u62a4\u4eba\u5458\u592a\u96be\u4e86", "like_counts": 4, "liked": false}, {"id": 4477385682421046, "created_at": "2020-02-29", "source": "", "user": {"id": 6089101840, "screen_name": "linken21318", "profile_image_url": "https://tvax1.sinaimg.cn/default/images/default_avatar_male_180.gif?KID=imgbed,tva&Expires=1619211646&ssig=Fuvt6rwySs", "verified": false, "verified_type": -1, "followers_count": 19, "mbtype": 0, "profile_url": "https://m.weibo.cn/u/6089101840?uid=6089101840", "remark": "", "following": false, "follow_me": false}, "text": "\u56de\u590d<a href='https://m.weibo.cn/n/\u516b\u7ec4\u5154\u5a31\u4e50'>@\u516b\u7ec4\u5154\u5a31\u4e50</a>:\u8fd9\u79cd\u89c6\u9891\u771f\u7684\u53ef\u4ee5\u7528\u8fd9\u6837\u7684\u97f3\u4e50\u5417", "reply_id": 4477373213180116, "reply_text": "\u5c0f\u6837\u513f\uff0c\u8dd1\u5f97\u8fd8\u633a\u5feb\u554a\uff0c\u533b\u751f\u4e5f\u4e0d\u8d56\uff0c\u8dd1\u7684\u4e5f\u5feb\u54c8\u54c8\u54c8", "like_counts": 12, "liked": false}, {"id": 4477385468229022, "created_at": "2020-02-29", "source": "", "user": {"id": 5663516228, "screen_name": "\u59dc\u4e8c\u516d", "profile_image_url": "https://tvax2.sinaimg.cn/crop.0.0.996.996.180/006bhxhWly8ggzgx656xmj30ro0roq7g.jpg?KID=imgbed,tva&Expires=1619211646&ssig=fAvvvrXTX6", "verified": false, "verified_type": -1, "followers_count": 47, "mbtype": 2, "profile_url": "https://m.weibo.cn/u/5663516228?uid=5663516228", "remark": "", "following": false, "follow_me": false}, "text": "\u533b\u62a4\u4eba\u5458\u4e5f\u4e0d\u5bb9\u6613", "like_counts": 0, "liked": false}, {"id": 4477385397165245, "created_at": "2020-02-29", "source": "", "user": {"id": 6445738345, "screen_name": "\u67d219", "profile_image_url": "https://tvax3.sinaimg.cn/crop.0.0.996.996.180/0072dEZHly8gkpo1no0i8j30ro0rojwr.jpg?KID=imgbed,tva&Expires=1619211646&ssig=%2F9puw8lNeo", "verified": false, "verified_type": -1, "followers_count": 1, "mbtype": 0, "profile_url": "https://m.weibo.cn/u/6445738345?uid=6445738345", "remark": "", "following": false, "follow_me": false}, "text": "\u533b\u751f:\u505a\u533b\u751f\u592a\u96be\u4e86\uff0c\u8fd8\u8981\u505a\u957f\u8dd1\u8fd0\u52a8\u5458<span class=\"url-icon\"><img alt=[\u5141\u60b2] src=\"https://h5.sinaimg.cn/m/emoticon/icon/default/d_yunbei-a14a649db8.png\" style=\"width:1em; height:1em;\" /></span><span class=\"url-icon\"><img alt=[\u5141\u60b2] src=\"https://h5.sinaimg.cn/m/emoticon/icon/default/d_yunbei-a14a649db8.png\" style=\"width:1em; height:1em;\" /></span><span class=\"url-icon\"><img alt=[\u5141\u60b2] src=\"https://h5.sinaimg.cn/m/emoticon/icon/default/d_yunbei-a14a649db8.png\" style=\"width:1em; height:1em;\" /></span><span class=\"url-icon\"><img alt=[\u5141\u60b2] src=\"https://h5.sinaimg.cn/m/emoticon/icon/default/d_yunbei-a14a649db8.png\" style=\"width:1em; height:1em;\" /></span>", "like_counts": 0, "liked": false}, {"id": 4477385242505649, "created_at": "2020-02-29", "source": "", "user": {"id": 6314610628, "screen_name": "\u621132305201709", "profile_image_url": "https://tvax2.sinaimg.cn/crop.0.0.996.996.180/006TlsGwly8gimxn13ubej30ro0rowfo.jpg?KID=imgbed,tva&Expires=1619211646&ssig=LEu3v0CUWl", "verified": false, "verified_type": -1, "followers_count": 24, "mbtype": 0, "profile_url": "https://m.weibo.cn/u/6314610628?uid=6314610628", "remark": "", "following": false, "follow_me": false}, "text": "\u6ca1\u6709\u89c9\u5f97\u8fd9\u662f\u4e00\u4ef6\u5f88\u641e\u7b11\u7684\u4e8b\u60c5", "like_counts": 0, "liked": false}, {"id": 4477385204596424, "created_at": "2020-02-29", "source": "", "user": {"id": 5244139208, "screen_name": "\u7231\u732b\u4eba\u58eb___", "profile_image_url": "https://tvax1.sinaimg.cn/crop.0.0.1002.1002.180/005ITSasly8gjb9u6t2n8j30ru0ruq4k.jpg?KID=imgbed,tva&Expires=1619211648&ssig=Y4%2FjGw9mig", "verified": false, "verified_type": -1, "followers_count": 61, "mbtype": 2, "profile_url": "https://m.weibo.cn/u/5244139208?uid=5244139208", "remark": "", "following": false, "follow_me": false}, "text": "<a href='https://m.weibo.cn/n/\u62b1\u732b\u8f6f\u59b9___'>@\u62b1\u732b\u8f6f\u59b9___</a> \u597d\u641e\u7b11\u554a", "like_counts": 0, "liked": false}, {"id": 4477384390960663, "created_at": "2020-02-29", "source": "", "user": {"id": 6677237737, "screen_name": "-\u8431\u8349\u82b1-", "profile_image_url": "https://tvax2.sinaimg.cn/crop.0.0.996.996.180/007hT0yRly8gewhm4mworj30ro0ro3zz.jpg?KID=imgbed,tva&Expires=1619211648&ssig=1srjveG7pg", "verified": false, "verified_type": -1, "followers_count": 1454, "mbtype": 12, "profile_url": "https://m.weibo.cn/u/6677237737?uid=6677237737", "remark": "", "following": false, "follow_me": false}, "text": "\u54c8\u54c8\u54c8\u54c8", "like_counts": 0, "liked": false}, {"id": 4477383736800044, "created_at": "2020-02-29", "source": "", "user": {"id": 5311916912, "screen_name": "\u7426\u602a\u5973\u5b69\u4e0d\u5947\u602a", "profile_image_url": "https://tvax3.sinaimg.cn/crop.0.0.996.996.180/005Nugfely8gpmrmnehhqj30ro0rojux.jpg?KID=imgbed,tva&Expires=1619211648&ssig=W4MroB6pBf", "verified": false, "verified_type": -1, "followers_count": 130, "mbtype": 12, "profile_url": "https://m.weibo.cn/u/5311916912?uid=5311916912", "remark": "", "following": false, "follow_me": false}, "text": "\u8fd9\u672c\u6765\u662f\u4e2a\u5f88\u4e25\u8083\u7684\u4e8b\u60c5 \u53ef\u6211\u771f\u7684\u5fcd\u4e0d\u4f4f\u7b11\u51fa\u4e86\u58f0\u54c8\u54c8\u54c8\u54c8", "like_counts": 7, "liked": false}, {"id": 4477383169686809, "created_at": "2020-02-29", "source": "", "user": {"id": 5235403703, "screen_name": "Betterwithyou", "profile_image_url": "https://tvax2.sinaimg.cn/crop.0.0.1002.1002.180/005IjdFdly8ghe91bzz5fj30ru0rumz4.jpg?KID=imgbed,tva&Expires=1619211648&ssig=9uBFCWYr8S", "verified": false, "verified_type": -1, "followers_count": 2, "mbtype": 0, "profile_url": "https://m.weibo.cn/u/5235403703?uid=5235403703", "remark": "", "following": false, "follow_me": false}, "text": "\u4e8c\u54c8\u9752\u5e74\u6b22\u4e50\u591a\uff0c\u6211\u60f3\u5230\u56fd\u5185\u5f00\u8f66\u8dd1\u90a3\u54e5\u4eec\uff0c\u4e0d\u77e5\u9053\u786e\u8bca\u4e86\u5417\uff1f\u90fd\u671b\u5e73\u5b89\u3002", "like_counts": 0, "liked": false}, {"id": 4477382826184504, "created_at": "2020-02-29", "source": "", "user": {"id": 1028991024, "screen_name": "xufenfei", "profile_image_url": "https://tvax4.sinaimg.cn/crop.0.0.986.986.180/3d552830ly8gjjc6k0rfpj20re0redgs.jpg?KID=imgbed,tva&Expires=1619211648&ssig=a4LSc%2BhmQu", "verified": false, "verified_type": -1, "followers_count": 512, "mbtype": 12, "profile_url": "https://m.weibo.cn/u/1028991024?uid=1028991024", "remark": "", "following": false, "follow_me": false}, "text": "\u4e3a\u5565\u8981\u8dd1\uff1f", "like_counts": 0, "liked": false}, {"id": 4477382578440856, "created_at": "2020-02-29", "source": "", "user": {"id": 2741362950, "screen_name": "\u963f\u62c9\u5584\u5927\u9992\u5934", "profile_image_url": "https://tvax1.sinaimg.cn/crop.0.0.750.750.180/a365e106ly8gmno4bkwt8j20ku0ku3z4.jpg?KID=imgbed,tva&Expires=1619211648&ssig=A%2FctxxT9Fi", "verified": false, "verified_type": -1, "followers_count": 61, "mbtype": 2, "profile_url": "https://m.weibo.cn/u/2741362950?uid=2741362950", "remark": "", "following": false, "follow_me": false}, "text": "\u83ab\u540d\u7684\u559c\u611f\u600e\u4e48\u56de\u4e8bu", "like_counts": 2, "liked": false}, {"id": 4477380494422846, "created_at": "2020-02-29", "source": "", "user": {"id": 1470705507, "screen_name": "\u4e00\u6ef4\u9e21\u8305_mao", "profile_image_url": "https://tvax4.sinaimg.cn/crop.0.0.829.829.180/57a92f63ly8gbygppd1krj20n10n1jsb.jpg?KID=imgbed,tva&Expires=1619211648&ssig=YlOMeFF03B", "verified": false, "verified_type": -1, "followers_count": 693, "mbtype": 0, "profile_url": "https://m.weibo.cn/u/1470705507?uid=1470705507", "remark": "", "following": false, "follow_me": false}, "text": "\u8fd9\u96c6\u6211\u4e5f\u770b\u8fc7\u4e86", "like_counts": 0, "liked": false}, {"id": 4477380330412340, "created_at": "2020-02-29", "source": "", "user": {"id": 1687750555, "screen_name": "\u90d7\u66fc\u66fc\u66fc", "profile_image_url": "https://tvax4.sinaimg.cn/crop.0.0.812.812.180/6499079bly8ga9fdkwm1aj20mk0mkacd.jpg?KID=imgbed,tva&Expires=1619211648&ssig=GHv91zc2bP", "verified": false, "verified_type": 220, "followers_count": 464, "mbtype": 0, "profile_url": "https://m.weibo.cn/u/1687750555?uid=1687750555", "remark": "", "following": false, "follow_me": false}, "text": "<a href='https://m.weibo.cn/n/Mo-san'>@Mo-san</a> <a href='https://m.weibo.cn/n/\u857e\u96e8\u751c'>@\u857e\u96e8\u751c</a>", "like_counts": 0, "liked": false}, {"id": 4477379957692256, "created_at": "2020-02-29", "source": "", "user": {"id": 5554349242, "screen_name": "\u65f6\u5c1a\u5c0f\u8336\u8336", "profile_image_url": "https://tvax4.sinaimg.cn/crop.0.0.664.664.180/0063TtY6ly8fdy3mzvtc4j30ig0igt91.jpg?KID=imgbed,tva&Expires=1619211648&ssig=4hKgC3%2BbyR", "verified": false, "verified_type": -1, "followers_count": 185, "mbtype": 0, "profile_url": "https://m.weibo.cn/u/5554349242?uid=5554349242", "remark": "", "following": false, "follow_me": false}, "text": "\u6ca1\u75c5\uff0c\u8dd1\u5f97\u90a3\u4e48\u5feb<span class=\"url-icon\"><img alt=[\u7b11cry] src=\"https://h5.sinaimg.cn/m/emoticon/icon/default/d_xiaoku-f2bd11b506.png\" style=\"width:1em; height:1em;\" /></span>", "like_counts": 0, "liked": false}, {"id": 4477379710238655, "created_at": "2020-02-29", "source": "", "user": {"id": 6195836835, "screen_name": "\u5200\u524a\u9762\u76d6\u996d", "profile_image_url": "https://tvax3.sinaimg.cn/crop.0.0.180.180.180/006Lj6cbly8fjzpxn5t1cj305k05kq34.jpg?KID=imgbed,tva&Expires=1619211650&ssig=IhuS%2Fp8sFf", "verified": false, "verified_type": -1, "followers_count": 67, "mbtype": 0, "profile_url": "https://m.weibo.cn/u/6195836835?uid=6195836835", "remark": "", "following": false, "follow_me": false}, "text": "\u8fd9\u4f53\u529b \u8fd9\u80ba\u6d3b\u91cf \u80af\u5b9a\u4e0d\u662f", "like_counts": 1, "liked": false}, {"id": 4477379613006139, "created_at": "2020-02-29", "source": "", "user": {"id": 6078631845, "screen_name": "\u677e\u5188\u8309\u8389\u5b50", "profile_image_url": "https://tvax1.sinaimg.cn/crop.0.0.996.996.180/006DnjP7ly8gjj6683aw0j30ro0rodhj.jpg?KID=imgbed,tva&Expires=1619211650&ssig=oP%2Ftok72wt", "verified": false, "verified_type": -1, "followers_count": 239, "mbtype": 2, "profile_url": "https://m.weibo.cn/u/6078631845?uid=6078631845", "remark": "", "following": false, "follow_me": false}, "text": "\u4e0d\u597d\u7b11\u633a\u751f\u6c14\u7684<span class=\"url-icon\"><img alt=[\u62dc\u62dc] src=\"https://h5.sinaimg.cn/m/emoticon/icon/default/d_baibai-8bfa9c2a4f.png\" style=\"width:1em; height:1em;\" /></span>", "like_counts": 0, "liked": false}, {"id": 4477377981400716, "created_at": "2020-02-29", "source": "", "user": {"id": 2308589795, "screen_name": "Hey-July07", "profile_image_url": "https://tvax4.sinaimg.cn/crop.0.0.1080.1080.180/899a48e3ly8gnrcnszqi6j20u00u0abo.jpg?KID=imgbed,tva&Expires=1619211650&ssig=dkfkmwsOXT", "verified": false, "verified_type": 220, "followers_count": 596, "mbtype": 0, "profile_url": "https://m.weibo.cn/u/2308589795?uid=2308589795", "remark": "", "following": false, "follow_me": false}, "text": "\u54c8\u54c8\u54c8 \u8fd8\u7a7f\u4e2a\u77ed\u88e4", "like_counts": 0, "liked": false}, {"id": 4477374072328915, "created_at": "2020-02-29", "source": "", "user": {"id": 5882044611, "screen_name": "\u6211\u4e0d\u662fVikingG", "profile_image_url": "https://tvax4.sinaimg.cn/crop.0.0.664.664.180/006q4svhly8gm8pd18kysj30ig0igwep.jpg?KID=imgbed,tva&Expires=1619211650&ssig=pAKo9CgNuA", "verified": false, "verified_type": -1, "followers_count": 196, "mbtype": 12, "profile_url": "https://m.weibo.cn/u/5882044611?uid=5882044611", "remark": "", "following": false, "follow_me": false}, "text": "\u4ed6\u4eec\u90a3\u91cc\u4e0d\u514d\u8d39\u5427\uff1f", "like_counts": 0, "liked": false}, {"id": 4477373355201924, "created_at": "2020-02-29", "source": "", "user": {"id": 7329797589, "screen_name": "\u5ba2\u5c18zsy", "profile_image_url": "https://tvax2.sinaimg.cn/crop.0.0.1080.1080.180/008035bLly8g9i4d3epozj30u00u0jst.jpg?KID=imgbed,tva&Expires=1619211650&ssig=Gohm0%2BrlrI", "verified": true, "verified_type": 0, "followers_count": 10051, "verified_type_ext": 0, "mbtype": 12, "profile_url": "https://m.weibo.cn/u/7329797589?uid=7329797589", "remark": "", "following": false, "follow_me": false}, "text": "\u8dd1\u5f97\u597d\u5feb\u5440\u3002", "like_counts": 0, "liked": false}, {"id": 4477373234221381, "created_at": "2020-02-29", "source": "", "user": {"id": 5228699702, "screen_name": "\u679c\u513f\u8d70\u4e16\u754c", "profile_image_url": "https://tva1.sinaimg.cn/crop.0.0.664.664.180/005HR5Eajw8f5mv7hy2c3j30ig0igdgt.jpg?KID=imgbed,tva&Expires=1619211650&ssig=oix5ftQzp1", "verified": false, "verified_type": -1, "followers_count": 2653, "mbtype": 0, "profile_url": "https://m.weibo.cn/u/5228699702?uid=5228699702", "remark": "", "following": false, "follow_me": false}, "text": "\u8ffd\u4e0a\u4e86\u67aa\u6bd9", "like_counts": 0, "liked": false}, {"id": 4477373233688437, "created_at": "2020-02-29", "source": "", "user": {"id": 7338773560, "screen_name": "\u7480\u74a8\u4eba\u751f\u964c\u8def", "profile_image_url": "https://tvax2.sinaimg.cn/crop.0.0.996.996.180/0080EKfuly8gau0sf5mw2j30ro0roac9.jpg?KID=imgbed,tva&Expires=1619211650&ssig=BVxnd%2BArco", "verified": false, "verified_type": -1, "followers_count": 1527, "mbtype": 0, "profile_url": "https://m.weibo.cn/u/7338773560?uid=7338773560", "remark": "", "following": false, "follow_me": false}, "text": "\u4e3a\u4ec0\u4e48\u8dd1\u5462\uff0c\u914d\u5408\u4e00\u4e0b\u4e0d\u662f\u66f4\u597d\u5417", "like_counts": 38, "liked": false}, {"id": 4477373225463984, "created_at": "2020-02-29", "source": "", "user": {"id": 6894487682, "screen_name": "__\u4f50\u4e3f\u85cd\u8a00", "profile_image_url": "https://tvax2.sinaimg.cn/crop.0.0.751.751.180/007wAzcely8gopdd1j0g3j30kv0kvwfc.jpg?KID=imgbed,tva&Expires=1619211652&ssig=R46VaOaxMJ", "verified": false, "verified_type": -1, "followers_count": 11034, "mbtype": 2, "profile_url": "https://m.weibo.cn/u/6894487682?uid=6894487682", "remark": "", "following": false, "follow_me": false}, "text": "\u54c8\u54c8\u8dd1\u7684\u5fd2\u5feb\u4e86\u5427", "like_counts": 0, "liked": false}, {"id": 4477373213180116, "created_at": "2020-02-29", "source": "", "user": {"id": 5974740641, "screen_name": "\u516b\u7ec4\u5154\u5a31\u4e50", "profile_image_url": "https://tvax2.sinaimg.cn/crop.0.0.1080.1080.180/006wloYxly8g7umwjkhf3j30u00u0whj.jpg?KID=imgbed,tva&Expires=1619211652&ssig=AK4NIRt1u4", "verified": true, "verified_type": 0, "followers_count": 1403639, "verified_type_ext": 1, "mbtype": 12, "profile_url": "https://m.weibo.cn/u/5974740641?uid=5974740641", "remark": "", "following": false, "follow_me": false}, "text": "\u5c0f\u6837\u513f\uff0c\u8dd1\u5f97\u8fd8\u633a\u5feb\u554a\uff0c\u533b\u751f\u4e5f\u4e0d\u8d56\uff0c\u8dd1\u7684\u4e5f\u5feb\u54c8\u54c8\u54c8", "like_counts": 120, "liked": false}, {"id": 4477373150306675, "created_at": "2020-02-29", "source": "", "user": {"id": 2431161593, "screen_name": "\u9896\u96efangel", "profile_image_url": "https://tva2.sinaimg.cn/crop.0.0.720.720.180/90e894f9jw8exiaa2kituj20k00k1t9c.jpg?KID=imgbed,tva&Expires=1619211652&ssig=AJa1GIv%2F4l", "verified": false, "verified_type": -1, "followers_count": 362, "mbtype": 0, "profile_url": "https://m.weibo.cn/u/2431161593?uid=2431161593", "remark": "", "following": false, "follow_me": false}, "text": "\u4f60\u662f\u6765\u641e\u7b11\u7684\u5417", "like_counts": 0, "liked": false}, {"id": 4477373145733000, "created_at": "2020-02-29", "source": "", "user": {"id": 7333962486, "screen_name": "\u5c0f\u5b87\u5e78\u798fkl", "profile_image_url": "https://tvax2.sinaimg.cn/crop.0.0.996.996.180/0080kyFwly8gaibb1wczij30ro0rojub.jpg?KID=imgbed,tva&Expires=1619211652&ssig=WEIWN5G7m3", "verified": true, "verified_type": 0, "followers_count": 2152, "verified_type_ext": 0, "mbtype": 11, "profile_url": "https://m.weibo.cn/u/7333962486?uid=7333962486", "remark": "", "following": false, "follow_me": false}, "text": "\u8dd1\u7684\u90a3\u4e48\u5feb\u554a", "like_counts": 0, "liked": false}, {"id": 4477373078519880, "created_at": "2020-02-29", "source": "", "user": {"id": 5337088902, "screen_name": "\u8f7b\u63cf\u6de1\u5199\u7684\u522b\u79bbS", "profile_image_url": "https://tva3.sinaimg.cn/crop.0.0.100.100.180/005PbSD4jw8emqey9liy0j302s02sq2q.jpg?KID=imgbed,tva&Expires=1619211652&ssig=%2B0PiTpbpXV", "verified": false, "verified_type": -1, "followers_count": 1286, "mbtype": 0, "profile_url": "https://m.weibo.cn/u/5337088902?uid=5337088902", "remark": "", "following": false, "follow_me": false}, "text": "\u8f9b\u82e6\u4e86\u533b\u62a4\u4eba\u5458\u554a", "like_counts": 0, "liked": false}, {"id": 4477373053000171, "created_at": "2020-02-29", "source": "", "user": {"id": 5309326444, "screen_name": "\u53f6\u5b501116", "profile_image_url": "https://tvax4.sinaimg.cn/crop.0.0.1002.1002.180/005Njoluly8gf0fm84c9dj30ru0ruwh5.jpg?KID=imgbed,tva&Expires=1619211652&ssig=YN5WV%2BBAeA", "verified": false, "verified_type": -1, "followers_count": 1138, "mbtype": 0, "profile_url": "https://m.weibo.cn/u/5309326444?uid=5309326444", "remark": "", "following": false, "follow_me": false}, "text": "\u8fd9\u4e2a\u771f\u7684\u4e0d\u5bf9", "like_counts": 0, "liked": false}, {"id": 4477373045212560, "created_at": "2020-02-29", "source": "", "user": {"id": 7351705863, "screen_name": "\u4e00\u5b9a\u8981\u66f4\u597d\u5416\u5416", "profile_image_url": "https://tvax4.sinaimg.cn/crop.0.0.512.512.180/0081x0x1ly8g9qy36695ij30e80e8jrw.jpg?KID=imgbed,tva&Expires=1619211652&ssig=AazvoWAsSS", "verified": true, "verified_type": 0, "followers_count": 1248, "verified_type_ext": 0, "mbtype": 2, "profile_url": "https://m.weibo.cn/u/7351705863?uid=7351705863", "remark": "", "following": false, "follow_me": false}, "text": "\u6ce8\u610f\u79d1\u666e\u9632\u75ab\u77e5\u8bc6", "like_counts": 0, "liked": false}]