[{"id": 4494349843064240, "created_at": "2020-04-16", "source": "", "user": {"id": 2935737015, "screen_name": "\u5976\u4e00\u53e3\u5c0f\u4fca-", "profile_image_url": "https://tvax4.sinaimg.cn/crop.0.0.828.828.180/aefbcab7ly8gi512q4s67j20n00n0q3z.jpg?KID=imgbed,tva&Expires=1619216498&ssig=Ggj2Dm9w1O", "verified": true, "verified_type": 0, "followers_count": 12407, "verified_type_ext": 0, "mbtype": 12, "profile_url": "https://m.weibo.cn/u/2935737015?uid=2935737015", "remark": "", "following": false, "follow_me": false}, "text": "10w", "like_counts": 0, "liked": false}, {"id": 4494349100905469, "created_at": "2020-04-16", "source": "", "user": {"id": 2276880440, "screen_name": "hellokarrybaby", "profile_image_url": "https://tvax4.sinaimg.cn/crop.0.0.828.828.180/87b67038ly8gm6r6qwthhj20n00n0myh.jpg?KID=imgbed,tva&Expires=1619216498&ssig=1PAff8JTt8", "verified": true, "verified_type": 0, "followers_count": 12197, "verified_type_ext": 0, "mbtype": 12, "profile_url": "https://m.weibo.cn/u/2276880440?uid=2276880440", "remark": "", "following": false, "follow_me": false}, "text": "<a class='k' href='https://m.weibo.cn/search?containerid=231522type%3D1%26t%3D10%26q%3D%23%E9%A5%AE%E9%85%92%E5%A2%9E%E5%8A%A0%E6%84%9F%E6%9F%93%E6%96%B0%E5%86%A0%E7%97%85%E6%AF%92%E9%A3%8E%E9%99%A9%23'>#\u996e\u9152\u589e\u52a0\u611f\u67d3\u65b0\u51a0\u75c5\u6bd2\u98ce\u9669#</a> \u8fd9\u4e2atag\u5e94\u8be5\u8ba9\u5bb6\u91cc\u7231\u559d\u9152\u7684\u4eba\u770b\u770b\uff0c\u90fd\u6ce8\u610f\u6ce8\u610f<span class=\"url-icon\"><img alt=[\u5e76\u4e0d\u7b80\u5355] src=\"https://h5.sinaimg.cn/m/emoticon/icon/default/d_bingbujiandan-9955880b30.png\" style=\"width:1em; height:1em;\" /></span>", "like_counts": 1, "liked": false}, {"id": 4494342985190809, "created_at": "2020-04-16", "source": "", "user": {"id": 2935737015, "screen_name": "\u5976\u4e00\u53e3\u5c0f\u4fca-", "profile_image_url": "https://tvax4.sinaimg.cn/crop.0.0.828.828.180/aefbcab7ly8gi512q4s67j20n00n0q3z.jpg?KID=imgbed,tva&Expires=1619216498&ssig=Ggj2Dm9w1O", "verified": true, "verified_type": 0, "followers_count": 12407, "verified_type_ext": 0, "mbtype": 12, "profile_url": "https://m.weibo.cn/u/2935737015?uid=2935737015", "remark": "", "following": false, "follow_me": false}, "text": "5.7", "like_counts": 1, "liked": false}]