[{"visible": {"type": 0, "list_id": 0}, "created_at": "Thu Jul 09 14:50:13 +0800 2020", "id": "4524789782152363", "mid": "4524789782152363", "can_edit": false, "version": 1, "show_additional_indication": 0, "text": "\u3010<a  href=\"https://m.weibo.cn/search?containerid=231522type%3D1%26t%3D10%26q%3D%23911%E4%BA%8B%E4%BB%B6%E5%B9%B8%E5%AD%98%E8%80%85%E5%9B%A0%E6%84%9F%E6%9F%93%E6%96%B0%E5%86%A0%E5%8E%BB%E4%B8%96%23&extparam=%23911%E4%BA%8B%E4%BB%B6%E5%B9%B8%E5%AD%98%E8%80%85%E5%9B%A0%E6%84%9F%E6%9F%93%E6%96%B0%E5%86%A0%E5%8E%BB%E4%B8%96%23\" data-hide=\"\"><span class=\"surl-text\">#911\u4e8b\u4ef6\u5e78\u5b58\u8005\u56e0\u611f\u67d3\u65b0\u51a0\u53bb\u4e16#</span></a> \u66fe\u56e0\u9003\u51fa\u5927\u697c\u65f6\u88ab\u8bb0\u8005\u62cd\u4e0b\u800c\u767b\u4e0a\u62a5\u7eb8\u5934\u7248\u3011\u636e\u7f8e\u5a92\u6d88\u606f\uff0c78\u5c81\u7684\u7f8e\u56fd\u7535\u6c14\u5de5\u7a0b\u5e08\u53f2\u8482\u82ac\u2022\u5e93\u4f2f\u56e0\u611f\u67d3\u65b0\u51a0\u80ba\u708e\u4e0d\u5e78\u5728\u4f5b\u7f57\u91cc\u8fbe\u53bb\u4e16\uff0c\u4eab\u5e7478\u5c81\u30022001\u5e749\u670811\u65e5\uff0c\u4f4d\u4e8e\u7f8e\u56fd\u7ebd\u7ea6\u66fc\u54c8\u987f\u7684\u4e16\u8d38\u4e2d\u5fc3\u5927\u53a6\u906d\u9047\u6050\u6016\u4e3b\u4e49\u88ad\u51fb\u3002\u5f53\u65f6\uff0c\u5e93\u4f2f\u6b63\u62ff\u7740\u4e00\u4e2a\u4fe1\u5c01\u6b65\u884c\uff0c\u7a81\u7136\u542c\u5230\u8b66\u5bdf\u5927\u58f0\u558a\u5feb\u8dd1\u540e ...<a href=\"/status/4524789782152363\">\u5168\u6587</a>", "textLength": 425, "source": "\u5fae\u535a\u89c6\u9891\u53f7", "favorited": false, "pic_ids": [], "pic_types": "", "is_paid": false, "mblog_vip_type": 0, "user": {"id": 1845864154, "screen_name": "\u770b\u770b\u65b0\u95fbKNEWS", "profile_image_url": "https://tvax3.sinaimg.cn/crop.0.0.828.828.180/6e05a6daly8gdi6rq6c6ej20n00n0q3o.jpg?KID=imgbed,tva&Expires=1619179307&ssig=dwXxUjjM2v", "profile_url": "https://m.weibo.cn/u/1845864154?uid=1845864154", "statuses_count": 87000, "verified": true, "verified_type": 3, "verified_type_ext": 0, "verified_reason": "\u4e0a\u6d77\u5e7f\u64ad\u7535\u89c6\u53f0\u770b\u770b\u65b0\u95fbKNEWS\u5b98\u65b9\u5fae\u535a", "close_blue_v": false, "description": "\u6b22\u8fce\u7206\u6599\u63d0\u4f9b\u5404\u79cd\u65b0\u95fb\u7ebf\u7d22\uff0c\u4f60\u7684\u58f0\u97f3\uff0c\u5c06\u76f4\u8fbe\u5e7f\u64ad\u4e0e\u7535\u89c6\u65b0\u95fb\u4e2d\u5fc3\u3002", "gender": "m", "mbtype": 12, "urank": 48, "mbrank": 7, "follow_me": false, "following": false, "followers_count": 13973613, "follow_count": 1006, "cover_image_phone": "https://tva1.sinaimg.cn/crop.0.0.640.640.640/549d0121tw1egm1kjly3jj20hs0hsq4f.jpg", "avatar_hd": "https://wx3.sinaimg.cn/orj480/6e05a6daly8gdi6rq6c6ej20n00n0q3o.jpg", "like": false, "like_me": false, "badge": {"bind_taobao": 1, "dzwbqlx_2016": 1, "follow_whitelist_video": 1, "video_attention": 4, "user_name_certificate": 1, "wenchuan_10th": 1, "qixi_2018": 1, "memorial_2018": 1, "denglong_2019": 1, "china_2019": 1, "hongkong_2019": 1, "rrgyj_2019": 1, "shuang11_2019": 1, "gongjiri_2019": 1, "macao_2019": 1, "china_2019_2": 1, "hongbao_2020": 2, "feiyan_2020": 1, "pc_new": 6, "school_2020": 1, "weibozhiyexianxia_2021": 1}}, "reposts_count": 6, "comments_count": 12, "attitudes_count": 28, "pending_approval_count": 0, "isLongText": true, "reward_exhibition_type": 0, "hide_flag": 0, "mlevel": 0, "darwin_tags": [], "mblogtype": 0, "more_info_type": 0, "cardid": "star_583", "content_auth": 0, "safe_tags": 131072, "pic_num": 0, "page_info": {"type": "video", "object_type": 11, "url_ori": "http://t.cn/A6yIJ2XR", "page_pic": {"width": 640, "url": "https://imgaliyuncdn.miaopai.com/images/ohd8GounIWPgP1mb0XN59D8JNu0CgZ7bxU~E0A___PuWx_4.jpg", "height": 360}, "page_url": "https://weibo.cn/sinaurl?u=http%3A%2F%2Fmiaopai.com%2Fshow%2Fohd8GounIWPgP1mb0XN59D8JNu0CgZ7bxU%7EE0A__.htm", "object_id": "2017607:4524766413914114", "page_title": "\u5168\u7403\u773cNews\u7684\u79d2\u62cd\u89c6\u9891", "title": "\u7f8e\u56fd\u7537\u5b50\u9003\u8fc7\u201c911\u201d 19\u5e74\u540e\u6ca1\u9003\u8fc7\u65b0\u51a0\u75c5\u6bd2\u53bb\u4e16", "content1": "\u5168\u7403\u773cNews\u7684\u79d2\u62cd\u89c6\u9891", "content2": "\u7f8e\u56fd\u7537\u5b50\u9003\u8fc7\u201c911\u201d 19\u5e74\u540e\u6ca1\u9003\u8fc7\u65b0\u51a0\u75c5\u6bd2\u53bb\u4e16 via@\u5168\u7403\u773cNews", "video_orientation": "horizontal", "play_count": "5\u4e07\u6b21\u64ad\u653e", "media_info": {"stream_url": "http://miaopai.video.weibocdn.com/R2s3y6iBlx07EHtZAH8c01041200avNg0E013.mp4?label=mp4_ld&template=640x360.25.0&trans_finger=40a32e8439c5409a63ccf853562a60ef&ori=0&ps=1BThihd3VLAY5R&Expires=1619172107&ssig=1VARMCOxJI&KID=unistore,video", "stream_url_hd": "http://miaopai.video.weibocdn.com/VvLdun44lx07EHtZVMAM01041200fUF90E013.mp4?label=mp4_hd&template=852x480.25.0&trans_finger=62b30a3f061b162e421008955c73f536&ori=0&ps=1BThihd3VLAY5R&Expires=1619172107&ssig=Q3Yn%2FF0nIv&KID=unistore,video", "duration": 71.214}, "urls": {"mp4_720p_mp4": "http://miaopai.video.weibocdn.com/fDYBQ42Flx07EHu1haYo01041200v2N20E013.mp4?label=mp4_720p&template=1280x720.25.0&trans_finger=1f0da16358befad33323e3a1b7f95fc9&ori=0&ps=1BThihd3VLAY5R&Expires=1619172107&ssig=r7nlv1wszG&KID=unistore,video", "mp4_hd_mp4": "http://miaopai.video.weibocdn.com/VvLdun44lx07EHtZVMAM01041200fUF90E013.mp4?label=mp4_hd&template=852x480.25.0&trans_finger=62b30a3f061b162e421008955c73f536&ori=0&ps=1BThihd3VLAY5R&Expires=1619172107&ssig=Q3Yn%2FF0nIv&KID=unistore,video", "mp4_ld_mp4": "http://miaopai.video.weibocdn.com/R2s3y6iBlx07EHtZAH8c01041200avNg0E013.mp4?label=mp4_ld&template=640x360.25.0&trans_finger=40a32e8439c5409a63ccf853562a60ef&ori=0&ps=1BThihd3VLAY5R&Expires=1619172107&ssig=1VARMCOxJI&KID=unistore,video"}}, "bid": "JaoTw91Vx"}, {"visible": {"type": 0, "list_id": 0}, "created_at": "Fri Jul 10 07:54:24 +0800 2020", "id": "4525047529715363", "mid": "4525047529715363", "can_edit": false, "show_additional_indication": 0, "text": "\u8f6c\u53d1\u5fae\u535a", "source": "\u5c0f\u7c739 Pro 5G", "favorited": false, "pic_ids": [], "pic_types": "", "is_paid": false, "mblog_vip_type": 0, "user": {"id": 5239120924, "screen_name": "\u5927\u5bcc\u8c6avIp", "profile_image_url": "https://tvax1.sinaimg.cn/crop.0.0.1002.1002.180/005IyOGoly8g6y5px732pj30ru0ruwiv.jpg?KID=imgbed,tva&Expires=1619179307&ssig=hhObUCNUfl", "profile_url": "https://m.weibo.cn/u/5239120924?uid=5239120924", "statuses_count": 71490, "verified": false, "verified_type": -1, "close_blue_v": false, "description": "", "gender": "m", "mbtype": 0, "urank": 36, "mbrank": 0, "follow_me": false, "following": false, "followers_count": 375, "follow_count": 571, "cover_image_phone": "https://tva2.sinaimg.cn/crop.0.0.640.640.640/a1d3feabjw1ecassls6b2j20hs0hsq50.jpg", "avatar_hd": "https://wx1.sinaimg.cn/orj480/005IyOGoly8g6y5px732pj30ru0ruwiv.jpg", "like": false, "like_me": false, "badge": {"bind_taobao": 1, "zongyiji": 1, "unread_pool": 1, "unread_pool_ext": 1, "dzwbqlx_2016": 1, "super_star_2017": 1, "travel_2017": 1, "user_name_certificate": 1, "suishoupai_2018": 6, "wenchuan_10th": 1, "super_star_2018": 1, "worldcup_2018": 34, "dailv_2018": 4, "asiad_2018": 1, "qixi_2018": 1, "national_day_2018": 1, "double11_2018": 1, "memorial_2018": 1, "hongbaofei_2019": 1, "denglong_2019": 1, "suishoupai_2019": 1, "wusi_2019": 1, "hongrenjie_2019": 1, "china_2019": 1, "hongkong_2019": 1, "shuang11_2019": 1, "macao_2019": 1, "china_2019_2": 1, "hongbao_2020": 1, "feiyan_2020": 1, "kangyi_2020": 1, "graduation_2020": 1, "mi_2020": 1, "school_2020": 1, "china_2020": 1, "hongbaofeifuniu_2021": 1, "lvzhilingyang_2021": 1}}, "reposts_count": 0, "comments_count": 0, "attitudes_count": 0, "pending_approval_count": 0, "isLongText": false, "reward_exhibition_type": 0, "hide_flag": 0, "mlevel": 0, "darwin_tags": [], "mblogtype": 0, "more_info_type": 0, "number_display_strategy": {"apply_scenario_flag": 3, "display_text_min_number": 1000000, "display_text": "100\u4e07+"}, "content_auth": 0, "repost_type": 1, "pic_num": 0, "alchemy_params": {"ug_red_envelope": false}, "raw_text": "\u8f6c\u53d1\u5fae\u535a", "bid": "JavBeELpp"}, {"visible": {"type": 0, "list_id": 0}, "created_at": "Thu Jul 09 20:12:59 +0800 2020", "id": "4524871008478877", "mid": "4524871008478877", "can_edit": false, "show_additional_indication": 0, "text": "\u6700\u7ec8\u8fd8\u662f\u6ca1\u80fd\u9003\u8fc7\u7f8e\u56fd\u81ea\u5df1\u7684\u9634\u8c0b", "source": "iPhone\u5ba2\u6237\u7aef", "favorited": false, "pic_ids": [], "pic_types": "", "is_paid": false, "mblog_vip_type": 0, "user": {"id": 1846176440, "screen_name": "\u5218\u832b\u513f", "profile_image_url": "https://tvax4.sinaimg.cn/crop.0.0.1080.1080.180/6e0a6ab8ly8giflc74rdpj20u00u0gp8.jpg?KID=imgbed,tva&Expires=1619179307&ssig=bgcOWhTdA8", "profile_url": "https://m.weibo.cn/u/1846176440?uid=1846176440", "statuses_count": 20944, "verified": true, "verified_type": 0, "verified_type_ext": 0, "verified_reason": "\u8d85\u8bdd\u7c89\u4e1d\u5927\u5496\uff08\u914d\u97f3\u6f14\u5458\u5218\u579a\u8d85\u8bdd\uff09", "close_blue_v": false, "description": "\u5218\u579a\uff0c\u4e2a\u6027\u6f14\u5458\u53ca\u914d\u97f3\u6f14\u5458\u3002\u53f2\u83b1\u59c6\u7ea7\u6f14\u5458\u3001\u672a\u5a5a\u5df2\u88ab\u5168\u56fd\u4eba\u6c11\u79f0\u4e3a\u201c\u7238\u7238\u201d\u768476\u58f0\u6f14\u3001\u9c81\u73ed\u4e03\u53f7\u4eba\u95f4\u4f53\u3001\u7231\u72d7\u800c\u6210\u4e3a\u201c\u5317\u72d7\u3001\u91ce\u72d7\u516c\u7235\u201d\u7684\u7537\u4eba", "gender": "m", "mbtype": 12, "urank": 48, "mbrank": 7, "follow_me": false, "following": false, "followers_count": 5234, "follow_count": 185, "cover_image_phone": "https://wx2.sinaimg.cn/crop.0.0.640.640.640/6e0a6ab8gy1fwth1749ovj20v90v9q87.jpg", "avatar_hd": "https://wx4.sinaimg.cn/orj480/6e0a6ab8ly8giflc74rdpj20u00u0gp8.jpg", "like": false, "like_me": false, "badge": {"dailv": 1, "dzwbqlx_2016": 1, "follow_whitelist_video": 1, "super_star_2017": 1, "user_name_certificate": 1, "super_star_2018": 1, "worldcup_2018": 34, "hongrenjie_2019": 1, "hongbao_2020": 2, "feiyan_2020": 1, "kangyi_2020": 1, "hongbaofeifuniu_2021": 1}}, "reposts_count": 0, "comments_count": 0, "attitudes_count": 0, "pending_approval_count": 0, "isLongText": false, "reward_exhibition_type": 0, "hide_flag": 0, "mlevel": 0, "darwin_tags": [], "mblogtype": 0, "more_info_type": 0, "number_display_strategy": {"apply_scenario_flag": 3, "display_text_min_number": 1000000, "display_text": "100\u4e07+"}, "content_auth": 0, "repost_type": 1, "pic_num": 0, "alchemy_params": {"ug_red_envelope": false}, "raw_text": "\u6700\u7ec8\u8fd8\u662f\u6ca1\u80fd\u9003\u8fc7\u7f8e\u56fd\u81ea\u5df1\u7684\u9634\u8c0b", "bid": "Jar0wzzK5"}, {"visible": {"type": 0, "list_id": 0}, "created_at": "Thu Jul 09 15:36:04 +0800 2020", "id": "4524801320748574", "mid": "4524801320748574", "can_edit": false, "show_additional_indication": 0, "text": "\u8f6c\u53d1\u5fae\u535a", "source": "\u534e\u4e3a\u624b\u673a \u7545\u4eab\u73a9\u4e0d\u505c", "favorited": false, "pic_ids": [], "pic_types": "", "is_paid": false, "mblog_vip_type": 0, "user": {"id": 6296880996, "screen_name": "\u672b\u65e5\u7684\u70bd\u5929\u4f7f", "profile_image_url": "https://tvax3.sinaimg.cn/crop.0.179.1080.1080.180/006S94oIly8gnywh2bqtaj30u013z43d.jpg?KID=imgbed,tva&Expires=1619179307&ssig=OyXSFXUd81", "profile_url": "https://m.weibo.cn/u/6296880996?uid=6296880996", "statuses_count": 1277, "verified": false, "verified_type": -1, "close_blue_v": false, "description": "", "gender": "m", "mbtype": 0, "urank": 4, "mbrank": 0, "follow_me": false, "following": false, "followers_count": 10, "follow_count": 157, "cover_image_phone": "https://tva1.sinaimg.cn/crop.0.0.640.640.640/549d0121tw1egm1kjly3jj20hs0hsq4f.jpg", "avatar_hd": "https://wx3.sinaimg.cn/orj480/006S94oIly8gnywh2bqtaj30u013z43d.jpg", "like": false, "like_me": false, "badge": {"user_name_certificate": 1, "china_2019": 1, "rrgyj_2019": 1, "weishi_2019": 1, "starlight_2019": 1, "hongbao_2020": 2, "graduation_2020": 1, "dailv_2020": 1, "weibozhiye_2020": 1, "hongbaofeifuniu_2021": 1, "hongbaofeijika_2021": 1}}, "reposts_count": 0, "comments_count": 0, "attitudes_count": 0, "pending_approval_count": 0, "isLongText": false, "reward_exhibition_type": 0, "hide_flag": 0, "mlevel": 0, "darwin_tags": [], "mblogtype": 0, "more_info_type": 0, "number_display_strategy": {"apply_scenario_flag": 3, "display_text_min_number": 1000000, "display_text": "100\u4e07+"}, "content_auth": 0, "repost_type": 1, "pic_num": 0, "alchemy_params": {"ug_red_envelope": false}, "raw_text": "\u8f6c\u53d1\u5fae\u535a", "bid": "Japc838JM"}, {"visible": {"type": 0, "list_id": 0}, "created_at": "Thu Jul 09 15:18:02 +0800 2020", "id": "4524796782182744", "mid": "4524796782182744", "can_edit": false, "show_additional_indication": 0, "text": "\u8f6c\u53d1\u5fae\u535a", "source": "\u8363\u8000\u624b\u673a \u52c7\u6562\u505a\u81ea\u5df1", "favorited": false, "pic_ids": [], "pic_types": "", "is_paid": false, "mblog_vip_type": 0, "user": {"id": 6013983152, "screen_name": "\u6d6a\u5b50\u5357\u4eac\u767e\u4e8b\u901a", "profile_image_url": "https://tvax1.sinaimg.cn/crop.0.0.996.996.180/006z03Kgly8g95ibtmgjaj30ro0ro3zi.jpg?KID=imgbed,tva&Expires=1619179307&ssig=f6Q7wvzIlK", "profile_url": "https://m.weibo.cn/u/6013983152?uid=6013983152", "statuses_count": 15035, "verified": false, "verified_type": -1, "close_blue_v": false, "description": "\u6c38\u8fdc\u559c\u6b22\u8c2d\u677e\u97f5", "gender": "m", "mbtype": 2, "urank": 9, "mbrank": 1, "follow_me": false, "following": false, "followers_count": 751, "follow_count": 544, "cover_image_phone": "https://wx1.sinaimg.cn/crop.0.0.640.640.640/a1d3feably1fgm42aggaij20hs0hsq94.jpg", "avatar_hd": "https://wx1.sinaimg.cn/orj480/006z03Kgly8g95ibtmgjaj30ro0ro3zi.jpg", "like": false, "like_me": false, "badge": {"bind_taobao": 1, "unread_pool": 1, "unread_pool_ext": 1, "league_badge": 1, "super_star_2017": 1, "travel_2017": 1, "lol_gm_2017": 1, "cz_wed_2017": 1, "panda": 1, "user_name_certificate": 1, "suishoupai_2018": 8, "worldcup_2018": 34, "dailv_2018": 4, "qixi_2018": 1, "double11_2018": 1, "memorial_2018": 1, "hongbaofei_2019": 1, "suishoupai_2019": 1, "wusi_2019": 1, "hongrenjie_2019": 1, "china_2019": 1, "hongkong_2019": 1, "taohuayuan_2019": 1, "dzwbqlx_2019": 6, "wbzy_2019": 1, "gongjiri_2019": 1, "macao_2019": 1, "china_2019_2": 1, "hongbao_2020": 2, "feiyan_2020": 1, "kangyi_2020": 1, "daka_2020": 1, "graduation_2020": 1, "dailv_2020": 1, "movie_2020": 1, "school_2020": 1, "weibozhiye_2020": 1, "weibozhiyexianxia_2021": 1, "lvzhilingyang_2021": 1}}, "reposts_count": 0, "comments_count": 0, "attitudes_count": 0, "pending_approval_count": 0, "isLongText": false, "reward_exhibition_type": 0, "hide_flag": 0, "mlevel": 0, "darwin_tags": [], "mblogtype": 0, "more_info_type": 0, "number_display_strategy": {"apply_scenario_flag": 3, "display_text_min_number": 1000000, "display_text": "100\u4e07+"}, "content_auth": 0, "repost_type": 1, "pic_num": 0, "alchemy_params": {"ug_red_envelope": false}, "raw_text": "\u8f6c\u53d1\u5fae\u535a", "bid": "Jap4O99Py"}, {"visible": {"type": 0, "list_id": 0}, "created_at": "Thu Jul 09 15:15:00 +0800 2020", "id": "4524796018439051", "mid": "4524796018439051", "can_edit": false, "show_additional_indication": 0, "text": "\u8f6c\u53d1\u5fae\u535a", "source": "\u5c0f\u7c739 Pro 5G", "favorited": false, "pic_ids": [], "pic_types": "", "is_paid": false, "mblog_vip_type": 0, "user": {"id": 2307228470, "screen_name": "\u843d\u9b44\u5c71\u5c0f\u94bb\u98ce", "profile_image_url": "https://tvax1.sinaimg.cn/crop.0.0.996.996.180/89858336ly8fyx8li2vw2j20ro0ro76h.jpg?KID=imgbed,tva&Expires=1619179307&ssig=vSOTiNnmkO", "profile_url": "https://m.weibo.cn/u/2307228470?uid=2307228470", "statuses_count": 381243, "verified": false, "verified_type": 220, "close_blue_v": false, "description": "\u6211\u7684\u5f81\u9014\u5728\u661f\u8fb0\u5927\u6d77", "gender": "m", "mbtype": 0, "urank": 47, "mbrank": 0, "follow_me": false, "following": false, "followers_count": 2981, "follow_count": 3129, "cover_image_phone": "https://tva2.sinaimg.cn/crop.0.0.640.640.640/a1d3feabjw1ecasunmkncj20hs0hsq4j.jpg", "avatar_hd": "https://wx1.sinaimg.cn/orj480/89858336ly8fyx8li2vw2j20ro0ro76h.jpg", "like": false, "like_me": false, "badge": {"bind_taobao": 1, "dailv": 1, "zongyiji": 1, "unread_pool": 1, "unread_pool_ext": 1, "dzwbqlx_2016": 1, "super_star_2017": 1, "travel_2017": 1, "lol_gm_2017": 1, "cz_wed_2017": 1, "user_name_certificate": 1, "suishoupai_2018": 1, "wenchuan_10th": 1, "super_star_2018": 1, "worldcup_2018": 34, "dailv_2018": 1, "asiad_2018": 1, "qixi_2018": 1, "lol_s8": 1, "national_day_2018": 1, "hongbaofei_2019": 1, "denglong_2019": 1, "womensday_2018": 1, "suishoupai_2019": 1, "wusi_2019": 1, "hongrenjie_2019": 1, "china_2019": 1, "hongkong_2019": 1, "taohuayuan_2019": 1, "dzwbqlx_2019": 1, "rrgyj_2019": 1, "shuang11_2019": 1, "gongjiri_2019": 1, "macao_2019": 1, "china_2019_2": 1, "hongbao_2020": 2, "feiyan_2020": 1, "kangyi_2020": 1, "graduation_2020": 1, "dailv_2020": 1, "school_2020": 1, "hongrenjie_2020": 1, "zjszgf_2020": 1, "zaolang_2020": 1, "weibozhiye_2020": 1, "hongbaofeifuniu_2021": 1, "hongbaofeijika_2021": 1, "weibozhiyexianxia_2021": 1, "lvzhilingyang_2021": 1}}, "reposts_count": 0, "comments_count": 0, "attitudes_count": 0, "pending_approval_count": 0, "isLongText": false, "reward_exhibition_type": 0, "hide_flag": 0, "mlevel": 0, "darwin_tags": [], "mblogtype": 0, "more_info_type": 0, "number_display_strategy": {"apply_scenario_flag": 3, "display_text_min_number": 1000000, "display_text": "100\u4e07+"}, "content_auth": 0, "repost_type": 1, "pic_num": 0, "alchemy_params": {"ug_red_envelope": false}, "raw_text": "\u8f6c\u53d1\u5fae\u535a", "bid": "Jap3zzpnJ"}]