{"visible": {"type": 0, "list_id": 0}, "created_at": "Sun Feb 16 21:56:00 +0800 2020", "id": "4472713080702454", "mid": "4472713080702454", "can_edit": false, "version": 1, "show_additional_indication": 0, "text": "\u3010<span class=\"url-icon\"><img alt=[\u8bdd\u7b52] src=\"https://h5.sinaimg.cn/m/emoticon/icon/others/o_huatong-0a3e80b147.png\" style=\"width:1em; height:1em;\" /></span><a  href=\"https://m.weibo.cn/search?containerid=231522type%3D1%26t%3D10%26q%3D%23%E5%85%A8%E5%9B%BD%E9%A6%96%E4%B8%AA%E6%BD%9C%E5%9C%A8%E6%B2%BB%E7%96%97%E6%96%B0%E5%86%A0%E8%82%BA%E7%82%8E%E8%8D%AF%E7%89%A9%E8%8E%B7%E6%89%B9%E4%B8%8A%E5%B8%82%23&extparam=%23%E5%85%A8%E5%9B%BD%E9%A6%96%E4%B8%AA%E6%BD%9C%E5%9C%A8%E6%B2%BB%E7%96%97%E6%96%B0%E5%86%A0%E8%82%BA%E7%82%8E%E8%8D%AF%E7%89%A9%E8%8E%B7%E6%89%B9%E4%B8%8A%E5%B8%82%23&luicode=20000061&lfid=4472713080702454\" data-hide=\"\"><span class=\"surl-text\">#\u5168\u56fd\u9996\u4e2a\u6f5c\u5728\u6cbb\u7597\u65b0\u51a0\u80ba\u708e\u836f\u7269\u83b7\u6279\u4e0a\u5e02#</span></a>\u3011\u636e\u6d59\u6c5f\u53f0\u5dde\u5e02\u573a\u76d1\u7ba1\u5fae\u4fe1\u516c\u4f17\u53f7\uff1a15\u65e5\uff0c\u6d59\u6c5f\u6d77\u6b63\u836f\u4e1a\u80a1\u4efd\u6709\u9650\u516c\u53f8\u7814\u5236\u7684\u201c\u6cd5\u7ef4\u62c9\u97e6\u201d\uff08\u539f\u540d\u201c\u6cd5\u5339\u62c9\u97e6\u201d\uff09\u6b63\u5f0f\u83b7\u5f97\u56fd\u5bb6\u836f\u76d1\u5c40\u6279\u51c6\u4e0a\u5e02\uff0c\u8fd9\u662f\u5728\u75ab\u60c5\u671f\u95f4\u5168\u56fd\u7b2c\u4e00\u4e2a\u6279\u51c6\u4e0a\u5e02\u7684\u5bf9\u65b0\u51a0\u80ba\u708e\u5177\u6709\u6f5c\u5728\u7597\u6548\u7684\u836f\u7269\uff0c\u5c06\u5bf9\u75ab\u60c5\u9632\u6cbb\u53d1\u6325\u91cd\u8981\u4f5c\u7528\u3002\u636e\u79d1\u6280\u90e815\u65e5\u6d88\u606f\uff0c\u6cd5\u5339\u62c9\u97e6\u662f\u76ee\u524d\u6cbb\u7597\u65b0\u51a0\u80ba\u708e\u4e09\u4e2a\u4e34\u5e8a\u8bd5\u9a8c\u897f\u836f\u4e4b\u4e00\uff0c\u5bf9\u6cbb\u7597\u65b0\u51a0\u80ba\u708e\u521d\u6b65\u663e\u793a\u4e86\u8f83\u660e\u663e\u7684\u7597\u6548\u548c\u8f83\u4f4e\u7684\u4e0d\u826f\u53cd\u5e94\u3002\uff08\u6765\u6e90\uff1a\u4e2d\u56fd\u65b0\u95fb\u7f51 \u89c6\u9891\uff1afm954\uff09 <a data-url=\"http://t.cn/A6hJ3z2C\" href=\"https://video.weibo.com/show?fid=1034:4472706242904125\" data-hide=\"\"><span class='url-icon'><img style='width: 1rem;height: 1rem' src='https://h5.sinaimg.cn/upload/2015/09/25/3/timeline_card_small_video_default.png'></span><span class=\"surl-text\">fm954\u7684\u5fae\u535a\u89c6\u9891</span></a>", "textLength": 437, "source": "\u5fae\u535a\u89c6\u9891\u53f7", "favorited": false, "pic_ids": [], "pic_types": "", "is_paid": false, "mblog_vip_type": 0, "user": {"id": 1649173367, "screen_name": "\u6bcf\u65e5\u7ecf\u6d4e\u65b0\u95fb", "profile_image_url": "https://tvax3.sinaimg.cn/crop.0.0.664.664.180/624c6377ly8gdi6pfvvvej20ig0iht9d.jpg?KID=imgbed,tva&Expires=1619695280&ssig=WGBxBG%2FsVL", "profile_url": "https://m.weibo.cn/u/1649173367?uid=1649173367&luicode=20000061&lfid=4472713080702454", "statuses_count": 255214, "verified": true, "verified_type": 3, "verified_type_ext": 50, "verified_reason": "\u6bcf\u65e5\u7ecf\u6d4e\u65b0\u95fb\u5b98\u65b9\u5fae\u535a", "close_blue_v": false, "description": "\u4e2d\u56fd\u4e3b\u6d41\u8d22\u7ecf\u5168\u5a92\u4f53\u3002\u6bcf\u7ecf\u7f51nbd.com.cn\u3002\u5546\u52a1\u5408\u4f5c\uff1a028-86511519", "gender": "m", "mbtype": 12, "urank": 48, "mbrank": 6, "follow_me": false, "following": false, "followers_count": 47569316, "follow_count": 721, "cover_image_phone": "https://wx4.sinaimg.cn/crop.0.0.640.640.640/624c6377gy1gdi6urbemcj20k00k0wjq.jpg", "avatar_hd": "https://wx3.sinaimg.cn/orj480/624c6377ly8gdi6pfvvvej20ig0iht9d.jpg", "like": false, "like_me": false, "badge": {"enterprise": 1, "bind_taobao": 1, "self_media": 1, "dzwbqlx_2016": 1, "follow_whitelist_video": 1, "super_star_2017": 1, "panda": 1, "user_name_certificate": 1, "wenchuan_10th": 1, "qixi_2018": 1, "lol_s8": 1, "national_day_2018": 1, "memorial_2018": 1, "v_influence_2018": 1, "fu_2019": 1, "womensday_2018": 1, "hongrenjie_2019": 1, "china_2019": 1, "hongkong_2019": 1, "rrgyj_2019": 1, "weishi_2019": 1, "starlight_2019": 1, "gongjiri_2019": 1, "macao_2019": 1, "china_2019_2": 1, "hongbao_2020": 2, "feiyan_2020": 1, "hope_2020": 1, "graduation_2020": 1, "pc_new": 6, "dailv_2020": 1, "cddyh_2020": 1, "school_2020": 1, "china_2020": 1, "weibozhiye_2020": 1, "hongbaofeifuniu_2021": 1}}, "reposts_count": 78, "comments_count": 33, "attitudes_count": 191, "pending_approval_count": 30, "isLongText": true, "reward_exhibition_type": 0, "hide_flag": 0, "mlevel": 0, "darwin_tags": [], "mblogtype": 0, "more_info_type": 0, "cardid": "star_112479714728", "content_auth": 0, "safe_tags": 131072, "pic_num": 0, "alchemy_params": {"ug_red_envelope": false}, "page_info": {"type": "video", "object_type": 11, "url_ori": "http://t.cn/A6hJ3z2C", "page_pic": {"width": 480, "url": "https://wx2.sinaimg.cn/orj480/69335450gy1gbykcphycdj20k00zk75g.jpg", "height": 853}, "page_url": "https://video.weibo.com/show?fid=1034%3A4472706242904125&luicode=20000061&lfid=4472713080702454", "object_id": "1034:4472706242904125", "page_title": "fm954\u7684\u5fae\u535a\u89c6\u9891", "title": "\u5168\u56fd\u9996\u4e2a\u6f5c\u5728\u6cbb\u7597\u65b0\u51a0\u80ba\u708e\u836f\u7269\n\u201c\u6cd5\u7ef4\u62c9\u97e6\u201d\u83b7\u6279\u4e0a\u5e02", "content1": "fm954\u7684\u5fae\u535a\u89c6\u9891", "content2": "\u5168\u56fd\u9996\u4e2a\u6f5c\u5728\u6cbb\u7597\u65b0\u51a0\u80ba\u708e\u836f\u7269\u201c\u6cd5\u7ef4\u62c9\u97e6\u201d\u83b7\u6279\u4e0a\u5e02#\u5168\u56fd\u9996\u4e2a\u6f5c\u5728\u6cbb\u7597\u65b0\u51a0\u80ba\u708e\u836f\u7269\u83b7\u6279\u4e0a\u5e02#", "video_orientation": "vertical", "play_count": "14\u4e07\u6b21\u64ad\u653e", "media_info": {"stream_url": "https://f.video.weibocdn.com/003Du8g0gx07B0lwD7Zu010412003b2E0E010.mp4?label=mp4_ld&template=360x640.24.0&trans_finger=81b11b8c5ffb62d33ceb3244bdd17e7b&ori=0&ps=1BThihd3VLAY5R&Expires=1619688080&ssig=0EZVr8SDz0&KID=unistore,video", "stream_url_hd": "https://f.video.weibocdn.com/001jvfhwgx07B0lxaNyE010412004WED0E010.mp4?label=mp4_hd&template=480x852.24.0&trans_finger=7c347e6ee1691b93dc7e5726f4ef34b3&ori=0&ps=1BThihd3VLAY5R&Expires=1619688080&ssig=J3AfsuWx3S&KID=unistore,video", "duration": 19.41}, "urls": {"mp4_720p_mp4": "https://f.video.weibocdn.com/001WpnDCgx07B0lwOL2M010412009ucP0E010.mp4?label=mp4_720p&template=720x1280.24.0&trans_finger=c3f00996be5378650057cf237d7bfffd&ori=0&ps=1BThihd3VLAY5R&Expires=1619688080&ssig=58JhJ3W0Ek&KID=unistore,video", "mp4_hd_mp4": "https://f.video.weibocdn.com/001jvfhwgx07B0lxaNyE010412004WED0E010.mp4?label=mp4_hd&template=480x852.24.0&trans_finger=7c347e6ee1691b93dc7e5726f4ef34b3&ori=0&ps=1BThihd3VLAY5R&Expires=1619688080&ssig=J3AfsuWx3S&KID=unistore,video", "mp4_ld_mp4": "https://f.video.weibocdn.com/003Du8g0gx07B0lwD7Zu010412003b2E0E010.mp4?label=mp4_ld&template=360x640.24.0&trans_finger=81b11b8c5ffb62d33ceb3244bdd17e7b&ori=0&ps=1BThihd3VLAY5R&Expires=1619688080&ssig=0EZVr8SDz0&KID=unistore,video", "hevc_mp4_hd": "https://f.video.weibocdn.com/000XkbRRgx07B0ly4PVK010412003Kjc0E010.mp4?label=hevc_mp4_hd&template=480x852.29.0&trans_finger=278849cc220b59b4685720a801949929&ori=0&ps=1BThihd3VLAY5R&Expires=1619688080&ssig=8yr46Rq%2BkG&KID=unistore,video"}}, "bid": "IuvBa2WJU", "buttons": [{"type": "follow", "name": "\u5173\u6ce8", "sub_type": 0, "params": {"uid": 1649173367}}], "status_title": "#\u5168\u56fd\u9996\u4e2a\u6f5c\u5728\u6cbb\u7597\u65b0\u51a0\u80ba\u708e\u836f\u7269\u83b7\u6279\u4e0a\u5e02#", "ok": 1, "scheme": "https://weibo.cn/appurl?scheme=sinaweibo%3A%2F%2Fdetail%3Fmblogid%3D4472713080702454%26luicode%3D20000061%26lfid%3D4472713080702454&luicode=20000061&lfid=4472713080702454", "tipScheme": "https://weibo.cn/appurl?scheme=sinaweibo%3A%2F%2Fdetail%3Fmblogid%3D4472713080702454%26luicode%3D20000061%26lfid%3D4472713080702454&luicode=20000061&lfid=4472713080702454"}