[{"visible": {"type": 0, "list_id": 0}, "created_at": "Wed May 20 16:25:48 +0800 2020", "id": "4506694443586243", "mid": "4506694443586243", "can_edit": false, "show_additional_indication": 0, "text": "<a  href=\"https://m.weibo.cn/search?containerid=231522type%3D1%26t%3D10%26q%3D%23%E6%96%B0%E5%86%A0%E9%87%8D%E7%97%87%E6%82%A3%E8%80%85%E5%BA%B7%E5%A4%8D%E5%90%8E%E6%A8%AA%E6%B8%A1%E9%95%BF%E6%B1%9F%E7%A0%B4%E7%BA%AA%E5%BD%95%23&extparam=%23%E6%96%B0%E5%86%A0%E9%87%8D%E7%97%87%E6%82%A3%E8%80%85%E5%BA%B7%E5%A4%8D%E5%90%8E%E6%A8%AA%E6%B8%A1%E9%95%BF%E6%B1%9F%E7%A0%B4%E7%BA%AA%E5%BD%95%23\" data-hide=\"\"><span class=\"surl-text\">#\u65b0\u51a0\u91cd\u75c7\u60a3\u8005\u5eb7\u590d\u540e\u6a2a\u6e21\u957f\u6c5f\u7834\u7eaa\u5f55#</span></a> \u957f\u6c5f\u6551\u63f4\u961f\u6210\u5458\u3001\u6c49\u53e3\u6c5f\u6ee9\u51ac\u6cf3\u961f\u7684\u9aa8\u5e72\u5728\u611f\u67d3\u65b0\u51a0\u6cbb\u6108\u4e4b\u540e\u6a2a\u6e21\u957f\u6c5f\uff0c\u5e76\u5237\u65b0\u81ea\u5df1\u7684\u6a2a\u6e21\u8bb0\u5f55<br />\u4ed6\u8bf4\uff1a\u611f\u67d3\u65b0\u51a0\u80ba\u708e\u5c31\u662f\u201c\u5728\u5cb8\u4e0a\u6eba\u6c34\u4e86\u201d\uff0c \u201c\u6211\u4eec\u5728\u957f\u6c5f\u91cc\u6551\u8d77\u6eba\u6c34\u8005\uff0c\u533b\u62a4\u4eba\u5458\u6551\u8d77\u5cb8\u4e0a\u6eba\u6c34\u7684\u6211\u4eec\u201d\u3002\u4eca\u540e\u8981\u628a\u957f\u6c5f\u6551\u63f4\u5f53\u4e8b\u4e1a\u6765\u505a\u3002<br />\u8fd9\u4e00\u523b\u662f\u503c\u5f97\u88ab\u7eaa\u5ff5\u7684\uff0c\u65b0\u51a0\u80ba\u708e\u786e\u5b9e ...<a href=\"/status/4506694443586243\">\u5168\u6587</a>", "textLength": 549, "source": "\u5fae\u535a weibo.com", "favorited": false, "pic_ids": [], "pic_types": "", "is_paid": false, "mblog_vip_type": 0, "user": {"id": 2798290080, "screen_name": "\u773c\u9f3b\u6574\u5f62\u53cc\u773c\u76ae\u4fee\u590d\u533b\u751f\u6c88\u56fd\u96c4", "profile_image_url": "https://tva3.sinaimg.cn/crop.0.0.180.180.180/a6ca84a0jw1e8qgp5bmzyj2050050aa8.jpg?KID=imgbed,tva&Expires=1619204074&ssig=MRaK7jn8Lj", "profile_url": "https://m.weibo.cn/u/2798290080?uid=2798290080", "statuses_count": 3228, "verified": true, "verified_type": 0, "verified_type_ext": 1, "verified_reason": "\u5065\u5eb7\u535a\u4e3b \u4e0a\u6d77\u767e\u8fbe\u4e3d\u533b\u7597\u7f8e\u5bb9\u95e8\u8bca\u90e8 \u9662\u957f \u6c88\u56fd\u96c4", "close_blue_v": false, "description": "\u539f\u4e0a\u6d77\u7b2c\u4e5d\u4eba\u6c11\u533b\u9662\u6574\u590d\u5916\u79d1\u8d44\u6df1\u533b\u751f\u3002\u7531\u4e8e\u624b\u672f\u7e41\u5fd9\u4fe1\u606f\u65e0\u6cd5\u53ca\u65f6\u56de\u590d\uff0c\u8be6\u8be2\u8bf7\u79c1\u4fe1\uff0c\u8c22\u8c22\u3002", "gender": "m", "mbtype": 12, "urank": 39, "mbrank": 6, "follow_me": false, "following": false, "followers_count": 251969, "follow_count": 121, "cover_image_phone": "https://wx1.sinaimg.cn/crop.0.0.640.640.640/a6ca84a0ly1ge3ozc5fq4j20u00u0jxs.jpg", "avatar_hd": "https://ww3.sinaimg.cn/orj480/a6ca84a0jw1e8qgp5bmzyj2050050aa8.jpg", "like": false, "like_me": false, "badge": {"unread_pool": 1, "unread_pool_ext": 1, "user_name_certificate": 1, "wenda_v2": 1, "weibo_display_fans": 1, "relation_display": 1, "suishoupai_2019": 1, "hongrenjie_2019": 1, "gongjiri_2019": 1, "hongbao_2020": 2, "pc_new": 6, "china_2020": 1}}, "reposts_count": 30, "comments_count": 113, "attitudes_count": 131, "pending_approval_count": 0, "isLongText": true, "reward_exhibition_type": 0, "hide_flag": 0, "mlevel": 0, "darwin_tags": [], "mblogtype": 0, "more_info_type": 0, "number_display_strategy": {"apply_scenario_flag": 3, "display_text_min_number": 1000000, "display_text": "100\u4e07+"}, "content_auth": 0, "pic_num": 0, "page_info": {"type": "search_topic", "object_type": 0, "page_pic": {"url": "https://wx2.sinaimg.cn/large/884f7263ly1geyw1ve37jj20a70a7q3o.jpg"}, "page_url": "https://m.weibo.cn/search?containerid=231522type%3D1%26t%3D10%26q%3D%23%E6%96%B0%E5%86%A0%E9%87%8D%E7%97%87%E6%82%A3%E8%80%85%E5%BA%B7%E5%A4%8D%E5%90%8E%E6%A8%AA%E6%B8%A1%E9%95%BF%E6%B1%9F%E7%A0%B4%E7%BA%AA%E5%BD%95%23&extparam=%23%E6%96%B0%E5%86%A0%E9%87%8D%E7%97%87%E6%82%A3%E8%80%85%E5%BA%B7%E5%A4%8D%E5%90%8E%E6%A8%AA%E6%B8%A1%E9%95%BF%E6%B1%9F%E7%A0%B4%E7%BA%AA%E5%BD%95%23", "page_title": "#\u65b0\u51a0\u91cd\u75c7\u60a3\u8005\u5eb7\u590d\u540e\u6a2a\u6e21\u957f\u6c5f\u7834\u7eaa\u5f55#", "content1": "0\u8ba8\u8bba 0\u9605\u8bfb "}, "bid": "J2O9uf2WD"}, {"visible": {"type": 0, "list_id": 0}, "created_at": "Sun Jun 21 09:06:11 +0800 2020", "id": "4518180221979101", "mid": "4518180221979101", "can_edit": false, "show_additional_indication": 0, "text": "\u8f6c\u53d1\u5fae\u535a", "source": "OPPO A9", "favorited": false, "pic_ids": [], "pic_types": "", "is_paid": false, "mblog_vip_type": 0, "user": {"id": 7343190316, "screen_name": "\u5948\u843d\u5948\u54e9sun", "profile_image_url": "https://tvax4.sinaimg.cn/crop.0.0.996.996.180/0080Xhfuly8gprswrh5s1j30ro0roabr.jpg?KID=imgbed,tva&Expires=1619204074&ssig=P1UHyP0wpQ", "profile_url": "https://m.weibo.cn/u/7343190316?uid=7343190316", "statuses_count": 3131, "verified": false, "verified_type": -1, "close_blue_v": false, "description": "\u660e\u5929\u53c8\u662f\u65b0\u7684\u5f00\u59cb", "gender": "f", "mbtype": 2, "urank": 0, "mbrank": 1, "follow_me": false, "following": false, "followers_count": 577, "follow_count": 2295, "cover_image_phone": "https://tva1.sinaimg.cn/crop.0.0.640.640.640/549d0121tw1egm1kjly3jj20hs0hsq4f.jpg", "avatar_hd": "https://wx4.sinaimg.cn/orj480/0080Xhfuly8gprswrh5s1j30ro0roabr.jpg", "like": false, "like_me": false, "badge": {"bind_taobao": 1, "user_name_certificate": 1, "wenda_v2": 1, "wbzy_2019": 1, "hongbao_2020": 3, "dailv_2020": 1, "school_2020": 1, "hongrenjie_2020": 1, "china_2020": 1, "weibozhiye_2020": 1, "hongbaofeifuniu_2021": 2, "hongbaofeijika_2021": 1, "nihaoshenghuojie_2021": 1}}, "reposts_count": 0, "comments_count": 0, "attitudes_count": 0, "pending_approval_count": 0, "isLongText": false, "reward_exhibition_type": 0, "hide_flag": 0, "mlevel": 0, "darwin_tags": [], "mblogtype": 0, "more_info_type": 0, "number_display_strategy": {"apply_scenario_flag": 3, "display_text_min_number": 1000000, "display_text": "100\u4e07+"}, "content_auth": 0, "repost_type": 1, "pic_num": 0, "alchemy_params": {"ug_red_envelope": false}, "raw_text": "\u8f6c\u53d1\u5fae\u535a", "bid": "J7CWW8iQZ"}, {"visible": {"type": 0, "list_id": 0}, "created_at": "Thu May 21 08:32:51 +0800 2020", "id": "4506937813310999", "mid": "4506937813310999", "can_edit": false, "show_additional_indication": 0, "text": "\u8f9b\u82e6\u4e86", "source": "\u8363\u8000 9X", "favorited": false, "pic_ids": [], "pic_types": "", "is_paid": false, "mblog_vip_type": 0, "user": {"id": 6985343642, "screen_name": "\u52aa\u529b\u5c0f\u53ee", "profile_image_url": "https://tvax1.sinaimg.cn/crop.0.0.996.996.180/007CJMYWly8ge2o4na7f4j30ro0ro40d.jpg?KID=imgbed,tva&Expires=1619204074&ssig=%2F%2FsgTeinhf", "profile_url": "https://m.weibo.cn/u/6985343642?uid=6985343642", "statuses_count": 6435, "verified": false, "verified_type": -1, "close_blue_v": false, "description": "\u4e00\u76f4\u5f00\u5fc3", "gender": "f", "mbtype": 2, "urank": 9, "mbrank": 1, "follow_me": false, "following": false, "followers_count": 5476, "follow_count": 2845, "cover_image_phone": "https://wx4.sinaimg.cn/crop.0.0.640.640.640/a1d3feably1fl9nr80k11j20hs0hsmze.jpg", "avatar_hd": "https://wx1.sinaimg.cn/orj480/007CJMYWly8ge2o4na7f4j30ro0ro40d.jpg", "like": false, "like_me": false, "badge": {"bind_taobao": 1, "user_name_certificate": 1, "suishoupai_2019": 7, "hongrenjie_2019": 1, "dailv_2019": 1, "dzwbqlx_2019": 1, "shuang11_2019": 1, "hongbao_2020": 3, "feiyan_2020": 1, "dailv_2020": 1, "vpick_2020": 1, "school_2020": 1, "hongrenjie_2020": 1, "china_2020": 1, "zjszgf_2020": 1, "weibozhiye_2020": 1, "hongbaofeifuniu_2021": 1, "hongbaofeijika_2021": 1, "nihaoshenghuojie_2021": 1}}, "reposts_count": 0, "comments_count": 0, "attitudes_count": 0, "pending_approval_count": 0, "isLongText": false, "reward_exhibition_type": 0, "hide_flag": 0, "mlevel": 0, "darwin_tags": [], "mblogtype": 0, "more_info_type": 0, "cardid": "star_1155", "number_display_strategy": {"apply_scenario_flag": 3, "display_text_min_number": 1000000, "display_text": "100\u4e07+"}, "content_auth": 0, "repost_type": 3, "pic_num": 0, "alchemy_params": {"ug_red_envelope": false}, "raw_text": "\u8f9b\u82e6\u4e86", "bid": "J2Uu1dTld"}, {"visible": {"type": 0, "list_id": 0}, "created_at": "Wed May 20 20:13:50 +0800 2020", "id": "4506751833935134", "mid": "4506751833935134", "can_edit": false, "show_additional_indication": 0, "text": "<a  href=\"https://m.weibo.cn/search?containerid=231522type%3D1%26t%3D10%26q%3D%23%E6%96%B0%E5%86%A0%E9%87%8D%E7%97%87%E6%82%A3%E8%80%85%E5%BA%B7%E5%A4%8D%E5%90%8E%E6%A8%AA%E6%B8%A1%E9%95%BF%E6%B1%9F%E7%A0%B4%E7%BA%AA%E5%BD%95%23&extparam=%23%E6%96%B0%E5%86%A0%E9%87%8D%E7%97%87%E6%82%A3%E8%80%85%E5%BA%B7%E5%A4%8D%E5%90%8E%E6%A8%AA%E6%B8%A1%E9%95%BF%E6%B1%9F%E7%A0%B4%E7%BA%AA%E5%BD%95%23\" data-hide=\"\"><span class=\"surl-text\">#\u65b0\u51a0\u91cd\u75c7\u60a3\u8005\u5eb7\u590d\u540e\u6a2a\u6e21\u957f\u6c5f\u7834\u7eaa\u5f55#</span></a>\u6765\u4e86", "source": "\u7ea2\u7c73Redmi", "favorited": false, "pic_ids": [], "pic_types": "", "is_paid": false, "mblog_vip_type": 0, "user": {"id": 5649383774, "screen_name": "wy\u7b11\u770b\u4eba\u751f666", "profile_image_url": "https://tvax4.sinaimg.cn/crop.0.0.1002.1002.180/006akeN8ly8gpa8ujemi8j30ru0ruac7.jpg?KID=imgbed,tva&Expires=1619204074&ssig=8eXxCLknU%2B", "profile_url": "https://m.weibo.cn/u/5649383774?uid=5649383774", "statuses_count": 27747, "verified": false, "verified_type": -1, "close_blue_v": false, "description": "\u76f8\u4fe1\u7f8e\u597d\u7684\u4e8b\u60c5\u4e00\u5b9a\u4f1a\u53d1\u751f", "gender": "f", "mbtype": 12, "urank": 9, "mbrank": 5, "follow_me": false, "following": false, "followers_count": 591, "follow_count": 3253, "cover_image_phone": "https://tva1.sinaimg.cn/crop.0.0.640.640.640/549d0121tw1egm1kjly3jj20hs0hsq4f.jpg", "avatar_hd": "https://wx4.sinaimg.cn/orj480/006akeN8ly8gpa8ujemi8j30ru0ruac7.jpg", "like": false, "like_me": false, "badge": {"bind_taobao": 1, "unread_pool": 1, "unread_pool_ext": 1, "travel_2017": 1, "user_name_certificate": 1, "worldcup_2018": 29, "wenda_v2": 1, "dailv_2018": 7, "asiad_2018": 1, "yiqijuan_2018": 1, "lol_s8": 1, "double11_2018": 1, "wbzy_2018": 1, "hongbaofei_2019": 1, "denglong_2019": 1, "suishoupai_2019": 2, "hongrenjie_2019": 1, "china_2019": 1, "dzwbqlx_2019": 1, "rrgyj_2019": 1, "shuang11_2019": 1, "wbzy_2019": 1, "hongbao_2020": 2, "feiyan_2020": 1, "kangyi_2020": 1, "daka_2020": 1, "green_2020": 1, "dailv_2020": 1, "vpick_2020": 1, "china_2020": 1, "weibozhiye_2020": 1, "hongbaofeifuniu_2021": 2, "hongbaofeijika_2021": 1, "weibozhiyexianxia_2021": 1, "nihaoshenghuojie_2021": 1, "lvzhilingyang_2021": 1}}, "reposts_count": 0, "comments_count": 0, "attitudes_count": 0, "pending_approval_count": 0, "isLongText": false, "reward_exhibition_type": 0, "hide_flag": 0, "mlevel": 0, "darwin_tags": [], "mblogtype": 0, "more_info_type": 0, "cardid": "star_1218", "number_display_strategy": {"apply_scenario_flag": 3, "display_text_min_number": 1000000, "display_text": "100\u4e07+"}, "content_auth": 0, "repost_type": 1, "pic_num": 0, "alchemy_params": {"ug_red_envelope": false}, "raw_text": "#\u65b0\u51a0\u91cd\u75c7\u60a3\u8005\u5eb7\u590d\u540e\u6a2a\u6e21\u957f\u6c5f\u7834\u7eaa\u5f55#\u6765\u4e86", "bid": "J2PE3gvHU"}, {"visible": {"type": 0, "list_id": 0}, "created_at": "Wed May 20 16:55:27 +0800 2020", "id": "4506701909150244", "mid": "4506701909150244", "can_edit": false, "show_additional_indication": 0, "text": "\u8f6c\u53d1\u5fae\u535a", "source": "vivo Z5i \u8d85\u80fd\u7eed\u822a", "favorited": false, "pic_ids": [], "pic_types": "", "is_paid": false, "mblog_vip_type": 0, "user": {"id": 6430468645, "screen_name": "\u6cf0\u7c73love521", "profile_image_url": "https://tvax3.sinaimg.cn/crop.0.0.996.996.180/0071bAEdly8gdh0dqj650j30ro0rogmw.jpg?KID=imgbed,tva&Expires=1619204074&ssig=QqF%2BP%2FDhyU", "profile_url": "https://m.weibo.cn/u/6430468645?uid=6430468645", "statuses_count": 35315, "verified": false, "verified_type": -1, "close_blue_v": false, "description": "", "gender": "f", "mbtype": 0, "urank": 4, "mbrank": 0, "follow_me": false, "following": false, "followers_count": 1054, "follow_count": 1762, "cover_image_phone": "https://tva1.sinaimg.cn/crop.0.0.640.640.640/549d0121tw1egm1kjly3jj20hs0hsq4f.jpg", "avatar_hd": "https://wx3.sinaimg.cn/orj480/0071bAEdly8gdh0dqj650j30ro0rogmw.jpg", "like": false, "like_me": false, "badge": {"bind_taobao": 1, "user_name_certificate": 1, "feiyan_2020": 1, "graduation_2020": 1, "dailv_2020": 1, "vpick_2020": 1, "school_2020": 1, "china_2020": 1, "zjszgf_2020": 1, "weibozhiye_2020": 1, "hongbaofeifuniu_2021": 1, "hongbaofeijika_2021": 1, "nihaoshenghuojie_2021": 1, "lvzhilingyang_2021": 1}}, "reposts_count": 0, "comments_count": 0, "attitudes_count": 0, "pending_approval_count": 0, "isLongText": false, "reward_exhibition_type": 0, "hide_flag": 0, "mlevel": 0, "darwin_tags": [], "mblogtype": 0, "more_info_type": 0, "number_display_strategy": {"apply_scenario_flag": 3, "display_text_min_number": 1000000, "display_text": "100\u4e07+"}, "content_auth": 0, "repost_type": 1, "pic_num": 0, "alchemy_params": {"ug_red_envelope": false}, "raw_text": "\u8f6c\u53d1\u5fae\u535a", "bid": "J2OlwCooA"}, {"visible": {"type": 0, "list_id": 0}, "created_at": "Wed May 20 16:31:55 +0800 2020", "id": "4506695982382803", "mid": "4506695982382803", "can_edit": false, "show_additional_indication": 0, "text": "\u8f6c\u53d1\u5fae\u535a", "source": "OPPO A5", "favorited": false, "pic_ids": [], "pic_types": "", "is_paid": false, "mblog_vip_type": 0, "user": {"id": 7181191004, "screen_name": "\u84dd\u8393ana\u767d", "profile_image_url": "https://tvax3.sinaimg.cn/crop.0.0.1002.1002.180/007PZxPmly8gmxwpusmvcj30ru0rudhc.jpg?KID=imgbed,tva&Expires=1619204074&ssig=zO%2Br5dpfE2", "profile_url": "https://m.weibo.cn/u/7181191004?uid=7181191004", "statuses_count": 7955, "verified": false, "verified_type": -1, "close_blue_v": false, "description": "", "gender": "f", "mbtype": 0, "urank": 3, "mbrank": 0, "follow_me": false, "following": false, "followers_count": 666, "follow_count": 3093, "cover_image_phone": "https://tva1.sinaimg.cn/crop.0.0.640.640.640/549d0121tw1egm1kjly3jj20hs0hsq4f.jpg", "avatar_hd": "https://wx3.sinaimg.cn/orj480/007PZxPmly8gmxwpusmvcj30ru0rudhc.jpg", "like": false, "like_me": false, "badge": {"bind_taobao": 1, "user_name_certificate": 1, "dzwbqlx_2019": 1, "hongbao_2020": 2, "feiyan_2020": 1, "vpick_2020": 1, "hongrenjie_2020": 1, "zjszgf_2020": 1, "weibozhiye_2020": 1, "hongbaofeifuniu_2021": 1, "hongbaofeijika_2021": 1, "nihaoshenghuojie_2021": 1}}, "reposts_count": 0, "comments_count": 0, "attitudes_count": 0, "pending_approval_count": 0, "isLongText": false, "reward_exhibition_type": 0, "hide_flag": 0, "mlevel": 0, "darwin_tags": [], "mblogtype": 0, "more_info_type": 0, "number_display_strategy": {"apply_scenario_flag": 3, "display_text_min_number": 1000000, "display_text": "100\u4e07+"}, "content_auth": 0, "repost_type": 1, "pic_num": 0, "alchemy_params": {"ug_red_envelope": false}, "raw_text": "\u8f6c\u53d1\u5fae\u535a", "bid": "J2ObY9ZSj"}, {"visible": {"type": 0, "list_id": 0}, "created_at": "Wed May 20 16:31:22 +0800 2020", "id": "4506695844383121", "mid": "4506695844383121", "can_edit": false, "show_additional_indication": 0, "text": "\u8f6c\u53d1\u5fae\u535a", "source": "vivo X30\u4e13\u4e1a\u5f71\u50cf", "favorited": false, "pic_ids": [], "pic_types": "", "is_paid": false, "mblog_vip_type": 0, "user": {"id": 6425875605, "screen_name": "1XfPa\u5e73\u513f", "profile_image_url": "https://tvax4.sinaimg.cn/crop.0.0.996.996.180/0070SjMVly8gcnw1nzxonj30ro0rodhv.jpg?KID=imgbed,tva&Expires=1619204074&ssig=1yQ%2BlmF7bK", "profile_url": "https://m.weibo.cn/u/6425875605?uid=6425875605", "statuses_count": 5538, "verified": false, "verified_type": -1, "close_blue_v": false, "description": "", "gender": "f", "mbtype": 0, "urank": 9, "mbrank": 0, "follow_me": false, "following": false, "followers_count": 387, "follow_count": 2505, "cover_image_phone": "https://tva1.sinaimg.cn/crop.0.0.640.640.640/9d44112bjw1f1xl1c10tuj20hs0hs0tw.jpg", "avatar_hd": "https://wx4.sinaimg.cn/orj480/0070SjMVly8gcnw1nzxonj30ro0rodhv.jpg", "like": false, "like_me": false, "badge": {"bind_taobao": 1, "panda": 1, "user_name_certificate": 1, "worldcup_2018": 34, "wenda_v2": 1, "dailv_2018": 4, "qixi_2018": 1, "lol_s8": 1, "double11_2018": 1, "wbzy_2018": 1, "memorial_2018": 1, "hongbaofei_2019": 1, "suishoupai_2019": 1, "hongrenjie_2019": 1, "dailv_2019": 1, "dzwbqlx_2019": 1, "shuang11_2019": 1, "wbzy_2019": 1, "starlight_2019": 1, "macao_2019": 1, "china_2019_2": 1, "hongbao_2020": 3, "feiyan_2020": 1, "hope_2020": 1, "kangyi_2020": 1, "vpick_2020": 1, "weibozhiye_2020": 1, "hongbaofeifuniu_2021": 2, "hongbaofeijika_2021": 1, "nihaoshenghuojie_2021": 1}}, "reposts_count": 0, "comments_count": 0, "attitudes_count": 0, "pending_approval_count": 0, "isLongText": false, "reward_exhibition_type": 0, "hide_flag": 0, "mlevel": 0, "darwin_tags": [], "mblogtype": 0, "more_info_type": 0, "cardid": "star_11247_common", "number_display_strategy": {"apply_scenario_flag": 3, "display_text_min_number": 1000000, "display_text": "100\u4e07+"}, "content_auth": 0, "repost_type": 4, "pic_num": 0, "alchemy_params": {"ug_red_envelope": false}, "raw_text": "\u8f6c\u53d1\u5fae\u535a", "bid": "J2ObKiofv"}, {"visible": {"type": 0, "list_id": 0}, "created_at": "Wed May 20 16:31:19 +0800 2020", "id": "4506695831441692", "mid": "4506695831441692", "can_edit": false, "show_additional_indication": 0, "text": "\u8f6c\u53d1\u5fae\u535a", "source": "iPhone XR", "favorited": false, "pic_ids": [], "pic_types": "", "is_paid": false, "mblog_vip_type": 0, "user": {"id": 5492502231, "screen_name": "\u6b64\u661f\u82e5\u590f", "profile_image_url": "https://tvax2.sinaimg.cn/crop.0.0.828.828.180/005ZHYJFly8gen9bmp8s7j30n00n0jrz.jpg?KID=imgbed,tva&Expires=1619204074&ssig=DR9It%2BlK9c", "profile_url": "https://m.weibo.cn/u/5492502231?uid=5492502231", "statuses_count": 15840, "verified": false, "verified_type": -1, "close_blue_v": false, "description": "", "gender": "f", "mbtype": 2, "urank": 9, "mbrank": 3, "follow_me": false, "following": false, "followers_count": 720, "follow_count": 6228, "cover_image_phone": "https://tva1.sinaimg.cn/crop.0.0.640.640.640/9d44112bjw1f1xl1c10tuj20hs0hs0tw.jpg", "avatar_hd": "https://wx2.sinaimg.cn/orj480/005ZHYJFly8gen9bmp8s7j30n00n0jrz.jpg", "like": false, "like_me": false, "badge": {"bind_taobao": 1, "travel_2017": 1, "user_name_certificate": 1, "wenda_v2": 1, "hongbaofei_2019": 1, "china_2019": 1, "dzwbqlx_2019": 6, "rrgyj_2019": 1, "weishi_2019": 1, "shuang11_2019": 1, "starlight_2019": 1, "gongjiri_2019": 1, "macao_2019": 1, "china_2019_2": 1, "hongbao_2020": 1, "feiyan_2020": 1, "hope_2020": 1, "graduation_2020": 1, "hongrenjie_2020": 1, "hongbaofeifuniu_2021": 1, "hongbaofeijika_2021": 1, "nihaoshenghuojie_2021": 1}}, "reposts_count": 0, "comments_count": 0, "attitudes_count": 0, "pending_approval_count": 0, "isLongText": false, "reward_exhibition_type": 0, "hide_flag": 0, "mlevel": 0, "darwin_tags": [], "mblogtype": 0, "more_info_type": 0, "cardid": "star_1173", "number_display_strategy": {"apply_scenario_flag": 3, "display_text_min_number": 1000000, "display_text": "100\u4e07+"}, "content_auth": 0, "repost_type": 1, "pic_num": 0, "alchemy_params": {"ug_red_envelope": false}, "raw_text": "\u8f6c\u53d1\u5fae\u535a", "bid": "J2ObJ6336"}, {"visible": {"type": 0, "list_id": 0}, "created_at": "Wed May 20 16:31:14 +0800 2020", "id": "4506695810711683", "mid": "4506695810711683", "can_edit": false, "show_additional_indication": 0, "text": "\u8f6c\u53d1\u5fae\u535a", "source": "OPPO\u8d85\u89c6\u91ce\u5168\u9762\u5c4fR15", "favorited": false, "pic_ids": [], "pic_types": "", "is_paid": false, "mblog_vip_type": 0, "user": {"id": 6073826525, "screen_name": "\u6dd8\u6dd8200603", "profile_image_url": "https://tvax3.sinaimg.cn/crop.0.0.986.986.180/006D39JXly8gicej8ahmuj30re0regn2.jpg?KID=imgbed,tva&Expires=1619204077&ssig=0jNudkWZOc", "profile_url": "https://m.weibo.cn/u/6073826525?uid=6073826525", "statuses_count": 34583, "verified": false, "verified_type": -1, "close_blue_v": false, "description": "", "gender": "f", "mbtype": 12, "urank": 29, "mbrank": 6, "follow_me": false, "following": false, "followers_count": 6677, "follow_count": 9379, "cover_image_phone": "https://tva1.sinaimg.cn/crop.0.0.640.640.640/549d0121tw1egm1kjly3jj20hs0hsq4f.jpg", "avatar_hd": "https://wx3.sinaimg.cn/orj480/006D39JXly8gicej8ahmuj30re0regn2.jpg", "like": false, "like_me": false, "badge": {"bind_taobao": 1, "unread_pool": 1, "unread_pool_ext": 1, "panda": 1, "user_name_certificate": 1, "super_star_2018": 1, "worldcup_2018": 28, "wenda_v2": 1, "dailv_2018": 1, "asiad_2018": 1, "qixi_2018": 1, "lol_s8": 1, "national_day_2018": 1, "double11_2018": 1, "wbzy_2018": 1, "memorial_2018": 1, "hongbaofei_2019": 1, "denglong_2019": 1, "fu_2019": 1, "suishoupai_2019": 1, "wusi_2019": 1, "earth_2019": 1, "hongrenjie_2019": 1, "dailv_2019": 1, "china_2019": 1, "hongkong_2019": 1, "dzwbqlx_2019": 1, "rrgyj_2019": 1, "shuang11_2019": 1, "wbzy_2019": 1, "gongjiri_2019": 1, "macao_2019": 1, "china_2019_2": 1, "hongbao_2020": 1, "feiyan_2020": 1, "kangyi_2020": 1, "daka_2020": 1, "dailv_2020": 1, "movie_2020": 1, "vpick_2020": 1, "gongyi_2020": 2, "hongrenjie_2020": 1, "china_2020": 1, "zjszgf_2020": 1, "weibozhiye_2020": 1, "hongbaofeifuniu_2021": 2, "hongbaofeijika_2021": 1, "nihaoshenghuojie_2021": 1, "lvzhilingyang_2021": 1}}, "reposts_count": 0, "comments_count": 0, "attitudes_count": 1, "pending_approval_count": 0, "isLongText": false, "reward_exhibition_type": 0, "hide_flag": 0, "mlevel": 0, "darwin_tags": [], "mblogtype": 0, "more_info_type": 0, "number_display_strategy": {"apply_scenario_flag": 3, "display_text_min_number": 1000000, "display_text": "100\u4e07+"}, "content_auth": 0, "repost_type": 1, "pic_num": 0, "alchemy_params": {"ug_red_envelope": false}, "raw_text": "\u8f6c\u53d1\u5fae\u535a", "bid": "J2ObH2Z8L"}, {"visible": {"type": 0, "list_id": 0}, "created_at": "Wed May 20 16:30:57 +0800 2020", "id": "4506695739126824", "mid": "4506695739126824", "can_edit": false, "show_additional_indication": 0, "text": "\u8f6c\u53d1\u5fae\u535a", "source": "OPPO A11x", "favorited": false, "pic_ids": [], "pic_types": "", "is_paid": false, "mblog_vip_type": 0, "user": {"id": 2649769343, "screen_name": "koo\u871c\u871c", "profile_image_url": "https://tvax1.sinaimg.cn/crop.0.0.664.664.180/9df0457fly8gf8mg1bsx8j20ig0iggne.jpg?KID=imgbed,tva&Expires=1619204077&ssig=xCarKN6GQ8", "profile_url": "https://m.weibo.cn/u/2649769343?uid=2649769343", "statuses_count": 5426, "verified": false, "verified_type": -1, "close_blue_v": false, "description": "", "gender": "f", "mbtype": 0, "urank": 3, "mbrank": 0, "follow_me": false, "following": false, "followers_count": 628, "follow_count": 2176, "cover_image_phone": "https://tva1.sinaimg.cn/crop.0.0.640.640.640/549d0121tw1egm1kjly3jj20hs0hsq4f.jpg", "avatar_hd": "https://wx1.sinaimg.cn/orj480/9df0457fly8gf8mg1bsx8j20ig0iggne.jpg", "like": false, "like_me": false, "badge": {"user_name_certificate": 1, "hongbao_2020": 1, "feiyan_2020": 1, "vpick_2020": 1}}, "reposts_count": 0, "comments_count": 0, "attitudes_count": 0, "pending_approval_count": 0, "isLongText": false, "reward_exhibition_type": 0, "hide_flag": 0, "mlevel": 0, "darwin_tags": [], "mblogtype": 0, "more_info_type": 0, "number_display_strategy": {"apply_scenario_flag": 3, "display_text_min_number": 1000000, "display_text": "100\u4e07+"}, "content_auth": 0, "repost_type": 1, "pic_num": 0, "alchemy_params": {"ug_red_envelope": false}, "raw_text": "\u8f6c\u53d1\u5fae\u535a", "bid": "J2ObzCiiQ"}, {"visible": {"type": 0, "list_id": 0}, "created_at": "Wed May 20 16:30:40 +0800 2020", "id": "4506695668169578", "mid": "4506695668169578", "can_edit": false, "show_additional_indication": 0, "text": "\u4e0d\u9519", "source": "\u591f\u5feb\u624d\u7545\u5febvivo X6", "favorited": false, "pic_ids": [], "pic_types": "", "is_paid": false, "mblog_vip_type": 0, "user": {"id": 7285238567, "screen_name": "\u5feb\u4e50\u6bcf\u4e00\u5929Ma", "profile_image_url": "https://tvax4.sinaimg.cn/crop.0.0.498.498.180/007X27lRly8gat0j46ldpj30du0duwez.jpg?KID=imgbed,tva&Expires=1619204077&ssig=qd3vHhw0CH", "profile_url": "https://m.weibo.cn/u/7285238567?uid=7285238567", "statuses_count": 953, "verified": false, "verified_type": -1, "close_blue_v": false, "description": "", "gender": "f", "mbtype": 0, "urank": 3, "mbrank": 0, "follow_me": false, "following": false, "followers_count": 42, "follow_count": 497, "cover_image_phone": "https://tva1.sinaimg.cn/crop.0.0.640.640.640/549d0121tw1egm1kjly3jj20hs0hsq4f.jpg", "avatar_hd": "https://wx4.sinaimg.cn/orj480/007X27lRly8gat0j46ldpj30du0duwez.jpg", "like": false, "like_me": false, "badge": {"bind_taobao": 1, "user_name_certificate": 1, "hongbao_2020": 2, "feiyan_2020": 1, "hope_2020": 1, "kangyi_2020": 1, "hongbaofeifuniu_2021": 1, "hongbaofeijika_2021": 1, "nihaoshenghuojie_2021": 1}}, "reposts_count": 0, "comments_count": 0, "attitudes_count": 0, "pending_approval_count": 0, "isLongText": false, "reward_exhibition_type": 0, "hide_flag": 0, "mlevel": 0, "darwin_tags": [], "mblogtype": 0, "more_info_type": 0, "number_display_strategy": {"apply_scenario_flag": 3, "display_text_min_number": 1000000, "display_text": "100\u4e07+"}, "content_auth": 0, "repost_type": 4, "pic_num": 0, "alchemy_params": {"ug_red_envelope": false}, "raw_text": "\u4e0d\u9519", "bid": "J2Obsyhho"}, {"visible": {"type": 0, "list_id": 0}, "created_at": "Wed May 20 16:30:35 +0800 2020", "id": "4506695646759329", "mid": "4506695646759329", "can_edit": false, "show_additional_indication": 0, "text": "\u8f6c\u53d1\u5fae\u535a", "source": "iPhone 6s Plus", "favorited": false, "pic_ids": [], "pic_types": "", "is_paid": false, "mblog_vip_type": 0, "user": {"id": 6303300603, "screen_name": "\u662f\u7231\u559d\u6d25\u5a01\u7684\u6ee1\u6ee1\u963f", "profile_image_url": "https://tvax4.sinaimg.cn/crop.0.0.672.672.180/006SA0qLly8gpmrh88tyzj30io0ipab3.jpg?KID=imgbed,tva&Expires=1619204077&ssig=KIJG4LC%2FAz", "profile_url": "https://m.weibo.cn/u/6303300603?uid=6303300603", "statuses_count": 5786, "verified": false, "verified_type": -1, "close_blue_v": false, "description": "\u8fd1\u7530\u529b\u4e38Rikimaru\u8df3\u821eyyds\ud83d\udc9c", "gender": "f", "mbtype": 2, "urank": 9, "mbrank": 1, "follow_me": false, "following": false, "followers_count": 3493, "follow_count": 4790, "cover_image_phone": "https://tva1.sinaimg.cn/crop.0.0.640.640.640/9d44112bjw1f1xl1c10tuj20hs0hs0tw.jpg", "avatar_hd": "https://wx4.sinaimg.cn/orj480/006SA0qLly8gpmrh88tyzj30io0ipab3.jpg", "like": false, "like_me": false, "badge": {"bind_taobao": 1, "panda": 1, "user_name_certificate": 1, "worldcup_2018": 34, "wenda_v2": 1, "double11_2018": 1, "wbzy_2018": 1, "hongbaofei_2019": 1, "shuang11_2019": 1, "wbzy_2019": 1, "hongbao_2020": 3, "feiyan_2020": 1, "daka_2020": 1, "dailv_2020": 1, "vpick_2020": 1, "school_2020": 1, "china_2020": 1, "weibozhiye_2020": 1, "hongbaofeifuniu_2021": 2, "hongbaofeijika_2021": 1, "nihaoshenghuojie_2021": 1}}, "reposts_count": 0, "comments_count": 0, "attitudes_count": 0, "pending_approval_count": 0, "isLongText": false, "reward_exhibition_type": 0, "hide_flag": 0, "mlevel": 0, "darwin_tags": [], "mblogtype": 0, "more_info_type": 0, "number_display_strategy": {"apply_scenario_flag": 3, "display_text_min_number": 1000000, "display_text": "100\u4e07+"}, "content_auth": 0, "repost_type": 1, "pic_num": 0, "alchemy_params": {"ug_red_envelope": false}, "raw_text": "\u8f6c\u53d1\u5fae\u535a", "bid": "J2Obqsmpr"}, {"visible": {"type": 0, "list_id": 0}, "created_at": "Wed May 20 16:30:34 +0800 2020", "id": "4506695642253304", "mid": "4506695642253304", "can_edit": false, "show_additional_indication": 0, "text": "\u8f6c\u53d1\u5fae\u535a", "source": "iPhone\u5ba2\u6237\u7aef", "favorited": false, "pic_ids": [], "pic_types": "", "is_paid": false, "mblog_vip_type": 0, "user": {"id": 2035013667, "screen_name": "\u94f6\u6cb3\u7cfb\u55b5\u661f\u4eba", "profile_image_url": "https://tvax1.sinaimg.cn/crop.0.0.766.766.180/794bd823ly8gof16dewyjj20la0la0tq.jpg?KID=imgbed,tva&Expires=1619204077&ssig=byZN64%2BAY%2F", "profile_url": "https://m.weibo.cn/u/2035013667?uid=2035013667", "statuses_count": 18125, "verified": true, "verified_type": 0, "verified_type_ext": 0, "verified_reason": "\u4eba\u6587\u827a\u672f\u535a\u4e3b", "close_blue_v": false, "description": "\u7231\u751f\u6d3b\uff0c\u7231\u5bb6\u4eba", "gender": "f", "mbtype": 11, "urank": 39, "mbrank": 2, "follow_me": false, "following": false, "followers_count": 1045, "follow_count": 4687, "cover_image_phone": "https://tva1.sinaimg.cn/crop.0.0.640.640.640/549d0121tw1egm1kjly3jj20hs0hsq4f.jpg", "avatar_hd": "https://wx1.sinaimg.cn/orj480/794bd823ly8gof16dewyjj20la0la0tq.jpg", "like": false, "like_me": false, "badge": {"bind_taobao": 1, "unread_pool": 1, "unread_pool_ext": 1, "dzwbqlx_2016": 1, "travel_2017": 1, "cz_wed_2017": 1, "panda": 1, "user_name_certificate": 1, "suishoupai_2018": 8, "super_star_2018": 1, "worldcup_2018": 34, "wenda_v2": 1, "dailv_2018": 7, "qixi_2018": 1, "meilizhongguo_2018": 1, "lol_s8": 1, "kpl_2018": 1, "double11_2018": 1, "wbzy_2018": 1, "memorial_2018": 1, "hongbaofei_2019": 1, "denglong_2019": 1, "suishoupai_2019": 5, "hongrenjie_2019": 1, "dailv_2019": 1, "dzwbqlx_2019": 1, "shuang11_2019": 1, "wbzy_2019": 1, "starlight_2019": 1, "hongbao_2020": 1, "feiyan_2020": 1, "daka_2020": 1, "dailv_2020": 1, "vpick_2020": 1, "hongrenjie_2020": 1, "weibozhiye_2020": 1, "hongbaofeifuniu_2021": 2, "hongbaofeijika_2021": 1, "nihaoshenghuojie_2021": 1}}, "reposts_count": 0, "comments_count": 0, "attitudes_count": 0, "pending_approval_count": 0, "isLongText": false, "reward_exhibition_type": 0, "hide_flag": 0, "mlevel": 0, "darwin_tags": [], "mblogtype": 0, "more_info_type": 0, "number_display_strategy": {"apply_scenario_flag": 3, "display_text_min_number": 1000000, "display_text": "100\u4e07+"}, "content_auth": 0, "repost_type": 1, "pic_num": 0, "alchemy_params": {"ug_red_envelope": false}, "raw_text": "\u8f6c\u53d1\u5fae\u535a", "bid": "J2Obq9sbC"}, {"visible": {"type": 0, "list_id": 0}, "created_at": "Wed May 20 16:30:31 +0800 2020", "id": "4506695634444092", "mid": "4506695634444092", "can_edit": false, "show_additional_indication": 0, "text": "<span class=\"url-icon\"><img alt=[\u8d5e\u554a] src=\"https://h5.sinaimg.cn/m/emoticon/icon/lxh/lxh_zana-dd20c7bed2.png\" style=\"width:1em; height:1em;\" /></span><span class=\"url-icon\"><img alt=[\u8d5e\u554a] src=\"https://h5.sinaimg.cn/m/emoticon/icon/lxh/lxh_zana-dd20c7bed2.png\" style=\"width:1em; height:1em;\" /></span>", "source": "Redmi Note 8\u56db\u6444", "favorited": false, "pic_ids": [], "pic_types": "", "is_paid": false, "mblog_vip_type": 0, "user": {"id": 3499060534, "screen_name": "\u6d41\u5e74\u5c81\u6708\u90a3\u6735\u6735\u4e91", "profile_image_url": "https://tvax4.sinaimg.cn/crop.0.0.1002.1002.180/d08f6d36ly8ggbpphz3ivj20ru0rujtz.jpg?KID=imgbed,tva&Expires=1619204077&ssig=4blzEgfYFZ", "profile_url": "https://m.weibo.cn/u/3499060534?uid=3499060534", "statuses_count": 63438, "verified": false, "verified_type": -1, "close_blue_v": false, "description": "\u4e8e\u65e0\u58f0\u5904\u6709\u58f0", "gender": "f", "mbtype": 2, "urank": 19, "mbrank": 1, "follow_me": false, "following": false, "followers_count": 20696, "follow_count": 2559, "cover_image_phone": "https://tva1.sinaimg.cn/crop.0.0.640.640.640/6ce2240djw1e9112irynuj20hs0hs42i.jpg", "avatar_hd": "https://wx4.sinaimg.cn/orj480/d08f6d36ly8ggbpphz3ivj20ru0rujtz.jpg", "like": false, "like_me": false, "badge": {"bind_taobao": 1, "user_name_certificate": 1, "super_star_2018": 1, "wenda_v2": 1, "wbzy_2018": 1, "hongbaofei_2019": 1, "suishoupai_2019": 7, "earth_2019": 1, "hongrenjie_2019": 1, "dailv_2019": 1, "china_2019": 1, "taohuayuan_2019": 1, "dzwbqlx_2019": 1, "rrgyj_2019": 1, "cishan_2019": 1, "family_2019": 1, "shuang11_2019": 1, "wbzy_2019": 1, "macao_2019": 1, "china_2019_2": 1, "hongbao_2020": 1, "feiyan_2020": 1, "kangyi_2020": 1, "graduation_2020": 1, "dailv_2020": 1, "vpick_2020": 1, "school_2020": 1, "hongrenjie_2020": 1, "china_2020": 1, "zjszgf_2020": 1, "zaolang_2020": 1, "weibozhiye_2020": 1, "hongbaofeifuniu_2021": 2, "hongbaofeijika_2021": 1, "weibozhiyexianxia_2021": 1, "nihaoshenghuojie_2021": 1}}, "reposts_count": 0, "comments_count": 0, "attitudes_count": 0, "pending_approval_count": 0, "isLongText": false, "reward_exhibition_type": 0, "hide_flag": 0, "mlevel": 0, "darwin_tags": [], "mblogtype": 0, "more_info_type": 0, "number_display_strategy": {"apply_scenario_flag": 3, "display_text_min_number": 1000000, "display_text": "100\u4e07+"}, "content_auth": 0, "repost_type": 1, "pic_num": 0, "alchemy_params": {"ug_red_envelope": false}, "raw_text": "[\u8d5e\u554a][\u8d5e\u554a]", "bid": "J2ObpiE6U"}, {"visible": {"type": 0, "list_id": 0}, "created_at": "Wed May 20 16:30:18 +0800 2020", "id": "4506695580297680", "mid": "4506695580297680", "can_edit": false, "show_additional_indication": 0, "text": "\u5411\u9633\u800c\u751f", "source": "\u534e\u4e3a\u7545\u4eab10 Plus", "favorited": false, "pic_ids": [], "pic_types": "", "is_paid": false, "mblog_vip_type": 0, "user": {"id": 6095040585, "screen_name": "\u5065\u5eb7\u987a\u5fc3\u987a\u610f", "profile_image_url": "https://tvax3.sinaimg.cn/crop.0.0.996.996.180/006Euaudly8glc66xfsiij30ro0ro0v0.jpg?KID=imgbed,tva&Expires=1619204077&ssig=9wZs9MaeT%2B", "profile_url": "https://m.weibo.cn/u/6095040585?uid=6095040585", "statuses_count": 8642, "verified": false, "verified_type": -1, "close_blue_v": false, "description": "\u968f\u5fc3\u6240\u6b32", "gender": "f", "mbtype": 2, "urank": 9, "mbrank": 1, "follow_me": false, "following": false, "followers_count": 1875, "follow_count": 4576, "cover_image_phone": "https://tva1.sinaimg.cn/crop.0.0.640.640.640/549d0121tw1egm1kjly3jj20hs0hsq4f.jpg", "avatar_hd": "https://wx3.sinaimg.cn/orj480/006Euaudly8glc66xfsiij30ro0ro0v0.jpg", "like": false, "like_me": false, "badge": {"bind_taobao": 1, "user_name_certificate": 1, "wenda_v2": 1, "dailv_2018": 1, "hongbaofei_2019": 1, "suishoupai_2019": 5, "hongrenjie_2019": 1, "dailv_2019": 1, "dzwbqlx_2019": 6, "rrgyj_2019": 1, "shuang11_2019": 1, "wbzy_2019": 1, "gongjiri_2019": 1, "hongbao_2020": 2, "feiyan_2020": 1, "daka_2020": 1, "dailv_2020": 1, "hongrenjie_2020": 1, "zjszgf_2020": 1, "weibozhiye_2020": 1, "hongbaofeifuniu_2021": 2, "hongbaofeijika_2021": 1, "weibozhiyexianxia_2021": 1, "nihaoshenghuojie_2021": 1}}, "reposts_count": 0, "comments_count": 0, "attitudes_count": 0, "pending_approval_count": 0, "isLongText": false, "reward_exhibition_type": 0, "hide_flag": 0, "mlevel": 0, "darwin_tags": [], "mblogtype": 0, "more_info_type": 0, "cardid": "star_11247_common", "number_display_strategy": {"apply_scenario_flag": 3, "display_text_min_number": 1000000, "display_text": "100\u4e07+"}, "content_auth": 0, "repost_type": 4, "pic_num": 0, "alchemy_params": {"ug_red_envelope": false}, "raw_text": "\u5411\u9633\u800c\u751f", "bid": "J2Obk1fri"}, {"visible": {"type": 0, "list_id": 0}, "created_at": "Wed May 20 16:30:16 +0800 2020", "id": "4506695567071055", "mid": "4506695567071055", "can_edit": false, "show_additional_indication": 0, "text": "\u8f6c\u53d1\u5fae\u535a", "source": "\ud83c\udf6d\u674e\u6613\u5cf0\u7684\u5c0f\u80d6\u8702", "favorited": false, "pic_ids": [], "pic_types": "", "is_paid": false, "mblog_vip_type": 0, "user": {"id": 5185238565, "screen_name": "\u62ab\u7740\u871c\u8702\u7684\u5c0f\u841d\u8389", "profile_image_url": "https://tvax1.sinaimg.cn/crop.0.0.996.996.180/005EUJq5ly8gpq3ofo3wqj30ro0rp0uv.jpg?KID=imgbed,tva&Expires=1619204077&ssig=i0eRLOg6ee", "profile_url": "https://m.weibo.cn/u/5185238565?uid=5185238565", "statuses_count": 221604, "verified": true, "verified_type": 0, "verified_type_ext": 0, "verified_reason": "\u52a8\u6f2b\u535a\u4e3b \u8d85\u8bdd\u7c89\u4e1d\u5927\u5496\uff08\u674e\u6613\u5cf0\u8d85\u8bdd\uff09", "close_blue_v": false, "description": "\u674e\u6613\u5cf0\u5373\u6b63\u4e49", "gender": "f", "mbtype": 12, "urank": 44, "mbrank": 6, "follow_me": false, "following": false, "followers_count": 6094, "follow_count": 5551, "cover_image_phone": "https://wx2.sinaimg.cn/crop.0.0.640.640.640/005EUJq5ly1gny6sqvv1hj30u00u0k0e.jpg", "avatar_hd": "https://wx1.sinaimg.cn/orj480/005EUJq5ly8gpq3ofo3wqj30ro0rp0uv.jpg", "like": false, "like_me": false, "badge": {"bind_taobao": 1, "zongyiji": 1, "unread_pool": 1, "unread_pool_ext": 1, "dzwbqlx_2016": 1, "league_badge": 1, "super_star_2017": 1, "travel_2017": 1, "cz_wed_2017": 1, "panda": 1, "user_name_certificate": 1, "suishoupai_2018": 8, "wenchuan_10th": 1, "super_star_2018": 1, "worldcup_2018": 34, "wenda_v2": 1, "dailv_2018": 1, "qixi_2018": 1, "double11_2018": 1, "wbzy_2018": 1, "memorial_2018": 1, "hongbaofei_2019": 1, "fu_2019": 1, "womensday_2018": 1, "suishoupai_2019": 7, "wusi_2019": 1, "hongrenjie_2019": 1, "dailv_2019": 1, "china_2019": 1, "hongkong_2019": 1, "taohuayuan_2019": 1, "dzwbqlx_2019": 1, "rrgyj_2019": 1, "cishan_2019": 1, "weishi_2019": 1, "shuang11_2019": 1, "hongbao_2020": 1, "feiyan_2020": 1, "hope_2020": 1, "kangyi_2020": 1, "daka_2020": 1, "green_2020": 1, "graduation_2020": 1, "dailv_2020": 6, "movie_2020": 1, "mi_2020": 1, "vpick_2020": 1, "school_2020": 1, "gongyi_2020": 2, "hongrenjie_2020": 1, "china_2020": 1, "zaolang_2020": 1, "weibozhiye_2020": 1, "hongbaofeifuniu_2021": 2, "hongbaofeijika_2021": 1, "weibozhiyexianxia_2021": 1, "nihaoshenghuojie_2021": 1, "lvzhilingyang_2021": 1}}, "reposts_count": 0, "comments_count": 0, "attitudes_count": 0, "pending_approval_count": 0, "isLongText": false, "reward_exhibition_type": 0, "hide_flag": 0, "mlevel": 0, "darwin_tags": [], "mblogtype": 0, "more_info_type": 0, "cardid": "star_1189", "number_display_strategy": {"apply_scenario_flag": 3, "display_text_min_number": 1000000, "display_text": "100\u4e07+"}, "content_auth": 0, "repost_type": 1, "pic_num": 0, "alchemy_params": {"ug_red_envelope": false}, "raw_text": "\u8f6c\u53d1\u5fae\u535a", "bid": "J2ObitFvh"}, {"visible": {"type": 0, "list_id": 0}, "created_at": "Wed May 20 16:30:15 +0800 2020", "id": "4506695562577093", "mid": "4506695562577093", "can_edit": false, "show_additional_indication": 0, "text": "\u8f6c\u53d1\u5fae\u535a", "source": "", "favorited": false, "pic_ids": [], "pic_types": "", "is_paid": false, "mblog_vip_type": 0, "user": {"id": 6475397425, "screen_name": "\u5fc3\u8a2b\u677a\u82af\u4f08\u4e36", "profile_image_url": "https://tvax2.sinaimg.cn/crop.0.0.1080.1080.180/0074e6FXly8gglx8bav09j30u00u040a.jpg?KID=imgbed,tva&Expires=1619204079&ssig=THcD%2FFLMQn", "profile_url": "https://m.weibo.cn/u/6475397425?uid=6475397425", "statuses_count": 20198, "verified": true, "verified_type": 0, "verified_type_ext": 0, "verified_reason": "\u5a31\u4e50\u535a\u4e3b", "close_blue_v": false, "description": "\u7231\u5403\u7231\u73a9\u513f", "gender": "f", "mbtype": 12, "urank": 9, "mbrank": 4, "follow_me": false, "following": false, "followers_count": 10080, "follow_count": 2666, "cover_image_phone": "https://tva1.sinaimg.cn/crop.0.0.640.640.640/549d0121tw1egm1kjly3jj20hs0hsq4f.jpg", "avatar_hd": "https://wx2.sinaimg.cn/orj480/0074e6FXly8gglx8bav09j30u00u040a.jpg", "like": false, "like_me": false, "badge": {"bind_taobao": 1, "panda": 1, "user_name_certificate": 1, "suishoupai_2018": 8, "wenda_v2": 1, "double11_2018": 1, "hongbaofei_2019": 1, "hongrenjie_2019": 1, "china_2019": 1, "hongkong_2019": 1, "shuang11_2019": 1, "gongjiri_2019": 1, "hongbao_2020": 2, "feiyan_2020": 1, "graduation_2020": 1, "dailv_2020": 1, "vpick_2020": 1, "school_2020": 1, "gongyi_2020": 2, "hongrenjie_2020": 1, "china_2020": 1, "zjszgf_2020": 1, "zaolang_2020": 1, "weibozhiye_2020": 1, "hongbaofeifuniu_2021": 1, "hongbaofeijika_2021": 1, "weibozhiyexianxia_2021": 1, "nihaoshenghuojie_2021": 1}}, "reposts_count": 0, "comments_count": 0, "attitudes_count": 0, "pending_approval_count": 0, "isLongText": false, "reward_exhibition_type": 0, "hide_flag": 0, "mlevel": 0, "darwin_tags": [], "mblogtype": 0, "more_info_type": 0, "cardid": "star_1190", "number_display_strategy": {"apply_scenario_flag": 3, "display_text_min_number": 1000000, "display_text": "100\u4e07+"}, "content_auth": 0, "repost_type": 1, "pic_num": 0, "alchemy_params": {"ug_red_envelope": false}, "raw_text": "\u8f6c\u53d1\u5fae\u535a", "bid": "J2ObiaOq1"}, {"visible": {"type": 0, "list_id": 0}, "created_at": "Wed May 20 16:30:14 +0800 2020", "id": "4506695558369754", "mid": "4506695558369754", "can_edit": false, "show_additional_indication": 0, "text": "\u8f6c\u53d1\u5fae\u535a", "source": "OPPO R9s", "favorited": false, "pic_ids": [], "pic_types": "", "is_paid": false, "mblog_vip_type": 0, "user": {"id": 5084371494, "screen_name": "\u4ed9\u8349\u841d\u8389", "profile_image_url": "https://tvax1.sinaimg.cn/crop.0.0.996.996.180/005y5vhQly8gnmpx9g8a7j30ro0rpdik.jpg?KID=imgbed,tva&Expires=1619204079&ssig=OEDE9zA5OU", "profile_url": "https://m.weibo.cn/u/5084371494?uid=5084371494", "statuses_count": 34334, "verified": true, "verified_type": 0, "verified_type_ext": 0, "verified_reason": "\u8d85\u8bdd\u7c89\u4e1d\u5927\u5496\uff08\u674e\u6613\u5cf0\u8d85\u8bdd\uff09", "close_blue_v": false, "description": "\u62a1\u535a", "gender": "f", "mbtype": 2, "urank": 24, "mbrank": 1, "follow_me": false, "following": false, "followers_count": 1253, "follow_count": 3447, "cover_image_phone": "https://wx4.sinaimg.cn/crop.0.0.640.640.640/a1d3feably1fl9nr80k11j20hs0hsmze.jpg", "avatar_hd": "https://wx1.sinaimg.cn/orj480/005y5vhQly8gnmpx9g8a7j30ro0rpdik.jpg", "like": false, "like_me": false, "badge": {"bind_taobao": 1, "travel_2017": 1, "cz_wed_2017": 1, "user_name_certificate": 1, "wenchuan_10th": 1, "worldcup_2018": 34, "dailv_2018": 1, "qixi_2018": 1, "wbzy_2018": 1, "hongbaofei_2019": 1, "suishoupai_2019": 7, "hongrenjie_2019": 1, "china_2019": 1, "rrgyj_2019": 1, "hongbao_2020": 2, "dailv_2020": 6, "movie_2020": 1, "mi_2020": 1, "vpick_2020": 1, "school_2020": 1, "hongrenjie_2020": 1, "zaolang_2020": 1, "weibozhiye_2020": 1, "hongbaofeifuniu_2021": 2, "hongbaofeijika_2021": 1, "nihaoshenghuojie_2021": 1}}, "reposts_count": 0, "comments_count": 0, "attitudes_count": 0, "pending_approval_count": 0, "isLongText": false, "reward_exhibition_type": 0, "hide_flag": 0, "mlevel": 0, "darwin_tags": [], "mblogtype": 0, "more_info_type": 0, "cardid": "star_210", "number_display_strategy": {"apply_scenario_flag": 3, "display_text_min_number": 1000000, "display_text": "100\u4e07+"}, "content_auth": 0, "repost_type": 1, "pic_num": 0, "alchemy_params": {"ug_red_envelope": false}, "raw_text": "\u8f6c\u53d1\u5fae\u535a", "bid": "J2Obhz7m2"}, {"visible": {"type": 0, "list_id": 0}, "created_at": "Wed May 20 16:30:11 +0800 2020", "id": "4506695546640911", "mid": "4506695546640911", "can_edit": false, "show_additional_indication": 0, "text": "\u8f6c\u53d1\u5fae\u535a", "source": "\u8363\u800010\u9752\u6625\u7248", "favorited": false, "pic_ids": [], "pic_types": "", "is_paid": false, "mblog_vip_type": 0, "user": {"id": 6457573888, "screen_name": "\u98ce\u5439\u6a31\u843d\u971c\u6ee1\u5929", "profile_image_url": "https://tvax1.sinaimg.cn/crop.0.0.996.996.180/00731jXyly8gbmwku6q6ej30ro0ro41t.jpg?KID=imgbed,tva&Expires=1619204079&ssig=03vHx72yuO", "profile_url": "https://m.weibo.cn/u/6457573888?uid=6457573888", "statuses_count": 4546, "verified": false, "verified_type": -1, "close_blue_v": false, "description": "", "gender": "f", "mbtype": 2, "urank": 7, "mbrank": 1, "follow_me": false, "following": false, "followers_count": 111, "follow_count": 1676, "cover_image_phone": "https://tva1.sinaimg.cn/crop.0.0.640.640.640/549d0121tw1egm1kjly3jj20hs0hsq4f.jpg", "avatar_hd": "https://wx1.sinaimg.cn/orj480/00731jXyly8gbmwku6q6ej30ro0ro41t.jpg", "like": false, "like_me": false, "badge": {"bind_taobao": 1, "panda": 1, "user_name_certificate": 1, "worldcup_2018": 34, "wenda_v2": 1, "hongbaofei_2019": 1, "wbzy_2019": 1, "hongbao_2020": 2, "feiyan_2020": 1, "daka_2020": 1, "dailv_2020": 1, "vpick_2020": 1, "hongrenjie_2020": 1, "weibozhiye_2020": 1, "hongbaofeifuniu_2021": 2, "hongbaofeijika_2021": 1, "nihaoshenghuojie_2021": 1}}, "reposts_count": 0, "comments_count": 0, "attitudes_count": 0, "pending_approval_count": 0, "isLongText": false, "reward_exhibition_type": 0, "hide_flag": 0, "mlevel": 0, "darwin_tags": [], "mblogtype": 0, "more_info_type": 0, "number_display_strategy": {"apply_scenario_flag": 3, "display_text_min_number": 1000000, "display_text": "100\u4e07+"}, "content_auth": 0, "repost_type": 1, "pic_num": 0, "alchemy_params": {"ug_red_envelope": false}, "raw_text": "\u8f6c\u53d1\u5fae\u535a", "bid": "J2ObgrRBt"}, {"visible": {"type": 0, "list_id": 0}, "created_at": "Wed May 20 16:30:05 +0800 2020", "id": "4506695520468399", "mid": "4506695520468399", "can_edit": false, "show_additional_indication": 0, "text": "\u8f6c\u53d1\u5fae\u535a", "source": "iPhone\u5ba2\u6237\u7aef", "favorited": false, "pic_ids": [], "pic_types": "", "is_paid": false, "mblog_vip_type": 0, "user": {"id": 7181191004, "screen_name": "\u84dd\u8393ana\u767d", "profile_image_url": "https://tvax3.sinaimg.cn/crop.0.0.1002.1002.180/007PZxPmly8gmxwpusmvcj30ru0rudhc.jpg?KID=imgbed,tva&Expires=1619204079&ssig=PzXHeLgysw", "profile_url": "https://m.weibo.cn/u/7181191004?uid=7181191004", "statuses_count": 7955, "verified": false, "verified_type": -1, "close_blue_v": false, "description": "", "gender": "f", "mbtype": 0, "urank": 3, "mbrank": 0, "follow_me": false, "following": false, "followers_count": 666, "follow_count": 3093, "cover_image_phone": "https://tva1.sinaimg.cn/crop.0.0.640.640.640/549d0121tw1egm1kjly3jj20hs0hsq4f.jpg", "avatar_hd": "https://wx3.sinaimg.cn/orj480/007PZxPmly8gmxwpusmvcj30ru0rudhc.jpg", "like": false, "like_me": false, "badge": {"bind_taobao": 1, "user_name_certificate": 1, "dzwbqlx_2019": 1, "hongbao_2020": 2, "feiyan_2020": 1, "vpick_2020": 1, "hongrenjie_2020": 1, "zjszgf_2020": 1, "weibozhiye_2020": 1, "hongbaofeifuniu_2021": 1, "hongbaofeijika_2021": 1, "nihaoshenghuojie_2021": 1}}, "reposts_count": 0, "comments_count": 0, "attitudes_count": 0, "pending_approval_count": 0, "isLongText": false, "reward_exhibition_type": 0, "hide_flag": 0, "mlevel": 0, "darwin_tags": [], "mblogtype": 0, "more_info_type": 0, "number_display_strategy": {"apply_scenario_flag": 3, "display_text_min_number": 1000000, "display_text": "100\u4e07+"}, "content_auth": 0, "repost_type": 1, "pic_num": 0, "alchemy_params": {"ug_red_envelope": false}, "raw_text": "\u8f6c\u53d1\u5fae\u535a", "bid": "J2Obe1XQP"}, {"visible": {"type": 0, "list_id": 0}, "created_at": "Wed May 20 16:28:02 +0800 2020", "id": "4506695009767781", "mid": "4506695009767781", "can_edit": false, "show_additional_indication": 0, "text": "\u770b\u7740\u4e0d\u9519\u54e6", "source": "\u8363\u800020 PRO", "favorited": false, "pic_ids": [], "pic_types": "", "is_paid": false, "mblog_vip_type": 0, "user": {"id": 7284839733, "screen_name": "\u758f\u5f71\u8def\u4e0a", "profile_image_url": "https://tvax2.sinaimg.cn/crop.0.0.996.996.180/007X0rB3ly8g8swhebd6yj30ro0romyr.jpg?KID=imgbed,tva&Expires=1619204079&ssig=SLMYR4cXjX", "profile_url": "https://m.weibo.cn/u/7284839733?uid=7284839733", "statuses_count": 2156, "verified": true, "verified_type": 0, "verified_type_ext": 0, "verified_reason": "\u5fae\u535a\u526a\u8f91\u89c6\u9891\u535a\u4e3b", "close_blue_v": false, "description": "\u6e38\u620f\u89c6\u9891\u81ea\u5a92\u4f53\u3002", "gender": "m", "mbtype": 0, "urank": 4, "mbrank": 0, "follow_me": false, "following": false, "followers_count": 843, "follow_count": 800, "cover_image_phone": "https://tva1.sinaimg.cn/crop.0.0.640.640.640/549d0121tw1egm1kjly3jj20hs0hsq4f.jpg", "avatar_hd": "https://wx2.sinaimg.cn/orj480/007X0rB3ly8g8swhebd6yj30ro0romyr.jpg", "like": false, "like_me": false, "badge": {"bind_taobao": 1, "user_name_certificate": 1, "wenda_v2": 1, "rrgyj_2019": 1, "wbzy_2019": 1, "hongbao_2020": 3, "feiyan_2020": 1, "kangyi_2020": 1, "hongbaofeifuniu_2021": 1}}, "reposts_count": 0, "comments_count": 0, "attitudes_count": 0, "pending_approval_count": 0, "isLongText": false, "reward_exhibition_type": 0, "hide_flag": 0, "mlevel": 0, "darwin_tags": [], "mblogtype": 0, "more_info_type": 0, "number_display_strategy": {"apply_scenario_flag": 3, "display_text_min_number": 1000000, "display_text": "100\u4e07+"}, "content_auth": 0, "repost_type": 4, "pic_num": 0, "alchemy_params": {"ug_red_envelope": false}, "raw_text": "\u770b\u7740\u4e0d\u9519\u54e6", "bid": "J2OaoEZ2R"}]