[{"visible": {"type": 0, "list_id": 0}, "created_at": "Sun Feb 16 13:09:44 +0800 2020", "id": "4472580645700906", "mid": "4472580645700906", "can_edit": false, "show_additional_indication": 0, "text": "\u8f6c\u53d1\u5fae\u535a", "source": "360\u624b\u673a N6", "favorited": false, "pic_ids": [], "pic_types": "", "is_paid": false, "mblog_vip_type": 0, "user": {"id": 2792288532, "screen_name": "\u6709\u4e00\u6ee8", "profile_image_url": "https://tvax3.sinaimg.cn/crop.0.0.960.960.180/a66ef114ly8g5quaii9eej20qo0qoq6x.jpg?KID=imgbed,tva&Expires=1619047806&ssig=OVbpTtAVIl", "profile_url": "https://m.weibo.cn/u/2792288532?uid=2792288532", "statuses_count": 10805, "verified": false, "verified_type": -1, "close_blue_v": false, "description": "\u672c\u5fae\u535a\u5176\u5b9e\u662f\u5199\u7ed9\u81ea\u5df1\u7684\uff01\u5f53\u56de\u5fc6\u65f6\u95f4\u90fd\u53bb\u54ea\u513f\u4e86\u7684\u65f6\u5019\uff0c\u5f53\u8001\u4e86\u5f00\u59cb\u5199\u56de\u5fc6\u5f55\u7684\u65f6\u5019\uff01\u7531\u6b64\u4e3a\u636e\u3002", "gender": "m", "mbtype": 0, "urank": 14, "mbrank": 0, "follow_me": false, "following": false, "followers_count": 414, "follow_count": 134, "cover_image_phone": "https://tva1.sinaimg.cn/crop.0.0.640.640.640/549d0121tw1egm1kjly3jj20hs0hsq4f.jpg", "avatar_hd": "https://wx3.sinaimg.cn/orj480/a66ef114ly8g5quaii9eej20qo0qoq6x.jpg", "like": false, "like_me": false, "badge": {"bind_taobao": 1, "unread_pool": 1, "unread_pool_ext": 1, "user_name_certificate": 1, "worldcup_2018": 34, "hongrenjie_2019": 1, "hongbao_2020": 2, "feiyan_2020": 1, "kangyi_2020": 1}}, "reposts_count": 0, "comments_count": 0, "attitudes_count": 0, "pending_approval_count": 0, "isLongText": false, "reward_exhibition_type": 0, "hide_flag": 0, "mlevel": 0, "darwin_tags": [], "mblogtype": 0, "more_info_type": 0, "number_display_strategy": {"apply_scenario_flag": 3, "display_text_min_number": 1000000, "display_text": "100\u4e07+"}, "content_auth": 0, "repost_type": 1, "pic_num": 0, "alchemy_params": {"ug_red_envelope": false}, "raw_text": "\u8f6c\u53d1\u5fae\u535a", "bid": "Ius9ynV46"}, {"visible": {"type": 0, "list_id": 0}, "created_at": "Sun Feb 16 12:34:41 +0800 2020", "id": "4472571820623510", "mid": "4472571820623510", "can_edit": false, "show_additional_indication": 0, "text": "\u8f6c\u53d1\u5fae\u535a", "source": "\u8363\u800010\u9752\u6625\u7248", "favorited": false, "pic_ids": [], "pic_types": "", "is_paid": false, "mblog_vip_type": 0, "user": {"id": 5168162050, "screen_name": "\u7ef4V-V_990", "profile_image_url": "https://tvax4.sinaimg.cn/crop.0.180.1080.1080.180/005DL52qly8gau9dls5bfj30u014141m.jpg?KID=imgbed,tva&Expires=1619047806&ssig=9Tep2u4pg0", "profile_url": "https://m.weibo.cn/u/5168162050?uid=5168162050", "statuses_count": 1268, "verified": false, "verified_type": -1, "close_blue_v": false, "description": "\u4eba\u4e00\u751f\u6709\u597d\u591a\u673a\u4f1a\uff0c\u53ea\u8981\u628a\u63e1\u597d\uff0c\u5c31\u53ef\u4ee5\u8d70\u5411\u7406\u60f3\u7684\u6bbf\u5802\u3002 \u6211\u4e00\u76f4\u52aa\u529b\u7740.....", "gender": "m", "mbtype": 12, "urank": 2, "mbrank": 3, "follow_me": false, "following": false, "followers_count": 128, "follow_count": 624, "cover_image_phone": "https://wx4.sinaimg.cn/crop.0.0.640.640.640/0073qiG6ly1gjuawnvn4cj30u00u0amj.jpg", "avatar_hd": "https://wx4.sinaimg.cn/orj480/005DL52qly8gau9dls5bfj30u014141m.jpg", "like": false, "like_me": false, "badge": {"bind_taobao": 1, "unread_pool": 1, "user_name_certificate": 1, "china_2019": 1, "dzwbqlx_2019": 1, "wbzy_2019": 1, "hongbao_2020": 3, "feiyan_2020": 1, "hope_2020": 1, "kangyi_2020": 1, "daka_2020": 1, "dailv_2020": 2, "hongrenjie_2020": 1, "weibozhiye_2020": 1, "hongbaofeifuniu_2021": 2, "hongbaofeijika_2021": 1, "lvzhilingyang_2021": 1}}, "reposts_count": 0, "comments_count": 0, "attitudes_count": 0, "pending_approval_count": 0, "isLongText": false, "reward_exhibition_type": 0, "hide_flag": 0, "mlevel": 0, "darwin_tags": [], "mblogtype": 0, "more_info_type": 0, "cardid": "star_1218", "number_display_strategy": {"apply_scenario_flag": 3, "display_text_min_number": 1000000, "display_text": "100\u4e07+"}, "content_auth": 0, "repost_type": 1, "pic_num": 0, "alchemy_params": {"ug_red_envelope": false}, "raw_text": "\u8f6c\u53d1\u5fae\u535a", "bid": "IurVk2CcC"}, {"visible": {"type": 0, "list_id": 0}, "created_at": "Sun Feb 16 12:33:45 +0800 2020", "id": "4472571586483081", "mid": "4472571586483081", "can_edit": false, "show_additional_indication": 0, "text": "\u8f6c\u53d1\u5fae\u535a", "source": "\u5c0f\u7c736X \u62cd\u4eba\u66f4\u7f8e", "favorited": false, "pic_ids": [], "pic_types": "", "is_paid": false, "mblog_vip_type": 0, "user": {"id": 1900028193, "screen_name": "Ray_Reis", "profile_image_url": "https://tvax4.sinaimg.cn/crop.0.0.1002.1002.180/71402121ly8gbbdcadjl9j20ru0rugoq.jpg?KID=imgbed,tva&Expires=1619047806&ssig=pxq0%2BfIuDa", "profile_url": "https://m.weibo.cn/u/1900028193?uid=1900028193", "statuses_count": 1984, "verified": false, "verified_type": -1, "close_blue_v": false, "description": "", "gender": "m", "mbtype": 0, "urank": 30, "mbrank": 0, "follow_me": false, "following": false, "followers_count": 1273, "follow_count": 764, "cover_image_phone": "https://tva1.sinaimg.cn/crop.0.0.640.640.640/549d0121tw1egm1kjly3jj20hs0hsq4f.jpg", "avatar_hd": "https://wx4.sinaimg.cn/orj480/71402121ly8gbbdcadjl9j20ru0rugoq.jpg", "like": false, "like_me": false, "badge": {"unread_pool": 1, "unread_pool_ext": 1, "user_name_certificate": 1, "hongbao_2020": 2}}, "reposts_count": 0, "comments_count": 0, "attitudes_count": 0, "pending_approval_count": 0, "isLongText": false, "reward_exhibition_type": 0, "hide_flag": 0, "mlevel": 0, "darwin_tags": [], "mblogtype": 0, "more_info_type": 0, "number_display_strategy": {"apply_scenario_flag": 3, "display_text_min_number": 1000000, "display_text": "100\u4e07+"}, "content_auth": 0, "repost_type": 1, "pic_num": 0, "alchemy_params": {"ug_red_envelope": false}, "raw_text": "\u8f6c\u53d1\u5fae\u535a", "bid": "IurUWrcxP"}, {"visible": {"type": 0, "list_id": 0}, "created_at": "Sun Feb 16 12:31:56 +0800 2020", "id": "4472571133303704", "mid": "4472571133303704", "can_edit": false, "show_additional_indication": 0, "text": "\u8f6c\u53d1\u5fae\u535a", "source": "Android\u5ba2\u6237\u7aef", "favorited": false, "pic_ids": [], "pic_types": "", "is_paid": false, "mblog_vip_type": 0, "user": {"id": 5643761194, "screen_name": "\u65b0\u529bK", "profile_image_url": "https://tvax1.sinaimg.cn/default/images/default_avatar_male_180.gif?KID=imgbed,tva&Expires=1619047806&ssig=xKKBtv7i1g", "profile_url": "https://m.weibo.cn/u/5643761194?uid=5643761194", "statuses_count": 1124, "verified": false, "verified_type": -1, "close_blue_v": false, "description": "", "gender": "m", "mbtype": 2, "urank": 9, "mbrank": 1, "follow_me": false, "following": false, "followers_count": 190, "follow_count": 1423, "cover_image_phone": "https://tva1.sinaimg.cn/crop.0.0.640.640.640/549d0121tw1egm1kjly3jj20hs0hsq4f.jpg", "avatar_hd": "https://ss1.sinaimg.cn/orj480/default_avatar_male_180&690", "like": false, "like_me": false, "badge": {"bind_taobao": 1, "user_name_certificate": 1, "hongbao_2020": 2, "feiyan_2020": 1, "dailv_2020": 1, "school_2020": 1}}, "reposts_count": 0, "comments_count": 0, "attitudes_count": 0, "pending_approval_count": 0, "isLongText": false, "reward_exhibition_type": 0, "hide_flag": 0, "mlevel": 0, "darwin_tags": [], "mblogtype": 0, "more_info_type": 0, "number_display_strategy": {"apply_scenario_flag": 3, "display_text_min_number": 1000000, "display_text": "100\u4e07+"}, "content_auth": 0, "repost_type": 1, "pic_num": 0, "alchemy_params": {"ug_red_envelope": false}, "raw_text": "\u8f6c\u53d1\u5fae\u535a", "bid": "IurUddRry"}, {"visible": {"type": 0, "list_id": 0}, "created_at": "Sun Feb 16 12:22:31 +0800 2020", "id": "4472568763642697", "mid": "4472568763642697", "can_edit": false, "show_additional_indication": 0, "text": "\u8f6c\u53d1\u5fae\u535a", "source": "iPhone\u5ba2\u6237\u7aef", "favorited": false, "pic_ids": [], "pic_types": "", "is_paid": false, "mblog_vip_type": 0, "user": {"id": 2997513927, "screen_name": "\u5b9d\u8d1dTo\u5b9d\u8d1d", "profile_image_url": "https://tvax1.sinaimg.cn/default/images/default_avatar_male_180.gif?KID=imgbed,tva&Expires=1619047806&ssig=xKKBtv7i1g", "profile_url": "https://m.weibo.cn/u/2997513927?uid=2997513927", "statuses_count": 61227, "verified": false, "verified_type": -1, "close_blue_v": false, "description": "\u8854\u547d\u8fdc\u90a6\uff0c\u9a70\u9a8b\u4e0a\u56fd", "gender": "m", "mbtype": 0, "urank": 43, "mbrank": 0, "follow_me": false, "following": false, "followers_count": 679, "follow_count": 2871, "cover_image_phone": "https://tva1.sinaimg.cn/crop.0.0.640.640.640/549d0121tw1egm1kjly3jj20hs0hsq4f.jpg", "avatar_hd": "https://ss1.sinaimg.cn/orj480/default_avatar_male_180&690", "like": false, "like_me": false, "badge": {"unread_pool": 1, "unread_pool_ext": 1, "dzwbqlx_2016": 1, "super_star_2017": 1, "panda": 1, "user_name_certificate": 1, "wenchuan_10th": 1, "worldcup_2018": 21, "wenda_v2": 1, "dailv_2018": 1, "asiad_2018": 1, "qixi_2018": 1, "national_day_2018": 1, "memorial_2018": 1, "denglong_2019": 1, "fu_2019": 1, "wusi_2019": 1, "hongrenjie_2019": 1, "china_2019": 1, "hongkong_2019": 1, "dzwbqlx_2019": 1, "rrgyj_2019": 1, "weishi_2019": 1, "hongbao_2020": 3, "feiyan_2020": 1, "kangyi_2020": 1, "graduation_2020": 1, "dailv_2020": 1, "movie_2020": 1, "school_2020": 1, "china_2020": 1, "zjszgf_2020": 1, "weibozhiye_2020": 1, "hongbaofeifuniu_2021": 2, "hongbaofeijika_2021": 1}}, "reposts_count": 0, "comments_count": 0, "attitudes_count": 0, "pending_approval_count": 0, "isLongText": false, "reward_exhibition_type": 0, "hide_flag": 0, "mlevel": 0, "darwin_tags": [], "mblogtype": 0, "more_info_type": 0, "cardid": "star_11247_common", "number_display_strategy": {"apply_scenario_flag": 3, "display_text_min_number": 1000000, "display_text": "100\u4e07+"}, "content_auth": 0, "repost_type": 1, "pic_num": 0, "alchemy_params": {"ug_red_envelope": false}, "raw_text": "\u8f6c\u53d1\u5fae\u535a", "bid": "IurQofhDb"}, {"visible": {"type": 0, "list_id": 0}, "created_at": "Sun Feb 16 12:21:05 +0800 2020", "id": "4472568398168754", "mid": "4472568398168754", "can_edit": false, "show_additional_indication": 0, "text": "\u8f6c\u53d1\u5fae\u535a", "source": "\u8363\u80007C \u4eba\u8138\u8bc6\u522b\u53cc\u6444", "favorited": false, "pic_ids": [], "pic_types": "", "is_paid": false, "mblog_vip_type": 0, "user": {"id": 6657718991, "screen_name": "\u58f0\u6587999", "profile_image_url": "https://tvax4.sinaimg.cn/crop.0.0.664.664.180/007gz6Qnly8ful47vysc4j30ig0igwfr.jpg?KID=imgbed,tva&Expires=1619047806&ssig=UuJpUHeIWZ", "profile_url": "https://m.weibo.cn/u/6657718991?uid=6657718991", "statuses_count": 495, "verified": false, "verified_type": -1, "close_blue_v": false, "description": "", "gender": "m", "mbtype": 0, "urank": 4, "mbrank": 0, "follow_me": false, "following": false, "followers_count": 41, "follow_count": 1899, "cover_image_phone": "https://tva1.sinaimg.cn/crop.0.0.640.640.640/549d0121tw1egm1kjly3jj20hs0hsq4f.jpg", "avatar_hd": "https://wx4.sinaimg.cn/orj480/007gz6Qnly8ful47vysc4j30ig0igwfr.jpg", "like": false, "like_me": false, "badge": {"bind_taobao": 1, "user_name_certificate": 1, "hongbaofei_2019": 1, "hongrenjie_2019": 1, "hongbao_2020": 2, "dailv_2020": 1, "hongbaofeifuniu_2021": 1}}, "reposts_count": 0, "comments_count": 0, "attitudes_count": 0, "pending_approval_count": 0, "isLongText": false, "reward_exhibition_type": 0, "hide_flag": 0, "mlevel": 0, "darwin_tags": [], "mblogtype": 0, "more_info_type": 0, "number_display_strategy": {"apply_scenario_flag": 3, "display_text_min_number": 1000000, "display_text": "100\u4e07+"}, "content_auth": 0, "repost_type": 1, "pic_num": 0, "alchemy_params": {"ug_red_envelope": false}, "raw_text": "\u8f6c\u53d1\u5fae\u535a", "bid": "IurPNyh46"}, {"visible": {"type": 0, "list_id": 0}, "created_at": "Sun Feb 16 12:20:14 +0800 2020", "id": "4472568184496401", "mid": "4472568184496401", "can_edit": false, "show_additional_indication": 0, "text": "\u8f6c\u53d1\u5fae\u535a", "source": "\u534e\u4e3aP9\u624b\u673a\u6444\u5f71\u518d\u7a81\u7834", "favorited": false, "pic_ids": [], "pic_types": "", "is_paid": false, "mblog_vip_type": 0, "user": {"id": 6966061064, "screen_name": "\u80cc\u540e\u7684\u6545\u4e8b010", "profile_image_url": "https://tvax3.sinaimg.cn/crop.0.0.996.996.180/007BqSHCly8g9f796wd8xj30ro0rojvm.jpg?KID=imgbed,tva&Expires=1619047806&ssig=aM4AgZ49Nv", "profile_url": "https://m.weibo.cn/u/6966061064?uid=6966061064", "statuses_count": 541, "verified": false, "verified_type": -1, "close_blue_v": false, "description": "", "gender": "m", "mbtype": 2, "urank": 8, "mbrank": 1, "follow_me": false, "following": false, "followers_count": 30, "follow_count": 591, "cover_image_phone": "https://tva1.sinaimg.cn/crop.0.0.640.640.640/549d0121tw1egm1kjly3jj20hs0hsq4f.jpg", "avatar_hd": "https://wx3.sinaimg.cn/orj480/007BqSHCly8g9f796wd8xj30ro0rojvm.jpg", "like": false, "like_me": false, "badge": {"user_name_certificate": 1, "denglong_2019": 1, "china_2019": 1, "dzwbqlx_2019": 6, "rrgyj_2019": 1, "wbzy_2019": 1, "hongbao_2020": 2, "dailv_2020": 1, "school_2020": 1, "hongbaofeifuniu_2021": 1, "hongbaofeijika_2021": 1}}, "reposts_count": 0, "comments_count": 0, "attitudes_count": 0, "pending_approval_count": 0, "isLongText": false, "reward_exhibition_type": 0, "hide_flag": 0, "mlevel": 0, "darwin_tags": [], "mblogtype": 0, "more_info_type": 0, "number_display_strategy": {"apply_scenario_flag": 3, "display_text_min_number": 1000000, "display_text": "100\u4e07+"}, "content_auth": 0, "repost_type": 1, "pic_num": 0, "alchemy_params": {"ug_red_envelope": false}, "raw_text": "\u8f6c\u53d1\u5fae\u535a", "bid": "IurPsiRIB"}, {"visible": {"type": 0, "list_id": 0}, "created_at": "Sun Feb 16 12:18:13 +0800 2020", "id": "4472567677012807", "mid": "4472567677012807", "can_edit": false, "show_additional_indication": 0, "text": "\u8f6c\u53d1\u5fae\u535a", "source": "OPPO\u667a\u80fd\u624b\u673a", "favorited": false, "pic_ids": [], "pic_types": "", "is_paid": false, "mblog_vip_type": 0, "user": {"id": 7205681535, "screen_name": "\u76f8\u751f\u76f8\u514b198301", "profile_image_url": "https://tvax3.sinaimg.cn/crop.0.0.664.664.180/007REiVVly8g4bu4f85r5j30ig0ig3zc.jpg?KID=imgbed,tva&Expires=1619047806&ssig=nEu%2BwtrhLH", "profile_url": "https://m.weibo.cn/u/7205681535?uid=7205681535", "statuses_count": 128, "verified": false, "verified_type": -1, "close_blue_v": false, "description": "", "gender": "m", "mbtype": 0, "urank": 4, "mbrank": 0, "follow_me": false, "following": false, "followers_count": 10, "follow_count": 277, "cover_image_phone": "https://tva1.sinaimg.cn/crop.0.0.640.640.640/549d0121tw1egm1kjly3jj20hs0hsq4f.jpg", "avatar_hd": "https://wx3.sinaimg.cn/orj480/007REiVVly8g4bu4f85r5j30ig0ig3zc.jpg", "like": false, "like_me": false, "badge": {"bind_taobao": 1, "wenda_v2": 1, "hongrenjie_2019": 1, "china_2019": 1}}, "reposts_count": 0, "comments_count": 0, "attitudes_count": 0, "pending_approval_count": 0, "isLongText": false, "reward_exhibition_type": 0, "hide_flag": 0, "mlevel": 0, "darwin_tags": [], "mblogtype": 0, "more_info_type": 0, "number_display_strategy": {"apply_scenario_flag": 3, "display_text_min_number": 1000000, "display_text": "100\u4e07+"}, "content_auth": 0, "repost_type": 1, "pic_num": 0, "alchemy_params": {"ug_red_envelope": false}, "raw_text": "\u8f6c\u53d1\u5fae\u535a", "bid": "IurODtqlN"}, {"visible": {"type": 0, "list_id": 0}, "created_at": "Sun Feb 16 12:16:46 +0800 2020", "id": "4472567311743748", "mid": "4472567311743748", "can_edit": false, "show_additional_indication": 0, "text": "\u975e\u6d32\u9996\u4f8b", "source": "vivo X20\u5168\u9762\u5c4f\u624b\u673a", "favorited": false, "pic_ids": [], "pic_types": "", "is_paid": false, "mblog_vip_type": 0, "user": {"id": 1915997233, "screen_name": "\u90ed\u542f\u715c\u533b\u751f", "profile_image_url": "https://tva2.sinaimg.cn/crop.0.0.996.996.180/7233cc31jw8f6i00u6yo7j20ro0rpwgw.jpg?KID=imgbed,tva&Expires=1619047806&ssig=GIiu%2BHwewi", "profile_url": "https://m.weibo.cn/u/1915997233?uid=1915997233", "statuses_count": 23631, "verified": true, "verified_type": 0, "verified_type_ext": 0, "verified_reason": "\u4e2d\u56fd\u4eba\u6c11\u89e3\u653e\u519b\u6d77\u519b\u603b\u533b\u9662\u5185\u5206\u6ccc\u4e3b\u4efb\u533b\u5e08", "close_blue_v": false, "description": "\u505a\u7b80\u5355\u7684\u4eba\uff0c\u8fc7\u7b80\u5355\u7684\u751f\u6d3b\u3002", "gender": "m", "mbtype": 0, "urank": 39, "mbrank": 0, "follow_me": false, "following": false, "followers_count": 86130, "follow_count": 485, "cover_image_phone": "https://tva1.sinaimg.cn/crop.0.0.640.640.640/549d0121tw1egm1kjly3jj20hs0hsq4f.jpg", "avatar_hd": "https://ww2.sinaimg.cn/orj480/7233cc31jw8f6i00u6yo7j20ro0rpwgw.jpg", "like": false, "like_me": false, "badge": {"dailv": 1, "zongyiji": 1, "unread_pool": 1, "unread_pool_ext": 1, "dzwbqlx_2016": 1, "user_name_certificate": 1, "super_star_2018": 1, "worldcup_2018": 34, "asiad_2018": 1, "wbzy_2018": 1, "fu_2019": 1, "hongrenjie_2019": 1, "china_2019": 1, "wbzy_2019": 1, "hongbao_2020": 2, "feiyan_2020": 1, "school_2020": 1, "hongrenjie_2020": 1, "hongbaofeijika_2021": 1, "lvzhilingyang_2021": 1}}, "reposts_count": 0, "comments_count": 0, "attitudes_count": 0, "pending_approval_count": 0, "isLongText": false, "reward_exhibition_type": 0, "hide_flag": 0, "mlevel": 0, "darwin_tags": [], "mblogtype": 0, "more_info_type": 0, "number_display_strategy": {"apply_scenario_flag": 3, "display_text_min_number": 1000000, "display_text": "100\u4e07+"}, "content_auth": 0, "repost_type": 1, "pic_num": 0, "alchemy_params": {"ug_red_envelope": false}, "raw_text": "\u975e\u6d32\u9996\u4f8b", "bid": "IurO37jCY"}, {"visible": {"type": 0, "list_id": 0}, "created_at": "Sun Feb 16 12:14:57 +0800 2020", "id": "4472566859081601", "mid": "4472566859081601", "can_edit": false, "show_additional_indication": 0, "text": "\u8f6c\u53d1\u5fae\u535a", "source": "\u5c0f\u7c73\u624b\u673a", "favorited": false, "pic_ids": [], "pic_types": "", "is_paid": false, "mblog_vip_type": 0, "user": {"id": 5274872959, "screen_name": "\u4e5d\u5341\u5ea6\u7684\u708e\u6691", "profile_image_url": "https://tvax3.sinaimg.cn/crop.0.0.664.664.180/005KYPq7ly8g6z8x7418uj30ig0iggmf.jpg?KID=imgbed,tva&Expires=1619047808&ssig=3rJkWrGEvl", "profile_url": "https://m.weibo.cn/u/5274872959?uid=5274872959", "statuses_count": 1667, "verified": false, "verified_type": -1, "close_blue_v": false, "description": "", "gender": "m", "mbtype": 0, "urank": 13, "mbrank": 0, "follow_me": false, "following": false, "followers_count": 93, "follow_count": 403, "cover_image_phone": "https://tva1.sinaimg.cn/crop.0.0.640.640.640/549d0121tw1egm1kjly3jj20hs0hsq4f.jpg", "avatar_hd": "https://wx3.sinaimg.cn/orj480/005KYPq7ly8g6z8x7418uj30ig0iggmf.jpg", "like": false, "like_me": false, "badge": {"bind_taobao": 1, "zongyiji": 1, "user_name_certificate": 1, "china_2019": 1, "macao_2019": 1, "china_2019_2": 1, "hongbao_2020": 2, "feiyan_2020": 1, "dailv_2020": 1, "hongrenjie_2020": 1, "hongbaofeifuniu_2021": 1}}, "reposts_count": 0, "comments_count": 0, "attitudes_count": 0, "pending_approval_count": 0, "isLongText": false, "reward_exhibition_type": 0, "hide_flag": 0, "mlevel": 0, "darwin_tags": [], "mblogtype": 0, "more_info_type": 0, "number_display_strategy": {"apply_scenario_flag": 3, "display_text_min_number": 1000000, "display_text": "100\u4e07+"}, "content_auth": 0, "repost_type": 1, "pic_num": 0, "alchemy_params": {"ug_red_envelope": false}, "raw_text": "\u8f6c\u53d1\u5fae\u535a", "bid": "IurNjC6xr"}, {"visible": {"type": 0, "list_id": 0}, "created_at": "Sun Feb 16 12:13:39 +0800 2020", "id": "4472566528340323", "mid": "4472566528340323", "can_edit": false, "show_additional_indication": 0, "text": "\u8f6c\u53d1\u5fae\u535a", "source": "iPhone\u5ba2\u6237\u7aef", "favorited": false, "pic_ids": [], "pic_types": "", "is_paid": false, "mblog_vip_type": 0, "user": {"id": 1453802541, "screen_name": "\u8352\u4eba\u65e0\u6e21", "profile_image_url": "https://tvax4.sinaimg.cn/crop.0.0.996.996.180/56a7442dly8goqebv0iwyj20ro0ro0vy.jpg?KID=imgbed,tva&Expires=1619047808&ssig=bZOAZpqNUe", "profile_url": "https://m.weibo.cn/u/1453802541?uid=1453802541", "statuses_count": 35716, "verified": false, "verified_type": -1, "close_blue_v": false, "description": "\u541f1/2\u79bb\u6b4c\uff0c\u5851\u8089\u8eab\u6d6e\u5c60\u3002", "gender": "f", "mbtype": 2, "urank": 48, "mbrank": 1, "follow_me": false, "following": false, "followers_count": 1623, "follow_count": 952, "cover_image_phone": "https://tva1.sinaimg.cn/crop.0.0.640.640.640/9d44112bjw1f1xl1c10tuj20hs0hs0tw.jpg", "avatar_hd": "https://wx4.sinaimg.cn/orj480/56a7442dly8goqebv0iwyj20ro0ro0vy.jpg", "like": false, "like_me": false, "badge": {"unread_pool": 1, "unread_pool_ext": 1, "dzwbqlx_2016": 1, "super_star_2017": 1, "panda": 1, "user_name_certificate": 1, "wenchuan_10th": 1, "worldcup_2018": 34, "wenda_v2": 1, "dailv_2018": 1, "qixi_2018": 1, "double11_2018": 1, "hongbaofei_2019": 1, "hongrenjie_2019": 1, "dailv_2019": 1, "china_2019": 1, "dzwbqlx_2019": 1, "hongbao_2020": 2, "feiyan_2020": 1, "kangyi_2020": 1, "graduation_2020": 1, "dailv_2020": 1, "vpick_2020": 1, "china_2020": 1, "weibozhiye_2020": 1, "hongbaofeifuniu_2021": 1, "hongbaofeijika_2021": 1, "weibozhiyexianxia_2021": 1}}, "reposts_count": 0, "comments_count": 0, "attitudes_count": 0, "pending_approval_count": 0, "isLongText": false, "reward_exhibition_type": 0, "hide_flag": 0, "mlevel": 0, "darwin_tags": [], "mblogtype": 0, "more_info_type": 0, "number_display_strategy": {"apply_scenario_flag": 3, "display_text_min_number": 1000000, "display_text": "100\u4e07+"}, "content_auth": 0, "repost_type": 1, "pic_num": 0, "alchemy_params": {"ug_red_envelope": false}, "raw_text": "\u8f6c\u53d1\u5fae\u535a", "bid": "IurMMyZHl"}, {"visible": {"type": 0, "list_id": 0}, "created_at": "Sun Feb 16 12:10:04 +0800 2020", "id": "4472565626022485", "mid": "4472565626022485", "can_edit": false, "show_additional_indication": 0, "text": "\u8f6c\u53d1\u5fae\u535a", "source": "OPPO\u667a\u80fd\u624b\u673a", "favorited": false, "pic_ids": [], "pic_types": "", "is_paid": false, "mblog_vip_type": 0, "user": {"id": 1887828510, "screen_name": "\u7b56\u9a6c\u66f3\u88f3-\u9648\u53cb\u9f99", "profile_image_url": "https://tvax4.sinaimg.cn/crop.0.0.664.664.180/7085fa1ely8gdobyquhcaj20ig0ig3zj.jpg?KID=imgbed,tva&Expires=1619047808&ssig=J8UMnZOq3x", "profile_url": "https://m.weibo.cn/u/1887828510?uid=1887828510", "statuses_count": 47672, "verified": true, "verified_type": 0, "verified_type_ext": 0, "verified_reason": "\u77e5\u540d\u519b\u4e8b\u535a\u4e3b \u5934\u6761\u6587\u7ae0\u4f5c\u8005", "close_blue_v": false, "description": "", "gender": "m", "mbtype": 2, "urank": 41, "mbrank": 1, "follow_me": false, "following": false, "followers_count": 1862872, "follow_count": 2841, "cover_image_phone": "https://tva1.sinaimg.cn/crop.0.0.640.640.640/549d0121tw1egm1kjly3jj20hs0hsq4f.jpg", "avatar_hd": "https://wx4.sinaimg.cn/orj480/7085fa1ely8gdobyquhcaj20ig0ig3zj.jpg", "like": false, "like_me": false, "badge": {"bind_taobao": 1, "unread_pool": 1, "unread_pool_ext": 1, "dzwbqlx_2016": 1, "travel_2017": 1, "panda": 1, "user_name_certificate": 1, "wenda_v2": 1, "qixi_2018": 1, "memorial_2018": 1, "hongbaofei_2019": 1, "wusi_2019": 1, "hongrenjie_2019": 1, "china_2019": 1, "hongkong_2019": 1, "rrgyj_2019": 1, "weishi_2019": 1, "gongjiri_2019": 1, "macao_2019": 1, "china_2019_2": 1, "hongbao_2020": 2, "feiyan_2020": 1, "daka_2020": 1, "graduation_2020": 1, "school_2020": 1, "china_2020": 1}}, "reposts_count": 0, "comments_count": 0, "attitudes_count": 0, "pending_approval_count": 0, "isLongText": false, "reward_exhibition_type": 0, "hide_flag": 0, "mlevel": 0, "darwin_tags": [], "mblogtype": 0, "more_info_type": 0, "number_display_strategy": {"apply_scenario_flag": 3, "display_text_min_number": 1000000, "display_text": "100\u4e07+"}, "content_auth": 0, "repost_type": 1, "pic_num": 0, "alchemy_params": {"ug_red_envelope": false}, "raw_text": "\u8f6c\u53d1\u5fae\u535a", "bid": "IurLkpgIR"}]