[{"visible": {"type": 0, "list_id": 0}, "created_at": "Fri Feb 14 09:15:20 +0800 2020", "id": "4471796877417102", "mid": "4471796877417102", "can_edit": false, "version": 1, "show_additional_indication": 0, "text": "\u8f6c\u53d1\u5fae\u535a", "source": "iPhone\u5ba2\u6237\u7aef", "favorited": false, "pic_ids": [], "pic_types": "", "is_paid": false, "mblog_vip_type": 0, "user": {"id": 2172046992, "screen_name": "Zz-Jony", "profile_image_url": "https://tva4.sinaimg.cn/crop.0.0.180.180.180/8176ce90jw1e8qgp5bmzyj2050050aa8.jpg?KID=imgbed,tva&Expires=1619047108&ssig=KbElbUYOm8", "profile_url": "https://m.weibo.cn/u/2172046992?uid=2172046992", "statuses_count": 8325, "verified": false, "verified_type": -1, "close_blue_v": false, "description": "Don't be afraid to be different", "gender": "f", "mbtype": 0, "urank": 30, "mbrank": 0, "follow_me": false, "following": false, "followers_count": 452, "follow_count": 753, "cover_image_phone": "https://tva1.sinaimg.cn/crop.0.0.640.640.640/549d0121tw1egm1kjly3jj20hs0hsq4f.jpg", "avatar_hd": "https://ww4.sinaimg.cn/orj480/8176ce90jw1e8qgp5bmzyj2050050aa8.jpg", "like": false, "like_me": false, "badge": {"bind_taobao": 1, "unread_pool": 1, "unread_pool_ext": 1, "dzwbqlx_2016": 1, "cz_wed_2017": 1, "user_name_certificate": 1, "worldcup_2018": 34, "hongbaofei_2019": 1, "suishoupai_2019": 2, "wusi_2019": 1, "china_2019": 1, "hongbao_2020": 2, "dailv_2020": 1}}, "reposts_count": 0, "comments_count": 0, "attitudes_count": 0, "pending_approval_count": 0, "isLongText": false, "reward_exhibition_type": 0, "hide_flag": 0, "mlevel": 0, "darwin_tags": [], "mblogtype": 0, "more_info_type": 0, "number_display_strategy": {"apply_scenario_flag": 3, "display_text_min_number": 1000000, "display_text": "100\u4e07+"}, "content_auth": 0, "safe_tags": 131072, "repost_type": 1, "pic_num": 0, "alchemy_params": {"ug_red_envelope": false}, "raw_text": "\u8f6c\u53d1\u5fae\u535a", "bid": "Iu7Lpv7wG"}, {"visible": {"type": 0, "list_id": 0}, "created_at": "Wed Feb 05 11:41:19 +0800 2020", "id": "4468572128050612", "mid": "4468572128050612", "can_edit": false, "show_additional_indication": 0, "text": "\u8f6c\u53d1\u5fae\u535a", "source": "\u66f2\u5c4f\u53cc\u6444vivo Xplay6", "favorited": false, "pic_ids": [], "pic_types": "", "is_paid": false, "mblog_vip_type": 0, "user": {"id": 6520709782, "screen_name": "\u4e66\u82b8\u5b57\u5e93", "profile_image_url": "https://tvax2.sinaimg.cn/crop.201.91.568.568.180/0077ieuqly8fq1z338oe4j30sg0iz407.jpg?KID=imgbed,tva&Expires=1619047108&ssig=Kz355WCQY1", "profile_url": "https://m.weibo.cn/u/6520709782?uid=6520709782", "statuses_count": 1844, "verified": false, "verified_type": -1, "close_blue_v": false, "description": "", "gender": "f", "mbtype": 0, "urank": 4, "mbrank": 0, "follow_me": false, "following": false, "followers_count": 78, "follow_count": 334, "cover_image_phone": "https://tva1.sinaimg.cn/crop.0.0.640.640.640/549d0121tw1egm1kjly3jj20hs0hsq4f.jpg", "avatar_hd": "https://wx2.sinaimg.cn/orj480/0077ieuqly8fq1z338oe4j30sg0iz407.jpg", "like": false, "like_me": false, "badge": {"user_name_certificate": 1, "wenda_v2": 1, "denglong_2019": 1, "suishoupai_2019": 3, "earth_2019": 1, "hongrenjie_2019": 1, "china_2019": 1, "hongbao_2020": 2, "feiyan_2020": 1}}, "reposts_count": 0, "comments_count": 0, "attitudes_count": 0, "pending_approval_count": 0, "isLongText": false, "reward_exhibition_type": 0, "hide_flag": 0, "mlevel": 0, "darwin_tags": [], "mblogtype": 0, "more_info_type": 0, "cardid": "star_11247_common", "number_display_strategy": {"apply_scenario_flag": 3, "display_text_min_number": 1000000, "display_text": "100\u4e07+"}, "content_auth": 0, "repost_type": 1, "pic_num": 0, "alchemy_params": {"ug_red_envelope": false}, "raw_text": "\u8f6c\u53d1\u5fae\u535a", "bid": "IsLScxMkA"}, {"visible": {"type": 0, "list_id": 0}, "created_at": "Mon Feb 03 04:50:56 +0800 2020", "id": "4467744072133633", "mid": "4467744072133633", "can_edit": false, "show_additional_indication": 0, "text": "\u8f6c\u53d1\u5fae\u535a", "source": "Nokia X5 \u5168\u80fd\u4f53\u9a8c", "favorited": false, "pic_ids": [], "pic_types": "", "is_paid": false, "mblog_vip_type": 0, "user": {"id": 5047702308, "screen_name": "\u963f\u9e4flittle", "profile_image_url": "https://tvax2.sinaimg.cn/crop.0.0.996.996.180/005vBDXmly8fq5kt3v6coj30ro0roq61.jpg?KID=imgbed,tva&Expires=1619047108&ssig=F9pS6KSlzV", "profile_url": "https://m.weibo.cn/u/5047702308?uid=5047702308", "statuses_count": 1633, "verified": false, "verified_type": -1, "close_blue_v": false, "description": "", "gender": "m", "mbtype": 0, "urank": 9, "mbrank": 0, "follow_me": false, "following": false, "followers_count": 387, "follow_count": 729, "cover_image_phone": "https://tva1.sinaimg.cn/crop.0.0.640.640.640/549d0121tw1egm1kjly3jj20hs0hsq4f.jpg", "avatar_hd": "https://wx2.sinaimg.cn/orj480/005vBDXmly8fq5kt3v6coj30ro0roq61.jpg", "like": false, "like_me": false, "badge": {"unread_pool": 1, "unread_pool_ext": 1, "user_name_certificate": 1, "suishoupai_2019": 2, "hongrenjie_2019": 1, "china_2019": 1, "hongkong_2019": 1, "hongbao_2020": 2, "feiyan_2020": 1, "graduation_2020": 1, "dailv_2020": 1, "school_2020": 1}}, "reposts_count": 0, "comments_count": 0, "attitudes_count": 0, "pending_approval_count": 0, "isLongText": false, "reward_exhibition_type": 0, "hide_flag": 0, "mlevel": 0, "darwin_tags": [], "mblogtype": 0, "more_info_type": 0, "number_display_strategy": {"apply_scenario_flag": 3, "display_text_min_number": 1000000, "display_text": "100\u4e07+"}, "content_auth": 0, "repost_type": 1, "pic_num": 0, "alchemy_params": {"ug_red_envelope": false}, "raw_text": "\u8f6c\u53d1\u5fae\u535a", "bid": "IsqkD8X3r"}, {"visible": {"type": 0, "list_id": 0}, "created_at": "Thu Jan 30 10:31:40 +0800 2020", "id": "4466380269079290", "mid": "4466380269079290", "can_edit": false, "show_additional_indication": 0, "text": "\u8f6c\u53d1\u5fae\u535a", "source": "iPhone\u5ba2\u6237\u7aef", "favorited": false, "pic_ids": [], "pic_types": "", "is_paid": false, "mblog_vip_type": 0, "user": {"id": 3484475007, "screen_name": "ARCnvwang", "profile_image_url": "https://tvax3.sinaimg.cn/crop.0.0.1080.1080.180/cfb0de7fly8gorvah6wc1j20u00u0dic.jpg?KID=imgbed,tva&Expires=1619047108&ssig=K2yMOHmAzp", "profile_url": "https://m.weibo.cn/u/3484475007?uid=3484475007", "statuses_count": 1495, "verified": false, "verified_type": -1, "close_blue_v": false, "description": "\u4e3a\u4e86\u68a6\u60f3\u4ece\u4e0d\u505c\u4e0b\u811a\u6b65", "gender": "f", "mbtype": 0, "urank": 25, "mbrank": 0, "follow_me": false, "following": false, "followers_count": 97, "follow_count": 123, "cover_image_phone": "https://tva1.sinaimg.cn/crop.0.0.640.640.640/549d0121tw1egm1kjly3jj20hs0hsq4f.jpg", "avatar_hd": "https://wx3.sinaimg.cn/orj480/cfb0de7fly8gorvah6wc1j20u00u0dic.jpg", "like": false, "like_me": false, "badge": {"bind_taobao": 1, "unread_pool": 1, "unread_pool_ext": 1, "dzwbqlx_2016": 1, "user_name_certificate": 1, "hongbao_2020": 2, "dailv_2020": 1}}, "reposts_count": 0, "comments_count": 0, "attitudes_count": 0, "pending_approval_count": 0, "isLongText": false, "reward_exhibition_type": 0, "hide_flag": 0, "mlevel": 0, "darwin_tags": [], "mblogtype": 0, "more_info_type": 0, "number_display_strategy": {"apply_scenario_flag": 3, "display_text_min_number": 1000000, "display_text": "100\u4e07+"}, "content_auth": 0, "repost_type": 1, "pic_num": 0, "alchemy_params": {"ug_red_envelope": false}, "raw_text": "\u8f6c\u53d1\u5fae\u535a", "bid": "IrQQWC5Wa"}, {"visible": {"type": 0, "list_id": 0}, "created_at": "Wed Jan 29 21:59:23 +0800 2020", "id": "4466190950980443", "mid": "4466190950980443", "can_edit": false, "show_additional_indication": 0, "text": "\u8f6c\u53d1\u5fae\u535a", "source": "iPhone\u5ba2\u6237\u7aef", "favorited": false, "pic_ids": [], "pic_types": "", "is_paid": false, "mblog_vip_type": 0, "user": {"id": 6002172200, "screen_name": "\u83b9\u83b9_26047", "profile_image_url": "https://tvax1.sinaimg.cn/default/images/default_avatar_female_180.gif?KID=imgbed,tva&Expires=1619047108&ssig=69MjIdXgZc", "profile_url": "https://m.weibo.cn/u/6002172200?uid=6002172200", "statuses_count": 218, "verified": false, "verified_type": -1, "close_blue_v": false, "description": "", "gender": "f", "mbtype": 0, "urank": 4, "mbrank": 0, "follow_me": false, "following": false, "followers_count": 14, "follow_count": 212, "cover_image_phone": "https://tva1.sinaimg.cn/crop.0.0.640.640.640/549d0121tw1egm1kjly3jj20hs0hsq4f.jpg", "avatar_hd": "https://ss1.sinaimg.cn/orj480/default_avatar_female_180&690", "like": false, "like_me": false, "badge": {"user_name_certificate": 1, "hongrenjie_2019": 1, "hongbao_2020": 2}}, "reposts_count": 0, "comments_count": 0, "attitudes_count": 0, "pending_approval_count": 0, "isLongText": false, "reward_exhibition_type": 0, "hide_flag": 0, "mlevel": 0, "darwin_tags": [], "mblogtype": 0, "more_info_type": 0, "number_display_strategy": {"apply_scenario_flag": 3, "display_text_min_number": 1000000, "display_text": "100\u4e07+"}, "content_auth": 0, "repost_type": 1, "pic_num": 0, "alchemy_params": {"ug_red_envelope": false}, "raw_text": "\u8f6c\u53d1\u5fae\u535a", "bid": "IrLVB473B"}, {"visible": {"type": 0, "list_id": 0}, "created_at": "Tue Jan 28 07:58:56 +0800 2020", "id": "4465617056430376", "mid": "4465617056430376", "can_edit": false, "show_additional_indication": 0, "text": "\u8f6c\u53d1\u5fae\u535a", "source": "iPhone\u5ba2\u6237\u7aef", "favorited": false, "pic_ids": [], "pic_types": "", "is_paid": false, "mblog_vip_type": 0, "user": {"id": 5790877852, "screen_name": "\u590f\u5929\u662fz", "profile_image_url": "https://tvax4.sinaimg.cn/crop.0.0.751.751.180/006jTVRGly8g55m1yrj7rj30kv0kvabd.jpg?KID=imgbed,tva&Expires=1619047108&ssig=2ywA2%2Bly7%2B", "profile_url": "https://m.weibo.cn/u/5790877852?uid=5790877852", "statuses_count": 83, "verified": false, "verified_type": -1, "close_blue_v": false, "description": "\u751c\u4e27\u7cfb\u5c11\u5973\ud83c\udf7a", "gender": "f", "mbtype": 0, "urank": 4, "mbrank": 0, "follow_me": false, "following": false, "followers_count": 1, "follow_count": 126, "cover_image_phone": "https://tva2.sinaimg.cn/crop.0.0.640.640.640/a1d3feabjw1ecasunmkncj20hs0hsq4j.jpg", "avatar_hd": "https://wx4.sinaimg.cn/orj480/006jTVRGly8g55m1yrj7rj30kv0kvabd.jpg", "like": false, "like_me": false, "badge": {"user_name_certificate": 1}}, "reposts_count": 0, "comments_count": 0, "attitudes_count": 0, "pending_approval_count": 0, "isLongText": false, "reward_exhibition_type": 0, "hide_flag": 0, "mlevel": 0, "darwin_tags": [], "mblogtype": 0, "more_info_type": 0, "number_display_strategy": {"apply_scenario_flag": 3, "display_text_min_number": 1000000, "display_text": "100\u4e07+"}, "content_auth": 0, "repost_type": 1, "pic_num": 0, "alchemy_params": {"ug_red_envelope": false}, "raw_text": "\u8f6c\u53d1\u5fae\u535a", "bid": "IrwZXqYPK"}, {"visible": {"type": 0, "list_id": 0}, "created_at": "Mon Jan 27 12:08:39 +0800 2020", "id": "4465317511769121", "mid": "4465317511769121", "can_edit": false, "show_additional_indication": 0, "text": "\u8f6c\u53d1\u5fae\u535a", "source": "\u5c0f\u7c738\u5468\u5e74\u65d7\u8230\u624b\u673a", "favorited": false, "pic_ids": [], "pic_types": "", "is_paid": false, "mblog_vip_type": 0, "user": {"id": 5538944607, "screen_name": "\u6587\u6dc7\u6210\u90fd\u7c89\u4e1d\u4f1a", "profile_image_url": "https://tvax1.sinaimg.cn/crop.0.0.1002.1002.180/0062QQwfly8gc7juydpehj30ru0ruwfp.jpg?KID=imgbed,tva&Expires=1619047108&ssig=JDPKwx5wsJ", "profile_url": "https://m.weibo.cn/u/5538944607?uid=5538944607", "statuses_count": 573, "verified": false, "verified_type": -1, "close_blue_v": false, "description": "\u6587\u6dc7\u6210\u90fd\u7c89\u4e1d\u540e\u63f4\u4f1a", "gender": "m", "mbtype": 2, "urank": 9, "mbrank": 1, "follow_me": false, "following": false, "followers_count": 195, "follow_count": 756, "cover_image_phone": "https://tva1.sinaimg.cn/crop.0.0.640.640.640/6cf8d7ebjw1ehfr4xa8psj20hs0hsgpg.jpg", "avatar_hd": "https://wx1.sinaimg.cn/orj480/0062QQwfly8gc7juydpehj30ru0ruwfp.jpg", "like": false, "like_me": false, "badge": {"bind_taobao": 1, "unread_pool": 1, "unread_pool_ext": 1, "dzwbqlx_2016": 1, "user_name_certificate": 1, "wenda_v2": 1, "kpl_2018": 1, "hongbaofei_2019": 1, "suishoupai_2019": 5, "hongrenjie_2019": 1, "china_2019": 1, "dzwbqlx_2019": 1, "rrgyj_2019": 1, "starlight_2019": 1, "hongbao_2020": 2, "feiyan_2020": 1}}, "reposts_count": 0, "comments_count": 0, "attitudes_count": 0, "pending_approval_count": 0, "isLongText": false, "reward_exhibition_type": 0, "hide_flag": 0, "mlevel": 0, "darwin_tags": [], "mblogtype": 0, "more_info_type": 0, "number_display_strategy": {"apply_scenario_flag": 3, "display_text_min_number": 1000000, "display_text": "100\u4e07+"}, "content_auth": 0, "repost_type": 1, "pic_num": 0, "alchemy_params": {"ug_red_envelope": false}, "raw_text": "\u8f6c\u53d1\u5fae\u535a", "bid": "IrpcP7qed"}, {"visible": {"type": 0, "list_id": 0}, "created_at": "Sun Jan 26 20:10:30 +0800 2020", "id": "4465076390422020", "mid": "4465076390422020", "can_edit": false, "show_additional_indication": 0, "text": "\u8f6c\u53d1\u5fae\u535a", "source": "\u5c0f\u7c735X \u62cd\u4eba\u66f4\u7f8e", "favorited": false, "pic_ids": [], "pic_types": "", "is_paid": false, "mblog_vip_type": 0, "user": {"id": 5705269131, "screen_name": "\u8bf4\u4ec0\u4e48\u89e6\u4e0d\u53ef\u53ca", "profile_image_url": "https://tvax2.sinaimg.cn/crop.0.0.1002.1002.180/006e6J7Rly8gpjmtaerf3j30ru0ru444.jpg?KID=imgbed,tva&Expires=1619047108&ssig=BNAfFc4WpS", "profile_url": "https://m.weibo.cn/u/5705269131?uid=5705269131", "statuses_count": 385, "verified": false, "verified_type": -1, "close_blue_v": false, "description": "\u4e00\u4e2a\u4e2a\u5b50\u77ee\u5c0f\u5374\u9177\u7231\u8fd0\u52a8\u6570\u5b66\u4e0d\u597d\u5374\u5d07\u62dc\u6c64\u795e\u5531\u6b4c\u4e0d\u7740\u8c03\u5374\u6574\u5929\u54fc\u54fc\u5527\u5527\u65f6\u523b\u5173\u5fc3\u56fd\u5bb6\u5927\u4e8b\u5374\u5565\u4e8b\u4e5f\u5e2e\u4e0d\u5230\u7684\u4e2d\u56fd\u516c\u6c11", "gender": "f", "mbtype": 0, "urank": 9, "mbrank": 0, "follow_me": false, "following": false, "followers_count": 37, "follow_count": 178, "cover_image_phone": "https://tva1.sinaimg.cn/crop.0.0.640.640.640/549d0121tw1egm1kjly3jj20hs0hsq4f.jpg", "avatar_hd": "https://wx2.sinaimg.cn/orj480/006e6J7Rly8gpjmtaerf3j30ru0ru444.jpg", "like": false, "like_me": false, "badge": {"unread_pool": 1, "unread_pool_ext": 1, "user_name_certificate": 1, "china_2019": 1, "hongkong_2019": 1, "hongbao_2020": 3}}, "reposts_count": 0, "comments_count": 0, "attitudes_count": 0, "pending_approval_count": 0, "isLongText": false, "reward_exhibition_type": 0, "hide_flag": 0, "mlevel": 0, "darwin_tags": [], "mblogtype": 0, "more_info_type": 0, "number_display_strategy": {"apply_scenario_flag": 3, "display_text_min_number": 1000000, "display_text": "100\u4e07+"}, "content_auth": 0, "repost_type": 1, "pic_num": 0, "alchemy_params": {"ug_red_envelope": false}, "raw_text": "\u8f6c\u53d1\u5fae\u535a", "bid": "IriVV1LMM"}, {"visible": {"type": 0, "list_id": 0}, "created_at": "Sat Jan 25 18:52:23 +0800 2020", "id": "4464694343089356", "mid": "4464694343089356", "can_edit": false, "show_additional_indication": 0, "text": "\u8f49\u767c\u5fae\u535a", "source": "\u7cd6\u679c\u9ad8\u50cf\u7d20\u624b\u673a S9", "favorited": false, "pic_ids": [], "pic_types": "", "is_paid": false, "mblog_vip_type": 0, "user": {"id": 5503094035, "screen_name": "\u4e91\u8c37\u8def\u4e00", "profile_image_url": "https://tvax4.sinaimg.cn/crop.0.0.996.996.180/0060qq9dly8gfori8mpncj30ro0ro0x1.jpg?KID=imgbed,tva&Expires=1619047108&ssig=e%2B%2B47TVuZT", "profile_url": "https://m.weibo.cn/u/5503094035?uid=5503094035", "statuses_count": 63, "verified": false, "verified_type": -1, "close_blue_v": false, "description": "2021\u5c4a\u9ad8\u8003\u751f", "gender": "f", "mbtype": 0, "urank": 25, "mbrank": 0, "follow_me": false, "following": false, "followers_count": 73, "follow_count": 371, "cover_image_phone": "https://tva1.sinaimg.cn/crop.0.0.640.640.640/6ce2240djw1e9112irynuj20hs0hs42i.jpg", "avatar_hd": "https://wx4.sinaimg.cn/orj480/0060qq9dly8gfori8mpncj30ro0ro0x1.jpg", "like": false, "like_me": false, "badge": {"bind_taobao": 1, "unread_pool": 1, "unread_pool_ext": 1, "dzwbqlx_2016": 1, "user_name_certificate": 1, "hongrenjie_2019": 1, "hongbao_2020": 2, "weibozhiye_2020": 1, "hongbaofeifuniu_2021": 1}}, "reposts_count": 0, "comments_count": 0, "attitudes_count": 0, "pending_approval_count": 0, "isLongText": false, "reward_exhibition_type": 0, "hide_flag": 0, "mlevel": 0, "darwin_tags": [], "mblogtype": 0, "more_info_type": 0, "number_display_strategy": {"apply_scenario_flag": 3, "display_text_min_number": 1000000, "display_text": "100\u4e07+"}, "content_auth": 0, "repost_type": 1, "pic_num": 0, "alchemy_params": {"ug_red_envelope": false}, "raw_text": "\u8f49\u767c\u5fae\u535a", "bid": "Ir8ZIcXGk"}, {"visible": {"type": 0, "list_id": 0}, "created_at": "Sat Jan 25 18:28:50 +0800 2020", "id": "4464688413135900", "mid": "4464688413135900", "can_edit": false, "show_additional_indication": 0, "text": "\u8f6c\u53d1\u5fae\u535a", "source": "iPhone\u5ba2\u6237\u7aef", "favorited": false, "pic_ids": [], "pic_types": "", "is_paid": false, "mblog_vip_type": 0, "user": {"id": 1883409535, "screen_name": "\u51c9\u51c9\u5416666", "profile_image_url": "https://tvax2.sinaimg.cn/crop.0.0.1080.1080.180/70428c7fly8gli5nxjz3ij20u00u0n1n.jpg?KID=imgbed,tva&Expires=1619047110&ssig=MJUyYAhLCP", "profile_url": "https://m.weibo.cn/u/1883409535?uid=1883409535", "statuses_count": 3837, "verified": false, "verified_type": -1, "close_blue_v": false, "description": "\u5047\u5982\u7231\u6709\u5929\u610f", "gender": "f", "mbtype": 0, "urank": 32, "mbrank": 0, "follow_me": false, "following": false, "followers_count": 228, "follow_count": 184, "cover_image_phone": "https://tva4.sinaimg.cn/crop.0.0.640.640.640/6ce2240djw1e8iktk4ohij20hs0hsmz6.jpg", "avatar_hd": "https://wx2.sinaimg.cn/orj480/70428c7fly8gli5nxjz3ij20u00u0n1n.jpg", "like": false, "like_me": false, "badge": {"bind_taobao": 1, "unread_pool": 1, "unread_pool_ext": 1, "dzwbqlx_2016": 1, "panda": 1, "user_name_certificate": 1, "wenda_v2": 1, "hongrenjie_2019": 1, "china_2019": 1, "hongkong_2019": 1, "rrgyj_2019": 1, "starlight_2019": 1, "hongbao_2020": 2, "feiyan_2020": 1, "dailv_2020": 1, "school_2020": 1, "china_2020": 1, "weibozhiye_2020": 1, "hongbaofeifuniu_2021": 1, "hongbaofeijika_2021": 1, "nihaoshenghuojie_2021": 1}}, "reposts_count": 0, "comments_count": 0, "attitudes_count": 0, "pending_approval_count": 0, "isLongText": false, "reward_exhibition_type": 0, "hide_flag": 0, "mlevel": 0, "darwin_tags": [], "mblogtype": 0, "more_info_type": 0, "number_display_strategy": {"apply_scenario_flag": 3, "display_text_min_number": 1000000, "display_text": "100\u4e07+"}, "content_auth": 0, "repost_type": 1, "pic_num": 0, "alchemy_params": {"ug_red_envelope": false}, "raw_text": "\u8f6c\u53d1\u5fae\u535a", "bid": "Ir8Q9d9N2"}, {"visible": {"type": 0, "list_id": 0}, "created_at": "Sat Jan 25 17:59:31 +0800 2020", "id": "4464681034567351", "mid": "4464681034567351", "can_edit": false, "show_additional_indication": 0, "text": "\u8f6c\u53d1\u5fae\u535a", "source": "\u641c\u72d7\u9ad8\u901f\u6d4f\u89c8\u5668", "favorited": false, "pic_ids": [], "pic_types": "", "is_paid": false, "mblog_vip_type": 0, "user": {"id": 1305718564, "screen_name": "\u804a\u70b9\u8db3\u7403", "profile_image_url": "https://tvax3.sinaimg.cn/crop.358.0.547.547.180/4dd3af24ly8ggjarj12v1j20rd0rd0wa.jpg?KID=imgbed,tva&Expires=1619047110&ssig=AI%2FdFY87V2", "profile_url": "https://m.weibo.cn/u/1305718564?uid=1305718564", "statuses_count": 1554, "verified": false, "verified_type": -1, "close_blue_v": false, "description": "\u4e0d\u505a\u522b\u4eba\u75db\u6068\u7684\u574f\u4eba", "gender": "m", "mbtype": 0, "urank": 10, "mbrank": 0, "follow_me": false, "following": false, "followers_count": 3618, "follow_count": 4149, "cover_image_phone": "https://tva1.sinaimg.cn/crop.0.0.640.640.640/549d0121tw1egm1kjly3jj20hs0hsq4f.jpg", "avatar_hd": "https://wx3.sinaimg.cn/orj480/4dd3af24ly8ggjarj12v1j20rd0rd0wa.jpg", "like": false, "like_me": false, "badge": {"unread_pool": 1, "user_name_certificate": 1, "hongrenjie_2019": 1, "dailv_2019": 1, "china_2019": 1, "hongkong_2019": 1, "hongbao_2020": 1, "dailv_2020": 1}}, "reposts_count": 0, "comments_count": 0, "attitudes_count": 1, "pending_approval_count": 0, "isLongText": false, "reward_exhibition_type": 0, "hide_flag": 0, "mlevel": 0, "darwin_tags": [], "mblogtype": 0, "more_info_type": 0, "number_display_strategy": {"apply_scenario_flag": 3, "display_text_min_number": 1000000, "display_text": "100\u4e07+"}, "content_auth": 0, "repost_type": 1, "pic_num": 0, "alchemy_params": {"ug_red_envelope": false}, "raw_text": "\u8f6c\u53d1\u5fae\u535a", "bid": "Ir8EfjaaX"}, {"visible": {"type": 0, "list_id": 0}, "created_at": "Sat Jan 25 15:09:56 +0800 2020", "id": "4464638357998969", "mid": "4464638357998969", "can_edit": false, "show_additional_indication": 0, "text": "\u8f6c\u53d1\u5fae\u535a", "source": "iPhone\u5ba2\u6237\u7aef", "favorited": false, "pic_ids": [], "pic_types": "", "is_paid": false, "mblog_vip_type": 0, "user": {"id": 6372715465, "screen_name": "\u52a0\u6cb9\u793e\u755c", "profile_image_url": "https://tvax4.sinaimg.cn/crop.0.0.750.750.180/006Xhgpjly8fycbwtqktij30ku0kumyl.jpg?KID=imgbed,tva&Expires=1619047110&ssig=Nj4fy0hp%2Bo", "profile_url": "https://m.weibo.cn/u/6372715465?uid=6372715465", "statuses_count": 804, "verified": false, "verified_type": -1, "close_blue_v": false, "description": "\u6211\u7684\u6811\u6d1e", "gender": "f", "mbtype": 0, "urank": 4, "mbrank": 0, "follow_me": false, "following": false, "followers_count": 48, "follow_count": 200, "cover_image_phone": "https://tva1.sinaimg.cn/crop.0.0.640.640.640/549d0121tw1egm1kjly3jj20hs0hsq4f.jpg", "avatar_hd": "https://wx4.sinaimg.cn/orj480/006Xhgpjly8fycbwtqktij30ku0kumyl.jpg", "like": false, "like_me": false, "badge": {"user_name_certificate": 1, "suishoupai_2019": 5, "hongrenjie_2019": 1, "dzwbqlx_2019": 1, "rrgyj_2019": 1, "hongbao_2020": 2}}, "reposts_count": 0, "comments_count": 0, "attitudes_count": 0, "pending_approval_count": 0, "isLongText": false, "reward_exhibition_type": 0, "hide_flag": 0, "mlevel": 0, "darwin_tags": [], "mblogtype": 0, "more_info_type": 0, "number_display_strategy": {"apply_scenario_flag": 3, "display_text_min_number": 1000000, "display_text": "100\u4e07+"}, "content_auth": 0, "repost_type": 1, "pic_num": 0, "alchemy_params": {"ug_red_envelope": false}, "raw_text": "\u8f6c\u53d1\u5fae\u535a", "bid": "Ir7xpxyTD"}, {"visible": {"type": 0, "list_id": 0}, "created_at": "Sat Jan 25 14:45:48 +0800 2020", "id": "4464632289217241", "mid": "4464632289217241", "can_edit": false, "show_additional_indication": 0, "text": "\u8f6c\u53d1\u5fae\u535a", "source": "nova 5z", "favorited": false, "pic_ids": [], "pic_types": "", "is_paid": false, "mblog_vip_type": 0, "user": {"id": 7018539296, "screen_name": "\u4e09\u4e039971", "profile_image_url": "https://tvax2.sinaimg.cn/crop.0.0.132.132.180/007EZ4GIly4g0qmassulvj303o03o0sm.jpg?KID=imgbed,tva&Expires=1619047110&ssig=oCwv3CO2ic", "profile_url": "https://m.weibo.cn/u/7018539296?uid=7018539296", "statuses_count": 28, "verified": false, "verified_type": -1, "close_blue_v": false, "description": "", "gender": "m", "mbtype": 0, "urank": 4, "mbrank": 0, "follow_me": false, "following": false, "followers_count": 4, "follow_count": 16, "cover_image_phone": "https://tva1.sinaimg.cn/crop.0.0.640.640.640/549d0121tw1egm1kjly3jj20hs0hsq4f.jpg", "avatar_hd": "https://wx2.sinaimg.cn/orj480/007EZ4GIly4g0qmassulvj303o03o0sm.jpg", "like": false, "like_me": false, "badge": {"user_name_certificate": 1, "hongrenjie_2019": 1, "wbzy_2019": 1, "hongbao_2020": 2, "feiyan_2020": 1, "weibozhiye_2020": 1}}, "reposts_count": 0, "comments_count": 0, "attitudes_count": 0, "pending_approval_count": 0, "isLongText": false, "reward_exhibition_type": 0, "hide_flag": 0, "mlevel": 0, "darwin_tags": [], "mblogtype": 0, "more_info_type": 0, "number_display_strategy": {"apply_scenario_flag": 3, "display_text_min_number": 1000000, "display_text": "100\u4e07+"}, "content_auth": 0, "repost_type": 1, "pic_num": 0, "alchemy_params": {"ug_red_envelope": false}, "raw_text": "\u8f6c\u53d1\u5fae\u535a", "bid": "Ir7nCCFPb"}, {"visible": {"type": 0, "list_id": 0}, "created_at": "Sat Jan 25 12:42:14 +0800 2020", "id": "4464601188514323", "mid": "4464601188514323", "can_edit": false, "show_additional_indication": 0, "text": "\u8f6c\u53d1\u5fae\u535a", "source": "\u534e\u4e3a\u624b\u673a \u7545\u4eab\u73a9\u4e0d\u505c", "favorited": false, "pic_ids": [], "pic_types": "", "is_paid": false, "mblog_vip_type": 0, "user": {"id": 2601576294, "screen_name": "honeygaara", "profile_image_url": "https://tva1.sinaimg.cn/crop.0.0.480.480.180/9b10e766jw8eihcz8049wj20dc0dcmxn.jpg?KID=imgbed,tva&Expires=1619047110&ssig=yAzeyw600p", "profile_url": "https://m.weibo.cn/u/2601576294?uid=2601576294", "statuses_count": 4537, "verified": false, "verified_type": -1, "close_blue_v": false, "description": "", "gender": "f", "mbtype": 0, "urank": 31, "mbrank": 0, "follow_me": false, "following": false, "followers_count": 146, "follow_count": 541, "cover_image_phone": "https://tva3.sinaimg.cn/crop.0.0.640.640.640/a1d3feabjw1eca1ktsx9tj20hs0hsjtk.jpg", "avatar_hd": "https://ww1.sinaimg.cn/orj480/9b10e766jw8eihcz8049wj20dc0dcmxn.jpg", "like": false, "like_me": false, "badge": {"bind_taobao": 1, "zongyiji": 1, "unread_pool": 1, "unread_pool_ext": 1, "dzwbqlx_2016": 1, "panda": 1, "user_name_certificate": 1, "super_star_2018": 1, "qixi_2018": 1, "hongrenjie_2019": 1, "rrgyj_2019": 1, "weishi_2019": 1, "wbzy_2019": 1, "starlight_2019": 1, "hongbao_2020": 2, "china_2020": 1, "hongbaofeifuniu_2021": 1, "hongbaofeijika_2021": 1}}, "reposts_count": 0, "comments_count": 0, "attitudes_count": 0, "pending_approval_count": 0, "isLongText": false, "reward_exhibition_type": 0, "hide_flag": 0, "mlevel": 0, "darwin_tags": [], "mblogtype": 0, "more_info_type": 0, "number_display_strategy": {"apply_scenario_flag": 3, "display_text_min_number": 1000000, "display_text": "100\u4e07+"}, "content_auth": 0, "repost_type": 1, "pic_num": 0, "alchemy_params": {"ug_red_envelope": false}, "raw_text": "\u8f6c\u53d1\u5fae\u535a", "bid": "Ir6zszIXN"}, {"visible": {"type": 0, "list_id": 0}, "created_at": "Sat Jan 25 08:48:40 +0800 2020", "id": "4464542408819210", "mid": "4464542408819210", "can_edit": false, "show_additional_indication": 0, "text": "\u8f6c\u53d1\u5fae\u535a", "source": "iPhone\u5ba2\u6237\u7aef", "favorited": false, "pic_ids": [], "pic_types": "", "is_paid": false, "mblog_vip_type": 0, "user": {"id": 3834055271, "screen_name": "\u9ed1\u6da9\u9759\u9759", "profile_image_url": "https://tvax3.sinaimg.cn/crop.0.0.1080.1080.180/e4870a67ly8g8ebjd5h3aj20u00u0gn2.jpg?KID=imgbed,tva&Expires=1619047110&ssig=iR73f8qfU0", "profile_url": "https://m.weibo.cn/u/3834055271?uid=3834055271", "statuses_count": 623, "verified": false, "verified_type": -1, "close_blue_v": false, "description": "", "gender": "f", "mbtype": 0, "urank": 14, "mbrank": 0, "follow_me": false, "following": false, "followers_count": 75, "follow_count": 911, "cover_image_phone": "https://tva1.sinaimg.cn/crop.0.0.640.640.640/549d0121tw1egm1kjly3jj20hs0hsq4f.jpg", "avatar_hd": "https://wx3.sinaimg.cn/orj480/e4870a67ly8g8ebjd5h3aj20u00u0gn2.jpg", "like": false, "like_me": false, "badge": {"bind_taobao": 1, "unread_pool": 1, "unread_pool_ext": 1, "dzwbqlx_2016": 1, "panda": 1, "user_name_certificate": 1, "qixi_2018": 1, "wbzy_2018": 1, "hongbaofei_2019": 1, "hongrenjie_2019": 1, "china_2019": 1, "wbzy_2019": 1, "hongbao_2020": 2, "feiyan_2020": 1, "weibozhiye_2020": 1, "hongbaofeifuniu_2021": 1, "hongbaofeijika_2021": 1}}, "reposts_count": 0, "comments_count": 0, "attitudes_count": 0, "pending_approval_count": 0, "isLongText": false, "reward_exhibition_type": 0, "hide_flag": 0, "mlevel": 0, "darwin_tags": [], "mblogtype": 0, "more_info_type": 0, "cardid": "star_11247_common", "number_display_strategy": {"apply_scenario_flag": 3, "display_text_min_number": 1000000, "display_text": "100\u4e07+"}, "content_auth": 0, "repost_type": 1, "pic_num": 0, "alchemy_params": {"ug_red_envelope": false}, "raw_text": "\u8f6c\u53d1\u5fae\u535a", "bid": "Ir52EB0hk"}, {"visible": {"type": 0, "list_id": 0}, "created_at": "Sat Jan 25 08:11:54 +0800 2020", "id": "4464533156532477", "mid": "4464533156532477", "can_edit": false, "show_additional_indication": 0, "text": "\u8f6c\u53d1\u5fae\u535a", "source": "\u5b81\u54e5\u7684\u5973\u4ebaAndroid", "favorited": false, "pic_ids": [], "pic_types": "", "is_paid": false, "mblog_vip_type": 0, "user": {"id": 2904983665, "screen_name": "N\u5149\u8292\u4e07\u4e08", "profile_image_url": "https://tvax3.sinaimg.cn/crop.0.0.996.996.180/ad268871ly8gfcoann50qj20ro0roaby.jpg?KID=imgbed,tva&Expires=1619047110&ssig=z%2BL2TIS1%2Bc", "profile_url": "https://m.weibo.cn/u/2904983665?uid=2904983665", "statuses_count": 8169, "verified": true, "verified_type": 0, "verified_type_ext": 0, "verified_reason": "\u89c6\u9891\u535a\u4e3b", "close_blue_v": false, "description": "", "gender": "f", "mbtype": 12, "urank": 36, "mbrank": 6, "follow_me": false, "following": false, "followers_count": 911, "follow_count": 877, "cover_image_phone": "https://wx1.sinaimg.cn/crop.0.0.640.640.640/ad268871ly1gkfhpuh4yfj20u00u0dtg.jpg", "avatar_hd": "https://wx3.sinaimg.cn/orj480/ad268871ly8gfcoann50qj20ro0roaby.jpg", "like": false, "like_me": false, "badge": {"bind_taobao": 1, "unread_pool": 1, "unread_pool_ext": 1, "dzwbqlx_2016": 1, "panda": 1, "user_name_certificate": 1, "super_star_2018": 1, "wenda_v2": 1, "dailv_2018": 1, "national_day_2018": 1, "double11_2018": 1, "wbzy_2018": 1, "suishoupai_2019": 1, "hongrenjie_2019": 1, "china_2019": 1, "hongkong_2019": 1, "taohuayuan_2019": 1, "dzwbqlx_2019": 2, "rrgyj_2019": 1, "family_2019": 1, "wbzy_2019": 1, "gongjiri_2019": 1, "macao_2019": 1, "china_2019_2": 1, "hongbao_2020": 3, "feiyan_2020": 1, "daka_2020": 1, "graduation_2020": 1, "hongbaofeijika_2021": 1}}, "reposts_count": 0, "comments_count": 0, "attitudes_count": 0, "pending_approval_count": 0, "isLongText": false, "reward_exhibition_type": 0, "hide_flag": 0, "mlevel": 0, "darwin_tags": [], "mblogtype": 0, "more_info_type": 0, "cardid": "star_103180028666", "number_display_strategy": {"apply_scenario_flag": 3, "display_text_min_number": 1000000, "display_text": "100\u4e07+"}, "content_auth": 0, "repost_type": 1, "pic_num": 0, "alchemy_params": {"ug_red_envelope": false}, "raw_text": "\u8f6c\u53d1\u5fae\u535a", "bid": "Ir4NJrpox"}, {"visible": {"type": 0, "list_id": 0}, "created_at": "Fri Jan 24 23:16:08 +0800 2020", "id": "4464398330659898", "mid": "4464398330659898", "can_edit": false, "show_additional_indication": 0, "text": "\u8f6c\u53d1\u5fae\u535a", "source": "iPhone\u5ba2\u6237\u7aef", "favorited": false, "pic_ids": [], "pic_types": "", "is_paid": false, "mblog_vip_type": 0, "user": {"id": 5982992183, "screen_name": "\u8bf7\u6c42\u4e00\u68f5\u6811", "profile_image_url": "https://tvax3.sinaimg.cn/crop.0.0.512.512.180/006wU1zVly8fwb4ov7ya2j30e80e8wel.jpg?KID=imgbed,tva&Expires=1619047110&ssig=7mGAzZxJKl", "profile_url": "https://m.weibo.cn/u/5982992183?uid=5982992183", "statuses_count": 1184, "verified": false, "verified_type": -1, "close_blue_v": false, "description": "\u81ea\u6211\u5fe0\u8bda \u5411\u524d\u770b", "gender": "f", "mbtype": 2, "urank": 9, "mbrank": 1, "follow_me": false, "following": false, "followers_count": 92, "follow_count": 541, "cover_image_phone": "https://tva1.sinaimg.cn/crop.0.0.640.640.640/549d0121tw1egm1kjly3jj20hs0hsq4f.jpg", "avatar_hd": "https://wx3.sinaimg.cn/orj480/006wU1zVly8fwb4ov7ya2j30e80e8wel.jpg", "like": false, "like_me": false, "badge": {"unread_pool": 1, "unread_pool_ext": 1, "dzwbqlx_2016": 1, "super_star_2017": 1, "panda": 1, "user_name_certificate": 1, "suishoupai_2018": 6, "hongbaofei_2019": 1, "wusi_2019": 1, "hongrenjie_2019": 1, "china_2019": 1, "hongkong_2019": 1, "dzwbqlx_2019": 1, "hongbao_2020": 2, "feiyan_2020": 1, "graduation_2020": 1, "hongbaofeifuniu_2021": 1}}, "reposts_count": 0, "comments_count": 0, "attitudes_count": 0, "pending_approval_count": 0, "isLongText": false, "reward_exhibition_type": 0, "hide_flag": 0, "mlevel": 0, "darwin_tags": [], "mblogtype": 0, "more_info_type": 0, "number_display_strategy": {"apply_scenario_flag": 3, "display_text_min_number": 1000000, "display_text": "100\u4e07+"}, "content_auth": 0, "repost_type": 1, "pic_num": 0, "alchemy_params": {"ug_red_envelope": false}, "raw_text": "\u8f6c\u53d1\u5fae\u535a", "bid": "Ir1ih2LFw"}, {"visible": {"type": 0, "list_id": 0}, "created_at": "Fri Jan 24 20:05:53 +0800 2020", "id": "4464350448597853", "mid": "4464350448597853", "can_edit": false, "show_additional_indication": 0, "text": "\u8f6c\u53d1\u5fae\u535a", "source": "\u5c0f\u7c738\u5468\u5e74\u65d7\u8230\u624b\u673a", "favorited": false, "pic_ids": [], "pic_types": "", "is_paid": false, "mblog_vip_type": 0, "user": {"id": 5097879213, "screen_name": "\u897f\u8fb9\u5347\u8d77\u4e86\u592a\u9633\u8036", "profile_image_url": "https://tvax2.sinaimg.cn/crop.0.0.1002.1002.180/005z0bghly8gblukceu9yj30ru0rutag.jpg?KID=imgbed,tva&Expires=1619047110&ssig=HTTEbCAMAQ", "profile_url": "https://m.weibo.cn/u/5097879213?uid=5097879213", "statuses_count": 39, "verified": false, "verified_type": -1, "close_blue_v": false, "description": "", "gender": "f", "mbtype": 0, "urank": 4, "mbrank": 0, "follow_me": false, "following": false, "followers_count": 33, "follow_count": 90, "cover_image_phone": "https://tva1.sinaimg.cn/crop.0.0.640.640.640/549d0121tw1egm1kjly3jj20hs0hsq4f.jpg", "avatar_hd": "https://wx2.sinaimg.cn/orj480/005z0bghly8gblukceu9yj30ru0rutag.jpg", "like": false, "like_me": false, "badge": {"unread_pool": 1, "unread_pool_ext": 1, "user_name_certificate": 1, "hongbao_2020": 2}}, "reposts_count": 0, "comments_count": 0, "attitudes_count": 0, "pending_approval_count": 0, "isLongText": false, "reward_exhibition_type": 0, "hide_flag": 0, "mlevel": 0, "darwin_tags": [], "mblogtype": 0, "more_info_type": 0, "number_display_strategy": {"apply_scenario_flag": 3, "display_text_min_number": 1000000, "display_text": "100\u4e07+"}, "content_auth": 0, "repost_type": 1, "pic_num": 0, "alchemy_params": {"ug_red_envelope": false}, "raw_text": "\u8f6c\u53d1\u5fae\u535a", "bid": "Ir032A4H3"}, {"visible": {"type": 0, "list_id": 0}, "created_at": "Fri Jan 24 19:17:02 +0800 2020", "id": "4464338155067691", "mid": "4464338155067691", "can_edit": false, "show_additional_indication": 0, "text": "<span class=\"url-icon\"><img alt=[\u8dea\u4e86] src=\"https://h5.sinaimg.cn/m/emoticon/icon/default/d_guile-a8a737d3a0.png\" style=\"width:1em; height:1em;\" /></span>", "source": "Android", "favorited": false, "pic_ids": [], "pic_types": "", "is_paid": false, "mblog_vip_type": 0, "user": {"id": 6700881144, "screen_name": "\u4eca\u5929\u66b4\u5bcc\u4e86\u6ca1\u6709\u5462", "profile_image_url": "https://tvax2.sinaimg.cn/crop.0.0.1002.1002.180/007judi8ly8ghi7ou3grgj30ru0rugnv.jpg?KID=imgbed,tva&Expires=1619047112&ssig=6W%2FyXa4nVN", "profile_url": "https://m.weibo.cn/u/6700881144?uid=6700881144", "statuses_count": 658, "verified": false, "verified_type": -1, "close_blue_v": false, "description": "\u5ff5\u5ff5\u4e0d\u5fd8   \u5fc5\u6709\u56de\u54cd", "gender": "f", "mbtype": 2, "urank": 4, "mbrank": 1, "follow_me": false, "following": false, "followers_count": 10, "follow_count": 89, "cover_image_phone": "https://tva1.sinaimg.cn/crop.0.0.640.640.640/549d0121tw1egm1kjly3jj20hs0hsq4f.jpg", "avatar_hd": "https://wx2.sinaimg.cn/orj480/007judi8ly8ghi7ou3grgj30ru0rugnv.jpg", "like": false, "like_me": false, "badge": {"bind_taobao": 1, "user_name_certificate": 1, "suishoupai_2019": 1, "wbzy_2019": 1, "hongbao_2020": 1, "hongbaofeifuniu_2021": 1, "hongbaofeijika_2021": 1, "weibozhiyexianxia_2021": 1}}, "reposts_count": 0, "comments_count": 0, "attitudes_count": 0, "pending_approval_count": 0, "isLongText": false, "reward_exhibition_type": 0, "hide_flag": 0, "mlevel": 0, "darwin_tags": [], "mblogtype": 0, "more_info_type": 0, "number_display_strategy": {"apply_scenario_flag": 3, "display_text_min_number": 1000000, "display_text": "100\u4e07+"}, "content_auth": 0, "repost_type": 1, "pic_num": 0, "alchemy_params": {"ug_red_envelope": false}, "raw_text": "[\u8dea\u4e86]", "bid": "IqZJdlgkX"}, {"visible": {"type": 0, "list_id": 0}, "created_at": "Fri Jan 24 19:16:57 +0800 2020", "id": "4464338134182035", "mid": "4464338134182035", "can_edit": false, "show_additional_indication": 0, "text": "\u8f6c\u53d1\u5fae\u535a", "source": "\u8363\u80009\u9752\u6625\u7248 \u5168\u5c4f\u56db\u6444", "favorited": false, "pic_ids": [], "pic_types": "", "is_paid": false, "mblog_vip_type": 0, "user": {"id": 6816364669, "screen_name": "\u7b2c82\u53f7\u661f\u7403\u4e0a\u7684\u5c0f\u738b\u5b50", "profile_image_url": "https://tvax1.sinaimg.cn/crop.0.0.439.439.180/007riLPDly8gmorzi660gj30c80c83ys.jpg?KID=imgbed,tva&Expires=1619047112&ssig=iKU5lFyMjj", "profile_url": "https://m.weibo.cn/u/6816364669?uid=6816364669", "statuses_count": 1042, "verified": false, "verified_type": -1, "close_blue_v": false, "description": "2020\u8ba9\u6211\u4eec\u9ad8\u51b7\u8d77\u6765\u5427\uff01", "gender": "f", "mbtype": 2, "urank": 4, "mbrank": 1, "follow_me": false, "following": false, "followers_count": 21, "follow_count": 177, "cover_image_phone": "https://tva1.sinaimg.cn/crop.0.0.640.640.640/9d44112bjw1f1xl1c10tuj20hs0hs0tw.jpg", "avatar_hd": "https://wx1.sinaimg.cn/orj480/007riLPDly8gmorzi660gj30c80c83ys.jpg", "like": false, "like_me": false, "badge": {"user_name_certificate": 1, "hongrenjie_2019": 1, "weishi_2019": 1, "wbzy_2019": 1, "starlight_2019": 1, "hongbao_2020": 2}}, "reposts_count": 0, "comments_count": 0, "attitudes_count": 0, "pending_approval_count": 0, "isLongText": false, "reward_exhibition_type": 0, "hide_flag": 0, "mlevel": 0, "darwin_tags": [], "mblogtype": 0, "more_info_type": 0, "number_display_strategy": {"apply_scenario_flag": 3, "display_text_min_number": 1000000, "display_text": "100\u4e07+"}, "content_auth": 0, "repost_type": 1, "pic_num": 0, "alchemy_params": {"ug_red_envelope": false}, "raw_text": "\u8f6c\u53d1\u5fae\u535a", "bid": "IqZJbhxWb"}]