[{"visible": {"type": 0, "list_id": 0}, "created_at": "Sat Apr 11 10:26:00 +0800 2020", "id": "4492470769254589", "mid": "4492470769254589", "can_edit": false, "show_additional_indication": 0, "text": "\u8f6c\u53d1\u5fae\u535a", "source": "OPPO Reno Z", "favorited": false, "pic_ids": [], "pic_types": "", "is_paid": false, "mblog_vip_type": 0, "user": {"id": 6432180264, "screen_name": "\u7f8e\u56fd\u5f7b\u5e95\u5931\u8d25\u5427", "profile_image_url": "https://tvax1.sinaimg.cn/crop.0.0.996.996.180/0071iLUYly8gmyqjzjdi5j30ro0rogok.jpg?KID=imgbed,tva&Expires=1619049603&ssig=dxBdYMJW2f", "profile_url": "https://m.weibo.cn/u/6432180264?uid=6432180264", "statuses_count": 25861, "verified": false, "verified_type": -1, "close_blue_v": false, "description": "\u5149\u5fa9\u7f8e\u56fd\uff0c\u65f6\u4ee3\u9769\u547d\u270a \u270a \u270a  \u6ca1\u6709\u66b4\u6c11\uff0c\u53ea\u6709\u66b4\u653f\u270a \u270a \u270a\u4e94\u5927\u8bc9\u6c42\uff0c\u7f3a\u4e00\u4e0d\u53ef\u270a \u270a \u270a", "gender": "f", "mbtype": 11, "urank": 8, "mbrank": 4, "follow_me": false, "following": false, "followers_count": 261, "follow_count": 1466, "cover_image_phone": "https://wx3.sinaimg.cn/crop.0.0.640.640.640/0071iLUYly1gmghm1u0iij30u00u0nc8.jpg", "avatar_hd": "https://wx1.sinaimg.cn/orj480/0071iLUYly8gmyqjzjdi5j30ro0rogok.jpg", "like": false, "like_me": false, "badge": {"bind_taobao": 1, "user_name_certificate": 1, "wenda_v2": 1, "china_2019": 1, "hongkong_2019": 1, "gongjiri_2019": 1, "hongbao_2020": 2, "feiyan_2020": 1, "dailv_2020": 1, "school_2020": 1, "china_2020": 1, "hongbaofeifuniu_2021": 1, "nihaoshenghuojie_2021": 1}}, "reposts_count": 0, "comments_count": 0, "attitudes_count": 0, "pending_approval_count": 0, "isLongText": false, "reward_exhibition_type": 0, "hide_flag": 0, "mlevel": 0, "darwin_tags": [], "mblogtype": 0, "more_info_type": 0, "number_display_strategy": {"apply_scenario_flag": 3, "display_text_min_number": 1000000, "display_text": "100\u4e07+"}, "content_auth": 0, "repost_type": 1, "pic_num": 0, "alchemy_params": {"ug_red_envelope": false}, "raw_text": "\u8f6c\u53d1\u5fae\u535a", "bid": "ICNAoCPxz"}, {"visible": {"type": 0, "list_id": 0}, "created_at": "Wed Apr 08 13:03:18 +0800 2020", "id": "4491423191576623", "mid": "4491423191576623", "can_edit": false, "show_additional_indication": 0, "text": "\u8f6c\u53d1\u5fae\u535a", "source": "\u7ea2\u7c73Redmi", "favorited": false, "pic_ids": [], "pic_types": "", "is_paid": false, "mblog_vip_type": 0, "user": {"id": 6502797340, "screen_name": "\u4e1c\u661f\u73a9\u5177\u4e13\u53f7\u5305\u90ae24\u5c0f\u65f6", "profile_image_url": "https://tvax3.sinaimg.cn/crop.0.0.132.132.180/007654E4ly8fstwb2pw6tj303o03oweb.jpg?KID=imgbed,tva&Expires=1619049603&ssig=SsdnHCQJvE", "profile_url": "https://m.weibo.cn/u/6502797340?uid=6502797340", "statuses_count": 239, "verified": false, "verified_type": -1, "close_blue_v": false, "description": "", "gender": "m", "mbtype": 0, "urank": 3, "mbrank": 0, "follow_me": false, "following": false, "followers_count": 42, "follow_count": 265, "cover_image_phone": "https://tva1.sinaimg.cn/crop.0.0.640.640.640/549d0121tw1egm1kjly3jj20hs0hsq4f.jpg", "avatar_hd": "https://wx3.sinaimg.cn/orj480/007654E4ly8fstwb2pw6tj303o03oweb.jpg", "like": false, "like_me": false, "badge": {"hongbao_2020": 2, "feiyan_2020": 1}}, "reposts_count": 0, "comments_count": 0, "attitudes_count": 0, "pending_approval_count": 0, "isLongText": false, "reward_exhibition_type": 0, "hide_flag": 0, "mlevel": 0, "darwin_tags": [], "mblogtype": 0, "more_info_type": 0, "number_display_strategy": {"apply_scenario_flag": 3, "display_text_min_number": 1000000, "display_text": "100\u4e07+"}, "content_auth": 0, "safe_tags": 64, "repost_type": 1, "pic_num": 0, "alchemy_params": {"ug_red_envelope": false}, "raw_text": "\u8f6c\u53d1\u5fae\u535a", "bid": "ICmkL6C9p"}, {"visible": {"type": 0, "list_id": 0}, "created_at": "Thu Apr 02 06:35:40 +0800 2020", "id": "4489151317505965", "mid": "4489151317505965", "can_edit": false, "show_additional_indication": 0, "text": "\u88ab\u4f20\u67d3\u8005\u90fd\u662f\u88ab\u5bb3\u4eba<span class=\"url-icon\"><img alt=[\u5141\u60b2] src=\"https://h5.sinaimg.cn/m/emoticon/icon/default/d_yunbei-a14a649db8.png\" style=\"width:1em; height:1em;\" /></span>//<a href='/n/\u4e91\u5357\u4e91\u83dc'>@\u4e91\u5357\u4e91\u83dc</a>:\u60b2\u5267\u5440\uff01//<a href='/n/\u5f20\u80dc\u519b'>@\u5f20\u80dc\u519b</a>:<span class=\"url-icon\"><img alt=[good] src=\"https://h5.sinaimg.cn/m/emoticon/icon/others/h_good-0c51afc69c.png\" style=\"width:1em; height:1em;\" /></span><span class=\"url-icon\"><img alt=[good] src=\"https://h5.sinaimg.cn/m/emoticon/icon/others/h_good-0c51afc69c.png\" style=\"width:1em; height:1em;\" /></span>//<a href='/n/\u5229\u535a\u8fbe'>@\u5229\u535a\u8fbe</a>:\u5168\u7403\u6297\u51fb\u75ab\u60c5\uff01\u4e16\u754c\u6b63\u5728\u8d70\u5411\u6ca1\u843d\uff01<a  href=\"https://m.weibo.cn/search?containerid=231522type%3D1%26t%3D10%26q%3D%23%E8%A5%BF%E7%8F%AD%E7%89%99%E7%96%AB%E6%83%85%23&extparam=%23%E8%A5%BF%E7%8F%AD%E7%89%99%E7%96%AB%E6%83%85%23\" data-hide=\"\"><span class=\"surl-text\">#\u897f\u73ed\u7259\u75ab\u60c5#</span></a>", "source": "HUAWEI Mate 30 Pro", "favorited": false, "pic_ids": [], "pic_types": "", "is_paid": false, "mblog_vip_type": 0, "user": {"id": 1255687540, "screen_name": "\u4e2d\u4e00\u5728\u7ebf", "profile_image_url": "https://tva3.sinaimg.cn/crop.0.0.180.180.180/4ad84574jw1e8qgp5bmzyj2050050aa8.jpg?KID=imgbed,tva&Expires=1619049603&ssig=29n1RI3gF%2F", "profile_url": "https://m.weibo.cn/u/1255687540?uid=1255687540", "statuses_count": 62066, "verified": true, "verified_type": 0, "verified_type_ext": 0, "verified_reason": "\u65b0\u6d6a\u653f\u52a1\u65b0\u5a92\u4f53\u5b66\u9662\u6559\u6388\u3001\u4e13\u5bb6\u56e2\u6210\u5458", "close_blue_v": false, "description": "\u6807\u8bed\u4e66\u6cd5\u5bb6,\u8f66\u7a97\u6444\u5f71\u5bb6,\u4f4e\u7ea7\u653f\u6cbb\u5bb6,\u65e0\u80a1\u8d44\u672c\u5bb6,\u642d\u8f66\u65c5\u884c\u5bb6,\u8305\u5e90\u5efa\u7b51\u5e08,\u4e61\u6751\u89c4\u5212\u5e08,\u8d2b\u519c\u56ed\u827a\u5e08,\u65e0\u7167\u65e7\u5f8b\u5e08,\u4ec0\u6742\u54a8\u8be2\u5e08,\u4e8b\u540e\u8bc4\u8bba\u5458,\u6cd5\u6cbb\u8425\u9500\u5546,\u7834\u65e7\u7f51\u6c11", "gender": "m", "mbtype": 12, "urank": 48, "mbrank": 7, "follow_me": false, "following": false, "followers_count": 1297301, "follow_count": 3419, "cover_image_phone": "https://wx4.sinaimg.cn/crop.0.0.640.640.640/4ad84574ly1fymhg981n3j20ku0kugqz.jpg", "avatar_hd": "https://ww3.sinaimg.cn/orj480/4ad84574jw1e8qgp5bmzyj2050050aa8.jpg", "like": false, "like_me": false, "badge": {"bind_taobao": 1, "dailv": 1, "vip_activity2": 1, "self_media": 1, "dzwbqlx_2016": 1, "follow_whitelist_video": 1, "super_star_2017": 1, "travel_2017": 1, "panda": 1, "user_name_certificate": 1, "suishoupai_2018": 1, "wenchuan_10th": 1, "worldcup_2018": 34, "wenda_v2": 1, "dailv_2018": 1, "qixi_2018": 1, "weibo_display_fans": 1, "relation_display": 1, "fu_2019": 1, "womensday_2018": 1, "suishoupai_2019": 1, "earth_2019": 1, "hongrenjie_2019": 1, "dailv_2019": 1, "china_2019": 1, "hongkong_2019": 1, "dzwbqlx_2019": 4, "rrgyj_2019": 1, "wbzy_2019": 1, "hongbao_2020": 2, "feiyan_2020": 1, "kangyi_2020": 1, "dailv_2020": 1, "school_2020": 1, "gongyi_2020": 1, "china_2020": 1, "hongbaofeifuniu_2021": 1}}, "pid": 4488809561565008, "pidstr": "4488809561565008", "reposts_count": 0, "comments_count": 2, "attitudes_count": 4, "pending_approval_count": 0, "isLongText": false, "reward_exhibition_type": 0, "hide_flag": 0, "mlevel": 0, "darwin_tags": [], "mblogtype": 0, "more_info_type": 0, "cardid": "star_322", "number_display_strategy": {"apply_scenario_flag": 3, "display_text_min_number": 1000000, "display_text": "100\u4e07+"}, "content_auth": 0, "repost_type": 3, "pic_num": 0, "alchemy_params": {"ug_red_envelope": false}, "raw_text": "\u88ab\u4f20\u67d3\u8005\u90fd\u662f\u88ab\u5bb3\u4eba[\u5141\u60b2]//@\u4e91\u5357\u4e91\u83dc:\u60b2\u5267\u5440\uff01//@\u5f20\u80dc\u519b:[good][good]//@\u5229\u535a\u8fbe:\u5168\u7403\u6297\u51fb\u75ab\u60c5\uff01\u4e16\u754c\u6b63\u5728\u8d70\u5411\u6ca1\u843d\uff01#\u897f\u73ed\u7259\u75ab\u60c5# ", "bid": "IBpervuDX"}, {"visible": {"type": 0, "list_id": 0}, "created_at": "Thu Apr 02 02:31:50 +0800 2020", "id": "4489089950832844", "mid": "4489089950832844", "can_edit": false, "show_additional_indication": 0, "text": "<a  href=\"https://m.weibo.cn/search?containerid=231522type%3D1%26t%3D10%26q%3D%23%E4%BA%91%E5%B7%9E%23\" data-hide=\"\"><span class=\"surl-text\">#\u4e91\u5dde#</span></a> <a  href=\"https://m.weibo.cn/search?containerid=231522type%3D1%26t%3D10%26q%3D%23%E7%94%9F%E6%80%81%23&isnewpage=1\" data-hide=\"\"><span class=\"surl-text\">#\u751f\u6001#</span></a> \u5584\u5f85\u81ea\u5df1\uff0c\u5584\u5f85\u4ed6\u4eba\uff0c\u5584\u5f85\u751f\u547d", "source": "HUAWEI nova 2s", "favorited": false, "pic_ids": [], "pic_types": "", "is_paid": false, "mblog_vip_type": 0, "user": {"id": 3832175402, "screen_name": "\u5f69\u4e91\u4e4b\u5357\u6ec7\u897f\u84dd", "profile_image_url": "https://tvax2.sinaimg.cn/crop.0.0.996.996.180/e46a5b2aly8g2h6aq3r6mj20ro0rojve.jpg?KID=imgbed,tva&Expires=1619049603&ssig=n7BAyWOAl2", "profile_url": "https://m.weibo.cn/u/3832175402?uid=3832175402", "statuses_count": 10262, "verified": true, "verified_type": 0, "verified_type_ext": 0, "verified_reason": "\u5fae\u535a\u539f\u521b\u89c6\u9891\u535a\u4e3b \u95ee\u7b54\u7b54\u4e3b", "close_blue_v": false, "description": "\u6d53\u6d53\u4eba\u60c5\u3001\u4e61\u60c5\u5473\u9053   \u6587\u5316\u4f20\u627f\u3001\u78b0\u649e\u4e2d\u6536\u83b7\u7f8e\u597d \u6c89\u6dc0\u4eba\u751f\u70b9\u70b9\u6ef4\u6ef4\u611f\u52a8\u77ac\u95f4  \u72ec\u7acb\u4e4b\u7cbe\u795e\uff0c\u81ea\u7531\u4e4b\u601d\u60f3", "gender": "m", "mbtype": 12, "urank": 17, "mbrank": 5, "follow_me": false, "following": false, "followers_count": 9872, "follow_count": 9694, "cover_image_phone": "https://tva1.sinaimg.cn/crop.0.0.640.640.640/549d0121tw1egm1kjly3jj20hs0hsq4f.jpg", "avatar_hd": "https://wx2.sinaimg.cn/orj480/e46a5b2aly8g2h6aq3r6mj20ro0rojve.jpg", "like": false, "like_me": false, "badge": {"bind_taobao": 1, "user_name_certificate": 1, "wenda_v2": 1, "suishoupai_2019": 7, "hongrenjie_2019": 1, "dzwbqlx_2019": 1, "starlight_2019": 1, "hongbao_2020": 1, "graduation_2020": 1, "dailv_2020": 6, "vpick_2020": 1}}, "reposts_count": 0, "comments_count": 2, "attitudes_count": 2, "pending_approval_count": 0, "isLongText": false, "reward_exhibition_type": 0, "hide_flag": 0, "mlevel": 0, "darwin_tags": [], "mblogtype": 0, "more_info_type": 0, "number_display_strategy": {"apply_scenario_flag": 3, "display_text_min_number": 1000000, "display_text": "100\u4e07+"}, "content_auth": 0, "repost_type": 1, "pic_num": 0, "alchemy_params": {"ug_red_envelope": false}, "raw_text": "#\u4e91\u5dde# #\u751f\u6001# \u5584\u5f85\u81ea\u5df1\uff0c\u5584\u5f85\u4ed6\u4eba\uff0c\u5584\u5f85\u751f\u547d", "bid": "IBnDt3uEY"}, {"visible": {"type": 0, "list_id": 0}, "created_at": "Wed Apr 01 18:37:10 +0800 2020", "id": "4488970496909809", "mid": "4488970496909809", "can_edit": false, "show_additional_indication": 0, "text": "<span class=\"url-icon\"><img alt=[\u4e2d\u56fd\u8d5e] src=\"https://h5.sinaimg.cn/m/emoticon/icon/others/d_chnlike-8fc550a807.png\" style=\"width:1em; height:1em;\" /></span><span class=\"url-icon\"><img alt=[\u4e2d\u56fd\u8d5e] src=\"https://h5.sinaimg.cn/m/emoticon/icon/others/d_chnlike-8fc550a807.png\" style=\"width:1em; height:1em;\" /></span>//<a href='/n/\u4e91\u5357\u4e91\u83dc'>@\u4e91\u5357\u4e91\u83dc</a>:\u5bf9\u6bd4\u4e00\u4e0b\u8fd8\u662f\u793e\u4f1a\u4e3b\u4e49\u597d<a  href=\"https://m.weibo.cn/search?containerid=231522type%3D1%26t%3D10%26q%3D%23%E6%88%91%E6%B7%B1%E6%B7%B1%E7%9A%84%E7%88%B1%E7%9D%80%E8%BF%99%E4%B8%AA%E5%9B%BD%E5%AE%B6%23&isnewpage=1\" data-hide=\"\"><span class=\"surl-text\">#\u6211\u6df1\u6df1\u7684\u7231\u7740\u8fd9\u4e2a\u56fd\u5bb6#</span></a>", "source": "vivo\u667a\u80fd\u624b\u673a", "favorited": false, "pic_ids": [], "pic_types": "", "is_paid": false, "mblog_vip_type": 0, "user": {"id": 3846962827, "screen_name": "\u5229\u535a\u8fbe", "profile_image_url": "https://tvax2.sinaimg.cn/crop.0.0.664.664.180/e54bfe8bly8gapq3zpdyij20ig0igjsh.jpg?KID=imgbed,tva&Expires=1619049603&ssig=6G2jhyy4hV", "profile_url": "https://m.weibo.cn/u/3846962827?uid=3846962827", "statuses_count": 54671, "verified": false, "verified_type": -1, "close_blue_v": false, "description": "", "gender": "m", "mbtype": 11, "urank": 29, "mbrank": 4, "follow_me": false, "following": false, "followers_count": 6568, "follow_count": 621, "cover_image_phone": "https://tva1.sinaimg.cn/crop.0.0.640.640.640/9d44112bjw1f1xl1c10tuj20hs0hs0tw.jpg", "avatar_hd": "https://wx2.sinaimg.cn/orj480/e54bfe8bly8gapq3zpdyij20ig0igjsh.jpg", "like": false, "like_me": false, "badge": {"gongyi_level": 1, "bind_taobao": 1, "follow_whitelist_video": 1, "super_star_2017": 1, "travel_2017": 1, "user_name_certificate": 1, "worldcup_2018": 34, "wenda_v2": 1, "suishoupai_2019": 1, "earth_2019": 1, "hongrenjie_2019": 1, "china_2019": 1, "dzwbqlx_2019": 1, "rrgyj_2019": 1, "shuang11_2019": 1, "wbzy_2019": 1, "starlight_2019": 1, "gongjiri_2019": 1, "macao_2019": 1, "china_2019_2": 1, "hongbao_2020": 1, "feiyan_2020": 1, "kangyi_2020": 1, "daka_2020": 1, "graduation_2020": 1, "dailv_2020": 1, "school_2020": 1}}, "pid": 4488964872210287, "pidstr": "4488964872210287", "reposts_count": 0, "comments_count": 0, "attitudes_count": 1, "pending_approval_count": 0, "isLongText": false, "reward_exhibition_type": 0, "hide_flag": 0, "mlevel": 0, "darwin_tags": [], "mblogtype": 0, "more_info_type": 0, "cardid": "star_112477494261", "number_display_strategy": {"apply_scenario_flag": 3, "display_text_min_number": 1000000, "display_text": "100\u4e07+"}, "content_auth": 0, "repost_type": 3, "pic_num": 0, "alchemy_params": {"ug_red_envelope": false}, "raw_text": "[\u4e2d\u56fd\u8d5e][\u4e2d\u56fd\u8d5e]//@\u4e91\u5357\u4e91\u83dc:\u5bf9\u6bd4\u4e00\u4e0b\u8fd8\u662f\u793e\u4f1a\u4e3b\u4e49\u597d#\u6211\u6df1\u6df1\u7684\u7231\u7740\u8fd9\u4e2a\u56fd\u5bb6# ", "bid": "IBkwNsZyx"}, {"visible": {"type": 0, "list_id": 0}, "created_at": "Wed Apr 01 18:14:49 +0800 2020", "id": "4488964872210287", "mid": "4488964872210287", "can_edit": false, "show_additional_indication": 0, "text": "\u5bf9\u6bd4\u4e00\u4e0b\u8fd8\u662f\u793e\u4f1a\u4e3b\u4e49\u597d<a  href=\"https://m.weibo.cn/search?containerid=231522type%3D1%26t%3D10%26q%3D%23%E6%88%91%E6%B7%B1%E6%B7%B1%E7%9A%84%E7%88%B1%E7%9D%80%E8%BF%99%E4%B8%AA%E5%9B%BD%E5%AE%B6%23&isnewpage=1\" data-hide=\"\"><span class=\"surl-text\">#\u6211\u6df1\u6df1\u7684\u7231\u7740\u8fd9\u4e2a\u56fd\u5bb6#</span></a>", "source": "vivo\u667a\u80fd\u624b\u673a", "favorited": false, "pic_ids": [], "pic_types": "", "is_paid": false, "mblog_vip_type": 0, "user": {"id": 7312566568, "screen_name": "\u6768\u614e\u9690", "profile_image_url": "https://tvax2.sinaimg.cn/crop.0.0.664.664.180/007YSMC4ly8gaoc1y8uajj30ig0ig40g.jpg?KID=imgbed,tva&Expires=1619049603&ssig=cW%2BCEZd2Zm", "profile_url": "https://m.weibo.cn/u/7312566568?uid=7312566568", "statuses_count": 15736, "verified": true, "verified_type": 0, "verified_type_ext": 0, "verified_reason": "\u65c5\u6e38\u535a\u4e3b", "close_blue_v": false, "description": "\u4e91\u5357\u4e91\u83dc\uff0c\u4e91\u5473\u56db\u5b63:\u5fae\u535a\u52a9\u529b\u5f69\u4e91\u5357\u8131\u8d2b\u653b\u575a\u6218\uff0c\u5171\u521b\u65f6\u4ee3\u65b0\u7eff\u5dde\u3002\u7cbe\u51c6\u6276\u8d2b\uff0c\u5ba3\u4f20\u4e91\u5357\u4f18\u8d28\u519c\u7279\u4ea7\u54c1\uff0c\u53d1\u5e03\u4e91\u5357\u65c5\u6e38\u70ed\u95e8\u666f\u533a\u3002", "gender": "m", "mbtype": 12, "urank": 0, "mbrank": 5, "follow_me": false, "following": false, "followers_count": 104597, "follow_count": 124, "cover_image_phone": "https://wx4.sinaimg.cn/crop.0.0.640.640.640/007YSMC4gy1gaoa2fftfjj30k00k0jw8.jpg", "avatar_hd": "https://wx2.sinaimg.cn/orj480/007YSMC4ly8gaoc1y8uajj30ig0ig40g.jpg", "like": false, "like_me": false, "badge": {"user_name_certificate": 1, "starlight_2019": 1, "hongbao_2020": 1, "feiyan_2020": 1, "kangyi_2020": 1, "daka_2020": 1, "graduation_2020": 1, "dailv_2020": 1, "school_2020": 1, "gongyi_2020": 1, "hongrenjie_2020": 1, "china_2020": 1, "zjszgf_2020": 1, "weibozhiye_2020": 1, "hongbaofeifuniu_2021": 1, "hongbaofeijika_2021": 1}}, "reposts_count": 1, "comments_count": 1, "attitudes_count": 2, "pending_approval_count": 0, "isLongText": false, "reward_exhibition_type": 0, "hide_flag": 0, "mlevel": 0, "darwin_tags": [], "mblogtype": 0, "more_info_type": 0, "cardid": "star_1219", "number_display_strategy": {"apply_scenario_flag": 3, "display_text_min_number": 1000000, "display_text": "100\u4e07+"}, "content_auth": 0, "repost_type": 3, "pic_num": 0, "alchemy_params": {"ug_red_envelope": false}, "raw_text": "\u5bf9\u6bd4\u4e00\u4e0b\u8fd8\u662f\u793e\u4f1a\u4e3b\u4e49\u597d#\u6211\u6df1\u6df1\u7684\u7231\u7740\u8fd9\u4e2a\u56fd\u5bb6# ", "bid": "IBknJ9gZN"}, {"visible": {"type": 0, "list_id": 0}, "created_at": "Wed Apr 01 12:56:20 +0800 2020", "id": "4488884723338626", "mid": "4488884723338626", "can_edit": false, "show_additional_indication": 0, "text": "\u52a0\u6cb9\u897f\u73ed\u7259\u4eba\u6c11\u3002", "source": "iPhone\u5ba2\u6237\u7aef", "favorited": false, "pic_ids": [], "pic_types": "", "is_paid": false, "mblog_vip_type": 0, "user": {"id": 6327728828, "screen_name": "\u897f\u5821\u4eba\u738b\u81ea\u5f3a", "profile_image_url": "https://tvax2.sinaimg.cn/crop.0.0.512.512.180/006Uevkoly8fjjdutmtc1j30e80e8dgo.jpg?KID=imgbed,tva&Expires=1619049603&ssig=dhEoG%2BSXzH", "profile_url": "https://m.weibo.cn/u/6327728828?uid=6327728828", "statuses_count": 3509, "verified": false, "verified_type": -1, "close_blue_v": false, "description": "", "gender": "m", "mbtype": 0, "urank": 27, "mbrank": 0, "follow_me": false, "following": false, "followers_count": 1005, "follow_count": 5053, "cover_image_phone": "https://tva1.sinaimg.cn/crop.0.0.640.640.640/549d0121tw1egm1kjly3jj20hs0hsq4f.jpg", "avatar_hd": "https://wx2.sinaimg.cn/orj480/006Uevkoly8fjjdutmtc1j30e80e8dgo.jpg", "like": false, "like_me": false, "badge": {"panda": 1, "user_name_certificate": 1, "super_star_2018": 1, "wenda_v2": 1, "hongrenjie_2019": 1, "china_2019": 1, "hongkong_2019": 1, "rrgyj_2019": 1, "hongbao_2020": 2, "feiyan_2020": 1, "kangyi_2020": 1, "graduation_2020": 1, "dailv_2020": 1, "hongbaofeifuniu_2021": 1, "hongbaofeijika_2021": 1}}, "reposts_count": 0, "comments_count": 0, "attitudes_count": 0, "pending_approval_count": 0, "isLongText": false, "reward_exhibition_type": 0, "hide_flag": 0, "mlevel": 0, "darwin_tags": [], "mblogtype": 0, "more_info_type": 0, "number_display_strategy": {"apply_scenario_flag": 3, "display_text_min_number": 1000000, "display_text": "100\u4e07+"}, "content_auth": 0, "repost_type": 1, "pic_num": 0, "alchemy_params": {"ug_red_envelope": false}, "raw_text": "\u52a0\u6cb9\u897f\u73ed\u7259\u4eba\u6c11\u3002", "bid": "IBiise0wO"}, {"visible": {"type": 0, "list_id": 0}, "created_at": "Wed Apr 01 12:41:12 +0800 2020", "id": "4488880919129899", "mid": "4488880919129899", "can_edit": false, "show_additional_indication": 0, "text": "\u793e\u4f1a\u4e3b\u4e49\u4f53\u5236\u597d<span class=\"url-icon\"><img alt=[\u4e2d\u56fd\u8d5e] src=\"https://h5.sinaimg.cn/m/emoticon/icon/others/d_chnlike-8fc550a807.png\" style=\"width:1em; height:1em;\" /></span><span class=\"url-icon\"><img alt=[\u4e2d\u56fd\u8d5e] src=\"https://h5.sinaimg.cn/m/emoticon/icon/others/d_chnlike-8fc550a807.png\" style=\"width:1em; height:1em;\" /></span>//<a href='/n/\u5fb7\u90bb\u79d1\u6280'>@\u5fb7\u90bb\u79d1\u6280</a>:<span class=\"url-icon\"><img alt=[\u8d5e] src=\"https://h5.sinaimg.cn/m/emoticon/icon/others/h_zan-44ddc70637.png\" style=\"width:1em; height:1em;\" /></span>//<a href='/n/\u81f3\u8bda\u5927\u5175'>@\u81f3\u8bda\u5927\u5175</a>:\u5bf9\u6bd4\u4e00\u4e0b\uff0c\u624d\u77e5\u9053\u751f\u5728\u4e2d\u56fd\u597d", "source": "vivo\u667a\u80fd\u624b\u673a", "favorited": false, "pic_ids": [], "pic_types": "", "is_paid": false, "mblog_vip_type": 0, "user": {"id": 7312566568, "screen_name": "\u6768\u614e\u9690", "profile_image_url": "https://tvax2.sinaimg.cn/crop.0.0.664.664.180/007YSMC4ly8gaoc1y8uajj30ig0ig40g.jpg?KID=imgbed,tva&Expires=1619049603&ssig=cW%2BCEZd2Zm", "profile_url": "https://m.weibo.cn/u/7312566568?uid=7312566568", "statuses_count": 15736, "verified": true, "verified_type": 0, "verified_type_ext": 0, "verified_reason": "\u65c5\u6e38\u535a\u4e3b", "close_blue_v": false, "description": "\u4e91\u5357\u4e91\u83dc\uff0c\u4e91\u5473\u56db\u5b63:\u5fae\u535a\u52a9\u529b\u5f69\u4e91\u5357\u8131\u8d2b\u653b\u575a\u6218\uff0c\u5171\u521b\u65f6\u4ee3\u65b0\u7eff\u5dde\u3002\u7cbe\u51c6\u6276\u8d2b\uff0c\u5ba3\u4f20\u4e91\u5357\u4f18\u8d28\u519c\u7279\u4ea7\u54c1\uff0c\u53d1\u5e03\u4e91\u5357\u65c5\u6e38\u70ed\u95e8\u666f\u533a\u3002", "gender": "m", "mbtype": 12, "urank": 0, "mbrank": 5, "follow_me": false, "following": false, "followers_count": 104597, "follow_count": 124, "cover_image_phone": "https://wx4.sinaimg.cn/crop.0.0.640.640.640/007YSMC4gy1gaoa2fftfjj30k00k0jw8.jpg", "avatar_hd": "https://wx2.sinaimg.cn/orj480/007YSMC4ly8gaoc1y8uajj30ig0ig40g.jpg", "like": false, "like_me": false, "badge": {"user_name_certificate": 1, "starlight_2019": 1, "hongbao_2020": 1, "feiyan_2020": 1, "kangyi_2020": 1, "daka_2020": 1, "graduation_2020": 1, "dailv_2020": 1, "school_2020": 1, "gongyi_2020": 1, "hongrenjie_2020": 1, "china_2020": 1, "zjszgf_2020": 1, "weibozhiye_2020": 1, "hongbaofeifuniu_2021": 1, "hongbaofeijika_2021": 1}}, "pid": 4488866007905680, "pidstr": "4488866007905680", "reposts_count": 0, "comments_count": 2, "attitudes_count": 3, "pending_approval_count": 0, "isLongText": false, "reward_exhibition_type": 0, "hide_flag": 0, "mlevel": 0, "darwin_tags": [], "mblogtype": 0, "more_info_type": 0, "cardid": "star_1219", "number_display_strategy": {"apply_scenario_flag": 3, "display_text_min_number": 1000000, "display_text": "100\u4e07+"}, "content_auth": 0, "repost_type": 3, "pic_num": 0, "alchemy_params": {"ug_red_envelope": false}, "raw_text": "\u793e\u4f1a\u4e3b\u4e49\u4f53\u5236\u597d[\u4e2d\u56fd\u8d5e][\u4e2d\u56fd\u8d5e]//@\u5fb7\u90bb\u79d1\u6280:[\u8d5e]//@\u81f3\u8bda\u5927\u5175:\u5bf9\u6bd4\u4e00\u4e0b\uff0c\u624d\u77e5\u9053\u751f\u5728\u4e2d\u56fd\u597d", "bid": "IBicjCj6r"}, {"visible": {"type": 0, "list_id": 0}, "created_at": "Wed Apr 01 11:51:10 +0800 2020", "id": "4488868323713835", "mid": "4488868323713835", "can_edit": false, "show_additional_indication": 0, "text": "\u793e\u4f1a\u4e3b\u4e49\u597d//<a href='/n/\u81f3\u8bda\u5927\u5175'>@\u81f3\u8bda\u5927\u5175</a>:\u5bf9\u6bd4\u4e00\u4e0b\uff0c\u624d\u77e5\u9053\u751f\u5728\u4e2d\u56fd\u597d", "source": "vivo\u667a\u80fd\u624b\u673a", "favorited": false, "pic_ids": [], "pic_types": "", "is_paid": false, "mblog_vip_type": 0, "user": {"id": 3846962827, "screen_name": "\u5229\u535a\u8fbe", "profile_image_url": "https://tvax2.sinaimg.cn/crop.0.0.664.664.180/e54bfe8bly8gapq3zpdyij20ig0igjsh.jpg?KID=imgbed,tva&Expires=1619049603&ssig=6G2jhyy4hV", "profile_url": "https://m.weibo.cn/u/3846962827?uid=3846962827", "statuses_count": 54671, "verified": false, "verified_type": -1, "close_blue_v": false, "description": "", "gender": "m", "mbtype": 11, "urank": 29, "mbrank": 4, "follow_me": false, "following": false, "followers_count": 6568, "follow_count": 621, "cover_image_phone": "https://tva1.sinaimg.cn/crop.0.0.640.640.640/9d44112bjw1f1xl1c10tuj20hs0hs0tw.jpg", "avatar_hd": "https://wx2.sinaimg.cn/orj480/e54bfe8bly8gapq3zpdyij20ig0igjsh.jpg", "like": false, "like_me": false, "badge": {"gongyi_level": 1, "bind_taobao": 1, "follow_whitelist_video": 1, "super_star_2017": 1, "travel_2017": 1, "user_name_certificate": 1, "worldcup_2018": 34, "wenda_v2": 1, "suishoupai_2019": 1, "earth_2019": 1, "hongrenjie_2019": 1, "china_2019": 1, "dzwbqlx_2019": 1, "rrgyj_2019": 1, "shuang11_2019": 1, "wbzy_2019": 1, "starlight_2019": 1, "gongjiri_2019": 1, "macao_2019": 1, "china_2019_2": 1, "hongbao_2020": 1, "feiyan_2020": 1, "kangyi_2020": 1, "daka_2020": 1, "graduation_2020": 1, "dailv_2020": 1, "school_2020": 1}}, "pid": 4488860329658557, "pidstr": "4488860329658557", "reposts_count": 0, "comments_count": 0, "attitudes_count": 2, "pending_approval_count": 0, "isLongText": false, "reward_exhibition_type": 0, "hide_flag": 0, "mlevel": 0, "darwin_tags": [], "mblogtype": 0, "more_info_type": 0, "cardid": "star_112477494261", "number_display_strategy": {"apply_scenario_flag": 3, "display_text_min_number": 1000000, "display_text": "100\u4e07+"}, "content_auth": 0, "repost_type": 3, "pic_num": 0, "alchemy_params": {"ug_red_envelope": false}, "raw_text": "\u793e\u4f1a\u4e3b\u4e49\u597d//@\u81f3\u8bda\u5927\u5175:\u5bf9\u6bd4\u4e00\u4e0b\uff0c\u624d\u77e5\u9053\u751f\u5728\u4e2d\u56fd\u597d", "bid": "IBhS0fA8z"}, {"visible": {"type": 0, "list_id": 0}, "created_at": "Wed Apr 01 08:47:30 +0800 2020", "id": "4488822102661351", "mid": "4488822102661351", "can_edit": false, "show_additional_indication": 0, "text": "\u8fd8\u662f\u4e2d\u56fd\ud83c\udde8\ud83c\uddf3 \u597d\u3002//<a href='/n/\u5f20\u80dc\u519b'>@\u5f20\u80dc\u519b</a>:<span class=\"url-icon\"><img alt=[good] src=\"https://h5.sinaimg.cn/m/emoticon/icon/others/h_good-0c51afc69c.png\" style=\"width:1em; height:1em;\" /></span><span class=\"url-icon\"><img alt=[good] src=\"https://h5.sinaimg.cn/m/emoticon/icon/others/h_good-0c51afc69c.png\" style=\"width:1em; height:1em;\" /></span>//<a href='/n/\u5229\u535a\u8fbe'>@\u5229\u535a\u8fbe</a>:\u5168\u7403\u6297\u51fb\u75ab\u60c5\uff01\u4e16\u754c\u6b63\u5728\u8d70\u5411\u6ca1\u843d\uff01<a  href=\"https://m.weibo.cn/search?containerid=231522type%3D1%26t%3D10%26q%3D%23%E8%A5%BF%E7%8F%AD%E7%89%99%E7%96%AB%E6%83%85%23&extparam=%23%E8%A5%BF%E7%8F%AD%E7%89%99%E7%96%AB%E6%83%85%23\" data-hide=\"\"><span class=\"surl-text\">#\u897f\u73ed\u7259\u75ab\u60c5#</span></a>", "source": "OPPO\u667a\u80fd\u624b\u673a", "favorited": false, "pic_ids": [], "pic_types": "", "is_paid": false, "mblog_vip_type": 0, "user": {"id": 2943508151, "screen_name": "\u975c\u898b\u771f\u5982\u60271979", "profile_image_url": "https://tvax4.sinaimg.cn/crop.0.0.100.100.180/af725eb7ly1fyngvnypm0j202s02tt8j.jpg?KID=imgbed,tva&Expires=1619049606&ssig=Kysm8zr6RB", "profile_url": "https://m.weibo.cn/u/2943508151?uid=2943508151", "statuses_count": 124338, "verified": false, "verified_type": -1, "close_blue_v": false, "description": "\u4e16\u4eba\u591a\u91cd\u91d1\uff0c\u6211\u611b\u524e\u90a3\u975c\u3002\u91d1\u591a\u4e82\u4eba\u5fc3\uff0c\u975c\u898b\u771f\u5982\u6027\uff01---\u6709\u9ede\u774f\u3002", "gender": "m", "mbtype": 2, "urank": 47, "mbrank": 2, "follow_me": false, "following": false, "followers_count": 3611, "follow_count": 269, "cover_image_phone": "https://tva1.sinaimg.cn/crop.0.0.640.640.640/549d0121tw1egm1kjly3jj20hs0hsq4f.jpg", "avatar_hd": "https://wx4.sinaimg.cn/orj480/af725eb7ly1fyngvnypm0j202s02tt8j.jpg", "like": false, "like_me": false, "badge": {"bind_taobao": 1, "dailv": 1, "unread_pool": 1, "unread_pool_ext": 1, "dzwbqlx_2016": 1, "super_star_2017": 1, "travel_2017": 1, "user_name_certificate": 1, "wenchuan_10th": 1, "super_star_2018": 1, "worldcup_2018": 34, "wenda_v2": 1, "dailv_2018": 1, "qixi_2018": 1, "lol_s8": 1, "national_day_2018": 1, "wbzy_2018": 1, "hongbaofei_2019": 1, "denglong_2019": 1, "suishoupai_2019": 1, "wusi_2019": 1, "hongrenjie_2019": 1, "dailv_2019": 1, "china_2019": 1, "hongkong_2019": 1, "dzwbqlx_2019": 1, "starlight_2019": 1, "hongbao_2020": 2, "feiyan_2020": 1, "kangyi_2020": 1, "dailv_2020": 1, "school_2020": 1, "china_2020": 1, "hongbaofeifuniu_2021": 1, "hongbaofeijika_2021": 1}}, "pid": 4488809007771319, "pidstr": "4488809007771319", "reposts_count": 0, "comments_count": 0, "attitudes_count": 2, "pending_approval_count": 0, "isLongText": false, "reward_exhibition_type": 0, "hide_flag": 0, "mlevel": 0, "darwin_tags": [], "mblogtype": 0, "more_info_type": 0, "cardid": "star_545", "number_display_strategy": {"apply_scenario_flag": 3, "display_text_min_number": 1000000, "display_text": "100\u4e07+"}, "content_auth": 0, "repost_type": 4, "pic_num": 0, "alchemy_params": {"ug_red_envelope": false}, "raw_text": "\u8fd8\u662f\u4e2d\u56fd\ud83c\udde8\ud83c\uddf3 \u597d\u3002//@\u5f20\u80dc\u519b:[good][good]//@\u5229\u535a\u8fbe:\u5168\u7403\u6297\u51fb\u75ab\u60c5\uff01\u4e16\u754c\u6b63\u5728\u8d70\u5411\u6ca1\u843d\uff01#\u897f\u73ed\u7259\u75ab\u60c5# ", "bid": "IBgFsbal1"}, {"visible": {"type": 0, "list_id": 0}, "created_at": "Wed Apr 01 08:06:08 +0800 2020", "id": "4488811695882378", "mid": "4488811695882378", "can_edit": false, "show_additional_indication": 0, "text": "\u4e5f\u7ed9\u56fd\u5185\u7684\u516c\u77e5\u4eec\u4e0a\u4e86\u4e00\u8bfe", "source": "\u5fae\u535a weibo.com", "favorited": false, "pic_ids": [], "pic_types": "", "is_paid": false, "mblog_vip_type": 0, "user": {"id": 3498244594, "screen_name": "\u5c71\u6e05\u6c34\u79c0\u4eba\u5e72\u51c0", "profile_image_url": "https://tvax4.sinaimg.cn/crop.0.0.996.996.180/d082f9f2ly8ggjy3k9i7pj20ro0roaba.jpg?KID=imgbed,tva&Expires=1619049606&ssig=9gpoGz7Shj", "profile_url": "https://m.weibo.cn/u/3498244594?uid=3498244594", "statuses_count": 11108, "verified": true, "verified_type": 0, "verified_type_ext": 0, "verified_reason": "\u516c\u76ca\u535a\u4e3b", "close_blue_v": false, "description": "\u56f4\u89c2\u9a97\u5b50\u7231\u597d\u8005", "gender": "m", "mbtype": 12, "urank": 38, "mbrank": 6, "follow_me": false, "following": false, "followers_count": 11836, "follow_count": 3415, "cover_image_phone": "https://wx3.sinaimg.cn/crop.0.0.640.640.640/d082f9f2gy1ggjy0rxcbsj20u00u0n8m.jpg", "avatar_hd": "https://wx4.sinaimg.cn/orj480/d082f9f2ly8ggjy3k9i7pj20ro0roaba.jpg", "like": false, "like_me": false, "badge": {"unread_pool": 1, "unread_pool_ext": 1, "dzwbqlx_2016": 1, "user_name_certificate": 1, "wenchuan_10th": 1, "wenda_v2": 1, "china_2019": 1, "hongkong_2019": 1, "dzwbqlx_2019": 1, "rrgyj_2019": 1, "gongjiri_2019": 1, "hongbao_2020": 2, "feiyan_2020": 1, "kangyi_2020": 1, "china_2020": 1, "weibozhiye_2020": 1}}, "reposts_count": 0, "comments_count": 0, "attitudes_count": 1, "pending_approval_count": 0, "isLongText": false, "reward_exhibition_type": 0, "hide_flag": 0, "mlevel": 0, "darwin_tags": [], "mblogtype": 0, "more_info_type": 0, "number_display_strategy": {"apply_scenario_flag": 3, "display_text_min_number": 1000000, "display_text": "100\u4e07+"}, "content_auth": 0, "repost_type": 3, "pic_num": 0, "alchemy_params": {"ug_red_envelope": false}, "raw_text": "\u4e5f\u7ed9\u56fd\u5185\u7684\u516c\u77e5\u4eec\u4e0a\u4e86\u4e00\u8bfe", "bid": "IBgoFoGh4"}, {"visible": {"type": 0, "list_id": 0}, "created_at": "Wed Apr 01 07:57:39 +0800 2020", "id": "4488809561565008", "mid": "4488809561565008", "can_edit": false, "show_additional_indication": 0, "text": "\u60b2\u5267\u5440\uff01//<a href='/n/\u5f20\u80dc\u519b'>@\u5f20\u80dc\u519b</a>:<span class=\"url-icon\"><img alt=[good] src=\"https://h5.sinaimg.cn/m/emoticon/icon/others/h_good-0c51afc69c.png\" style=\"width:1em; height:1em;\" /></span><span class=\"url-icon\"><img alt=[good] src=\"https://h5.sinaimg.cn/m/emoticon/icon/others/h_good-0c51afc69c.png\" style=\"width:1em; height:1em;\" /></span>//<a href='/n/\u5229\u535a\u8fbe'>@\u5229\u535a\u8fbe</a>:\u5168\u7403\u6297\u51fb\u75ab\u60c5\uff01\u4e16\u754c\u6b63\u5728\u8d70\u5411\u6ca1\u843d\uff01<a  href=\"https://m.weibo.cn/search?containerid=231522type%3D1%26t%3D10%26q%3D%23%E8%A5%BF%E7%8F%AD%E7%89%99%E7%96%AB%E6%83%85%23&extparam=%23%E8%A5%BF%E7%8F%AD%E7%89%99%E7%96%AB%E6%83%85%23\" data-hide=\"\"><span class=\"surl-text\">#\u897f\u73ed\u7259\u75ab\u60c5#</span></a>", "source": "vivo\u667a\u80fd\u624b\u673a", "favorited": false, "pic_ids": [], "pic_types": "", "is_paid": false, "mblog_vip_type": 0, "user": {"id": 7312566568, "screen_name": "\u6768\u614e\u9690", "profile_image_url": "https://tvax2.sinaimg.cn/crop.0.0.664.664.180/007YSMC4ly8gaoc1y8uajj30ig0ig40g.jpg?KID=imgbed,tva&Expires=1619049606&ssig=dA08s6jqnM", "profile_url": "https://m.weibo.cn/u/7312566568?uid=7312566568", "statuses_count": 15736, "verified": true, "verified_type": 0, "verified_type_ext": 0, "verified_reason": "\u65c5\u6e38\u535a\u4e3b", "close_blue_v": false, "description": "\u4e91\u5357\u4e91\u83dc\uff0c\u4e91\u5473\u56db\u5b63:\u5fae\u535a\u52a9\u529b\u5f69\u4e91\u5357\u8131\u8d2b\u653b\u575a\u6218\uff0c\u5171\u521b\u65f6\u4ee3\u65b0\u7eff\u5dde\u3002\u7cbe\u51c6\u6276\u8d2b\uff0c\u5ba3\u4f20\u4e91\u5357\u4f18\u8d28\u519c\u7279\u4ea7\u54c1\uff0c\u53d1\u5e03\u4e91\u5357\u65c5\u6e38\u70ed\u95e8\u666f\u533a\u3002", "gender": "m", "mbtype": 12, "urank": 0, "mbrank": 5, "follow_me": false, "following": false, "followers_count": 104597, "follow_count": 124, "cover_image_phone": "https://wx4.sinaimg.cn/crop.0.0.640.640.640/007YSMC4gy1gaoa2fftfjj30k00k0jw8.jpg", "avatar_hd": "https://wx2.sinaimg.cn/orj480/007YSMC4ly8gaoc1y8uajj30ig0ig40g.jpg", "like": false, "like_me": false, "badge": {"user_name_certificate": 1, "starlight_2019": 1, "hongbao_2020": 1, "feiyan_2020": 1, "kangyi_2020": 1, "daka_2020": 1, "graduation_2020": 1, "dailv_2020": 1, "school_2020": 1, "gongyi_2020": 1, "hongrenjie_2020": 1, "china_2020": 1, "zjszgf_2020": 1, "weibozhiye_2020": 1, "hongbaofeifuniu_2021": 1, "hongbaofeijika_2021": 1}}, "pid": 4488809007771319, "pidstr": "4488809007771319", "reposts_count": 1, "comments_count": 1, "attitudes_count": 1, "pending_approval_count": 0, "isLongText": false, "reward_exhibition_type": 0, "hide_flag": 0, "mlevel": 0, "darwin_tags": [], "mblogtype": 0, "more_info_type": 0, "cardid": "star_1219", "number_display_strategy": {"apply_scenario_flag": 3, "display_text_min_number": 1000000, "display_text": "100\u4e07+"}, "content_auth": 0, "repost_type": 3, "pic_num": 0, "alchemy_params": {"ug_red_envelope": false}, "raw_text": "\u60b2\u5267\u5440\uff01//@\u5f20\u80dc\u519b:[good][good]//@\u5229\u535a\u8fbe:\u5168\u7403\u6297\u51fb\u75ab\u60c5\uff01\u4e16\u754c\u6b63\u5728\u8d70\u5411\u6ca1\u843d\uff01#\u897f\u73ed\u7259\u75ab\u60c5# ", "bid": "IBgle6z84"}, {"visible": {"type": 0, "list_id": 0}, "created_at": "Wed Apr 01 07:55:27 +0800 2020", "id": "4488809007771319", "mid": "4488809007771319", "can_edit": false, "show_additional_indication": 0, "text": "<span class=\"url-icon\"><img alt=[good] src=\"https://h5.sinaimg.cn/m/emoticon/icon/others/h_good-0c51afc69c.png\" style=\"width:1em; height:1em;\" /></span><span class=\"url-icon\"><img alt=[good] src=\"https://h5.sinaimg.cn/m/emoticon/icon/others/h_good-0c51afc69c.png\" style=\"width:1em; height:1em;\" /></span>//<a href='/n/\u5229\u535a\u8fbe'>@\u5229\u535a\u8fbe</a>:\u5168\u7403\u6297\u51fb\u75ab\u60c5\uff01\u4e16\u754c\u6b63\u5728\u8d70\u5411\u6ca1\u843d\uff01<a  href=\"https://m.weibo.cn/search?containerid=231522type%3D1%26t%3D10%26q%3D%23%E8%A5%BF%E7%8F%AD%E7%89%99%E7%96%AB%E6%83%85%23&extparam=%23%E8%A5%BF%E7%8F%AD%E7%89%99%E7%96%AB%E6%83%85%23\" data-hide=\"\"><span class=\"surl-text\">#\u897f\u73ed\u7259\u75ab\u60c5#</span></a>", "source": "\u66f2\u5c4f\u53cc\u6444vivo Xplay6", "favorited": false, "pic_ids": [], "pic_types": "", "is_paid": false, "mblog_vip_type": 0, "user": {"id": 5288553158, "screen_name": "\u5f20\u80dc\u519b", "profile_image_url": "https://tvax3.sinaimg.cn/crop.0.0.664.664.180/005LUeguly8fl8gvnxsh9j30ig0igmz6.jpg?KID=imgbed,tva&Expires=1619049606&ssig=a49WQwAZi%2F", "profile_url": "https://m.weibo.cn/u/5288553158?uid=5288553158", "statuses_count": 95064, "verified": true, "verified_type": 0, "verified_type_ext": 1, "verified_reason": "\u8d85\u8bdd\u7c89\u4e1d\u5927\u5496\uff08\u725b\u535a\u8d85\u8bdd\uff09 \u89c6\u9891\u535a\u4e3b", "close_blue_v": false, "description": "\u559c\u6b22\u65f6\u4e8b\u3001\u653f\u6cbb\u3001\u519b\u4e8b\u4ee5\u53ca\u9ad8\u79d1\u6280\u3001\u65b0\u6280\u672f", "gender": "m", "mbtype": 12, "urank": 36, "mbrank": 6, "follow_me": false, "following": false, "followers_count": 603558, "follow_count": 19659, "cover_image_phone": "https://tva1.sinaimg.cn/crop.0.0.640.640.640/549d0121tw1egm1kjly3jj20hs0hsq4f.jpg", "avatar_hd": "https://wx3.sinaimg.cn/orj480/005LUeguly8fl8gvnxsh9j30ig0igmz6.jpg", "like": false, "like_me": false, "badge": {"travel_2017": 1, "panda": 1, "user_name_certificate": 1, "suishoupai_2018": 1, "wenchuan_10th": 1, "super_star_2018": 1, "worldcup_2018": 34, "wenda_v2": 1, "dailv_2018": 1, "asiad_2018": 1, "qixi_2018": 1, "national_day_2018": 1, "wbzy_2018": 1, "memorial_2018": 1, "hongbaofei_2019": 1, "denglong_2019": 1, "fu_2019": 1, "womensday_2018": 1, "suishoupai_2019": 1, "wusi_2019": 1, "earth_2019": 1, "hongrenjie_2019": 1, "dailv_2019": 1, "china_2019": 1, "hongkong_2019": 1, "taohuayuan_2019": 1, "dzwbqlx_2019": 1, "rrgyj_2019": 1, "family_2019": 1, "shouhuan_2019": 1, "weishi_2019": 1, "shuang11_2019": 1, "wbzy_2019": 1, "gongjiri_2019": 1, "macao_2019": 1, "china_2019_2": 1, "hongbao_2020": 2, "feiyan_2020": 1, "hope_2020": 1, "kangyi_2020": 1, "graduation_2020": 1, "dailv_2020": 1, "mi_2020": 1, "school_2020": 1, "gongyi_2020": 2, "hongrenjie_2020": 1, "china_2020": 1, "weibozhiye_2020": 1, "weibozhiyexianxia_2021": 1, "lvzhilingyang_2021": 1}}, "pid": 4488802007273870, "pidstr": "4488802007273870", "reposts_count": 3, "comments_count": 2, "attitudes_count": 3, "pending_approval_count": 0, "isLongText": false, "reward_exhibition_type": 0, "hide_flag": 0, "mlevel": 0, "darwin_tags": [], "mblogtype": 0, "more_info_type": 0, "cardid": "star_1072", "number_display_strategy": {"apply_scenario_flag": 3, "display_text_min_number": 1000000, "display_text": "100\u4e07+"}, "content_auth": 0, "repost_type": 3, "pic_num": 0, "alchemy_params": {"ug_red_envelope": false}, "raw_text": "[good][good]//@\u5229\u535a\u8fbe:\u5168\u7403\u6297\u51fb\u75ab\u60c5\uff01\u4e16\u754c\u6b63\u5728\u8d70\u5411\u6ca1\u843d\uff01#\u897f\u73ed\u7259\u75ab\u60c5# ", "bid": "IBgkkwBFR"}, {"visible": {"type": 0, "list_id": 0}, "created_at": "Wed Apr 01 07:27:38 +0800 2020", "id": "4488802007273870", "mid": "4488802007273870", "edit_count": 1, "can_edit": false, "edit_at": "Wed Apr 01 07:28:43 +0800 2020", "version": 1, "show_additional_indication": 0, "text": "\u5168\u7403\u6297\u51fb\u75ab\u60c5\uff01\u4e16\u754c\u6b63\u5728\u8d70\u5411\u6ca1\u843d\uff01<a  href=\"https://m.weibo.cn/search?containerid=231522type%3D1%26t%3D10%26q%3D%23%E8%A5%BF%E7%8F%AD%E7%89%99%E7%96%AB%E6%83%85%23&extparam=%23%E8%A5%BF%E7%8F%AD%E7%89%99%E7%96%AB%E6%83%85%23\" data-hide=\"\"><span class=\"surl-text\">#\u897f\u73ed\u7259\u75ab\u60c5#</span></a> <a href='/n/\u5bf8\u6728\u5c91\u697c3093911245'>@\u5bf8\u6728\u5c91\u697c3093911245</a> <a href='/n/\u6d77\u9614\u5929\u7a7a\u8303sky'>@\u6d77\u9614\u5929\u7a7a\u8303sky</a> <a href='/n/\u963f\u6728\u5fb7\u5e03'>@\u963f\u6728\u5fb7\u5e03</a> <a href='/n/\u9e70\u51fb8000\u91cc'>@\u9e70\u51fb8000\u91cc</a>", "source": "vivo\u667a\u80fd\u624b\u673a", "favorited": false, "pic_ids": [], "pic_types": "", "is_paid": false, "mblog_vip_type": 0, "user": {"id": 3846962827, "screen_name": "\u5229\u535a\u8fbe", "profile_image_url": "https://tvax2.sinaimg.cn/crop.0.0.664.664.180/e54bfe8bly8gapq3zpdyij20ig0igjsh.jpg?KID=imgbed,tva&Expires=1619049606&ssig=C8JmuSToP9", "profile_url": "https://m.weibo.cn/u/3846962827?uid=3846962827", "statuses_count": 54671, "verified": false, "verified_type": -1, "close_blue_v": false, "description": "", "gender": "m", "mbtype": 11, "urank": 29, "mbrank": 4, "follow_me": false, "following": false, "followers_count": 6568, "follow_count": 621, "cover_image_phone": "https://tva1.sinaimg.cn/crop.0.0.640.640.640/9d44112bjw1f1xl1c10tuj20hs0hs0tw.jpg", "avatar_hd": "https://wx2.sinaimg.cn/orj480/e54bfe8bly8gapq3zpdyij20ig0igjsh.jpg", "like": false, "like_me": false, "badge": {"gongyi_level": 1, "bind_taobao": 1, "follow_whitelist_video": 1, "super_star_2017": 1, "travel_2017": 1, "user_name_certificate": 1, "worldcup_2018": 34, "wenda_v2": 1, "suishoupai_2019": 1, "earth_2019": 1, "hongrenjie_2019": 1, "china_2019": 1, "dzwbqlx_2019": 1, "rrgyj_2019": 1, "shuang11_2019": 1, "wbzy_2019": 1, "starlight_2019": 1, "gongjiri_2019": 1, "macao_2019": 1, "china_2019_2": 1, "hongbao_2020": 1, "feiyan_2020": 1, "kangyi_2020": 1, "daka_2020": 1, "graduation_2020": 1, "dailv_2020": 1, "school_2020": 1}}, "reposts_count": 4, "comments_count": 1, "attitudes_count": 2, "pending_approval_count": 0, "isLongText": false, "reward_exhibition_type": 0, "hide_flag": 0, "mlevel": 0, "darwin_tags": [], "mblogtype": 0, "more_info_type": 0, "cardid": "star_112477494261", "number_display_strategy": {"apply_scenario_flag": 3, "display_text_min_number": 1000000, "display_text": "100\u4e07+"}, "content_auth": 0, "repost_type": 3, "pic_num": 0, "alchemy_params": {"ug_red_envelope": false}, "raw_text": "\u5168\u7403\u6297\u51fb\u75ab\u60c5\uff01\u4e16\u754c\u6b63\u5728\u8d70\u5411\u6ca1\u843d\uff01#\u897f\u73ed\u7259\u75ab\u60c5# @\u5bf8\u6728\u5c91\u697c3093911245 @\u6d77\u9614\u5929\u7a7a\u8303sky @\u963f\u6728\u5fb7\u5e03 @\u9e70\u51fb8000\u91cc ", "bid": "IBg92uwgu"}]