[{"visible": {"type": 0, "list_id": 0}, "created_at": "Wed Apr 08 08:53:11 +0800 2020", "id": "4491360247750324", "mid": "4491360247750324", "can_edit": false, "show_additional_indication": 0, "text": "\u8f6c\u53d1\u5fae\u535a", "source": "OnePlus 7 Pro", "favorited": false, "pic_ids": [], "pic_types": "", "is_paid": false, "mblog_vip_type": 0, "user": {"id": 1621088332, "screen_name": "\u516d\u6708\u5f71\u4eba", "profile_image_url": "https://tva3.sinaimg.cn/crop.0.0.180.180.180/609fd84cjw1e8qgp5bmzyj2050050aa8.jpg?KID=imgbed,tva&Expires=1619050611&ssig=Q7T9xmj3qd", "profile_url": "https://m.weibo.cn/u/1621088332?uid=1621088332", "statuses_count": 1874, "verified": false, "verified_type": 220, "close_blue_v": false, "description": "BD7IZS/\u80f6\u7247\u6444\u5f71/\u7f51\u7403/\u6237\u5916\u5f92\u6b65/\u5409\u4ed6", "gender": "m", "mbtype": 0, "urank": 32, "mbrank": 0, "follow_me": false, "following": false, "followers_count": 518, "follow_count": 823, "cover_image_phone": "https://tva1.sinaimg.cn/crop.0.0.640.640.640/549d0121tw1egm1kjly3jj20hs0hsq4f.jpg", "avatar_hd": "https://ww3.sinaimg.cn/orj480/609fd84cjw1e8qgp5bmzyj2050050aa8.jpg", "like": false, "like_me": false, "badge": {"bind_taobao": 1, "unread_pool": 1, "unread_pool_ext": 1, "panda": 1, "user_name_certificate": 1, "dailv_2018": 1, "hongbaofei_2019": 1, "suishoupai_2019": 1, "hongrenjie_2019": 1, "china_2019": 1, "hongkong_2019": 1, "dzwbqlx_2019": 1, "hongbao_2020": 2, "feiyan_2020": 1, "kangyi_2020": 1, "hongbaofeijika_2021": 1}}, "reposts_count": 0, "comments_count": 0, "attitudes_count": 0, "pending_approval_count": 0, "isLongText": false, "reward_exhibition_type": 0, "hide_flag": 0, "mlevel": 0, "darwin_tags": [], "mblogtype": 0, "more_info_type": 0, "number_display_strategy": {"apply_scenario_flag": 3, "display_text_min_number": 1000000, "display_text": "100\u4e07+"}, "content_auth": 0, "repost_type": 1, "pic_num": 0, "alchemy_params": {"ug_red_envelope": false}, "raw_text": "\u8f6c\u53d1\u5fae\u535a", "bid": "ICkHewwde"}, {"visible": {"type": 0, "list_id": 0}, "created_at": "Wed Apr 08 08:24:39 +0800 2020", "id": "4491353067001134", "mid": "4491353067001134", "can_edit": false, "show_additional_indication": 0, "text": "\u8f6c\u53d1\u5fae\u535a", "source": "HUAWEI Mate 20", "favorited": false, "pic_ids": [], "pic_types": "", "is_paid": false, "mblog_vip_type": 0, "user": {"id": 3347970184, "screen_name": "QIANXING2020", "profile_image_url": "https://tvax3.sinaimg.cn/crop.0.0.996.996.180/c78df888ly8gnm38ctrpaj20ro0rodi1.jpg?KID=imgbed,tva&Expires=1619050611&ssig=XMnRDu9rar", "profile_url": "https://m.weibo.cn/u/3347970184?uid=3347970184", "statuses_count": 24672, "verified": false, "verified_type": -1, "close_blue_v": false, "description": "one two three", "gender": "f", "mbtype": 2, "urank": 4, "mbrank": 1, "follow_me": false, "following": false, "followers_count": 127, "follow_count": 92, "cover_image_phone": "https://tva1.sinaimg.cn/crop.0.0.640.640.640/549d0121tw1egm1kjly3jj20hs0hsq4f.jpg", "avatar_hd": "https://wx3.sinaimg.cn/orj480/c78df888ly8gnm38ctrpaj20ro0rodi1.jpg", "like": false, "like_me": false, "badge": {"bind_taobao": 1, "panda": 1, "user_name_certificate": 1, "wenda_v2": 1, "dailv_2018": 7, "qixi_2018": 1, "national_day_2018": 1, "double11_2018": 1, "wbzy_2018": 1, "memorial_2018": 1, "hongbaofei_2019": 1, "fu_2019": 1, "womensday_2018": 1, "suishoupai_2019": 1, "wusi_2019": 1, "hongrenjie_2019": 1, "china_2019": 1, "hongkong_2019": 1, "dzwbqlx_2019": 1, "rrgyj_2019": 1, "cishan_2019": 1, "weishi_2019": 1, "shuang11_2019": 1, "wbzy_2019": 1, "starlight_2019": 1, "gongjiri_2019": 1, "hongbao_2020": 3, "feiyan_2020": 1, "kangyi_2020": 1, "daka_2020": 1, "china_2020": 1, "hongbaofeifuniu_2021": 1, "hongbaofeijika_2021": 1, "lvzhilingyang_2021": 1}}, "reposts_count": 0, "comments_count": 0, "attitudes_count": 0, "pending_approval_count": 0, "isLongText": false, "reward_exhibition_type": 0, "hide_flag": 0, "mlevel": 0, "darwin_tags": [], "mblogtype": 0, "more_info_type": 0, "cardid": "star_11247_common", "number_display_strategy": {"apply_scenario_flag": 3, "display_text_min_number": 1000000, "display_text": "100\u4e07+"}, "content_auth": 0, "repost_type": 1, "pic_num": 0, "alchemy_params": {"ug_red_envelope": false}, "raw_text": "\u8f6c\u53d1\u5fae\u535a", "bid": "ICkvEtnjw"}, {"visible": {"type": 0, "list_id": 0}, "created_at": "Wed Apr 08 07:55:40 +0800 2020", "id": "4491345773693940", "mid": "4491345773693940", "can_edit": false, "show_additional_indication": 0, "text": "\u8f6c\u53d1\u5fae\u535a", "source": "\u5c0f\u7c7310", "favorited": false, "pic_ids": [], "pic_types": "", "is_paid": false, "mblog_vip_type": 0, "user": {"id": 1849421443, "screen_name": "\u767e\u4e5d\u9ece", "profile_image_url": "https://tva2.sinaimg.cn/crop.55.55.138.138.180/6e3bee83jw8eyzi9stxu8j206y06y0sh.jpg?KID=imgbed,tva&Expires=1619050611&ssig=Kx%2BQYad3%2Bp", "profile_url": "https://m.weibo.cn/u/1849421443?uid=1849421443", "statuses_count": 5605, "verified": false, "verified_type": -1, "close_blue_v": false, "description": "", "gender": "m", "mbtype": 0, "urank": 11, "mbrank": 0, "follow_me": false, "following": false, "followers_count": 180, "follow_count": 2383, "cover_image_phone": "https://tva1.sinaimg.cn/crop.0.0.640.640.640/6cf8d7ebjw1ehfr4xa8psj20hs0hsgpg.jpg", "avatar_hd": "https://ww2.sinaimg.cn/orj480/6e3bee83jw8eyzi9stxu8j206y06y0sh.jpg", "like": false, "like_me": false, "badge": {"unread_pool": 1, "unread_pool_ext": 1, "user_name_certificate": 1, "dailv_2018": 1, "hongrenjie_2019": 1, "china_2019": 1, "hongbao_2020": 2, "dailv_2020": 1, "china_2020": 1}}, "reposts_count": 0, "comments_count": 0, "attitudes_count": 0, "pending_approval_count": 0, "isLongText": false, "reward_exhibition_type": 0, "hide_flag": 0, "mlevel": 0, "darwin_tags": [], "mblogtype": 0, "more_info_type": 0, "number_display_strategy": {"apply_scenario_flag": 3, "display_text_min_number": 1000000, "display_text": "100\u4e07+"}, "content_auth": 0, "repost_type": 1, "pic_num": 0, "alchemy_params": {"ug_red_envelope": false}, "raw_text": "\u8f6c\u53d1\u5fae\u535a", "bid": "ICkjTfuXG"}, {"visible": {"type": 0, "list_id": 0}, "created_at": "Wed Apr 08 07:49:07 +0800 2020", "id": "4491344129147990", "mid": "4491344129147990", "can_edit": false, "show_additional_indication": 0, "text": "\u56de\u590d<a href='/n/Horizontal_Miles'>@Horizontal_Miles</a>:\u8fd9\u4e2a\u91c7\u8bbf\u662f\u770b\u4e0d\u6e05\u8138\u7684\u3002\u6709\u7f8e\u56fd\u533b\u751f\u5bf9\u5a92\u4f53\u8bf4\u533b\u7597\u7269\u8d44\u4e0d\u8db3\u88ab\u5f00\u9664\u4e86\u3002\u7f8e\u56fd\u62a4\u58eb\u6ca1\u6709N95\u53e3\u7f69\u3002\u6709\u7f8e\u56fd\u62a4\u58eb\u81ea\u5df1\u5e26N95\u53e3\u7f69\u88ab\u5f00\u9664\u4e86\u3002//<a href='/n/Horizontal_Miles'>@Horizontal_Miles</a>:\u56de\u590d<a href='/n/\u52d2\u8272\u987f\u53f7'>@\u52d2\u8272\u987f\u53f7</a>:\u5fd8\u4e86\u6b66\u6c49\u533b\u9662\u533b\u62a4\u4eba\u5458\u7a7f\u5783\u573e\u888b\u8fd8\u88ab\u8feb\u8f9f\u8c23\u5417\uff1f \u4ed6\u4eec\u81f3\u5c11\u80fd\u8bf4\u771f\u8bdd", "source": "\u5fae\u535a HTML5 \u7248", "favorited": false, "pic_ids": [], "pic_types": "", "is_paid": false, "mblog_vip_type": 0, "user": {"id": 5836660263, "screen_name": "\u7231\u5fb7\u534e\u6625\u7533\u5927\u638c\u67dc", "profile_image_url": "https://tvax1.sinaimg.cn/crop.96.150.555.555.180/006n01XFly8fyvxvyj81uj30ob0rsakr.jpg?KID=imgbed,tva&Expires=1619050611&ssig=tTxGz0g552", "profile_url": "https://m.weibo.cn/u/5836660263?uid=5836660263", "statuses_count": 11900, "verified": false, "verified_type": -1, "close_blue_v": false, "description": "\u517c\u804c\u9ad8\u4e2d\u751f\u7269\u8001\u5e08\u3001\u6258\u7ba1\u8001\u5e08\u3001\u6267\u4e1a\u836f\u5e08\u3001\u524d\u751f\u7269\u533b\u836f\u4e0e\u53f8\u6cd5\u9274\u5b9a\u884c\u4e1a\u7814\u53d1\u4eba\u5458\uff0c\u81ea\u5df1\u914d\u62a4\u80a4\u54c1\u81ea\u5df1\u7528", "gender": "m", "mbtype": 0, "urank": 9, "mbrank": 0, "follow_me": false, "following": false, "followers_count": 757, "follow_count": 778, "cover_image_phone": "https://tva1.sinaimg.cn/crop.0.0.640.640.640/549d0121tw1egm1kjly3jj20hs0hsq4f.jpg", "avatar_hd": "https://wx1.sinaimg.cn/orj480/006n01XFly8fyvxvyj81uj30ob0rsakr.jpg", "like": false, "like_me": false, "badge": {"unread_pool": 1, "unread_pool_ext": 1, "user_name_certificate": 1, "wenda_v2": 1, "hongbaofei_2019": 1, "womensday_2018": 1, "suishoupai_2019": 1, "hongrenjie_2019": 1, "rrgyj_2019": 1, "gongjiri_2019": 1, "hongbao_2020": 1, "feiyan_2020": 1, "mi_2020": 1, "zjszgf_2020": 1, "lvzhilingyang_2021": 1}}, "reposts_count": 0, "comments_count": 0, "attitudes_count": 0, "pending_approval_count": 0, "isLongText": false, "reward_exhibition_type": 0, "hide_flag": 0, "mlevel": 0, "darwin_tags": [], "mblogtype": 0, "more_info_type": 0, "number_display_strategy": {"apply_scenario_flag": 3, "display_text_min_number": 1000000, "display_text": "100\u4e07+"}, "content_auth": 0, "repost_type": 4, "pic_num": 0, "alchemy_params": {"ug_red_envelope": false}, "raw_text": "\u56de\u590d@Horizontal_Miles:\u8fd9\u4e2a\u91c7\u8bbf\u662f\u770b\u4e0d\u6e05\u8138\u7684\u3002\u6709\u7f8e\u56fd\u533b\u751f\u5bf9\u5a92\u4f53\u8bf4\u533b\u7597\u7269\u8d44\u4e0d\u8db3\u88ab\u5f00\u9664\u4e86\u3002\u7f8e\u56fd\u62a4\u58eb\u6ca1\u6709N95\u53e3\u7f69\u3002\u6709\u7f8e\u56fd\u62a4\u58eb\u81ea\u5df1\u5e26N95\u53e3\u7f69\u88ab\u5f00\u9664\u4e86\u3002//@Horizontal_Miles:\u56de\u590d@\u52d2\u8272\u987f\u53f7:\u5fd8\u4e86\u6b66\u6c49\u533b\u9662\u533b\u62a4\u4eba\u5458\u7a7f\u5783\u573e\u888b\u8fd8\u88ab\u8feb\u8f9f\u8c23\u5417\uff1f \u4ed6\u4eec\u81f3\u5c11\u80fd\u8bf4\u771f\u8bdd", "bid": "ICkheCnOe"}, {"visible": {"type": 0, "list_id": 0}, "created_at": "Wed Apr 08 07:38:55 +0800 2020", "id": "4491341558124922", "mid": "4491341558124922", "can_edit": false, "show_additional_indication": 0, "text": "\u8f6c\u53d1\u5fae\u535a", "source": "iPhone\u5ba2\u6237\u7aef", "favorited": false, "pic_ids": [], "pic_types": "", "is_paid": false, "mblog_vip_type": 0, "user": {"id": 5664706178, "screen_name": "Allthegoodonesaretaken", "profile_image_url": "https://tvax3.sinaimg.cn/crop.0.0.828.828.180/006bmwQGly8g9wo0r26loj30n00n0761.jpg?KID=imgbed,tva&Expires=1619050611&ssig=TJpSd86YPT", "profile_url": "https://m.weibo.cn/u/5664706178?uid=5664706178", "statuses_count": 2312, "verified": false, "verified_type": -1, "close_blue_v": false, "description": "\u7231\u770b\u8bc4\u8bba\u7684\u666e\u901a\u5fae\u535a\u7528\u6237", "gender": "f", "mbtype": 0, "urank": 4, "mbrank": 0, "follow_me": false, "following": false, "followers_count": 57, "follow_count": 140, "cover_image_phone": "https://tva1.sinaimg.cn/crop.0.0.640.640.640/549d0121tw1egm1kjly3jj20hs0hsq4f.jpg", "avatar_hd": "https://wx3.sinaimg.cn/orj480/006bmwQGly8g9wo0r26loj30n00n0761.jpg", "like": false, "like_me": false, "badge": {"unread_pool": 1, "unread_pool_ext": 1, "user_name_certificate": 1, "hongbao_2020": 2, "feiyan_2020": 1, "dailv_2020": 1, "vpick_2020": 1, "hongrenjie_2020": 1, "hongbaofeifuniu_2021": 1}}, "reposts_count": 0, "comments_count": 0, "attitudes_count": 0, "pending_approval_count": 0, "isLongText": false, "reward_exhibition_type": 0, "hide_flag": 0, "mlevel": 0, "darwin_tags": [], "mblogtype": 0, "more_info_type": 0, "number_display_strategy": {"apply_scenario_flag": 3, "display_text_min_number": 1000000, "display_text": "100\u4e07+"}, "content_auth": 0, "repost_type": 1, "pic_num": 0, "alchemy_params": {"ug_red_envelope": false}, "raw_text": "\u8f6c\u53d1\u5fae\u535a", "bid": "ICkd5y5F8"}, {"visible": {"type": 0, "list_id": 0}, "created_at": "Wed Apr 08 07:37:46 +0800 2020", "id": "4491341268938163", "mid": "4491341268938163", "can_edit": false, "show_additional_indication": 0, "text": "\u8f6c\u53d1\u5fae\u535a", "source": "iPhone\u5ba2\u6237\u7aef", "favorited": false, "pic_ids": [], "pic_types": "", "is_paid": false, "mblog_vip_type": 0, "user": {"id": 2756328647, "screen_name": "\u72ec\u659f\u6e05\u98ce", "profile_image_url": "https://tva2.sinaimg.cn/crop.0.0.180.180.180/a44a3cc7jw1e8qgp5bmzyj2050050aa8.jpg?KID=imgbed,tva&Expires=1619050611&ssig=vHb6CyVQJb", "profile_url": "https://m.weibo.cn/u/2756328647?uid=2756328647", "statuses_count": 482, "verified": false, "verified_type": -1, "close_blue_v": false, "description": "", "gender": "m", "mbtype": 0, "urank": 9, "mbrank": 0, "follow_me": false, "following": false, "followers_count": 160, "follow_count": 130, "cover_image_phone": "https://tva1.sinaimg.cn/crop.0.0.640.640.640/549d0121tw1egm1kjly3jj20hs0hsq4f.jpg", "avatar_hd": "https://ww2.sinaimg.cn/orj480/a44a3cc7jw1e8qgp5bmzyj2050050aa8.jpg", "like": false, "like_me": false, "badge": {"unread_pool": 1, "unread_pool_ext": 1, "dzwbqlx_2016": 1, "user_name_certificate": 1, "hongbao_2020": 2}}, "reposts_count": 0, "comments_count": 0, "attitudes_count": 0, "pending_approval_count": 0, "isLongText": false, "reward_exhibition_type": 0, "hide_flag": 0, "mlevel": 0, "darwin_tags": [], "mblogtype": 0, "more_info_type": 0, "number_display_strategy": {"apply_scenario_flag": 3, "display_text_min_number": 1000000, "display_text": "100\u4e07+"}, "content_auth": 0, "repost_type": 1, "pic_num": 0, "alchemy_params": {"ug_red_envelope": false}, "raw_text": "\u8f6c\u53d1\u5fae\u535a", "bid": "ICkcCBvdV"}, {"visible": {"type": 0, "list_id": 0}, "created_at": "Wed Apr 08 07:37:12 +0800 2020", "id": "4491341126387843", "mid": "4491341126387843", "can_edit": false, "show_additional_indication": 0, "text": "\u8f6c\u53d1\u5fae\u535a", "source": "\u5fae\u535a HTML5 \u7248", "favorited": false, "pic_ids": [], "pic_types": "", "is_paid": false, "mblog_vip_type": 0, "user": {"id": 5836660263, "screen_name": "\u7231\u5fb7\u534e\u6625\u7533\u5927\u638c\u67dc", "profile_image_url": "https://tvax1.sinaimg.cn/crop.96.150.555.555.180/006n01XFly8fyvxvyj81uj30ob0rsakr.jpg?KID=imgbed,tva&Expires=1619050611&ssig=tTxGz0g552", "profile_url": "https://m.weibo.cn/u/5836660263?uid=5836660263", "statuses_count": 11900, "verified": false, "verified_type": -1, "close_blue_v": false, "description": "\u517c\u804c\u9ad8\u4e2d\u751f\u7269\u8001\u5e08\u3001\u6258\u7ba1\u8001\u5e08\u3001\u6267\u4e1a\u836f\u5e08\u3001\u524d\u751f\u7269\u533b\u836f\u4e0e\u53f8\u6cd5\u9274\u5b9a\u884c\u4e1a\u7814\u53d1\u4eba\u5458\uff0c\u81ea\u5df1\u914d\u62a4\u80a4\u54c1\u81ea\u5df1\u7528", "gender": "m", "mbtype": 0, "urank": 9, "mbrank": 0, "follow_me": false, "following": false, "followers_count": 757, "follow_count": 778, "cover_image_phone": "https://tva1.sinaimg.cn/crop.0.0.640.640.640/549d0121tw1egm1kjly3jj20hs0hsq4f.jpg", "avatar_hd": "https://wx1.sinaimg.cn/orj480/006n01XFly8fyvxvyj81uj30ob0rsakr.jpg", "like": false, "like_me": false, "badge": {"unread_pool": 1, "unread_pool_ext": 1, "user_name_certificate": 1, "wenda_v2": 1, "hongbaofei_2019": 1, "womensday_2018": 1, "suishoupai_2019": 1, "hongrenjie_2019": 1, "rrgyj_2019": 1, "gongjiri_2019": 1, "hongbao_2020": 1, "feiyan_2020": 1, "mi_2020": 1, "zjszgf_2020": 1, "lvzhilingyang_2021": 1}}, "reposts_count": 0, "comments_count": 0, "attitudes_count": 0, "pending_approval_count": 0, "isLongText": false, "reward_exhibition_type": 0, "hide_flag": 0, "mlevel": 0, "darwin_tags": [], "mblogtype": 0, "more_info_type": 0, "number_display_strategy": {"apply_scenario_flag": 3, "display_text_min_number": 1000000, "display_text": "100\u4e07+"}, "content_auth": 0, "repost_type": 1, "pic_num": 0, "alchemy_params": {"ug_red_envelope": false}, "raw_text": "\u8f6c\u53d1\u5fae\u535a", "bid": "ICkcoqNLJ"}, {"visible": {"type": 0, "list_id": 0}, "created_at": "Wed Apr 08 07:33:13 +0800 2020", "id": "4491340123815972", "mid": "4491340123815972", "can_edit": false, "show_additional_indication": 0, "text": "\u8f6c\u53d1\u5fae\u535a", "source": "iPhone 11 Pro Max", "favorited": false, "pic_ids": [], "pic_types": "", "is_paid": false, "mblog_vip_type": 0, "user": {"id": 5131947249, "screen_name": "\u81ea\u5f8b\u624d\u80fd\u6210\u5c31\u66f4\u597d\u7684\u81ea\u6211", "profile_image_url": "https://tvax3.sinaimg.cn/crop.0.0.751.751.180/005Bj7UJly8fp53nlr942j30kv0kvn09.jpg?KID=imgbed,tva&Expires=1619050613&ssig=MrsUX1ROL6", "profile_url": "https://m.weibo.cn/u/5131947249?uid=5131947249", "statuses_count": 2334, "verified": false, "verified_type": -1, "close_blue_v": false, "description": "", "gender": "f", "mbtype": 11, "urank": 9, "mbrank": 6, "follow_me": false, "following": false, "followers_count": 29, "follow_count": 119, "cover_image_phone": "https://tva1.sinaimg.cn/crop.0.0.640.640.640/549d0121tw1egm1kjly3jj20hs0hsq4f.jpg", "avatar_hd": "https://wx3.sinaimg.cn/orj480/005Bj7UJly8fp53nlr942j30kv0kvn09.jpg", "like": false, "like_me": false, "badge": {"bind_taobao": 1, "user_name_certificate": 1, "wenchuan_10th": 1, "super_star_2018": 1, "wenda_v2": 1, "wbzy_2018": 1, "memorial_2018": 1, "china_2019": 1, "hongkong_2019": 1, "hongbao_2020": 2, "feiyan_2020": 1, "weibozhiye_2020": 1, "hongbaofeifuniu_2021": 1}}, "reposts_count": 0, "comments_count": 0, "attitudes_count": 0, "pending_approval_count": 0, "isLongText": false, "reward_exhibition_type": 0, "hide_flag": 0, "mlevel": 0, "darwin_tags": [], "mblogtype": 0, "more_info_type": 0, "number_display_strategy": {"apply_scenario_flag": 3, "display_text_min_number": 1000000, "display_text": "100\u4e07+"}, "content_auth": 0, "repost_type": 1, "pic_num": 0, "alchemy_params": {"ug_red_envelope": false}, "raw_text": "\u8f6c\u53d1\u5fae\u535a", "bid": "ICkaMg0HW"}, {"visible": {"type": 0, "list_id": 0}, "created_at": "Wed Apr 08 07:24:26 +0800 2020", "id": "4491337912556186", "mid": "4491337912556186", "can_edit": false, "show_additional_indication": 0, "text": "\u8f6c\u53d1\u5fae\u535a", "source": "iPhone\u5ba2\u6237\u7aef", "favorited": false, "pic_ids": [], "pic_types": "", "is_paid": false, "mblog_vip_type": 0, "user": {"id": 3164153407, "screen_name": "\u5feb\u4e50\u5c0f\u76ee\u6807", "profile_image_url": "https://tvax4.sinaimg.cn/crop.5.0.1231.1231.180/bc99263fly8fkem15ufdnj20yi0y740q.jpg?KID=imgbed,tva&Expires=1619050613&ssig=P6qTJrZd8B", "profile_url": "https://m.weibo.cn/u/3164153407?uid=3164153407", "statuses_count": 14788, "verified": false, "verified_type": -1, "close_blue_v": false, "description": "\u7287\u2014-\u64c5\u957f\u8585\u4e3b\u529b\u7f8a\u6bdb\uff01\u8f9e\u9152\u8fce\u82af\u2764\ufe0f", "gender": "f", "mbtype": 2, "urank": 42, "mbrank": 2, "follow_me": false, "following": false, "followers_count": 350640, "follow_count": 4182, "cover_image_phone": "https://tva1.sinaimg.cn/crop.0.0.640.640.640/9d44112bjw1f1xl1c10tuj20hs0hs0tw.jpg", "avatar_hd": "https://wx4.sinaimg.cn/orj480/bc99263fly8fkem15ufdnj20yi0y740q.jpg", "like": false, "like_me": false, "badge": {"bind_taobao": 1, "unread_pool": 1, "unread_pool_ext": 1, "dzwbqlx_2016": 1, "super_star_2017": 1, "travel_2017": 1, "user_name_certificate": 1, "suishoupai_2018": 6, "worldcup_2018": 34, "wenda_v2": 1, "china_2019": 1, "macao_2019": 1, "china_2019_2": 1, "hongbao_2020": 2, "feiyan_2020": 1, "dailv_2020": 1, "hongrenjie_2020": 1, "hongbaofeifuniu_2021": 1}}, "reposts_count": 0, "comments_count": 0, "attitudes_count": 0, "pending_approval_count": 0, "isLongText": false, "reward_exhibition_type": 0, "hide_flag": 0, "mlevel": 0, "darwin_tags": [], "mblogtype": 0, "more_info_type": 0, "number_display_strategy": {"apply_scenario_flag": 3, "display_text_min_number": 1000000, "display_text": "100\u4e07+"}, "content_auth": 0, "repost_type": 1, "pic_num": 0, "alchemy_params": {"ug_red_envelope": false}, "raw_text": "\u8f6c\u53d1\u5fae\u535a", "bid": "ICk7daIYO"}, {"visible": {"type": 0, "list_id": 0}, "created_at": "Wed Apr 08 07:15:07 +0800 2020", "id": "4491335568969460", "mid": "4491335568969460", "can_edit": false, "show_additional_indication": 0, "text": "\u8f6c\u53d1\u5fae\u535a", "source": "\u5c0f\u7c736X \u62cd\u4eba\u66f4\u7f8e", "favorited": false, "pic_ids": [], "pic_types": "", "is_paid": false, "mblog_vip_type": 0, "user": {"id": 1289993975, "screen_name": "\u6b64\u5904\u7a7a\u7f3a\u4e2d", "profile_image_url": "https://tva1.sinaimg.cn/crop.131.2.765.765.180/4ce3bef7gw1ewzkux11zjj20zg0liaga.jpg?KID=imgbed,tva&Expires=1619050613&ssig=JZNGzBLSck", "profile_url": "https://m.weibo.cn/u/1289993975?uid=1289993975", "statuses_count": 1956, "verified": false, "verified_type": -1, "close_blue_v": false, "description": "\u4e0d\u662f\u4e0d\u884c\uff0c\u800c\u662f\u4e0d\u884c\uff0c\u6e10\u884c\u6e10\u8fdc", "gender": "m", "mbtype": 0, "urank": 14, "mbrank": 0, "follow_me": false, "following": false, "followers_count": 126, "follow_count": 2448, "cover_image_phone": "https://tva1.sinaimg.cn/crop.0.0.640.640.640/549d0121tw1egm1kjly3jj20hs0hsq4f.jpg", "avatar_hd": "https://ww1.sinaimg.cn/orj480/4ce3bef7gw1ewzkux11zjj20zg0liaga.jpg", "like": false, "like_me": false, "badge": {"unread_pool": 1, "unread_pool_ext": 1, "dzwbqlx_2016": 1, "user_name_certificate": 1, "qixi_2018": 1, "hongrenjie_2019": 1, "china_2019": 1, "hongkong_2019": 1, "hongbao_2020": 2, "feiyan_2020": 1, "dailv_2020": 1}}, "reposts_count": 0, "comments_count": 0, "attitudes_count": 0, "pending_approval_count": 0, "isLongText": false, "reward_exhibition_type": 0, "hide_flag": 0, "mlevel": 0, "darwin_tags": [], "mblogtype": 0, "more_info_type": 0, "number_display_strategy": {"apply_scenario_flag": 3, "display_text_min_number": 1000000, "display_text": "100\u4e07+"}, "content_auth": 0, "repost_type": 1, "pic_num": 0, "alchemy_params": {"ug_red_envelope": false}, "raw_text": "\u8f6c\u53d1\u5fae\u535a", "bid": "ICk3qBDmI"}, {"visible": {"type": 0, "list_id": 0}, "created_at": "Wed Apr 08 07:14:20 +0800 2020", "id": "4491335371092561", "mid": "4491335371092561", "can_edit": false, "show_additional_indication": 0, "text": "\u8f6c\u53d1\u5fae\u535a", "source": "OPPO A11", "favorited": false, "pic_ids": [], "pic_types": "", "is_paid": false, "mblog_vip_type": 0, "user": {"id": 6929000846, "screen_name": "\u5c31\u505a\u4e00\u68f5\u5c0f\u8349\u5427", "profile_image_url": "https://tvax3.sinaimg.cn/crop.0.0.664.664.180/007yVnEaly8gb132bt21kj30ig0igjsl.jpg?KID=imgbed,tva&Expires=1619050613&ssig=lZIXMeO7Hx", "profile_url": "https://m.weibo.cn/u/6929000846?uid=6929000846", "statuses_count": 1033, "verified": false, "verified_type": -1, "close_blue_v": false, "description": "\u539f\u6765\u4f60\u4e00\u76f4\u81ea\u5df1\u5b64\u72ec\u575a\u5f3a\u5730\u6d3b\u7740\u554a\uff01", "gender": "f", "mbtype": 0, "urank": 4, "mbrank": 0, "follow_me": false, "following": false, "followers_count": 48, "follow_count": 21, "cover_image_phone": "https://tva1.sinaimg.cn/crop.0.0.640.640.640/549d0121tw1egm1kjly3jj20hs0hsq4f.jpg", "avatar_hd": "https://wx3.sinaimg.cn/orj480/007yVnEaly8gb132bt21kj30ig0igjsl.jpg", "like": false, "like_me": false, "badge": {"user_name_certificate": 1, "hongbaofei_2019": 1, "hongbao_2020": 2}}, "reposts_count": 0, "comments_count": 0, "attitudes_count": 0, "pending_approval_count": 0, "isLongText": false, "reward_exhibition_type": 0, "hide_flag": 0, "mlevel": 0, "darwin_tags": [], "mblogtype": 0, "more_info_type": 0, "number_display_strategy": {"apply_scenario_flag": 3, "display_text_min_number": 1000000, "display_text": "100\u4e07+"}, "content_auth": 0, "repost_type": 1, "pic_num": 0, "alchemy_params": {"ug_red_envelope": false}, "raw_text": "\u8f6c\u53d1\u5fae\u535a", "bid": "ICk374AdX"}, {"visible": {"type": 0, "list_id": 0}, "created_at": "Wed Apr 08 07:12:44 +0800 2020", "id": "4491334969054022", "mid": "4491334969054022", "can_edit": false, "show_additional_indication": 0, "text": "\u8f6c\u53d1\u5fae\u535a", "source": "iPhone\u5ba2\u6237\u7aef", "favorited": false, "pic_ids": [], "pic_types": "", "is_paid": false, "mblog_vip_type": 0, "user": {"id": 3186007840, "screen_name": "\u56e2\u56e2\u767d6\u5154\u5976\u7cd6", "profile_image_url": "https://tvax1.sinaimg.cn/crop.0.0.829.829.180/bde69f20ly8gpk3bnfjanj20n10n1wg0.jpg?KID=imgbed,tva&Expires=1619050613&ssig=8HO%2BKf7Abp", "profile_url": "https://m.weibo.cn/u/3186007840?uid=3186007840", "statuses_count": 27110, "verified": false, "verified_type": -1, "close_blue_v": false, "description": "\u5fae\u535a\u662f\u4e0d\u662f\u6709\u75c5\uff0c\u88ab\u76d7\u6539\u540d\u8fd8\u8981\u82b1\u94b1\u7a77\u75af\u4e86\uff1f", "gender": "f", "mbtype": 2, "urank": 42, "mbrank": 1, "follow_me": false, "following": false, "followers_count": 362, "follow_count": 1317, "cover_image_phone": "https://tva1.sinaimg.cn/crop.0.0.640.640.640/549d0121tw1egm1kjly3jj20hs0hsq4f.jpg", "avatar_hd": "https://wx1.sinaimg.cn/orj480/bde69f20ly8gpk3bnfjanj20n10n1wg0.jpg", "like": false, "like_me": false, "badge": {"bind_taobao": 1, "unread_pool": 1, "unread_pool_ext": 1, "dzwbqlx_2016": 1, "super_star_2017": 1, "travel_2017": 1, "user_name_certificate": 1, "wenchuan_10th": 1, "super_star_2018": 1, "worldcup_2018": 34, "dailv_2018": 2, "asiad_2018": 1, "qixi_2018": 1, "lol_s8": 1, "double11_2018": 1, "hongbaofei_2019": 1, "suishoupai_2019": 1, "hongrenjie_2019": 1, "china_2019": 1, "hongkong_2019": 1, "dzwbqlx_2019": 1, "macao_2019": 1, "china_2019_2": 1, "hongbao_2020": 2, "feiyan_2020": 1, "kangyi_2020": 1}}, "reposts_count": 0, "comments_count": 0, "attitudes_count": 0, "pending_approval_count": 0, "isLongText": false, "reward_exhibition_type": 0, "hide_flag": 0, "mlevel": 0, "darwin_tags": [], "mblogtype": 0, "more_info_type": 0, "number_display_strategy": {"apply_scenario_flag": 3, "display_text_min_number": 1000000, "display_text": "100\u4e07+"}, "content_auth": 0, "repost_type": 1, "pic_num": 0, "alchemy_params": {"ug_red_envelope": false}, "raw_text": "\u8f6c\u53d1\u5fae\u535a", "bid": "ICk2sBZmC"}, {"visible": {"type": 0, "list_id": 0}, "created_at": "Wed Apr 08 07:08:54 +0800 2020", "id": "4491334003625530", "mid": "4491334003625530", "can_edit": false, "show_additional_indication": 0, "text": "\u8f6c\u53d1\u5fae\u535a", "source": "Android", "favorited": false, "pic_ids": [], "pic_types": "", "is_paid": false, "mblog_vip_type": 0, "user": {"id": 6223941425, "screen_name": "\u5047\u5982\u6211\u6709\u5341\u4e2ae", "profile_image_url": "https://tvax3.sinaimg.cn/crop.0.0.996.996.180/006Nd1u1ly8gg60fw18dmj30ro0rowfs.jpg?KID=imgbed,tva&Expires=1619050613&ssig=azM7AzMrwY", "profile_url": "https://m.weibo.cn/u/6223941425?uid=6223941425", "statuses_count": 1903, "verified": false, "verified_type": -1, "close_blue_v": false, "description": "\u613f\u4e3a\u4e16\u95f4\u4e00\u5207\u7f8e\u597d\u4f17\u751f", "gender": "f", "mbtype": 0, "urank": 4, "mbrank": 0, "follow_me": false, "following": false, "followers_count": 75, "follow_count": 301, "cover_image_phone": "https://tva3.sinaimg.cn/crop.0.0.640.640/6ce2240djw1e9uwsjwemzj20hs0hs41z.jpg", "avatar_hd": "https://wx3.sinaimg.cn/orj480/006Nd1u1ly8gg60fw18dmj30ro0rowfs.jpg", "like": false, "like_me": false, "badge": {"bind_taobao": 1, "panda": 1, "user_name_certificate": 1, "wenda_v2": 1, "national_day_2018": 1, "hongrenjie_2019": 1, "china_2019": 1, "rrgyj_2019": 1, "hongbao_2020": 2, "feiyan_2020": 1, "daka_2020": 1, "vpick_2020": 1, "school_2020": 1}}, "reposts_count": 0, "comments_count": 0, "attitudes_count": 0, "pending_approval_count": 0, "isLongText": false, "reward_exhibition_type": 0, "hide_flag": 0, "mlevel": 0, "darwin_tags": [], "mblogtype": 0, "more_info_type": 0, "number_display_strategy": {"apply_scenario_flag": 3, "display_text_min_number": 1000000, "display_text": "100\u4e07+"}, "content_auth": 0, "repost_type": 1, "pic_num": 0, "alchemy_params": {"ug_red_envelope": false}, "raw_text": "\u8f6c\u53d1\u5fae\u535a", "bid": "ICk0Ufdai"}, {"visible": {"type": 0, "list_id": 0}, "created_at": "Wed Apr 08 07:06:03 +0800 2020", "id": "4491333286827765", "mid": "4491333286827765", "can_edit": false, "show_additional_indication": 0, "text": "\u8f6c\u53d1\u5fae\u535a", "source": "\u4e09\u661fandroid\u667a\u80fd\u624b\u673a", "favorited": false, "pic_ids": [], "pic_types": "", "is_paid": false, "mblog_vip_type": 0, "user": {"id": 1793576217, "screen_name": "\u5927\u7c73\u828a\u828a", "profile_image_url": "https://tva2.sinaimg.cn/crop.0.0.180.180.180/6ae7cd19jw1e8qgp5bmzyj2050050aa8.jpg?KID=imgbed,tva&Expires=1619050613&ssig=yHCSGnAusq", "profile_url": "https://m.weibo.cn/u/1793576217?uid=1793576217", "statuses_count": 2377, "verified": false, "verified_type": -1, "close_blue_v": false, "description": "", "gender": "f", "mbtype": 0, "urank": 26, "mbrank": 0, "follow_me": false, "following": false, "followers_count": 131, "follow_count": 653, "cover_image_phone": "https://tva1.sinaimg.cn/crop.0.0.640.640.640/549d0121tw1egm1kjly3jj20hs0hsq4f.jpg", "avatar_hd": "https://ww2.sinaimg.cn/orj480/6ae7cd19jw1e8qgp5bmzyj2050050aa8.jpg", "like": false, "like_me": false, "badge": {"bind_taobao": 1, "unread_pool": 1, "vip_activity2": 1, "unread_pool_ext": 1, "user_name_certificate": 1, "china_2019": 1, "hongkong_2019": 1}}, "reposts_count": 0, "comments_count": 0, "attitudes_count": 0, "pending_approval_count": 0, "isLongText": false, "reward_exhibition_type": 0, "hide_flag": 0, "mlevel": 0, "darwin_tags": [], "mblogtype": 0, "more_info_type": 0, "number_display_strategy": {"apply_scenario_flag": 3, "display_text_min_number": 1000000, "display_text": "100\u4e07+"}, "content_auth": 0, "repost_type": 1, "pic_num": 0, "alchemy_params": {"ug_red_envelope": false}, "raw_text": "\u8f6c\u53d1\u5fae\u535a", "bid": "ICjZKsEdf"}, {"visible": {"type": 0, "list_id": 0}, "created_at": "Wed Apr 08 07:04:21 +0800 2020", "id": "4491332858635419", "mid": "4491332858635419", "can_edit": false, "show_additional_indication": 0, "text": "\u8f6c\u53d1\u5fae\u535a", "source": "iPhone\u5ba2\u6237\u7aef", "favorited": false, "pic_ids": [], "pic_types": "", "is_paid": false, "mblog_vip_type": 0, "user": {"id": 3176315652, "screen_name": "\u6de1\u6de1\u4e91\u513f\u98de", "profile_image_url": "https://tvax3.sinaimg.cn/crop.148.64.372.372.180/bd52bb04ly8gdvobf0dspj20im0dywg0.jpg?KID=imgbed,tva&Expires=1619050613&ssig=q8mLsqp5xI", "profile_url": "https://m.weibo.cn/u/3176315652?uid=3176315652", "statuses_count": 30711, "verified": false, "verified_type": -1, "close_blue_v": false, "description": "", "gender": "f", "mbtype": 0, "urank": 41, "mbrank": 0, "follow_me": false, "following": false, "followers_count": 642, "follow_count": 5032, "cover_image_phone": "https://tva1.sinaimg.cn/crop.0.0.640.640.640/549d0121tw1egm1kjly3jj20hs0hsq4f.jpg", "avatar_hd": "https://wx3.sinaimg.cn/orj480/bd52bb04ly8gdvobf0dspj20im0dywg0.jpg", "like": false, "like_me": false, "badge": {"zongyiji": 1, "unread_pool": 1, "unread_pool_ext": 1, "dzwbqlx_2016": 1, "user_name_certificate": 1, "suishoupai_2018": 1, "worldcup_2018": 34, "wenda_v2": 1, "dailv_2018": 3, "qixi_2018": 1, "hongbaofei_2019": 1, "suishoupai_2019": 1, "wusi_2019": 1, "hongrenjie_2019": 1, "china_2019": 1, "hongkong_2019": 1, "dzwbqlx_2019": 6, "shuang11_2019": 1, "hongbao_2020": 2, "feiyan_2020": 1, "graduation_2020": 1, "dailv_2020": 1, "movie_2020": 1, "hongrenjie_2020": 1, "china_2020": 1, "weibozhiye_2020": 1, "weibozhiyexianxia_2021": 1}}, "reposts_count": 0, "comments_count": 0, "attitudes_count": 0, "pending_approval_count": 0, "isLongText": false, "reward_exhibition_type": 0, "hide_flag": 0, "mlevel": 0, "darwin_tags": [], "mblogtype": 0, "more_info_type": 0, "number_display_strategy": {"apply_scenario_flag": 3, "display_text_min_number": 1000000, "display_text": "100\u4e07+"}, "content_auth": 0, "repost_type": 1, "pic_num": 0, "alchemy_params": {"ug_red_envelope": false}, "raw_text": "\u8f6c\u53d1\u5fae\u535a", "bid": "ICjZ3AesX"}, {"visible": {"type": 0, "list_id": 0}, "created_at": "Wed Apr 08 06:57:53 +0800 2020", "id": "4491331231031141", "mid": "4491331231031141", "can_edit": false, "show_additional_indication": 0, "text": "\u8f6c\u53d1\u5fae\u535a", "source": "iPhone\u5ba2\u6237\u7aef", "favorited": false, "pic_ids": [], "pic_types": "", "is_paid": false, "mblog_vip_type": 0, "user": {"id": 6412161015, "screen_name": "\u7528\u62376412161015", "profile_image_url": "https://tvax3.sinaimg.cn/crop.0.0.132.132.180/006ZWLZRly8fnhi1ucgeej303o03o746.jpg?KID=imgbed,tva&Expires=1619050613&ssig=4bPoLOp0dI", "profile_url": "https://m.weibo.cn/u/6412161015?uid=6412161015", "statuses_count": 27, "verified": false, "verified_type": -1, "close_blue_v": false, "description": "", "gender": "f", "mbtype": 0, "urank": 1, "mbrank": 0, "follow_me": false, "following": false, "followers_count": 2, "follow_count": 236, "cover_image_phone": "https://tva1.sinaimg.cn/crop.0.0.640.640.640/549d0121tw1egm1kjly3jj20hs0hsq4f.jpg", "avatar_hd": "https://wx3.sinaimg.cn/orj480/006ZWLZRly8fnhi1ucgeej303o03o746.jpg", "like": false, "like_me": false, "badge": {"bind_taobao": 1, "user_name_certificate": 1, "hongbao_2020": 2}}, "reposts_count": 0, "comments_count": 0, "attitudes_count": 0, "pending_approval_count": 0, "isLongText": false, "reward_exhibition_type": 0, "hide_flag": 0, "mlevel": 0, "darwin_tags": [], "mblogtype": 0, "more_info_type": 0, "number_display_strategy": {"apply_scenario_flag": 3, "display_text_min_number": 1000000, "display_text": "100\u4e07+"}, "content_auth": 0, "repost_type": 1, "pic_num": 0, "alchemy_params": {"ug_red_envelope": false}, "raw_text": "\u8f6c\u53d1\u5fae\u535a", "bid": "ICjWr4kfj"}, {"visible": {"type": 0, "list_id": 0}, "created_at": "Wed Apr 08 06:51:17 +0800 2020", "id": "4491329570883412", "mid": "4491329570883412", "can_edit": false, "show_additional_indication": 0, "text": "\u8f6c\u53d1\u5fae\u535a", "source": "\u5fae\u535a\u56fd\u9645\u7248", "favorited": false, "pic_ids": [], "pic_types": "", "is_paid": false, "mblog_vip_type": 0, "user": {"id": 2106103407, "screen_name": "\u6625\u6811\u671d\u4e91", "profile_image_url": "https://tva2.sinaimg.cn/crop.0.0.180.180.180/7d88966fjw1e8qgp5bmzyj2050050aa8.jpg?KID=imgbed,tva&Expires=1619050615&ssig=RPxt%2FRy%2FCR", "profile_url": "https://m.weibo.cn/u/2106103407?uid=2106103407", "statuses_count": 28524, "verified": false, "verified_type": -1, "close_blue_v": false, "description": "\u5411\u7740\u9633\u5149\u81ea\u7531\u5954\u8dd1\uff0c\u4e0d\u5c0f\u5fc3\u628a\u81ea\u5df1\u6652\u9ed1\u4e86\u3002", "gender": "f", "mbtype": 0, "urank": 41, "mbrank": 0, "follow_me": false, "following": false, "followers_count": 197, "follow_count": 336, "cover_image_phone": "https://tva1.sinaimg.cn/crop.0.0.640.640.640/549d0121tw1egm1kjly3jj20hs0hsq4f.jpg", "avatar_hd": "https://ww2.sinaimg.cn/orj480/7d88966fjw1e8qgp5bmzyj2050050aa8.jpg", "like": false, "like_me": false, "badge": {"gongyi": 1, "zongyiji": 1, "unread_pool": 1, "unread_pool_ext": 1, "dzwbqlx_2016": 1, "travel_2017": 1, "lol_gm_2017": 1, "user_name_certificate": 1, "wenchuan_10th": 1, "super_star_2018": 1, "worldcup_2018": 34, "wenda_v2": 1, "dailv_2018": 1, "qixi_2018": 1, "wbzy_2018": 1, "hongbaofei_2019": 1, "womensday_2018": 1, "suishoupai_2019": 1, "wusi_2019": 1, "hongrenjie_2019": 1, "china_2019": 1, "hongkong_2019": 1, "dzwbqlx_2019": 4, "rrgyj_2019": 1, "macao_2019": 1, "china_2019_2": 1, "hongbao_2020": 2, "feiyan_2020": 1, "hope_2020": 1, "kangyi_2020": 1, "graduation_2020": 1, "dailv_2020": 1, "movie_2020": 1, "gongyi_2020": 2, "hongrenjie_2020": 1, "china_2020": 1, "weibozhiye_2020": 1}}, "reposts_count": 0, "comments_count": 0, "attitudes_count": 0, "pending_approval_count": 0, "isLongText": false, "reward_exhibition_type": 0, "hide_flag": 0, "mlevel": 0, "darwin_tags": [], "mblogtype": 0, "more_info_type": 0, "number_display_strategy": {"apply_scenario_flag": 3, "display_text_min_number": 1000000, "display_text": "100\u4e07+"}, "content_auth": 0, "repost_type": 1, "pic_num": 0, "alchemy_params": {"ug_red_envelope": false}, "raw_text": "\u8f6c\u53d1\u5fae\u535a", "bid": "ICjTL3HOA"}, {"visible": {"type": 0, "list_id": 0}, "created_at": "Wed Apr 08 06:49:00 +0800 2020", "id": "4491328996085360", "mid": "4491328996085360", "can_edit": false, "show_additional_indication": 0, "text": "\u8f6c\u53d1\u5fae\u535a", "source": "HUAWEI P30", "favorited": false, "pic_ids": [], "pic_types": "", "is_paid": false, "mblog_vip_type": 0, "user": {"id": 3150460910, "screen_name": "\u6cf0\u5766\u5c3c\u514b12345", "profile_image_url": "https://tva4.sinaimg.cn/crop.0.0.639.639.180/bbc837eejw8f0z6utluvej20hs0hrgmt.jpg?KID=imgbed,tva&Expires=1619050615&ssig=eMyRdKvPiT", "profile_url": "https://m.weibo.cn/u/3150460910?uid=3150460910", "statuses_count": 1059, "verified": false, "verified_type": -1, "close_blue_v": false, "description": "\u5316\u5986\u54c1", "gender": "m", "mbtype": 0, "urank": 9, "mbrank": 0, "follow_me": false, "following": false, "followers_count": 128, "follow_count": 577, "cover_image_phone": "https://tva1.sinaimg.cn/crop.0.0.640.640.640/a1d3feabjw1ecat4uqw77j20hs0hsacp.jpg", "avatar_hd": "https://ww4.sinaimg.cn/orj480/bbc837eejw8f0z6utluvej20hs0hrgmt.jpg", "like": false, "like_me": false, "badge": {"bind_taobao": 1, "unread_pool": 1, "unread_pool_ext": 1, "user_name_certificate": 1, "wbzy_2019": 1, "hongbao_2020": 2}}, "reposts_count": 0, "comments_count": 0, "attitudes_count": 0, "pending_approval_count": 0, "isLongText": false, "reward_exhibition_type": 0, "hide_flag": 0, "mlevel": 0, "darwin_tags": [], "mblogtype": 0, "more_info_type": 0, "number_display_strategy": {"apply_scenario_flag": 3, "display_text_min_number": 1000000, "display_text": "100\u4e07+"}, "content_auth": 0, "repost_type": 1, "pic_num": 0, "alchemy_params": {"ug_red_envelope": false}, "raw_text": "\u8f6c\u53d1\u5fae\u535a", "bid": "ICjSPpx4Y"}, {"visible": {"type": 0, "list_id": 0}, "created_at": "Wed Apr 08 06:43:39 +0800 2020", "id": "4491327649610367", "mid": "4491327649610367", "can_edit": false, "show_additional_indication": 0, "text": "\u8f6c\u53d1\u5fae\u535a", "source": "iPad mini", "favorited": false, "pic_ids": [], "pic_types": "", "is_paid": false, "mblog_vip_type": 0, "user": {"id": 1400557263, "screen_name": "voyager976", "profile_image_url": "https://tvax2.sinaimg.cn/crop.0.0.1002.1002.180/537acecfly8gjthk8w2k5j20ru0rugna.jpg?KID=imgbed,tva&Expires=1619050615&ssig=SnxfKWVD5y", "profile_url": "https://m.weibo.cn/u/1400557263?uid=1400557263", "statuses_count": 16593, "verified": false, "verified_type": 220, "close_blue_v": false, "description": "", "gender": "m", "mbtype": 2, "urank": 42, "mbrank": 5, "follow_me": false, "following": false, "followers_count": 1054, "follow_count": 905, "cover_image_phone": "https://tva1.sinaimg.cn/crop.0.0.640.640.640/549d0121tw1egm1kjly3jj20hs0hsq4f.jpg", "avatar_hd": "https://wx2.sinaimg.cn/orj480/537acecfly8gjthk8w2k5j20ru0rugna.jpg", "like": false, "like_me": false, "badge": {"bind_taobao": 1, "unread_pool": 1, "unread_pool_ext": 1, "travel_2017": 1, "user_name_certificate": 1, "super_star_2018": 1, "worldcup_2018": 13, "qixi_2018": 1, "wbzy_2018": 1, "hongbaofei_2019": 1, "hongrenjie_2019": 1, "dailv_2019": 1, "china_2019": 1, "hongkong_2019": 1, "hongbao_2020": 2, "feiyan_2020": 1, "kangyi_2020": 1, "daka_2020": 1, "dailv_2020": 1, "movie_2020": 1}}, "reposts_count": 0, "comments_count": 1, "attitudes_count": 0, "pending_approval_count": 0, "isLongText": false, "reward_exhibition_type": 0, "hide_flag": 0, "mlevel": 0, "darwin_tags": [], "mblogtype": 0, "more_info_type": 0, "number_display_strategy": {"apply_scenario_flag": 3, "display_text_min_number": 1000000, "display_text": "100\u4e07+"}, "content_auth": 0, "repost_type": 1, "pic_num": 0, "alchemy_params": {"ug_red_envelope": false}, "raw_text": "\u8f6c\u53d1\u5fae\u535a", "bid": "ICjQEEk5V"}, {"visible": {"type": 0, "list_id": 0}, "created_at": "Wed Apr 08 06:42:03 +0800 2020", "id": "4491327247429892", "mid": "4491327247429892", "can_edit": false, "show_additional_indication": 0, "text": "\u8f6c\u53d1\u5fae\u535a", "source": "iPhone\u5ba2\u6237\u7aef", "favorited": false, "pic_ids": [], "pic_types": "", "is_paid": false, "mblog_vip_type": 0, "user": {"id": 2264523544, "screen_name": "cherishjunjun_658", "profile_image_url": "https://tvax1.sinaimg.cn/default/images/default_avatar_female_180.gif?KID=imgbed,tva&Expires=1619050615&ssig=Freo6M%2FyKk", "profile_url": "https://m.weibo.cn/u/2264523544?uid=2264523544", "statuses_count": 1975, "verified": false, "verified_type": -1, "close_blue_v": false, "description": "", "gender": "f", "mbtype": 0, "urank": 0, "mbrank": 0, "follow_me": false, "following": false, "followers_count": 2, "follow_count": 229, "cover_image_phone": "https://tva1.sinaimg.cn/crop.0.0.640.640.640/549d0121tw1egm1kjly3jj20hs0hsq4f.jpg", "avatar_hd": "https://ss1.sinaimg.cn/orj480/default_avatar_female_180&690", "like": false, "like_me": false, "badge": {"user_name_certificate": 1, "hongbao_2020": 2, "feiyan_2020": 1, "hope_2020": 1, "dailv_2020": 1, "zaolang_2020": 1}}, "reposts_count": 0, "comments_count": 0, "attitudes_count": 0, "pending_approval_count": 0, "isLongText": false, "reward_exhibition_type": 0, "hide_flag": 0, "mlevel": 0, "darwin_tags": [], "mblogtype": 0, "more_info_type": 0, "number_display_strategy": {"apply_scenario_flag": 3, "display_text_min_number": 1000000, "display_text": "100\u4e07+"}, "content_auth": 0, "repost_type": 1, "pic_num": 0, "alchemy_params": {"ug_red_envelope": false}, "raw_text": "\u8f6c\u53d1\u5fae\u535a", "bid": "ICjQ0vaQY"}]