{"visible": {"type": 0, "list_id": 0}, "created_at": "Tue May 19 08:02:00 +0800 2020", "id": "4506205269226798", "mid": "4506205269226798", "edit_count": 1, "can_edit": false, "edit_at": "Tue May 19 10:29:29 +0800 2020", "version": 2, "show_additional_indication": 0, "text": "\u3010<a  href=\"https://m.weibo.cn/search?containerid=231522type%3D1%26t%3D10%26q%3D%23%E7%89%B9%E6%9C%97%E6%99%AE%E7%A7%B0%E8%87%AA%E5%B7%B1%E6%AD%A3%E6%9C%8D%E7%94%A8%E7%BE%9F%E6%B0%AF%E5%96%B9%E9%98%B2%E6%96%B0%E5%86%A0%23&extparam=%23%E7%89%B9%E6%9C%97%E6%99%AE%E7%A7%B0%E8%87%AA%E5%B7%B1%E6%AD%A3%E6%9C%8D%E7%94%A8%E7%BE%9F%E6%B0%AF%E5%96%B9%E9%98%B2%E6%96%B0%E5%86%A0%23&luicode=20000061&lfid=4506205269226798\" data-hide=\"\"><span class=\"surl-text\">#\u7279\u6717\u666e\u79f0\u81ea\u5df1\u6b63\u670d\u7528\u7f9f\u6c2f\u55b9\u9632\u65b0\u51a0#</span></a>\u3011\u636e\u7f8e\u5a92\u62a5\u9053\uff0c\u5f53\u5730\u65f6\u95f418\u65e5\uff0c\u7f8e\u56fd\u603b\u7edf\u7279\u6717\u666e\u8868\u793a\uff0c\u4ed6\u5df2\u7ecf\u670d\u7528\u6297\u759f\u75be\u836f\u7269\u7f9f\u6c2f\u55b9(hydroxychloroquine)\u8d85\u8fc7\u4e00\u5468\uff0c\u4ee5\u9884\u9632\u611f\u67d3\u65b0\u51a0\u75c5\u6bd2\u3002\u636e\u62a5\u9053\uff0c\u7279\u6717\u666e\u5728\u767d\u5bab\u7684\u5706\u684c\u4f1a\u8bae\u4e0a\u8bf4\uff1a\u201c\u6211\u78b0\u5de7\u5728\u5403\u3002\u201d\u201c\u5df2\u7ecf\u6709\u5f88\u591a\u597d\u4e8b\u60c5\u53d1\u751f\u4e86\u3002\u4f60\u4f1a\u60ca\u8bb6\u4e8e\u6709\u8fd9\u4e48\u591a\u4eba\u5728\u670d\u7528\u5b83\uff0c\u5c24\u5176\u662f\u4e00\u7ebf\u5de5\u4f5c\u4eba\u5458\u3002\u201d\u7136\u800c\uff0c\u8fd9\u4e00\u836f\u7269\u7684\u6709\u6548\u6027\uff0c\u5c1a\u672a\u5f97\u5230\u8bc1\u5b9e\uff0c\u7f8e\u56fd\u6d88\u8d39\u8005\u65b0\u95fb\u4e0e\u5546\u4e1a\u9891\u9053\u79f0\uff0c\u5b83\u4f1a\u4ea7\u751f\u4e25\u91cd\u7684\u526f\u4f5c\u7528\uff0c\u5305\u62ec\u808c\u8089\u65e0\u529b\u548c\u5fc3\u5f8b\u5931\u5e38\u3002<a  href=\"https://m.weibo.cn/search?containerid=231522type%3D1%26t%3D10%26q%3D%23%E7%89%B9%E6%9C%97%E6%99%AE%E8%87%AA%E7%88%86%E6%AD%A3%E5%9C%A8%E6%9C%8D%E7%94%A8%E7%BE%9F%E6%B0%AF%E5%96%B9%E9%A2%84%E9%98%B2%E6%96%B0%E5%86%A0%23&extparam=%23%E7%89%B9%E6%9C%97%E6%99%AE%E8%87%AA%E7%88%86%E6%AD%A3%E5%9C%A8%E6%9C%8D%E7%94%A8%E7%BE%9F%E6%B0%AF%E5%96%B9%E9%A2%84%E9%98%B2%E6%96%B0%E5%86%A0%23&luicode=20000061&lfid=4506205269226798\" data-hide=\"\"><span class=\"surl-text\">#\u7279\u6717\u666e\u81ea\u7206\u6b63\u5728\u670d\u7528\u7f9f\u6c2f\u55b9\u9884\u9632\u65b0\u51a0#</span></a><a href='/n/\u4e2d\u65b0\u89c6\u9891'>@\u4e2d\u65b0\u89c6\u9891</a> <a data-url=\"http://t.cn/A627c7Vv\" href=\"https://www.miaopai.com/show/xNW9VwZ9j9k8Ebc7wsXI-puGroXbnn6Y40X4dg__.htm\" data-hide=\"\"><span class='url-icon'><img style='width: 1rem;height: 1rem' src='https://h5.sinaimg.cn/upload/2015/09/25/3/timeline_card_small_video_default.png'></span><span class=\"surl-text\">\u4e2d\u65b0\u89c6\u9891\u7684\u79d2\u62cd\u89c6\u9891</span></a>", "textLength": 464, "source": "\u5fae\u535a\u89c6\u9891\u53f7", "favorited": false, "pic_ids": [], "pic_types": "", "is_paid": false, "mblog_vip_type": 0, "user": {"id": 1784473157, "screen_name": "\u4e2d\u56fd\u65b0\u95fb\u7f51", "profile_image_url": "https://tvax4.sinaimg.cn/crop.0.0.1080.1080.180/6a5ce645ly8gdij7dw130j20u00u00uc.jpg?KID=imgbed,tva&Expires=1619210136&ssig=QMkFdVo9ow", "profile_url": "https://m.weibo.cn/u/1784473157?uid=1784473157&luicode=20000061&lfid=4506205269226798", "statuses_count": 163382, "verified": true, "verified_type": 3, "verified_type_ext": 0, "verified_reason": "\u4e2d\u56fd\u65b0\u95fb\u7f51\u6cd5\u4eba\u5fae\u535a", "close_blue_v": false, "description": "\u8fd9\u91cc\u63d0\u4f9b\u4f60\u4e0d\u77e5\u9053\u3001\u60f3\u77e5\u9053\u3001\u4e0d\u80fd\u4e0d\u77e5\u9053\u7684\u65b0\u95fb\u3002", "gender": "m", "mbtype": 12, "urank": 48, "mbrank": 7, "follow_me": false, "following": false, "followers_count": 71032024, "follow_count": 1255, "cover_image_phone": "https://tva1.sinaimg.cn/crop.0.0.640.640.640/549d0121tw1egm1kjly3jj20hs0hsq4f.jpg", "avatar_hd": "https://wx4.sinaimg.cn/orj480/6a5ce645ly8gdij7dw130j20u00u00uc.jpg", "like": false, "like_me": false, "badge": {"enterprise": 1, "self_media": 1, "dzwbqlx_2016": 1, "follow_whitelist_video": 1, "video_attention": 4, "user_name_certificate": 1, "wenchuan_10th": 1, "qixi_2018": 1, "meilizhongguo_2018": 1, "wbzy_2018": 1, "memorial_2018": 1, "hongrenjie_2019": 1, "china_2019": 1, "hongkong_2019": 1, "rrgyj_2019": 1, "gongjiri_2019": 1, "macao_2019": 1, "china_2019_2": 1, "hongbao_2020": 2, "feiyan_2020": 1, "graduation_2020": 1, "pc_new": 1, "dailv_2020": 1, "school_2020": 1, "china_2020": 1, "hongbaofeifuniu_2021": 1, "weibozhiyexianxia_2021": 1}}, "reposts_count": 51, "comments_count": 153, "attitudes_count": 743, "pending_approval_count": 0, "isLongText": true, "reward_exhibition_type": 0, "hide_flag": 0, "mlevel": 0, "darwin_tags": [], "mblogtype": 0, "more_info_type": 0, "cardid": "star_11247_common", "content_auth": 0, "safe_tags": 131072, "pic_num": 0, "alchemy_params": {"ug_red_envelope": false}, "page_info": {"type": "video", "object_type": 11, "url_ori": "http://t.cn/A627c7Vv", "page_pic": {"width": 640, "url": "https://imgaliyuncdn.miaopai.com/images/xNW9VwZ9j9k8Ebc7wsXI-puGroXbnn6Y40X4dg___kG6k_4.jpg", "height": 360}, "page_url": "https://weibo.cn/sinaurl?luicode=20000061&lfid=4506205269226798&u=http%3A%2F%2Fmiaopai.com%2Fshow%2FxNW9VwZ9j9k8Ebc7wsXI-puGroXbnn6Y40X4dg__.htm", "object_id": "2017607:4506239305187340", "page_title": "\u4e2d\u65b0\u89c6\u9891\u7684\u79d2\u62cd\u89c6\u9891", "title": "\u7279\u6717\u666e\u79f0\u81ea\u5df1\u6b63\u670d\u7528\u7f9f\u6c2f\u55b9\u4ee5\u9884\u9632\u65b0\u51a0\u75c5\u6bd2", "content1": "\u4e2d\u65b0\u89c6\u9891\u7684\u79d2\u62cd\u89c6\u9891", "content2": "\u7279\u6717\u666e\u79f0\u81ea\u5df1\u6b63\u670d\u7528\u7f9f\u6c2f\u55b9\u4ee5\u9884\u9632\u65b0\u51a0\u75c5\u6bd2 via@\u4e2d\u65b0\u89c6\u9891", "video_orientation": "horizontal", "play_count": "18\u4e07\u6b21\u64ad\u653e", "media_info": {"stream_url": "http://miaopai.video.weibocdn.com/mCNTTpJSlx07DnWc2ycM010412002VW50E013.mp4?label=mp4_ld&template=640x360.25.0&trans_finger=40a32e8439c5409a63ccf853562a60ef&ori=0&ps=1BThihd3VLAY5R&Expires=1619202936&ssig=k78tCyg3Ux&KID=unistore,video", "stream_url_hd": "http://miaopai.video.weibocdn.com/PrbGdionlx07DnWbQ1K0010412004Co00E013.mp4?label=mp4_hd&template=852x480.25.0&trans_finger=62b30a3f061b162e421008955c73f536&ori=0&ps=1BThihd3VLAY5R&Expires=1619202936&ssig=5Ka9YVg9%2BK&KID=unistore,video", "duration": 38.823}, "urls": {"mp4_720p_mp4": "http://miaopai.video.weibocdn.com/WFTBlt6slx07DnWc0aOs010412007QqO0E013.mp4?label=mp4_720p&template=996x560.25.0&trans_finger=1f0da16358befad33323e3a1b7f95fc9&ori=0&ps=1BThihd3VLAY5R&Expires=1619202936&ssig=lEbfbu22Uo&KID=unistore,video", "mp4_hd_mp4": "http://miaopai.video.weibocdn.com/PrbGdionlx07DnWbQ1K0010412004Co00E013.mp4?label=mp4_hd&template=852x480.25.0&trans_finger=62b30a3f061b162e421008955c73f536&ori=0&ps=1BThihd3VLAY5R&Expires=1619202936&ssig=5Ka9YVg9%2BK&KID=unistore,video", "mp4_ld_mp4": "http://miaopai.video.weibocdn.com/mCNTTpJSlx07DnWc2ycM010412002VW50E013.mp4?label=mp4_ld&template=640x360.25.0&trans_finger=40a32e8439c5409a63ccf853562a60ef&ori=0&ps=1BThihd3VLAY5R&Expires=1619202936&ssig=k78tCyg3Ux&KID=unistore,video"}}, "bid": "J2BquCIjk", "buttons": [{"type": "follow", "name": "\u5173\u6ce8", "sub_type": 0, "params": {"uid": 1784473157}}], "status_title": "#\u7279\u6717\u666e\u79f0\u81ea\u5df1\u6b63\u670d\u7528\u7f9f\u6c2f\u55b9\u9632\u65b0\u51a0#", "ok": 1, "scheme": "https://weibo.cn/appurl?scheme=sinaweibo%3A%2F%2Fdetail%3Fmblogid%3D4506205269226798%26luicode%3D20000061%26lfid%3D4506205269226798&luicode=20000061&lfid=4506205269226798", "tipScheme": "https://weibo.cn/appurl?scheme=sinaweibo%3A%2F%2Fdetail%3Fmblogid%3D4506205269226798%26luicode%3D20000061%26lfid%3D4506205269226798&luicode=20000061&lfid=4506205269226798"}