[{"id": 4497328595576477, "created_at": "2020-04-24", "source": "", "user": {"id": 7343748317, "screen_name": "\u8584\u8377\u6800\u5b50\u7231\u9633\u5149", "profile_image_url": "https://tvax2.sinaimg.cn/crop.0.0.1080.1080.180/0080ZCpvly8g9bvqo5y4zj30u00u0aec.jpg?KID=imgbed,tva&Expires=1619216692&ssig=vjuXAWT28V", "verified": false, "verified_type": -1, "followers_count": 0, "mbtype": 0, "profile_url": "https://m.weibo.cn/u/7343748317?uid=7343748317", "remark": "", "following": false, "follow_me": false}, "text": "\u8fd9\u771f\u4e0d\u662f\u4e2a\u597d\u6d88\u606f\uff0c\u597d\u62c5\u5fc3\u53c8\u51fa\u73b0\u4e00\u5927\u6ce2\u9057\u5f03\u52a8\u7269\u7684<span class=\"url-icon\"><img alt=[\u4f24\u5fc3] src=\"https://h5.sinaimg.cn/m/emoticon/icon/others/l_shangxin-49b2fe44a6.png\" style=\"width:1em; height:1em;\" /></span>", "like_counts": 0, "liked": false}, {"id": 4497182801707558, "created_at": "2020-04-24", "source": "", "user": {"id": 5052989498, "screen_name": "\u662f\u6211\u7684\u5b89\u4e1c\u5c3c\u732b\u732b\u5148\u751f\u5417", "profile_image_url": "https://tvax3.sinaimg.cn/crop.0.0.996.996.180/005vXPoCly8gel1fm8i19j30ro0rognv.jpg?KID=imgbed,tva&Expires=1619216692&ssig=4mKddHkHBD", "verified": false, "verified_type": -1, "followers_count": 20, "mbtype": 0, "profile_url": "https://m.weibo.cn/u/5052989498?uid=5052989498", "remark": "", "following": false, "follow_me": false}, "text": "\u6240\u4ee5\u4eba\u4e0d\u8981\u4e71\u8dd1\u88ab\u4f20\u67d3\u4e86\u81ea\u5df1\u5bb6\u5ba0\u7269\u4e5f\u906d\u6b83", "like_counts": 2, "liked": false}, {"id": 4497178410403046, "created_at": "2020-04-24", "source": "", "user": {"id": 3304249521, "screen_name": "\u83f2\u83f2\u5c0f\u5e78\u8fd0", "profile_image_url": "https://tvax4.sinaimg.cn/crop.0.0.996.996.180/c4f2d8b1ly8g2pnvbv3ljj20ro0rowgf.jpg?KID=imgbed,tva&Expires=1619216692&ssig=FUx72qa9Ux", "verified": false, "verified_type": -1, "followers_count": 128, "mbtype": 2, "profile_url": "https://m.weibo.cn/u/3304249521?uid=3304249521", "remark": "", "following": false, "follow_me": false}, "text": "\u672c\u6765\u5c31\u662f\u554a\uff0c\u75c5\u6bd2\u6e90\u5934\u662f\u4e5f\u662f\u54fa\u4e73\u52a8\u7269\uff0c\u5f53\u65f6\u8bf4\u732b\u72d7\u4e0d\u4f20\u67d3\uff0c\u6211\u5c31\u611f\u89c9\u53c8\u662f\u5728\u628a\u6c11\u4f17\u5f53\u50bb\u5b50\u3002\u6700\u540e\u4e0d\u8981\u641e\u6210\u4eba\u4f20\u4eba\u63a7\u5236\u4f4f\u4e86\uff0c\u732b\u72d7\u751a\u81f3\u8001\u9f20\u4f20\u64ad\u90a3\u5c31\u53c8\u707e\u96be\u4e86\u3002", "like_counts": 1, "liked": false}, {"id": 4497177428769140, "created_at": "2020-04-24", "source": "", "user": {"id": 2850852763, "screen_name": "\u67da\u5b50M\u5988", "profile_image_url": "https://tvax4.sinaimg.cn/crop.0.0.684.684.180/a9ec8f9bly8fu7yrb4zafj20j00j040o.jpg?KID=imgbed,tva&Expires=1619216692&ssig=tXE%2BaoVYQ6", "verified": false, "verified_type": -1, "followers_count": 485, "mbtype": 0, "profile_url": "https://m.weibo.cn/u/2850852763?uid=2850852763", "remark": "", "following": false, "follow_me": false}, "text": "\u8ddf\u5ba0\u7269\u4e5f\u8981\u4fdd\u6301\u5b89\u5168\u8ddd\u79bb\u4e86\u5427<span class=\"url-icon\"><img alt=[\u6655] src=\"https://h5.sinaimg.cn/m/emoticon/icon/default/d_yun-3ca5d0a5b7.png\" style=\"width:1em; height:1em;\" /></span>", "like_counts": 0, "liked": false}, {"id": 4497171749986489, "created_at": "2020-04-24", "source": "", "user": {"id": 6822310452, "screen_name": "\u6f4b\u6edf\u5149\u751f\u5f69", "profile_image_url": "https://tvax1.sinaimg.cn/crop.0.0.664.664.180/007rHIBmly8gjnvoqrtokj30ig0igdhd.jpg?KID=imgbed,tva&Expires=1619216692&ssig=%2FQWxV5aEQK", "verified": true, "verified_type": 0, "followers_count": 13913, "verified_type_ext": 0, "mbtype": 12, "profile_url": "https://m.weibo.cn/u/6822310452?uid=6822310452", "remark": "", "following": false, "follow_me": false}, "text": "\u8fd9\u4e2a\u5ba0\u7269\u4e0d\u80fd\u517b\u4e86\u5417", "like_counts": 1, "liked": false}]