{"visible": {"type": 0, "list_id": 0}, "created_at": "Wed Jun 10 08:49:37 +0800 2020", "id": "4514189789624557", "mid": "4514189789624557", "can_edit": false, "show_additional_indication": 0, "text": "<a  href=\"https://m.weibo.cn/search?containerid=231522type%3D1%26t%3D10%26q%3D%23%E5%91%A8%E5%88%8A%E5%90%9B%E4%B8%8E%E4%BD%A0%E5%85%B1%E5%90%8C%E6%88%98%E7%96%AB%23&extparam=%23%E5%91%A8%E5%88%8A%E5%90%9B%E4%B8%8E%E4%BD%A0%E5%85%B1%E5%90%8C%E6%88%98%E7%96%AB%23&luicode=20000061&lfid=4514189789624557\" data-hide=\"\"><span class=\"surl-text\">#\u5468\u520a\u541b\u4e0e\u4f60\u5171\u540c\u6218\u75ab#</span></a>\u3010<a  href=\"https://m.weibo.cn/search?containerid=231522type%3D1%26t%3D10%26q%3D%23%E7%8E%8B%E8%BE%B0%E9%99%A2%E5%A3%AB%E7%A7%B0%E6%96%B0%E5%86%A0%E7%97%85%E6%AF%92%E4%B8%8D%E4%BC%9A%E5%80%8F%E7%84%B6%E8%80%8C%E5%8E%BB%23&extparam=%23%E7%8E%8B%E8%BE%B0%E9%99%A2%E5%A3%AB%E7%A7%B0%E6%96%B0%E5%86%A0%E7%97%85%E6%AF%92%E4%B8%8D%E4%BC%9A%E5%80%8F%E7%84%B6%E8%80%8C%E5%8E%BB%23&luicode=20000061&lfid=4514189789624557\" data-hide=\"\"><span class=\"surl-text\">#\u738b\u8fb0\u9662\u58eb\u79f0\u65b0\u51a0\u75c5\u6bd2\u4e0d\u4f1a\u500f\u7136\u800c\u53bb#</span></a>\uff1a<a  href=\"https://m.weibo.cn/search?containerid=231522type%3D1%26t%3D10%26q%3D%23%E5%86%AC%E7%A7%8B%E5%AD%A3%E8%8A%82%E5%AF%B9%E6%96%B0%E5%86%A0%E7%97%85%E6%AF%92%E8%A6%81%E5%AD%98%E6%88%92%E6%83%A7%E4%B9%8B%E5%BF%83%23&extparam=%23%E5%86%AC%E7%A7%8B%E5%AD%A3%E8%8A%82%E5%AF%B9%E6%96%B0%E5%86%A0%E7%97%85%E6%AF%92%E8%A6%81%E5%AD%98%E6%88%92%E6%83%A7%E4%B9%8B%E5%BF%83%23&luicode=20000061&lfid=4514189789624557\" data-hide=\"\"><span class=\"surl-text\">#\u51ac\u79cb\u5b63\u8282\u5bf9\u65b0\u51a0\u75c5\u6bd2\u8981\u5b58\u6212\u60e7\u4e4b\u5fc3#</span></a>\u30119\u65e5\uff0c\u4e2d\u56fd\u5de5\u7a0b\u9662\u9662\u58eb\u3001\u5317\u4eac\u534f\u548c\u533b\u5b66\u9662\u6821\u957f\u738b\u8fb0\u8868\u793a\uff0c\u65b0\u51a0\u75c5\u6bd2\u4e0d\u53ef\u5c0f\u89d1\uff0c\u5b83\u6bd4\u8f83\u5bb9\u6613\u5728\u4eba\u4f53\u7e41\u884d\u548c\u4f20\u64ad\uff0c\u8fd9\u4e2a\u75c5\u6bd2\u4e0d\u4f1a\u500f\u7136\u800c\u53bb\uff0c\u672a\u6765\u6709\u591a\u79cd\u53ef\u80fd\u6027\u3002\u75ab\u60c5\u5f62\u52bf\u5728\u590f\u5b63\u76f8\u5bf9\u597d\u4e00\u70b9\uff0c\u5728\u51ac\u79cb\u5b63\u8282\u8981\u6df1\u5b58\u6212\u60e7\u4e4b\u5fc3\uff0c\u75c5\u6bd2\u4f3c\u4e4e\u5bb9\u6613\u5f62\u6210\u4f20\u64ad\u3002\uff08\u4eba\u6c11\u65e5\u62a5\uff09<a data-url=\"http://t.cn/A62kXgeG\" href=\"http://t.cn/A62kXgeG\" data-hide=\"\"><span class='url-icon'><img style='width: 1rem;height: 1rem' src='https://h5.sinaimg.cn/upload/2015/09/25/3/timeline_card_small_web_default.png'></span><span class=\"surl-text\">\u738b\u8fb0\u9662\u58eb\uff1a\u65b0\u51a0\u75c5\u6bd2\u4e0d\u4f1a\u500f\u7136\u800c\u53bb\uff0c\u51ac\u79cb\u5b63\u8282\u8981\u5b58\u6212\u60e7\u4e4b\u5fc3</span></a>", "textLength": 331, "source": "", "favorited": false, "pic_ids": ["61e6c012ly1gfmwnb82nyj20m80m8dn0"], "pic_types": "0", "thumbnail_pic": "https://wx1.sinaimg.cn/thumbnail/61e6c012ly1gfmwnb82nyj20m80m8dn0.jpg", "bmiddle_pic": "http://wx1.sinaimg.cn/bmiddle/61e6c012ly1gfmwnb82nyj20m80m8dn0.jpg", "original_pic": "https://wx1.sinaimg.cn/large/61e6c012ly1gfmwnb82nyj20m80m8dn0.jpg", "is_paid": false, "mblog_vip_type": 0, "user": {"id": 1642512402, "screen_name": "\u4e2d\u56fd\u65b0\u95fb\u5468\u520a", "profile_image_url": "https://tvax1.sinaimg.cn/crop.0.0.1080.1080.180/61e6c012ly8gdirtyou0ij20u00u0gn8.jpg?KID=imgbed,tva&Expires=1619210148&ssig=YYyx09Jvdj", "profile_url": "https://m.weibo.cn/u/1642512402?uid=1642512402&luicode=20000061&lfid=4514189789624557", "statuses_count": 163880, "verified": true, "verified_type": 3, "verified_type_ext": 0, "verified_reason": "\u4e2d\u56fd\u65b0\u95fb\u5468\u520a\u5b98\u65b9\u5fae\u535a", "close_blue_v": false, "description": "\u4e2d\u56fd\u65b0\u95fb\u5468\u520a\u5b98\u65b9\u5fae\u535a\u3002\u5b9a\u4f4d\u4e8e\u4fe1\u606f\u7ba1\u5bb6\u3001\u65f6\u4e8b\u987e\u95ee\u3001\u610f\u89c1\u9886\u8896\u3002", "gender": "m", "mbtype": 12, "urank": 48, "mbrank": 7, "follow_me": false, "following": false, "followers_count": 59386430, "follow_count": 3076, "cover_image_phone": "https://wx1.sinaimg.cn/crop.0.0.640.640.640/61e6c012ly1gdi6gr59z0j20k00k0q5w.jpg", "avatar_hd": "https://wx1.sinaimg.cn/orj480/61e6c012ly8gdirtyou0ij20u00u0gn8.jpg", "like": false, "like_me": false, "badge": {"enterprise": 1, "zongyiji": 1, "dzwbqlx_2016": 1, "follow_whitelist_video": 1, "user_name_certificate": 1, "suishoupai_2018": 1, "wenchuan_10th": 1, "qixi_2018": 1, "national_day_2018": 1, "relation_display": 1, "memorial_2018": 1, "denglong_2019": 1, "fu_2019": 1, "suishoupai_2019": 1, "hongrenjie_2019": 1, "china_2019": 1, "gongjiri_2019": 1, "macao_2019": 1, "china_2019_2": 1, "hongbao_2020": 2, "feiyan_2020": 1, "pc_new": 6, "dailv_2020": 1, "school_2020": 1, "hongrenjie_2020": 1, "china_2020": 1, "weibozhiye_2020": 1, "hongbaofeijika_2021": 1, "weibozhiyexianxia_2021": 1, "lvzhilingyang_2021": 1}}, "picStatus": "0:1", "reposts_count": 79, "comments_count": 98, "attitudes_count": 937, "pending_approval_count": 0, "isLongText": true, "reward_exhibition_type": 0, "hide_flag": 0, "mlevel": 0, "darwin_tags": [], "mblogtype": 0, "more_info_type": 0, "cardid": "star_583", "content_auth": 0, "pic_num": 1, "alchemy_params": {"ug_red_envelope": false}, "page_info": {"object_type": 2, "type": "webpage", "page_pic": {"url": "http://img.t.sinajs.cn/t6/style/images/face/face_card_longwb.png"}, "page_url": "https://weibo.cn/sinaurl?luicode=20000061&lfid=4514189789624557&u=https%3A%2F%2Fie.bjd.com.cn%2F5b165687a010550e5ddc0e6a%2FcontentApp%2F5b16573ae4b02a9fe2d558f9%2FAP5ee01e0fe4b04a29ecfff98b.html", "url_ori": "http://t.cn/A62kXgeG", "page_title": "\u738b\u8fb0\u9662\u58eb\uff1a\u65b0\u51a0\u75c5\u6bd2\u4e0d\u4f1a\u500f\u7136\u800c\u53bb\uff0c\u51ac\u79cb\u5b63\u8282\u8981\u5b58\u6212\u60e7\u4e4b\u5fc3", "content1": "6\u67089\u65e5\uff0c\u5e02\u59d4\u6559\u80b2\u5de5\u59d4\u3001\u5e02\u6559\u59d4\u4e0e\u5317\u4eac\u65e5\u62a5\u793e\u8054\u5408\u4e3e\u529e\u201c\u5e38\u6001\u5316\u4e0b\u7684\u9ad8\u6821\u75ab\u60c5\u9632\u63a7\u957f\u6548\u673a\u5236\u5efa\u8bbe\u201d\u7814\u8ba8\u4f1a\u3002 \u4f1a\u4e0a\uff0c\u4e2d\u56fd\u5de5\u7a0b..."}, "pics": [{"pid": "61e6c012ly1gfmwnb82nyj20m80m8dn0", "url": "https://wx1.sinaimg.cn/orj360/61e6c012ly1gfmwnb82nyj20m80m8dn0.jpg", "size": "orj360", "geo": {"width": 360, "height": 360, "croped": false}, "large": {"size": "large", "url": "https://wx1.sinaimg.cn/large/61e6c012ly1gfmwnb82nyj20m80m8dn0.jpg", "geo": {"width": "800", "height": "800", "croped": false}}}], "bid": "J5X8KEnMN", "buttons": [{"type": "follow", "name": "\u5173\u6ce8", "sub_type": 0, "params": {"uid": 1642512402}}], "status_title": "#\u738b\u8fb0\u9662\u58eb\u79f0\u65b0\u51a0\u75c5\u6bd2\u4e0d\u4f1a\u500f\u7136\u800c\u53bb#\uff1a#\u51ac\u79cb\u5b63\u8282\u5bf9\u65b0\u51a0\u75c5\u6bd2\u8981\u5b58\u6212\u60e7\u4e4b\u5fc3#", "ok": 1, "scheme": "https://weibo.cn/appurl?scheme=sinaweibo%3A%2F%2Fdetail%3Fmblogid%3D4514189789624557%26luicode%3D20000061%26lfid%3D4514189789624557&luicode=20000061&lfid=4514189789624557", "tipScheme": "https://weibo.cn/appurl?scheme=sinaweibo%3A%2F%2Fdetail%3Fmblogid%3D4514189789624557%26luicode%3D20000061%26lfid%3D4514189789624557&luicode=20000061&lfid=4514189789624557"}