{"visible": {"type": 0, "list_id": 0}, "created_at": "Thu Jun 18 15:19:58 +0800 2020", "id": "4517187128496502", "mid": "4517187128496502", "can_edit": false, "version": 1, "show_additional_indication": 0, "text": "<a  href=\"https://m.weibo.cn/search?containerid=231522type%3D1%26t%3D10%26q%3D%23%E5%93%88%E8%90%A8%E5%85%8B%E6%96%AF%E5%9D%A6%E5%89%8D%E6%80%BB%E7%BB%9F%E6%96%B0%E5%86%A0%E6%A3%80%E6%B5%8B%E9%98%B3%E6%80%A7%23&extparam=%23%E5%93%88%E8%90%A8%E5%85%8B%E6%96%AF%E5%9D%A6%E5%89%8D%E6%80%BB%E7%BB%9F%E6%96%B0%E5%86%A0%E6%A3%80%E6%B5%8B%E9%98%B3%E6%80%A7%23&luicode=20000061&lfid=4517187128496502\" data-hide=\"\"><span class=\"surl-text\">#\u54c8\u8428\u514b\u65af\u5766\u524d\u603b\u7edf\u65b0\u51a0\u68c0\u6d4b\u9633\u6027#</span></a>\u3010\u4fc4\u5a92\uff1a\u54c8\u8428\u514b\u65af\u5766\u524d\u603b\u7edf\u7eb3\u624e\u5c14\u5df4\u8036\u592b\u65b0\u51a0\u75c5\u6bd2\u68c0\u6d4b\u7ed3\u679c\u5448\u9633\u6027\u3011\u4fc4\u7f57\u65af\u5a92\u4f536\u670818\u65e5\u62a5\u9053\u79f0\uff0c\u54c8\u8428\u514b\u65af\u5766\u524d\u603b\u7edf\u7eb3\u624e\u5c14\u5df4\u8036\u592b\u7684\u65b0\u51a0\u75c5\u6bd2\u68c0\u6d4b\u7ed3\u679c\u4e3a\u9633\u6027\u3002\u201c\u54c8\u8428\u514b\u65af\u5766\u9996\u4efb\u603b\u7edf\u76ee\u524d\u6b63\u5728\u81ea\u6211\u9694\u79bb\u3002\u4e0d\u5e78\u7684\u662f\uff0c\u4ed6\u6700\u8fd1\u4e00\u6b21\u65b0\u51a0\u75c5\u6bd2\u68c0\u6d4b\u7ed3\u679c\u663e\u793a\u4e3a\u9633\u6027\u3002\u4f46\u4e0d\u5fc5\u62c5\u5fc3\uff0c\u7eb3\u624e\u5c14\u5df4\u8036\u592b\u4f1a\u7ee7\u7eed\u8fdc\u7a0b\u5de5\u4f5c\u3002\u201d\u7eb3\u624e\u5c14\u5df4\u8036\u592b\u7684\u65b0\u95fb\u79d8\u4e66\u5728\u63a8\u7279\u4e0a\u5199\u9053\u3002<a data-url=\"http://t.cn/A6Lx2u3u\" href=\"https://www.thepaper.cn/newsDetail_forward_7896681\" data-hide=\"\"><span class='url-icon'><img style='width: 1rem;height: 1rem' src='https://h5.sinaimg.cn/upload/2015/09/25/3/timeline_card_small_article_default.png'></span><span class=\"surl-text\">\u4fc4\u5a92\uff1a\u54c8\u8428\u514b\u65af\u5766\u524d\u603b\u7edf\u7eb3\u624e\u5c14\u5df4\u8036\u592b\u65b0\u51a0\u75c5\u6bd2\u68c0\u6d4b\u7ed3\u679c\u5448\u9633\u6027</span></a>", "textLength": 353, "source": "\u5fae\u535a weibo.com", "favorited": false, "pic_ids": ["005vnhZYgy1gfwgvfpj1tj31hy0u0whh"], "pic_types": "", "thumbnail_pic": "https://wx1.sinaimg.cn/thumbnail/005vnhZYgy1gfwgvfpj1tj31hy0u0whh.jpg", "bmiddle_pic": "http://wx1.sinaimg.cn/bmiddle/005vnhZYgy1gfwgvfpj1tj31hy0u0whh.jpg", "original_pic": "https://wx1.sinaimg.cn/large/005vnhZYgy1gfwgvfpj1tj31hy0u0whh.jpg", "is_paid": false, "mblog_vip_type": 0, "user": {"id": 5044281310, "screen_name": "\u6f8e\u6e43\u65b0\u95fb", "profile_image_url": "https://tvax1.sinaimg.cn/crop.11.10.275.275.180/005vnhZYly8ftjmwo0bx4j308c08cq32.jpg?KID=imgbed,tva&Expires=1619210152&ssig=XVi3BL4ltC", "profile_url": "https://m.weibo.cn/u/5044281310?uid=5044281310&luicode=20000061&lfid=4517187128496502", "statuses_count": 83032, "verified": true, "verified_type": 3, "verified_type_ext": 0, "verified_reason": "\u6f8e\u6e43\u65b0\u95fb\uff0c\u4e13\u6ce8\u65f6\u653f\u4e0e\u601d\u60f3\u7684\u5a92\u4f53\u5f00\u653e\u5e73\u53f0", "close_blue_v": false, "description": "\u6709\u5185\u6db5\u7684\u65f6\u653f\u65b0\u5a92\u4f53", "gender": "m", "mbtype": 12, "urank": 48, "mbrank": 7, "follow_me": false, "following": false, "followers_count": 27915626, "follow_count": 668, "cover_image_phone": "https://wx4.sinaimg.cn/crop.0.0.640.640.640/005vnhZYly1gdiv83cmc9j30yi0yiwgh.jpg", "avatar_hd": "https://wx1.sinaimg.cn/orj480/005vnhZYly8ftjmwo0bx4j308c08cq32.jpg", "like": false, "like_me": false, "badge": {"bind_taobao": 1, "self_media": 1, "dzwbqlx_2016": 1, "follow_whitelist_video": 1, "user_name_certificate": 1, "wenchuan_10th": 1, "qixi_2018": 1, "memorial_2018": 1, "suishoupai_2019": 1, "china_2019": 1, "rrgyj_2019": 1, "weishi_2019": 1, "gongjiri_2019": 1, "macao_2019": 1, "china_2019_2": 1, "hongbao_2020": 2, "feiyan_2020": 1, "pc_new": 6, "school_2020": 1, "china_2020": 1, "weibozhiye_2020": 1, "hongbaofeifuniu_2021": 1, "weibozhiyexianxia_2021": 1}}, "picStatus": "1", "reposts_count": 26, "comments_count": 17, "attitudes_count": 131, "pending_approval_count": 12, "isLongText": true, "reward_exhibition_type": 0, "hide_flag": 0, "mlevel": 0, "darwin_tags": [], "mblogtype": 0, "more_info_type": 0, "cardid": "star_583", "content_auth": 0, "safe_tags": 131072, "pic_num": 1, "alchemy_params": {"ug_red_envelope": false}, "page_info": {"type": "article", "object_type": 5, "icon": "https://h5.sinaimg.cn/upload/2016/12/28/14/feed_headlines_icon_flash20161228_2.png", "page_pic": {"url": "https://tc.sinaimg.cn/maxwidth.2048/tc.service.weibo.com/www_thepaper_abc/4d25b7acf76cb261594c4d9049efce77.jpg", "height": 450, "width": 800}, "page_url": "https://weibo.com/ttarticle/p/show?id=2309354517187170730086&luicode=20000061&lfid=4517187128496502", "page_title": "\u6f8e\u6e43\u65b0\u95fb", "url_ori": "http://t.cn/A6Lx2u3u", "content1": "\u4fc4\u5a92\uff1a\u54c8\u8428\u514b\u65af\u5766\u524d\u603b\u7edf\u7eb3\u624e\u5c14\u5df4\u8036\u592b\u65b0\u51a0\u75c5\u6bd2\u68c0\u6d4b\u7ed3\u679c\u5448\u9633\u6027", "content2": "", "author": {"profile_image_url": "https://tvax1.sinaimg.cn/crop.11.10.275.275.180/005vnhZYly8ftjmwo0bx4j308c08cq32.jpg?KID=imgbed,tva&Expires=1619210152&ssig=XVi3BL4ltC", "screen_name": "\u6f8e\u6e43\u65b0\u95fb"}}, "pics": [{"pid": "005vnhZYgy1gfwgvfpj1tj31hy0u0whh", "url": "https://wx1.sinaimg.cn/orj360/005vnhZYgy1gfwgvfpj1tj31hy0u0whh.jpg", "size": "orj360", "geo": {"width": 485, "height": 270, "croped": false}, "large": {"size": "large", "url": "https://wx1.sinaimg.cn/large/005vnhZYgy1gfwgvfpj1tj31hy0u0whh.jpg", "geo": {"width": "1942", "height": "1080", "croped": false}}}], "bid": "J7d7azEkm", "buttons": [{"type": "follow", "name": "\u5173\u6ce8", "sub_type": 0, "params": {"uid": 5044281310}}], "status_title": "\u4fc4\u5a92\uff1a\u54c8\u8428\u514b\u65af\u5766\u524d\u603b\u7edf\u7eb3\u624e\u5c14\u5df4\u8036\u592b\u65b0\u51a0\u75c5\u6bd2\u68c0\u6d4b\u7ed3\u679c\u5448\u9633\u6027", "ok": 1, "scheme": "https://weibo.cn/appurl?scheme=sinaweibo%3A%2F%2Fdetail%3Fmblogid%3D4517187128496502%26luicode%3D20000061%26lfid%3D4517187128496502&luicode=20000061&lfid=4517187128496502", "tipScheme": "https://weibo.cn/appurl?scheme=sinaweibo%3A%2F%2Fdetail%3Fmblogid%3D4517187128496502%26luicode%3D20000061%26lfid%3D4517187128496502&luicode=20000061&lfid=4517187128496502"}