[{"visible": {"type": 0, "list_id": 0}, "created_at": "Thu Jun 18 15:19:58 +0800 2020", "id": "4517187128496502", "mid": "4517187128496502", "can_edit": false, "version": 1, "show_additional_indication": 0, "text": "<a  href=\"https://m.weibo.cn/search?containerid=231522type%3D1%26t%3D10%26q%3D%23%E5%93%88%E8%90%A8%E5%85%8B%E6%96%AF%E5%9D%A6%E5%89%8D%E6%80%BB%E7%BB%9F%E6%96%B0%E5%86%A0%E6%A3%80%E6%B5%8B%E9%98%B3%E6%80%A7%23&extparam=%23%E5%93%88%E8%90%A8%E5%85%8B%E6%96%AF%E5%9D%A6%E5%89%8D%E6%80%BB%E7%BB%9F%E6%96%B0%E5%86%A0%E6%A3%80%E6%B5%8B%E9%98%B3%E6%80%A7%23\" data-hide=\"\"><span class=\"surl-text\">#\u54c8\u8428\u514b\u65af\u5766\u524d\u603b\u7edf\u65b0\u51a0\u68c0\u6d4b\u9633\u6027#</span></a>\u3010\u4fc4\u5a92\uff1a\u54c8\u8428\u514b\u65af\u5766\u524d\u603b\u7edf\u7eb3\u624e\u5c14\u5df4\u8036\u592b\u65b0\u51a0\u75c5\u6bd2\u68c0\u6d4b\u7ed3\u679c\u5448\u9633\u6027\u3011\u4fc4\u7f57\u65af\u5a92\u4f536\u670818\u65e5\u62a5\u9053\u79f0\uff0c\u54c8\u8428\u514b\u65af\u5766\u524d\u603b\u7edf\u7eb3\u624e\u5c14\u5df4\u8036\u592b\u7684\u65b0\u51a0\u75c5\u6bd2\u68c0\u6d4b\u7ed3\u679c\u4e3a\u9633\u6027\u3002\u201c\u54c8\u8428\u514b\u65af\u5766\u9996\u4efb\u603b\u7edf\u76ee\u524d\u6b63\u5728\u81ea\u6211\u9694\u79bb\u3002\u4e0d\u5e78\u7684\u662f\uff0c\u4ed6\u6700\u8fd1\u4e00\u6b21\u65b0\u51a0\u75c5\u6bd2\u68c0\u6d4b\u7ed3\u679c\u663e\u793a\u4e3a\u9633\u6027\u3002\u4f46\u4e0d\u5fc5\u62c5\u5fc3\uff0c\u7eb3\u624e\u5c14\u5df4\u8036\u592b ...<a href=\"/status/4517187128496502\">\u5168\u6587</a>", "textLength": 353, "source": "\u5fae\u535a weibo.com", "favorited": false, "pic_ids": ["005vnhZYgy1gfwgvfpj1tj31hy0u0whh"], "pic_types": "", "thumbnail_pic": "https://wx1.sinaimg.cn/thumbnail/005vnhZYgy1gfwgvfpj1tj31hy0u0whh.jpg", "bmiddle_pic": "http://wx1.sinaimg.cn/bmiddle/005vnhZYgy1gfwgvfpj1tj31hy0u0whh.jpg", "original_pic": "https://wx1.sinaimg.cn/large/005vnhZYgy1gfwgvfpj1tj31hy0u0whh.jpg", "is_paid": false, "mblog_vip_type": 0, "user": {"id": 5044281310, "screen_name": "\u6f8e\u6e43\u65b0\u95fb", "profile_image_url": "https://tvax1.sinaimg.cn/crop.11.10.275.275.180/005vnhZYly8ftjmwo0bx4j308c08cq32.jpg?KID=imgbed,tva&Expires=1619178457&ssig=C7R4nMjzXI", "profile_url": "https://m.weibo.cn/u/5044281310?uid=5044281310", "statuses_count": 82998, "verified": true, "verified_type": 3, "verified_type_ext": 0, "verified_reason": "\u6f8e\u6e43\u65b0\u95fb\uff0c\u4e13\u6ce8\u65f6\u653f\u4e0e\u601d\u60f3\u7684\u5a92\u4f53\u5f00\u653e\u5e73\u53f0", "close_blue_v": false, "description": "\u6709\u5185\u6db5\u7684\u65f6\u653f\u65b0\u5a92\u4f53", "gender": "m", "mbtype": 12, "urank": 48, "mbrank": 7, "follow_me": false, "following": false, "followers_count": 27910338, "follow_count": 668, "cover_image_phone": "https://wx4.sinaimg.cn/crop.0.0.640.640.640/005vnhZYly1gdiv83cmc9j30yi0yiwgh.jpg", "avatar_hd": "https://wx1.sinaimg.cn/orj480/005vnhZYly8ftjmwo0bx4j308c08cq32.jpg", "like": false, "like_me": false, "badge": {"bind_taobao": 1, "self_media": 1, "dzwbqlx_2016": 1, "follow_whitelist_video": 1, "user_name_certificate": 1, "wenchuan_10th": 1, "qixi_2018": 1, "memorial_2018": 1, "suishoupai_2019": 1, "china_2019": 1, "rrgyj_2019": 1, "weishi_2019": 1, "gongjiri_2019": 1, "macao_2019": 1, "china_2019_2": 1, "hongbao_2020": 2, "feiyan_2020": 1, "pc_new": 6, "school_2020": 1, "china_2020": 1, "weibozhiye_2020": 1, "hongbaofeifuniu_2021": 1, "weibozhiyexianxia_2021": 1}}, "picStatus": "1", "reposts_count": 26, "comments_count": 17, "attitudes_count": 131, "pending_approval_count": 12, "isLongText": true, "reward_exhibition_type": 0, "hide_flag": 0, "mlevel": 0, "darwin_tags": [], "mblogtype": 0, "more_info_type": 0, "cardid": "star_583", "content_auth": 0, "safe_tags": 131072, "pic_num": 1, "page_info": {"type": "article", "object_type": 5, "icon": "https://h5.sinaimg.cn/upload/2016/12/28/14/feed_headlines_icon_flash20161228_2.png", "page_pic": {"url": "https://tc.sinaimg.cn/maxwidth.2048/tc.service.weibo.com/www_thepaper_abc/4d25b7acf76cb261594c4d9049efce77.jpg", "height": 450, "width": 800}, "page_url": "https://weibo.com/ttarticle/p/show?id=2309354517187170730086", "page_title": "\u6f8e\u6e43\u65b0\u95fb", "url_ori": "http://t.cn/A6Lx2u3u", "content1": "\u4fc4\u5a92\uff1a\u54c8\u8428\u514b\u65af\u5766\u524d\u603b\u7edf\u7eb3\u624e\u5c14\u5df4\u8036\u592b\u65b0\u51a0\u75c5\u6bd2\u68c0\u6d4b\u7ed3\u679c\u5448\u9633\u6027", "content2": "", "author": {"profile_image_url": "https://tvax1.sinaimg.cn/crop.11.10.275.275.180/005vnhZYly8ftjmwo0bx4j308c08cq32.jpg?KID=imgbed,tva&Expires=1619178457&ssig=C7R4nMjzXI", "screen_name": "\u6f8e\u6e43\u65b0\u95fb"}}, "pics": [{"pid": "005vnhZYgy1gfwgvfpj1tj31hy0u0whh", "url": "https://wx1.sinaimg.cn/orj360/005vnhZYgy1gfwgvfpj1tj31hy0u0whh.jpg", "size": "orj360", "geo": {"width": 485, "height": 270, "croped": false}, "large": {"size": "large", "url": "https://wx1.sinaimg.cn/large/005vnhZYgy1gfwgvfpj1tj31hy0u0whh.jpg", "geo": {"width": "1942", "height": "1080", "croped": false}}}], "bid": "J7d7azEkm"}, {"visible": {"type": 0, "list_id": 0}, "created_at": "Fri Jun 19 06:01:41 +0800 2020", "id": "4517409014582889", "mid": "4517409014582889", "can_edit": false, "show_additional_indication": 0, "text": "\u4fc4\u7f57\u65af\u5a92\u4f536\u670818\u65e5\u62a5\u9053\u79f0\uff0c\u54c8\u8428\u514b\u65af\u5766\u524d\u603b\u7edf\u7eb3\u624e\u5c14\u5df4\u8036\u592b\u7684\u65b0\u51a0\u75c5\u6bd2\u68c0\u6d4b\u7ed3\u679c\u4e3a\u9633\u6027\u3002\u201c\u54c8\u8428\u514b\u65af\u5766\u9996\u4efb\u603b\u7edf\u76ee\u524d\u6b63\u5728\u81ea\u6211\u9694\u79bb\u3002\u4e0d\u5e78\u7684\u662f\uff0c\u4ed6\u6700\u8fd1\u4e00\u6b21\u65b0\u51a0\u75c5\u6bd2\u68c0\u6d4b\u7ed3\u679c\u663e\u793a\u4e3a\u9633\u6027\u3002\u4f46\u4e0d\u5fc5\u62c5\u5fc3\uff0c\u7eb3\u624e\u5c14\u5df4\u8036\u592b\u4f1a\u7ee7\u7eed\u8fdc\u7a0b\u5de5\u4f5c\u3002\u201d\u7eb3\u624e\u5c14\u5df4\u8036\u592b\u7684\u65b0\u95fb\u79d8\u4e66\u5728\u63a8\u7279\u4e0a\u5199\u9053\u3002", "source": "iPhone\u5ba2\u6237\u7aef", "favorited": false, "pic_ids": [], "pic_types": "", "is_paid": false, "mblog_vip_type": 0, "user": {"id": 2674862233, "screen_name": "\u4e0a\u6d77\u8001\u864e50", "profile_image_url": "https://tva1.sinaimg.cn/crop.0.14.213.213.180/9f6f2899jw1e6t3fztcc9j205x06pjrn.jpg?KID=imgbed,tva&Expires=1619178457&ssig=3oUKXW4h89", "profile_url": "https://m.weibo.cn/u/2674862233?uid=2674862233", "statuses_count": 20855, "verified": false, "verified_type": -1, "close_blue_v": false, "description": "\u5173\u6ce8\u6c11\u751f \u7231\u597d\u6444\u5f71 \u96c6\u90ae \u6536\u85cf\u7b49", "gender": "m", "mbtype": 0, "urank": 47, "mbrank": 0, "follow_me": false, "following": false, "followers_count": 2251, "follow_count": 2225, "cover_image_phone": "https://tva1.sinaimg.cn/crop.0.0.640.640.640/549d0121tw1egm1kjly3jj20hs0hsq4f.jpg", "avatar_hd": "https://ww1.sinaimg.cn/orj480/9f6f2899jw1e6t3fztcc9j205x06pjrn.jpg", "like": false, "like_me": false, "badge": {"unread_pool": 1, "unread_pool_ext": 1, "dzwbqlx_2016": 1, "user_name_certificate": 1, "wenchuan_10th": 1, "worldcup_2018": 34, "qixi_2018": 1, "memorial_2018": 1, "suishoupai_2019": 1, "hongrenjie_2019": 1, "china_2019": 1, "hongkong_2019": 1, "hongbao_2020": 2, "feiyan_2020": 1, "kangyi_2020": 1, "graduation_2020": 1, "dailv_2020": 1, "movie_2020": 1, "school_2020": 1, "china_2020": 1, "hongbaofeifuniu_2021": 1}}, "reposts_count": 0, "comments_count": 0, "attitudes_count": 1, "pending_approval_count": 0, "isLongText": false, "reward_exhibition_type": 0, "hide_flag": 0, "mlevel": 0, "darwin_tags": [], "mblogtype": 0, "more_info_type": 0, "number_display_strategy": {"apply_scenario_flag": 3, "display_text_min_number": 1000000, "display_text": "100\u4e07+"}, "content_auth": 0, "repost_type": 3, "pic_num": 0, "alchemy_params": {"ug_red_envelope": false}, "raw_text": "\u4fc4\u7f57\u65af\u5a92\u4f536\u670818\u65e5\u62a5\u9053\u79f0\uff0c\u54c8\u8428\u514b\u65af\u5766\u524d\u603b\u7edf\u7eb3\u624e\u5c14\u5df4\u8036\u592b\u7684\u65b0\u51a0\u75c5\u6bd2\u68c0\u6d4b\u7ed3\u679c\u4e3a\u9633\u6027\u3002\u201c\u54c8\u8428\u514b\u65af\u5766\u9996\u4efb\u603b\u7edf\u76ee\u524d\u6b63\u5728\u81ea\u6211\u9694\u79bb\u3002\u4e0d\u5e78\u7684\u662f\uff0c\u4ed6\u6700\u8fd1\u4e00\u6b21\u65b0\u51a0\u75c5\u6bd2\u68c0\u6d4b\u7ed3\u679c\u663e\u793a\u4e3a\u9633\u6027\u3002\u4f46\u4e0d\u5fc5\u62c5\u5fc3\uff0c\u7eb3\u624e\u5c14\u5df4\u8036\u592b\u4f1a\u7ee7\u7eed\u8fdc\u7a0b\u5de5\u4f5c\u3002\u201d\u7eb3\u624e\u5c14\u5df4\u8036\u592b\u7684\u65b0\u95fb\u79d8\u4e66\u5728\u63a8\u7279\u4e0a\u5199\u9053\u3002", "bid": "J7iT3jedz"}, {"visible": {"type": 0, "list_id": 0}, "created_at": "Fri Jun 19 00:05:53 +0800 2020", "id": "4517319475043013", "mid": "4517319475043013", "can_edit": false, "show_additional_indication": 0, "text": "\u8f6c\u53d1\u5fae\u535a", "source": "\u5fae\u535a weibo.com", "favorited": false, "pic_ids": [], "pic_types": "", "is_paid": false, "mblog_vip_type": 0, "user": {"id": 3909098939, "screen_name": "\u9047\u89c1\u8003\u4e0aNo1\u7684\u81ea\u5df1", "profile_image_url": "https://tva1.sinaimg.cn/crop.0.350.900.900.180/e9001dbbjw8eap1bbslmrj20p018gdlg.jpg?KID=imgbed,tva&Expires=1619178457&ssig=OrwKDgVE%2BK", "profile_url": "https://m.weibo.cn/u/3909098939?uid=3909098939", "statuses_count": 9698, "verified": false, "verified_type": -1, "close_blue_v": false, "description": "\u522b\u5728\u6700\u80fd\u5403\u82e6\u7684\u5e74\u7eaa\u9009\u62e9\u4e86\u5b89\u9038", "gender": "m", "mbtype": 0, "urank": 40, "mbrank": 0, "follow_me": false, "following": false, "followers_count": 756, "follow_count": 496, "cover_image_phone": "https://tva3.sinaimg.cn/crop.0.0.640.640.640/6ce2240djw1e9114p3hudj20hs0hs427.jpg", "avatar_hd": "https://ww1.sinaimg.cn/orj480/e9001dbbjw8eap1bbslmrj20p018gdlg.jpg", "like": false, "like_me": false, "badge": {"gongyi_level": 1, "bind_taobao": 1, "dailv": 1, "zongyiji": 1, "unread_pool": 1, "vip_activity2": 1, "unread_pool_ext": 1, "dzwbqlx_2016": 1, "league_badge": 1, "panda": 1, "user_name_certificate": 1, "wenchuan_10th": 1, "super_star_2018": 1, "worldcup_2018": 1, "qixi_2018": 1, "national_day_2018": 1, "wbzy_2018": 1, "hongbaofei_2019": 1, "fu_2019": 1, "suishoupai_2019": 1, "wusi_2019": 1, "hongrenjie_2019": 1, "china_2019": 1, "hongkong_2019": 1, "rrgyj_2019": 1, "shouhuan_2019": 1, "starlight_2019": 1, "gongjiri_2019": 1, "macao_2019": 1, "china_2019_2": 1, "hongbao_2020": 2, "feiyan_2020": 1, "graduation_2020": 1, "dailv_2020": 1, "movie_2020": 1, "school_2020": 1, "china_2020": 1, "weibozhiye_2020": 1, "hongbaofeifuniu_2021": 1, "hongbaofeijika_2021": 1}}, "reposts_count": 0, "comments_count": 0, "attitudes_count": 0, "pending_approval_count": 0, "isLongText": false, "reward_exhibition_type": 0, "hide_flag": 0, "mlevel": 0, "darwin_tags": [], "mblogtype": 0, "more_info_type": 0, "cardid": "star_11247_common", "number_display_strategy": {"apply_scenario_flag": 3, "display_text_min_number": 1000000, "display_text": "100\u4e07+"}, "content_auth": 0, "repost_type": 1, "pic_num": 0, "alchemy_params": {"ug_red_envelope": false}, "raw_text": "\u8f6c\u53d1\u5fae\u535a", "bid": "J7gyDl9UV"}, {"visible": {"type": 0, "list_id": 0}, "created_at": "Thu Jun 18 23:52:57 +0800 2020", "id": "4517316220788789", "mid": "4517316220788789", "can_edit": false, "show_additional_indication": 0, "text": "\u8f6c\u53d1\u5fae\u535a", "source": "HUAWEI Mate 20 Pro", "favorited": false, "pic_ids": [], "pic_types": "", "is_paid": false, "mblog_vip_type": 0, "user": {"id": 1937925342, "screen_name": "\u5237\u522e\u7684\u80fd\u5e72\u8c46\u5b50_", "profile_image_url": "https://tva1.sinaimg.cn/crop.0.0.180.180.180/738264dejw1e8qgp5bmzyj2050050aa8.jpg?KID=imgbed,tva&Expires=1619178457&ssig=AWyrH0mWEm", "profile_url": "https://m.weibo.cn/u/1937925342?uid=1937925342", "statuses_count": 16100, "verified": false, "verified_type": -1, "close_blue_v": false, "description": "", "gender": "m", "mbtype": 0, "urank": 9, "mbrank": 0, "follow_me": false, "following": false, "followers_count": 38, "follow_count": 125, "cover_image_phone": "https://tva2.sinaimg.cn/crop.0.0.640.640.640/a1d3feabjw1ecat8op0e1j20hs0hswgu.jpg", "avatar_hd": "https://ww1.sinaimg.cn/orj480/738264dejw1e8qgp5bmzyj2050050aa8.jpg", "like": false, "like_me": false, "badge": {"dailv": 1, "unread_pool": 1, "user_name_certificate": 1, "hongbao_2020": 2, "feiyan_2020": 1, "school_2020": 1}}, "reposts_count": 0, "comments_count": 0, "attitudes_count": 0, "pending_approval_count": 0, "isLongText": false, "reward_exhibition_type": 0, "hide_flag": 0, "mlevel": 0, "darwin_tags": [], "mblogtype": 0, "more_info_type": 0, "number_display_strategy": {"apply_scenario_flag": 3, "display_text_min_number": 1000000, "display_text": "100\u4e07+"}, "content_auth": 0, "repost_type": 1, "pic_num": 0, "alchemy_params": {"ug_red_envelope": false}, "raw_text": "\u8f6c\u53d1\u5fae\u535a", "bid": "J7gto3jcp"}, {"visible": {"type": 0, "list_id": 0}, "created_at": "Thu Jun 18 22:59:25 +0800 2020", "id": "4517302748132078", "mid": "4517302748132078", "can_edit": false, "show_additional_indication": 0, "text": "\u8f6c\u53d1", "source": "iPhone\u5ba2\u6237\u7aef", "favorited": false, "pic_ids": [], "pic_types": "", "is_paid": false, "mblog_vip_type": 0, "user": {"id": 2472653431, "screen_name": "\u98de\u5929\u732b\u7ffc", "profile_image_url": "https://tva1.sinaimg.cn/crop.0.0.180.180.180/9361b277jw1e8qgp5bmzyj2050050aa8.jpg?KID=imgbed,tva&Expires=1619178457&ssig=ou%2B6pBgCYN", "profile_url": "https://m.weibo.cn/u/2472653431?uid=2472653431", "statuses_count": 44343, "verified": false, "verified_type": -1, "close_blue_v": false, "description": "", "gender": "f", "mbtype": 2, "urank": 48, "mbrank": 6, "follow_me": false, "following": false, "followers_count": 616, "follow_count": 1286, "cover_image_phone": "https://tva1.sinaimg.cn/crop.0.0.640.640.640/9d44112bjw1f1xl1c10tuj20hs0hs0tw.jpg", "avatar_hd": "https://ww1.sinaimg.cn/orj480/9361b277jw1e8qgp5bmzyj2050050aa8.jpg", "like": false, "like_me": false, "badge": {"gongyi_level": 2, "unread_pool": 1, "unread_pool_ext": 1, "dzwbqlx_2016": 1, "travel_2017": 1, "user_name_certificate": 1, "wenchuan_10th": 1, "super_star_2018": 1, "dailv_2018": 1, "womensday_2018": 1, "suishoupai_2019": 1, "hongrenjie_2019": 1, "china_2019": 1, "rrgyj_2019": 1, "weishi_2019": 1, "wbzy_2019": 1, "gongjiri_2019": 1, "macao_2019": 1, "china_2019_2": 1, "hongbao_2020": 3, "feiyan_2020": 1, "graduation_2020": 1, "school_2020": 1, "china_2020": 1, "hongbaofeijika_2021": 1, "weibozhiyexianxia_2021": 1}}, "reposts_count": 0, "comments_count": 0, "attitudes_count": 0, "pending_approval_count": 0, "isLongText": false, "reward_exhibition_type": 0, "hide_flag": 0, "mlevel": 0, "darwin_tags": [], "mblogtype": 0, "more_info_type": 0, "number_display_strategy": {"apply_scenario_flag": 3, "display_text_min_number": 1000000, "display_text": "100\u4e07+"}, "content_auth": 0, "repost_type": 1, "pic_num": 0, "alchemy_params": {"ug_red_envelope": false}, "raw_text": "\u8f6c\u53d1", "bid": "J7g7Ey7wy"}, {"visible": {"type": 0, "list_id": 0}, "created_at": "Thu Jun 18 20:41:52 +0800 2020", "id": "4517268133138245", "mid": "4517268133138245", "can_edit": false, "show_additional_indication": 0, "text": "\u8f6c\u53d1\u5fae\u535a", "source": "\u8363\u800010\u9752\u6625\u7248", "favorited": false, "pic_ids": [], "pic_types": "", "is_paid": false, "mblog_vip_type": 0, "user": {"id": 6374766594, "screen_name": "\u8e29\u4e4e\u8e29\u4e4e", "profile_image_url": "https://tvax4.sinaimg.cn/crop.0.0.1516.1516.180/006XpS02ly8fk33wgnebpj3164165aeq.jpg?KID=imgbed,tva&Expires=1619178457&ssig=bCo8rJSbyv", "profile_url": "https://m.weibo.cn/u/6374766594?uid=6374766594", "statuses_count": 1317, "verified": false, "verified_type": -1, "close_blue_v": false, "description": "\uff01\uff01\uff01\uff01\uff01\uff01", "gender": "m", "mbtype": 0, "urank": 4, "mbrank": 0, "follow_me": false, "following": false, "followers_count": 75, "follow_count": 296, "cover_image_phone": "https://tva1.sinaimg.cn/crop.0.0.640.640.640/549d0121tw1egm1kjly3jj20hs0hsq4f.jpg", "avatar_hd": "https://wx4.sinaimg.cn/orj480/006XpS02ly8fk33wgnebpj3164165aeq.jpg", "like": false, "like_me": false, "badge": {"user_name_certificate": 1, "china_2019": 1, "hongkong_2019": 1, "hongbao_2020": 2, "feiyan_2020": 1, "zaolang_2020": 1, "hongbaofeifuniu_2021": 1}}, "reposts_count": 0, "comments_count": 0, "attitudes_count": 0, "pending_approval_count": 0, "isLongText": false, "reward_exhibition_type": 0, "hide_flag": 0, "mlevel": 0, "darwin_tags": [], "mblogtype": 0, "more_info_type": 0, "number_display_strategy": {"apply_scenario_flag": 3, "display_text_min_number": 1000000, "display_text": "100\u4e07+"}, "content_auth": 0, "repost_type": 1, "pic_num": 0, "alchemy_params": {"ug_red_envelope": false}, "raw_text": "\u8f6c\u53d1\u5fae\u535a", "bid": "J7fdPdaoR"}, {"visible": {"type": 0, "list_id": 0}, "created_at": "Thu Jun 18 18:06:13 +0800 2020", "id": "4517228961178126", "mid": "4517228961178126", "can_edit": false, "show_additional_indication": 0, "text": "\u8f6c\u53d1\u5fae\u535a", "source": "vivo\u667a\u80fd\u624b\u673a", "favorited": false, "pic_ids": [], "pic_types": "", "is_paid": false, "mblog_vip_type": 0, "user": {"id": 7233066585, "screen_name": "\u9648\u83ab\u6208\u5bd2", "profile_image_url": "https://tvax1.sinaimg.cn/crop.0.0.664.664.180/007Tvd2hly8gdhgt56qj6j30ig0igaav.jpg?KID=imgbed,tva&Expires=1619178457&ssig=GHpAgN7r28", "profile_url": "https://m.weibo.cn/u/7233066585?uid=7233066585", "statuses_count": 3119, "verified": false, "verified_type": -1, "close_blue_v": false, "description": "", "gender": "m", "mbtype": 0, "urank": 4, "mbrank": 0, "follow_me": false, "following": false, "followers_count": 43, "follow_count": 1780, "cover_image_phone": "https://tva1.sinaimg.cn/crop.0.0.640.640.640/549d0121tw1egm1kjly3jj20hs0hsq4f.jpg", "avatar_hd": "https://wx1.sinaimg.cn/orj480/007Tvd2hly8gdhgt56qj6j30ig0igaav.jpg", "like": false, "like_me": false, "badge": {"user_name_certificate": 1, "china_2019": 1, "hongkong_2019": 1, "macao_2019": 1, "china_2019_2": 1, "hongbao_2020": 2, "feiyan_2020": 1, "graduation_2020": 1, "dailv_2020": 1, "school_2020": 1, "china_2020": 1}}, "reposts_count": 0, "comments_count": 0, "attitudes_count": 0, "pending_approval_count": 0, "isLongText": false, "reward_exhibition_type": 0, "hide_flag": 0, "mlevel": 0, "darwin_tags": [], "mblogtype": 0, "more_info_type": 0, "number_display_strategy": {"apply_scenario_flag": 3, "display_text_min_number": 1000000, "display_text": "100\u4e07+"}, "content_auth": 0, "repost_type": 1, "pic_num": 0, "alchemy_params": {"ug_red_envelope": false}, "raw_text": "\u8f6c\u53d1\u5fae\u535a", "bid": "J7ecE4Wu2"}, {"visible": {"type": 0, "list_id": 0}, "created_at": "Thu Jun 18 18:00:57 +0800 2020", "id": "4517227636513743", "mid": "4517227636513743", "can_edit": false, "show_additional_indication": 0, "text": "\u6211\u7684\u5b9d\u8d1d\u513f\u5e73\u5b89\u554a<span class=\"url-icon\"><img alt=[\u6cea] src=\"https://h5.sinaimg.cn/m/emoticon/icon/default/d_lei-4cdf6ee412.png\" style=\"width:1em; height:1em;\" /></span>\ud83d\ude4f", "source": "AI\u5b9e\u529b\u6d3e vivo Z1", "favorited": false, "pic_ids": [], "pic_types": "", "is_paid": false, "mblog_vip_type": 0, "user": {"id": 2837190712, "screen_name": "\u6211\u662f\u68a6\u5706\u6211\u6015\u8c01", "profile_image_url": "https://tvax4.sinaimg.cn/crop.0.0.996.996.180/a91c1838ly8gf51a85fhfj20ro0roq49.jpg?KID=imgbed,tva&Expires=1619178459&ssig=ZH7iQdt4xG", "profile_url": "https://m.weibo.cn/u/2837190712?uid=2837190712", "statuses_count": 17757, "verified": true, "verified_type": 0, "verified_type_ext": 0, "verified_reason": "\u8d85\u8bdd\u7c89\u4e1d\u5927\u5496\uff08\u8fea\u739b\u5e0c\u8d85\u8bdd\uff09", "close_blue_v": false, "description": "\u53c8\u6765\u770b\u4f60\u7239\u5fae\u535a\u4e86\uff1f", "gender": "f", "mbtype": 12, "urank": 37, "mbrank": 2, "follow_me": false, "following": false, "followers_count": 553, "follow_count": 397, "cover_image_phone": "https://wx2.sinaimg.cn/crop.0.0.640.640.640/a91c1838ly1gnxy2htlx3j20u00u0wxa.jpg", "avatar_hd": "https://wx4.sinaimg.cn/orj480/a91c1838ly8gf51a85fhfj20ro0roq49.jpg", "like": false, "like_me": false, "badge": {"bind_taobao": 1, "unread_pool": 1, "unread_pool_ext": 1, "dzwbqlx_2016": 1, "panda": 1, "user_name_certificate": 1, "worldcup_2018": 34, "wenda_v2": 1, "dailv_2018": 7, "qixi_2018": 1, "double11_2018": 1, "memorial_2018": 1, "hongbaofei_2019": 1, "fu_2019": 1, "suishoupai_2019": 3, "wusi_2019": 1, "hongrenjie_2019": 1, "china_2019": 1, "hongkong_2019": 1, "wbzy_2019": 1, "hongbao_2020": 2, "feiyan_2020": 1, "hope_2020": 1, "dailv_2020": 1, "hongrenjie_2020": 1, "china_2020": 1, "weibozhiye_2020": 1, "hongbaofeifuniu_2021": 1, "hongbaofeijika_2021": 1, "nihaoshenghuojie_2021": 1, "lvzhilingyang_2021": 1}}, "reposts_count": 0, "comments_count": 0, "attitudes_count": 0, "pending_approval_count": 0, "isLongText": false, "reward_exhibition_type": 0, "hide_flag": 0, "mlevel": 0, "darwin_tags": [], "mblogtype": 0, "more_info_type": 0, "number_display_strategy": {"apply_scenario_flag": 3, "display_text_min_number": 1000000, "display_text": "100\u4e07+"}, "content_auth": 0, "repost_type": 1, "pic_num": 0, "alchemy_params": {"ug_red_envelope": false}, "raw_text": "\u6211\u7684\u5b9d\u8d1d\u513f\u5e73\u5b89\u554a[\u6cea]\ud83d\ude4f", "bid": "J7eavrkwn"}, {"visible": {"type": 0, "list_id": 0}, "created_at": "Thu Jun 18 17:07:49 +0800 2020", "id": "4517214265265905", "mid": "4517214265265905", "can_edit": false, "show_additional_indication": 0, "text": "\u8f6c\u53d1\u5fae\u535a", "source": "iPhone\u5ba2\u6237\u7aef", "favorited": false, "pic_ids": [], "pic_types": "", "is_paid": false, "mblog_vip_type": 0, "user": {"id": 3328913842, "screen_name": "\u4e1c\u65b93328913842", "profile_image_url": "https://tva3.sinaimg.cn/crop.0.0.180.180.180/c66b31b2jw1e8qgp5bmzyj2050050aa8.jpg?KID=imgbed,tva&Expires=1619178459&ssig=xkk%2BOkmY7c", "profile_url": "https://m.weibo.cn/u/3328913842?uid=3328913842", "statuses_count": 22648, "verified": false, "verified_type": -1, "close_blue_v": false, "description": "\u65b0\u6d6a\u5fae\u535a\u52cb\u7ae0\u8005", "gender": "f", "mbtype": 0, "urank": 27, "mbrank": 0, "follow_me": false, "following": false, "followers_count": 5308, "follow_count": 3760, "cover_image_phone": "https://tva3.sinaimg.cn/crop.0.0.640.640.640/6ce2240djw1e9oc39jbm4j20hs0hs0tf.jpg", "avatar_hd": "https://ww3.sinaimg.cn/orj480/c66b31b2jw1e8qgp5bmzyj2050050aa8.jpg", "like": false, "like_me": false, "badge": {"gongyi_level": 1, "zongyiji": 1, "vip_activity2": 1, "dzwbqlx_2016": 1, "user_name_certificate": 1, "memorial_2018": 1}}, "reposts_count": 0, "comments_count": 0, "attitudes_count": 0, "pending_approval_count": 0, "isLongText": false, "reward_exhibition_type": 0, "hide_flag": 0, "mlevel": 0, "darwin_tags": [], "mblogtype": 0, "more_info_type": 0, "number_display_strategy": {"apply_scenario_flag": 3, "display_text_min_number": 1000000, "display_text": "100\u4e07+"}, "content_auth": 0, "repost_type": 1, "pic_num": 0, "alchemy_params": {"ug_red_envelope": false}, "raw_text": "\u8f6c\u53d1\u5fae\u535a", "bid": "J7dOWm5TX"}, {"visible": {"type": 0, "list_id": 0}, "created_at": "Thu Jun 18 17:06:37 +0800 2020", "id": "4517213962903174", "mid": "4517213962903174", "can_edit": false, "show_additional_indication": 0, "text": "\u8f6c\u53d1\u5fae\u535a", "source": "\u52aa\u6bd4\u4e9aX \u62a4\u773c\u53cc\u5c4f", "favorited": false, "pic_ids": [], "pic_types": "", "is_paid": false, "mblog_vip_type": 0, "user": {"id": 1418991720, "screen_name": "GIO-LEON", "profile_image_url": "https://tva1.sinaimg.cn/crop.0.0.1328.1328.180/54941868jw8eyi06qj3i6j210w10wq7c.jpg?KID=imgbed,tva&Expires=1619178459&ssig=qpvjwm0vHA", "profile_url": "https://m.weibo.cn/u/1418991720?uid=1418991720", "statuses_count": 36374, "verified": false, "verified_type": 220, "close_blue_v": false, "description": "\u804c\u4e1a\u8db3\u7403\u7ecf\u7406\uff0c\u56fd\u9645\u7c73\u5170\u7403\u8ff7\u3002", "gender": "m", "mbtype": 0, "urank": 19, "mbrank": 0, "follow_me": false, "following": false, "followers_count": 1233, "follow_count": 4970, "cover_image_phone": "https://tva1.sinaimg.cn/crop.0.0.640.640.640/549d0121tw1egm1kjly3jj20hs0hsq4f.jpg", "avatar_hd": "https://ww1.sinaimg.cn/orj480/54941868jw8eyi06qj3i6j210w10wq7c.jpg", "like": false, "like_me": false, "badge": {"unread_pool": 1, "unread_pool_ext": 1, "user_name_certificate": 1, "hongbao_2020": 2, "feiyan_2020": 1, "kangyi_2020": 1, "dailv_2020": 1, "school_2020": 1, "china_2020": 1, "lvzhilingyang_2021": 1}}, "reposts_count": 0, "comments_count": 0, "attitudes_count": 0, "pending_approval_count": 0, "isLongText": false, "reward_exhibition_type": 0, "hide_flag": 0, "mlevel": 0, "darwin_tags": [], "mblogtype": 0, "more_info_type": 0, "number_display_strategy": {"apply_scenario_flag": 3, "display_text_min_number": 1000000, "display_text": "100\u4e07+"}, "content_auth": 0, "repost_type": 1, "pic_num": 0, "alchemy_params": {"ug_red_envelope": false}, "raw_text": "\u8f6c\u53d1\u5fae\u535a", "bid": "J7dOscbfo"}, {"visible": {"type": 0, "list_id": 0}, "created_at": "Thu Jun 18 16:09:34 +0800 2020", "id": "4517199605678057", "mid": "4517199605678057", "can_edit": false, "show_additional_indication": 0, "text": "\u8f6c\u53d1\u5fae\u535a", "source": "iPhone SE", "favorited": false, "pic_ids": [], "pic_types": "", "is_paid": false, "mblog_vip_type": 0, "user": {"id": 6522951437, "screen_name": "\u957f\u6b6a\u4e86\u7684\u87ba\u4e1d\u9489", "profile_image_url": "https://tvax3.sinaimg.cn/crop.0.0.888.888.180/0077rDE9ly8gpq3f1e6fwj30oo0oogn0.jpg?KID=imgbed,tva&Expires=1619178459&ssig=OYuTthh775", "profile_url": "https://m.weibo.cn/u/6522951437?uid=6522951437", "statuses_count": 202656, "verified": false, "verified_type": -1, "close_blue_v": false, "description": "", "gender": "f", "mbtype": 11, "urank": 9, "mbrank": 5, "follow_me": false, "following": false, "followers_count": 668, "follow_count": 6230, "cover_image_phone": "https://tva1.sinaimg.cn/crop.0.0.640.640.640/549d0121tw1egm1kjly3jj20hs0hsq4f.jpg", "avatar_hd": "https://wx3.sinaimg.cn/orj480/0077rDE9ly8gpq3f1e6fwj30oo0oogn0.jpg", "like": false, "like_me": false, "badge": {"panda": 1, "user_name_certificate": 1, "suishoupai_2018": 1, "wenchuan_10th": 1, "super_star_2018": 1, "worldcup_2018": 34, "dailv_2018": 1, "asiad_2018": 1, "qixi_2018": 1, "meilizhongguo_2018": 1, "lol_s8": 1, "national_day_2018": 1, "wbzy_2018": 1, "memorial_2018": 1, "hongbaofei_2019": 1, "denglong_2019": 1, "fu_2019": 1, "womensday_2018": 1, "wusi_2019": 1, "earth_2019": 1, "hongrenjie_2019": 1, "china_2019": 1, "hongkong_2019": 1, "dzwbqlx_2019": 1, "family_2019": 1, "macao_2019": 1, "china_2019_2": 1, "hongbao_2020": 2, "feiyan_2020": 1, "hope_2020": 1, "daka_2020": 1, "graduation_2020": 1, "pc_new": 7, "dailv_2020": 1, "school_2020": 1, "hongrenjie_2020": 1, "china_2020": 1, "weibozhiye_2020": 1, "hongbaofeifuniu_2021": 1, "lvzhilingyang_2021": 1}}, "reposts_count": 0, "comments_count": 0, "attitudes_count": 0, "pending_approval_count": 0, "isLongText": false, "reward_exhibition_type": 0, "hide_flag": 0, "mlevel": 0, "darwin_tags": [], "mblogtype": 0, "more_info_type": 0, "cardid": "star_112474071390", "number_display_strategy": {"apply_scenario_flag": 3, "display_text_min_number": 1000000, "display_text": "100\u4e07+"}, "content_auth": 0, "repost_type": 1, "pic_num": 0, "alchemy_params": {"ug_red_envelope": false}, "raw_text": "\u8f6c\u53d1\u5fae\u535a", "bid": "J7drinP7z"}, {"visible": {"type": 0, "list_id": 0}, "created_at": "Thu Jun 18 15:48:58 +0800 2020", "id": "4517194421997362", "mid": "4517194421997362", "can_edit": false, "show_additional_indication": 0, "text": "\u8f6c\u53d1\u5fae\u535a", "source": "Android", "favorited": false, "pic_ids": [], "pic_types": "", "is_paid": false, "mblog_vip_type": 0, "user": {"id": 2073850431, "screen_name": "\u94f6\u6cb3\u7cfb\u516c\u6c11\u4e4b\u548c\u5e73\u4f7f\u8005", "profile_image_url": "https://tvax3.sinaimg.cn/crop.0.0.1002.1002.180/7b9c723fly8g50hcu00dzj20ru0rutbf.jpg?KID=imgbed,tva&Expires=1619178459&ssig=Zw1qplMXVr", "profile_url": "https://m.weibo.cn/u/2073850431?uid=2073850431", "statuses_count": 48291, "verified": false, "verified_type": -1, "close_blue_v": false, "description": "\u5173\u6ce8\u65b0\u6280\u672f,\u79d1\u6280\u521b\u65b0,\u4e91\u8ba1\u7b97,AI,\u79fb\u52a8\u4e92\u8054\u7f51,\u5927\u6570\u636e,\u7269\u8054\u7f51,\u4fe1\u606f\u54f2\u5b66,\u884c\u4e3a\u7ecf\u6d4e\u5b66,\u8111\u79d1\u5b66,\u81ea\u7136\u5730\u7406\u4eba\u6587\u5929\u6587\u97f3\u4e50,\u65c5\u884c,\u822a\u62cd\u6444\u5f71\u3002\u4e0d\u5173\u5fc3\u653f\u6cbb\uff0c\u6240\u4ee5\u514d\u8c08\u3002", "gender": "m", "mbtype": 2, "urank": 39, "mbrank": 3, "follow_me": false, "following": false, "followers_count": 48879, "follow_count": 1503, "cover_image_phone": "https://tva1.sinaimg.cn/crop.0.0.640.640.640/9d44112bjw1f1xl1c10tuj20hs0hs0tw.jpg", "avatar_hd": "https://wx3.sinaimg.cn/orj480/7b9c723fly8g50hcu00dzj20ru0rutbf.jpg", "like": false, "like_me": false, "badge": {"unread_pool": 1, "unread_pool_ext": 1, "dzwbqlx_2016": 1, "follow_whitelist_video": 1, "user_name_certificate": 1, "wenchuan_10th": 1, "worldcup_2018": 4, "hongrenjie_2019": 1, "rrgyj_2019": 1, "hongbao_2020": 2, "feiyan_2020": 1, "kangyi_2020": 1, "weibozhiye_2020": 1, "hongbaofeijika_2021": 1}}, "reposts_count": 0, "comments_count": 0, "attitudes_count": 0, "pending_approval_count": 0, "isLongText": false, "reward_exhibition_type": 0, "hide_flag": 0, "mlevel": 0, "darwin_tags": [], "mblogtype": 0, "more_info_type": 0, "number_display_strategy": {"apply_scenario_flag": 3, "display_text_min_number": 1000000, "display_text": "100\u4e07+"}, "content_auth": 0, "repost_type": 1, "pic_num": 0, "alchemy_params": {"ug_red_envelope": false}, "raw_text": "\u8f6c\u53d1\u5fae\u535a", "bid": "J7diW8nBw"}, {"visible": {"type": 0, "list_id": 0}, "created_at": "Thu Jun 18 15:29:07 +0800 2020", "id": "4517189426475235", "mid": "4517189426475235", "can_edit": false, "show_additional_indication": 0, "text": "\u8f6c\u53d1\u5fae\u535a", "source": "Share\u5fae\u535a\u5ba2\u6237\u7aef", "favorited": false, "pic_ids": [], "pic_types": "", "is_paid": false, "mblog_vip_type": 0, "user": {"id": 5540659150, "screen_name": "\u79d1\u5b66\u4e16\u7eaa\u7684\u68a6\u65c5\u4eba", "profile_image_url": "https://tvax4.sinaimg.cn/crop.0.0.1080.1080.180/0062Y2yaly8ghrl1x3fbmj30u0137wls.jpg?KID=imgbed,tva&Expires=1619178459&ssig=vhEcW8QQb3", "profile_url": "https://m.weibo.cn/u/5540659150?uid=5540659150", "statuses_count": 536, "verified": false, "verified_type": -1, "close_blue_v": false, "description": "\u6ca1\u6709\u6b4c\u8bcd\u7684\u66f2\u8c03\u6c38\u8fdc\u4e0d\u4f1a\u505c\u606f", "gender": "m", "mbtype": 0, "urank": 4, "mbrank": 0, "follow_me": false, "following": false, "followers_count": 77, "follow_count": 89, "cover_image_phone": "https://tva1.sinaimg.cn/crop.0.0.640.640.640/549d0121tw1egm1kjly3jj20hs0hsq4f.jpg", "avatar_hd": "https://wx4.sinaimg.cn/orj480/0062Y2yaly8ghrl1x3fbmj30u0137wls.jpg", "like": false, "like_me": false, "badge": {"unread_pool": 1, "unread_pool_ext": 1, "user_name_certificate": 1, "pc_new": 7, "dailv_2020": 1, "nihaoshenghuojie_2021": 1}}, "reposts_count": 0, "comments_count": 0, "attitudes_count": 0, "pending_approval_count": 0, "isLongText": false, "reward_exhibition_type": 0, "hide_flag": 0, "mlevel": 0, "darwin_tags": [], "mblogtype": 0, "more_info_type": 0, "number_display_strategy": {"apply_scenario_flag": 3, "display_text_min_number": 1000000, "display_text": "100\u4e07+"}, "content_auth": 0, "safe_tags": 64, "repost_type": 1, "pic_num": 0, "alchemy_params": {"ug_red_envelope": false}, "raw_text": "\u8f6c\u53d1\u5fae\u535a", "bid": "J7daSravh"}, {"visible": {"type": 0, "list_id": 0}, "created_at": "Thu Jun 18 15:24:49 +0800 2020", "id": "4517188343457620", "mid": "4517188343457620", "can_edit": false, "show_additional_indication": 0, "text": "\u6211\u64e6", "source": "\u5fae\u535a\u56fd\u9645\u7248", "favorited": false, "pic_ids": [], "pic_types": "", "is_paid": false, "mblog_vip_type": 0, "user": {"id": 5051136446, "screen_name": "\u987e\u65b9\u5176", "profile_image_url": "https://tvax3.sinaimg.cn/crop.0.0.512.512.180/005vQ3kGly8gosg90dgi6j30e80e8dk8.jpg?KID=imgbed,tva&Expires=1619178462&ssig=TcSRwpYW%2Fj", "profile_url": "https://m.weibo.cn/u/5051136446?uid=5051136446", "statuses_count": 13268, "verified": false, "verified_type": -1, "close_blue_v": false, "description": "\u62d2\u7edd\u6cb9\u817b\uff0c\u70ed\u7231\u751f\u6d3b\uff0c\u4e0d\u6fc0\u4e0d\u968f\uff0c\u4fdd\u6301\u5584\u826f\u3002", "gender": "m", "mbtype": 0, "urank": 36, "mbrank": 0, "follow_me": false, "following": false, "followers_count": 840, "follow_count": 781, "cover_image_phone": "https://tva1.sinaimg.cn/crop.0.0.640.640.640/549d0121tw1egm1kjly3jj20hs0hsq4f.jpg", "avatar_hd": "https://wx3.sinaimg.cn/orj480/005vQ3kGly8gosg90dgi6j30e80e8dk8.jpg", "like": false, "like_me": false, "badge": {"bind_taobao": 1, "dailv": 1, "unread_pool": 1, "unread_pool_ext": 1, "travel_2017": 1, "user_name_certificate": 1, "wenchuan_10th": 1, "super_star_2018": 1, "dailv_2018": 1, "double11_2018": 1, "hongbaofei_2019": 1, "suishoupai_2019": 1, "china_2019": 1, "macao_2019": 1, "china_2019_2": 1, "hongbao_2020": 2, "feiyan_2020": 1, "graduation_2020": 1, "pc_new": 7, "dailv_2020": 1, "school_2020": 1, "weibozhiyexianxia_2021": 1}}, "reposts_count": 0, "comments_count": 0, "attitudes_count": 0, "pending_approval_count": 0, "isLongText": false, "reward_exhibition_type": 0, "hide_flag": 0, "mlevel": 0, "darwin_tags": [], "mblogtype": 0, "more_info_type": 0, "number_display_strategy": {"apply_scenario_flag": 3, "display_text_min_number": 1000000, "display_text": "100\u4e07+"}, "content_auth": 0, "repost_type": 1, "pic_num": 0, "alchemy_params": {"ug_red_envelope": false}, "raw_text": "\u6211\u64e6", "bid": "J7d98evu4"}, {"visible": {"type": 0, "list_id": 0}, "created_at": "Thu Jun 18 15:23:08 +0800 2020", "id": "4517187920376113", "mid": "4517187920376113", "can_edit": false, "show_additional_indication": 0, "text": "\u603b\u7edf\u5e26\u5934\uff0c\u4e07\u4e8b\u4e0d\u6101<span class=\"url-icon\"><img alt=[\u8870] src=\"https://h5.sinaimg.cn/m/emoticon/icon/default/d_shuai-285d2d97c7.png\" style=\"width:1em; height:1em;\" /></span>", "source": "HUAWEI Mate 20 Pro", "favorited": false, "pic_ids": [], "pic_types": "", "is_paid": false, "mblog_vip_type": 0, "user": {"id": 1864856880, "screen_name": "\u80e1\u626f\u9e21\u86cb", "profile_image_url": "https://tva3.sinaimg.cn/crop.0.0.180.180.180/6f277530jw1e8qgp5bmzyj2050050aa8.jpg?KID=imgbed,tva&Expires=1619178462&ssig=7qiEwIKLiV", "profile_url": "https://m.weibo.cn/u/1864856880?uid=1864856880", "statuses_count": 50507, "verified": true, "verified_type": 0, "verified_type_ext": 0, "verified_reason": "\u9a6c\u62c9\u677e\u8fd0\u52a8\u5458 \u5e7f\u5dde\u6b27\u592a\u5c14\u4fe1\u606f\u79d1\u6280\u6709\u9650\u516c\u53f8\u603b\u7ecf\u7406", "close_blue_v": false, "description": "\u5168\u9a6c323\u3001\u9996\u521b\u65cb\u8f6c\u81ea\u7531\u6cf3", "gender": "m", "mbtype": 12, "urank": 48, "mbrank": 5, "follow_me": false, "following": false, "followers_count": 59200, "follow_count": 358, "cover_image_phone": "https://tva2.sinaimg.cn/crop.0.0.640.640.640/a1d3feabjw1ecasunmkncj20hs0hsq4j.jpg", "avatar_hd": "https://ww3.sinaimg.cn/orj480/6f277530jw1e8qgp5bmzyj2050050aa8.jpg", "like": false, "like_me": false, "badge": {"dailv": 1, "unread_pool": 1, "unread_pool_ext": 1, "dzwbqlx_2016": 1, "follow_whitelist_video": 1, "user_name_certificate": 1, "super_star_2018": 1, "worldcup_2018": 34, "dailv_2018": 1, "qixi_2018": 1, "hongbaofei_2019": 1, "suishoupai_2019": 1, "hongrenjie_2019": 1, "dailv_2019": 1, "china_2019": 1, "dzwbqlx_2019": 1, "hongbao_2020": 2, "feiyan_2020": 1, "dailv_2020": 1, "school_2020": 1, "weibozhiye_2020": 1, "lvzhilingyang_2021": 1}}, "reposts_count": 0, "comments_count": 0, "attitudes_count": 0, "pending_approval_count": 0, "isLongText": false, "reward_exhibition_type": 0, "hide_flag": 0, "mlevel": 0, "darwin_tags": [], "mblogtype": 0, "more_info_type": 0, "number_display_strategy": {"apply_scenario_flag": 3, "display_text_min_number": 1000000, "display_text": "100\u4e07+"}, "content_auth": 0, "repost_type": 3, "pic_num": 0, "alchemy_params": {"ug_red_envelope": false}, "raw_text": "\u603b\u7edf\u5e26\u5934\uff0c\u4e07\u4e8b\u4e0d\u6101[\u8870]", "bid": "J7d8s1zQl"}, {"visible": {"type": 0, "list_id": 0}, "created_at": "Thu Jun 18 15:21:32 +0800 2020", "id": "4517187521968569", "mid": "4517187521968569", "can_edit": false, "show_additional_indication": 0, "text": "\u8f6c\u53d1\u5fae\u535a", "source": "\u5c0f\u7c738\u9752\u6625\u7248 \u6f6e\u6d41\u65d7\u8230", "favorited": false, "pic_ids": [], "pic_types": "", "is_paid": false, "mblog_vip_type": 0, "user": {"id": 1827996547, "screen_name": "\u4e4c\u8d3c\u5218\u5148\u751f", "profile_image_url": "https://tva3.sinaimg.cn/crop.211.0.801.801.180/6cf50383tw1ebsp3xpgrkj211i0mcq74.jpg?KID=imgbed,tva&Expires=1619178462&ssig=v7rK0lbEZx", "profile_url": "https://m.weibo.cn/u/1827996547?uid=1827996547", "statuses_count": 32770, "verified": false, "verified_type": -1, "close_blue_v": false, "description": "Still Moving Under Gunfire", "gender": "m", "mbtype": 0, "urank": 9, "mbrank": 0, "follow_me": false, "following": false, "followers_count": 185, "follow_count": 242, "cover_image_phone": "https://tva2.sinaimg.cn/crop.0.0.640.640.640/a1d3feabjw1ecatccqmkbj20hs0hsmzb.jpg", "avatar_hd": "https://ww3.sinaimg.cn/orj480/6cf50383tw1ebsp3xpgrkj211i0mcq74.jpg", "like": false, "like_me": false, "badge": {"gongyi_level": 1, "unread_pool": 1, "unread_pool_ext": 1, "user_name_certificate": 1, "wenchuan_10th": 1, "hongbaofei_2019": 1, "denglong_2019": 1, "hongrenjie_2019": 1, "china_2019": 1, "rrgyj_2019": 1, "weishi_2019": 1, "wbzy_2019": 1, "gongjiri_2019": 1, "macao_2019": 1, "china_2019_2": 1, "hongbao_2020": 2, "feiyan_2020": 1, "graduation_2020": 1, "movie_2020": 1, "school_2020": 1, "hongrenjie_2020": 1, "china_2020": 1, "hongbaofeifuniu_2021": 1}}, "reposts_count": 0, "comments_count": 0, "attitudes_count": 0, "pending_approval_count": 0, "isLongText": false, "reward_exhibition_type": 0, "hide_flag": 0, "mlevel": 0, "darwin_tags": [], "mblogtype": 0, "more_info_type": 0, "number_display_strategy": {"apply_scenario_flag": 3, "display_text_min_number": 1000000, "display_text": "100\u4e07+"}, "content_auth": 0, "repost_type": 1, "pic_num": 0, "alchemy_params": {"ug_red_envelope": false}, "raw_text": "\u8f6c\u53d1\u5fae\u535a", "bid": "J7d7O8g77"}, {"visible": {"type": 0, "list_id": 0}, "created_at": "Thu Jun 18 15:20:16 +0800 2020", "id": "4517187203233507", "mid": "4517187203233507", "can_edit": false, "show_additional_indication": 0, "text": "\u8f6c\u53d1\u5fae\u535a", "source": "HUAWEI MatePad Pro", "favorited": false, "pic_ids": [], "pic_types": "", "is_paid": false, "mblog_vip_type": 0, "user": {"id": 2610241091, "screen_name": "\u98ce\u606f\u58a8\u67d3v\u96e8\u843d\u9f99\u541f", "profile_image_url": "https://tvax4.sinaimg.cn/crop.0.0.511.511.180/9b951e43ly8gdi6if4irzj20e70e7js5.jpg?KID=imgbed,tva&Expires=1619178462&ssig=vkONXt5zpE", "profile_url": "https://m.weibo.cn/u/2610241091?uid=2610241091", "statuses_count": 42996, "verified": false, "verified_type": -1, "close_blue_v": false, "description": "Treasure all encounters and respect all losing. \u200b\u200b\u200b\u200b", "gender": "m", "mbtype": 2, "urank": 39, "mbrank": 1, "follow_me": false, "following": false, "followers_count": 469, "follow_count": 1003, "cover_image_phone": "https://tva1.sinaimg.cn/crop.0.0.640.640.640/549d0121tw1egm1kjly3jj20hs0hsq4f.jpg", "avatar_hd": "https://wx4.sinaimg.cn/orj480/9b951e43ly8gdi6if4irzj20e70e7js5.jpg", "like": false, "like_me": false, "badge": {"bind_taobao": 1, "dailv": 1, "zongyiji": 1, "unread_pool": 1, "unread_pool_ext": 1, "dzwbqlx_2016": 1, "user_name_certificate": 1, "suishoupai_2018": 8, "wenchuan_10th": 1, "super_star_2018": 1, "worldcup_2018": 34, "dailv_2018": 1, "memorial_2018": 1, "hongbaofei_2019": 1, "fu_2019": 1, "avengers_2019": 3, "suishoupai_2019": 1, "hongrenjie_2019": 1, "china_2019": 1, "hongkong_2019": 1, "rrgyj_2019": 1, "weishi_2019": 1, "wbzy_2019": 1, "hongbao_2020": 2, "feiyan_2020": 1, "hope_2020": 1, "graduation_2020": 1, "dailv_2020": 1, "movie_2020": 1, "school_2020": 1, "gongyi_2020": 2, "hongrenjie_2020": 1, "zaolang_2020": 1, "hongbaofeifuniu_2021": 1, "weibozhiyexianxia_2021": 1}}, "reposts_count": 0, "comments_count": 0, "attitudes_count": 0, "pending_approval_count": 0, "isLongText": false, "reward_exhibition_type": 0, "hide_flag": 0, "mlevel": 0, "darwin_tags": [], "mblogtype": 0, "more_info_type": 0, "number_display_strategy": {"apply_scenario_flag": 3, "display_text_min_number": 1000000, "display_text": "100\u4e07+"}, "content_auth": 0, "repost_type": 1, "pic_num": 0, "alchemy_params": {"ug_red_envelope": false}, "raw_text": "\u8f6c\u53d1\u5fae\u535a", "bid": "J7d7idzbl"}]