{"visible": {"type": 0, "list_id": 0}, "created_at": "Wed Jun 17 15:29:33 +0800 2020", "id": "4516827146815179", "mid": "4516827146815179", "can_edit": false, "version": 1, "show_additional_indication": 0, "text": "\u3010<a  href=\"https://m.weibo.cn/search?containerid=231522type%3D1%26t%3D10%26q%3D%23%E7%BE%8E%E6%96%B0%E5%86%A0%E6%82%A3%E8%80%85%E5%87%BA%E9%99%A2%E5%90%8E%E6%94%B6%E5%88%B0%E8%B6%85112%E4%B8%87%E7%BE%8E%E5%85%83%E8%B4%A6%E5%8D%95%23&extparam=%23%E7%BE%8E%E6%96%B0%E5%86%A0%E6%82%A3%E8%80%85%E5%87%BA%E9%99%A2%E5%90%8E%E6%94%B6%E5%88%B0%E8%B6%85112%E4%B8%87%E7%BE%8E%E5%85%83%E8%B4%A6%E5%8D%95%23&luicode=20000061&lfid=4516827146815179\" data-hide=\"\"><span class=\"surl-text\">#\u7f8e\u65b0\u51a0\u60a3\u8005\u51fa\u9662\u540e\u6536\u5230\u8d85112\u4e07\u7f8e\u5143\u8d26\u5355#</span></a>\uff1a\u8db3\u6709181\u9875\uff0c\u6bcf\u5929\u4f4f\u9662\u8d39\u8fd11\u4e07\u5200<span class=\"url-icon\"><img alt=[\u54c6\u5566A\u68a6\u5403\u60ca] src=\"https://h5.sinaimg.cn/m/emoticon/icon/doraemon/dr_chijing-31d5542cca.png\" style=\"width:1em; height:1em;\" /></span>\u301170\u5c81\u7684Michael Flor\u66fe\u56e0\u611f\u67d3\u65b0\u51a0\u75c5\u6bd2\u4f4f\u966262\u5929\uff0c\u5eb7\u590d\u540e\u5728\u897f\u96c5\u56fe\u7684\u5bb6\u4e2d\u4f11\u517b\u3002\u8fd1\u65e5\uff0c\u4ed6\u6536\u5230\u533b\u9662\u8d26\u5355\uff0c62\u5929\u7684\u4f4f\u9662\u8d39\u7528\u8d85\u8fc7110\u4e07\u7f8e\u5143\uff0c\u8db3\u8db3\u6709181\u9875\u3002\u7531\u4e8e\u8d2d\u4e70\u4e86\u533b\u7597\u4fdd\u9669\uff0c\u5927\u90e8\u5206\u8d26\u5355\u5c06\u7531\u4fdd\u9669\u652f\u4ed8\uff0c\u4ed6\u4ecd\u7136\u5341\u5206\u60ca\u8bb6\u3002<a href='/n/\u65f6\u5dee\u89c6\u9891'>@\u65f6\u5dee\u89c6\u9891</a> <a data-url=\"http://t.cn/A6LGhJiG\" href=\"http://t.cn/A6LGhJiG\" data-hide=\"\"><span class='url-icon'><img style='width: 1rem;height: 1rem' src='https://h5.sinaimg.cn/upload/2015/09/25/3/timeline_card_small_web_default.png'></span><span class=\"surl-text\">\u7f51\u9875\u94fe\u63a5</span></a>", "textLength": 308, "source": "\u5fae\u535a\u89c6\u9891\u53f7", "favorited": false, "pic_ids": [], "pic_types": "", "is_paid": false, "mblog_vip_type": 0, "user": {"id": 6004281123, "screen_name": "\u68a8\u89c6\u9891", "profile_image_url": "https://tvax1.sinaimg.cn/crop.0.0.888.888.180/006yllNVly8gdi8yuih24j30oo0oo3z4.jpg?KID=imgbed,tva&Expires=1619210149&ssig=3SsmDyEW74", "profile_url": "https://m.weibo.cn/u/6004281123?uid=6004281123&luicode=20000061&lfid=4516827146815179", "statuses_count": 75255, "verified": true, "verified_type": 3, "verified_type_ext": 0, "verified_reason": "\u8d44\u8baf\u77ed\u89c6\u9891\u5e73\u53f0", "close_blue_v": false, "description": "\uff3b\u89c6\u9891\u62a5\u6599\u90ae\u7bb1\uff3d\uff1ayishou@pearvideo.com\uff1b\uff3b\u81ea\u5a92\u4f53\u5165\u9a7b\u7f51\u5740\uff3d\uff1ahttp://www.pearvideo.com/join", "gender": "m", "mbtype": 12, "urank": 41, "mbrank": 7, "follow_me": false, "following": false, "followers_count": 24186389, "follow_count": 2730, "cover_image_phone": "https://wx4.sinaimg.cn/crop.0.0.640.640.640/005vnhZYly1gdiv83cmc9j30yi0yiwgh.jpg", "avatar_hd": "https://wx1.sinaimg.cn/orj480/006yllNVly8gdi8yuih24j30oo0oo3z4.jpg", "like": false, "like_me": false, "badge": {"follow_whitelist_video": 1, "panda": 1, "user_name_certificate": 1, "wenchuan_10th": 1, "qixi_2018": 1, "lol_s8": 1, "memorial_2018": 1, "v_influence_2018": 1, "suishoupai_2019": 1, "hongrenjie_2019": 1, "china_2019": 1, "dzwbqlx_2019": 1, "rrgyj_2019": 1, "cishan_2019": 1, "weishi_2019": 1, "gongjiri_2019": 1, "hongbao_2020": 2, "feiyan_2020": 1, "graduation_2020": 1, "pc_new": 1, "dailv_2020": 1, "school_2020": 1, "hongrenjie_2020": 1, "china_2020": 1, "lvzhilingyang_2021": 1}}, "reposts_count": 28, "comments_count": 131, "attitudes_count": 1391, "pending_approval_count": 0, "isLongText": true, "reward_exhibition_type": 0, "hide_flag": 0, "mlevel": 0, "darwin_tags": [], "mblogtype": 0, "more_info_type": 0, "cardid": "star_11247_common", "content_auth": 0, "safe_tags": 131072, "pic_num": 0, "alchemy_params": {"ug_red_envelope": false}, "page_info": {"type": "search_topic", "object_type": 0, "page_pic": {"url": "https://wx4.sinaimg.cn/large/9e5389bbly1gfvbv30anlj207n07njrr.jpg"}, "page_url": "https://m.weibo.cn/search?containerid=231522type%3D1%26t%3D10%26q%3D%23%E7%BE%8E%E6%96%B0%E5%86%A0%E6%82%A3%E8%80%85%E5%87%BA%E9%99%A2%E5%90%8E%E6%94%B6%E5%88%B0%E8%B6%85112%E4%B8%87%E7%BE%8E%E5%85%83%E8%B4%A6%E5%8D%95%23&extparam=%23%E7%BE%8E%E6%96%B0%E5%86%A0%E6%82%A3%E8%80%85%E5%87%BA%E9%99%A2%E5%90%8E%E6%94%B6%E5%88%B0%E8%B6%85112%E4%B8%87%E7%BE%8E%E5%85%83%E8%B4%A6%E5%8D%95%23&luicode=20000061&lfid=4516827146815179", "page_title": "#\u7f8e\u65b0\u51a0\u60a3\u8005\u51fa\u9662\u540e\u6536\u5230\u8d85112\u4e07\u7f8e\u5143\u8d26\u5355#", "content1": "0\u8ba8\u8bba 0\u9605\u8bfb "}, "bid": "J73KysAWf", "buttons": [{"type": "follow", "name": "\u5173\u6ce8", "sub_type": 0, "params": {"uid": 6004281123}}], "status_title": "#\u7f8e\u65b0\u51a0\u60a3\u8005\u51fa\u9662\u540e\u6536\u5230\u8d85112\u4e07\u7f8e\u5143\u8d26\u5355#\uff1a\u8db3\u6709181\u9875\uff0c\u6bcf\u5929\u4f4f\u9662\u8d39\u8fd11\u4e07\u5200", "ok": 1, "scheme": "https://weibo.cn/appurl?scheme=sinaweibo%3A%2F%2Fdetail%3Fmblogid%3D4516827146815179%26luicode%3D20000061%26lfid%3D4516827146815179&luicode=20000061&lfid=4516827146815179", "tipScheme": "https://weibo.cn/appurl?scheme=sinaweibo%3A%2F%2Fdetail%3Fmblogid%3D4516827146815179%26luicode%3D20000061%26lfid%3D4516827146815179&luicode=20000061&lfid=4516827146815179"}