{"visible": {"type": 0, "list_id": 0}, "created_at": "Wed Jan 29 16:56:20 +0800 2020", "id": "4466114690407039", "mid": "4466114690407039", "edit_count": 2, "can_edit": false, "edit_at": "Wed Jan 29 17:01:38 +0800 2020", "version": 2, "show_additional_indication": 0, "text": "<a  href=\"https://m.weibo.cn/search?containerid=231522type%3D1%26t%3D10%26q%3D%23%E5%AE%98%E6%96%B9%E5%9B%9E%E5%BA%94%E4%BA%BA%E5%A4%A7%E9%99%84%E4%B8%AD%E4%B8%80%E5%AE%B6%E9%95%BF%E6%84%9F%E6%9F%93%E8%82%BA%E7%82%8E%E5%8E%BB%E4%B8%96%23&extparam=%23%E5%AE%98%E6%96%B9%E5%9B%9E%E5%BA%94%E4%BA%BA%E5%A4%A7%E9%99%84%E4%B8%AD%E4%B8%80%E5%AE%B6%E9%95%BF%E6%84%9F%E6%9F%93%E8%82%BA%E7%82%8E%E5%8E%BB%E4%B8%96%23&luicode=20000061&lfid=4466114690407039\" data-hide=\"\"><span class=\"surl-text\">#\u5b98\u65b9\u56de\u5e94\u4eba\u5927\u9644\u4e2d\u4e00\u5bb6\u957f\u611f\u67d3\u80ba\u708e\u53bb\u4e16#</span></a>1\u670820\u65e5\uff0c\u4eba\u5927\u9644\u4e2d\u53ec\u5f00\u5b66\u751f\u5bb6\u957f\u4f1a\uff0c\u901a\u62a5\u9ad8\u4e09\u6709\u5173\u5b89\u6392\uff0c\u5bb6\u957f\u4f1a\u7684\u62a5\u544a\u5385\u5ea7\u4f4d680\u4e2a\uff0c\u5f53\u5929\u672a\u5168\u90e8\u5750\u6ee1\u3002<br />\u3010\u53d1\u75c5\u524d\u66fe\u5f00\u5bb6\u957f\u4f1a\uff0c\u76ee\u524d\u5b66\u6821\u672a\u6709\u67d3\u75c5\u73b0\u8c61<span class=\"url-icon\"><img alt=[\u8bdd\u7b52] src=\"https://h5.sinaimg.cn/m/emoticon/icon/others/o_huatong-0a3e80b147.png\" style=\"width:1em; height:1em;\" /></span>\u30111\u670828\u65e5\uff0c\u5317\u4eac\u4eba\u5927\u9644\u4e2d\u53d1\u5e03\u901a\u62a5\uff0c\u8bc1\u5b9e\u5b66\u751f\u5bb6\u957f\u56e0\u611f\u67d3\u65b0\u51a0\u80ba\u708e\u75c5\u6bd2\u75c5\u901d\u30021\u670820\u65e5\u8be5\u5bb6\u957f\u53c2\u52a0\u9ad8\u4e09\u5e74\u7ea7\u5bb6\u957f\u4f1a\uff0c\u6d77\u6dc0\u533a\u75be\u63a7\u4e2d\u5fc3\u5bf9\u63a5\u89e6\u5bb6\u957f\u53ca\u73ed\u4e3b\u4efb\u91c7\u53d6\u9694\u79bb\u63aa\u65bd\u548c\u68c0\u9a8c\u6d4b\u8bd5\uff0c\u5230\u76ee\u524d\u4e3a\u6b62\uff0c\u5176\u4ed6\u5bb6\u957f\u548c\u5b66\u751f\u5747\u672a\u6709\u67d3\u75c5\u73b0\u8c61\u3002\u8be5\u901d\u8005\u4e3a\u4e0a\u6d77\u7535\u6c14\u96c6\u56e2\u4e0b\u5c5e\u8bbe\u8ba1\u516c\u53f8\u5458\u5de5\u6768\u519b\uff0c\u5e74\u4ec550\u5c81\uff0c\u66fe\u4efb\u5929\u5408\u5149\u80fd\u4e2d\u56fd\u5546\u7528\u4ef7\u503c\u7fa4\u6267\u884c\u603b\u88c1\u3002#\u4eba\u5927\u9644\u4e2d\u4e00\u5bb6\u957f\u56e0\u65b0\u51a0\u80ba\u708e\u79bb\u4e16#<br /> <a  href=\"https://m.weibo.cn/search?containerid=231522type%3D1%26t%3D10%26q%3D%23%E5%85%B1%E5%90%8C%E6%88%98%E7%96%AB%23&extparam=%23%E5%85%B1%E5%90%8C%E6%88%98%E7%96%AB%23&luicode=20000061&lfid=4466114690407039\" data-hide=\"\"><span class=\"surl-text\">#\u5171\u540c\u6218\u75ab#</span></a>\u3010\u5f90\u548c\u5efa\uff1a23\u65e5\u665a\uff0c\u4eba\u5927\u9644\u4e2d\u9ad8\u4e09\u67d0\u5b66\u751f\u7684\u5bb6\u957f\uff0c\u88ab\u786e\u8bca\u611f\u67d3\u65b0\u578b\u51a0\u72b6\u75c5\u6bd2\u80ba\u708e\uff0c1\u670828\u65e5\u4e0d\u5e78\u75c5\u901d\u3002\u622a\u6b62\u76ee\u524d\u76f8\u5173\u5bb6\u957f\u5e08\u751f\u5747\u672a\u51fa\u73b0\u7591\u4f3c\u75c5\u4f8b\u60c5\u51b5\uff0c\u540c\u65f6\u5b66\u6821\u5f00\u5c55\u73af\u5883\u6d88\u6bd2\uff0c\u5458\u5de5\u4f53\u68c0\u7b49\u5de5\u4f5c\uff0c\u5b89\u6392\u8fdb\u884c\u5fc3\u7406\u758f\u5bfc\u548c\u5b89\u629a\u3002 <a data-url=\"http://t.cn/A6P6awnm\" href=\"https://video.weibo.com/show?fid=1034:4466114651160624\" data-hide=\"\"><span class='url-icon'><img style='width: 1rem;height: 1rem' src='https://h5.sinaimg.cn/upload/2015/09/25/3/timeline_card_small_video_default.png'></span><span class=\"surl-text\">\u5f71\u89c6\u5c0f\u679c\u9171\u7684\u5fae\u535a\u89c6\u9891</span></a>", "textLength": 719, "source": "\u5f71\u89c6\u5c0f\u679c\u9171Android", "favorited": false, "pic_ids": [], "pic_types": "", "is_paid": false, "mblog_vip_type": 0, "user": {"id": 5014916192, "screen_name": "\u5f71\u89c6\u5c0f\u679c\u9171", "profile_image_url": "https://tvax1.sinaimg.cn/crop.0.0.996.996.180/005to4N2ly8giazz3rbo3j30ro0rot9y.jpg?KID=imgbed,tva&Expires=1619695265&ssig=WygAhVRlb%2F", "profile_url": "https://m.weibo.cn/u/5014916192?uid=5014916192&luicode=20000061&lfid=4466114690407039", "statuses_count": 14077, "verified": true, "verified_type": 0, "verified_type_ext": 1, "verified_reason": "\u5fae\u535a\u7535\u89c6\u56e2\u6210\u5458 \u5267\u8bc4\u4eba \u77e5\u540d\u7535\u89c6\u5267\u535a\u4e3b", "close_blue_v": false, "description": "\u5173\u6ce8\u6211\uff0c\u6709\u597d\u5267\u770b\uff0c\u4e0d\u6015\u5267\u614c", "gender": "f", "mbtype": 11, "urank": 38, "mbrank": 6, "follow_me": false, "following": false, "followers_count": 726763, "follow_count": 411, "cover_image_phone": "https://tva1.sinaimg.cn/crop.0.0.640.640.640/9d44112bjw1f1xl1c10tuj20hs0hs0tw.jpg", "avatar_hd": "https://wx1.sinaimg.cn/orj480/005to4N2ly8giazz3rbo3j30ro0rot9y.jpg", "like": false, "like_me": false, "badge": {"bind_taobao": 1, "dailv": 1, "unread_pool": 1, "unread_pool_ext": 1, "dzwbqlx_2016": 1, "travel_2017": 1, "panda": 1, "user_name_certificate": 1, "worldcup_2018": 34, "dailv_2018": 1, "double11_2018": 1, "weibo_display_fans": 1, "relation_display": 1, "wbzy_2018": 1, "hongbaofei_2019": 1, "wusi_2019": 1, "hongrenjie_2019": 1, "china_2019": 1, "wbzy_2019": 1, "macao_2019": 1, "china_2019_2": 1, "hongbao_2020": 2, "feiyan_2020": 1, "daka_2020": 1, "dailv_2020": 6, "vpick_2020": 1, "hongrenjie_2020": 1, "hongbaofeifuniu_2021": 2, "hongbaofeijika_2021": 1}}, "reposts_count": 9, "comments_count": 5, "attitudes_count": 41, "pending_approval_count": 0, "isLongText": true, "reward_exhibition_type": 2, "reward_scheme": "sinaweibo://reward?bid=1000293251&enter_id=1000293251&enter_type=1&oid=4466114690407039&seller=5014916192&share=18cb5613ebf3d8aadd9975c1036ab1f47&sign=702ac7cf1c6e410a9dee280fdd1f7e3c", "hide_flag": 0, "mlevel": 0, "darwin_tags": [], "mblogtype": 0, "more_info_type": 0, "number_display_strategy": {"apply_scenario_flag": 3, "display_text_min_number": 1000000, "display_text": "100\u4e07+"}, "content_auth": 0, "pic_num": 0, "fid": 4466114657517885, "alchemy_params": {"ug_red_envelope": false}, "page_info": {"type": "video", "object_type": 11, "url_ori": "http://t.cn/A6P6awnm", "page_pic": {"width": 768, "url": "https://wx3.sinaimg.cn/orj480/005to4N2ly1gbdjamoweej30lc0shtii.jpg", "height": 1025}, "page_url": "https://video.weibo.com/show?fid=1034%3A4466114651160624&luicode=20000061&lfid=4466114690407039", "object_id": "1034:4466114651160624", "page_title": "\u5f71\u89c6\u5c0f\u679c\u9171\u7684\u5fae\u535a\u89c6\u9891", "title": "", "content1": "\u5f71\u89c6\u5c0f\u679c\u9171\u7684\u5fae\u535a\u89c6\u9891", "content2": "#\u5b98\u65b9\u56de\u5e94\u4eba\u5927\u9644\u4e2d\u4e00\u5bb6\u957f\u611f\u67d3\u80ba\u708e\u53bb\u4e16#1\u670820\u65e5\uff0c\u4eba\u5927\u9644\u4e2d\u53ec\u5f00\u5b66\u751f\u5bb6\u957f\u4f1a\uff0c\u901a\u62a5\u9ad8\u4e09\u6709\u5173\u5b89\u6392\uff0c\u5bb6\u957f\u4f1a\u7684\u62a5\u544a\u5385\u5ea7\u4f4d680\u4e2a\uff0c\u5f53\u5929\u672a\u5168\u90e8\u5750\u6ee1\u3002\n #\u5171\u540c\u6218\u75ab#\u3010\u5f90\u548c\u5efa\uff1a23\u65e5\u665a\uff0c\u4eba\u5927\u9644\u4e2d\u9ad8\u4e09\u67d0\u5b66\u751f\u7684\u5bb6\u957f\uff0c\u88ab\u786e\u8bca\u611f\u67d3\u65b0\u578b\u51a0\u72b6\u75c5\u6bd2\u80ba\u708e\uff0c1\u670828\u65e5\u4e0d\u5e78\u75c5\u901d\u3002\u622a\u6b62\u76ee\u524d\u76f8\u5173\u5bb6\u957f\u5e08\u751f\u5747\u672a\u51fa\u73b0\u7591\u4f3c\u75c5", "video_orientation": "vertical", "play_count": "7\u4e07\u6b21\u64ad\u653e", "media_info": {"stream_url": "https://f.video.weibocdn.com/004p4yielx07AxkITy7S010412000J8l0E010.mp4?label=mp4_ld&template=360x640.24.0&trans_finger=81b11b8c5ffb62d33ceb3244bdd17e7b&ori=0&ps=1BThihd3VLAY5R&Expires=1619688065&ssig=jxh7fvUlz4&KID=unistore,video", "stream_url_hd": "https://f.video.weibocdn.com/0013x3xIlx07AxkJ7mIo010412001g9h0E010.mp4?label=mp4_hd&template=576x1024.24.0&trans_finger=7c347e6ee1691b93dc7e5726f4ef34b3&ori=0&ps=1BThihd3VLAY5R&Expires=1619688065&ssig=m7EwhyD8Z3&KID=unistore,video", "duration": 5.827}, "urls": {"mp4_hd_mp4": "https://f.video.weibocdn.com/0013x3xIlx07AxkJ7mIo010412001g9h0E010.mp4?label=mp4_hd&template=576x1024.24.0&trans_finger=7c347e6ee1691b93dc7e5726f4ef34b3&ori=0&ps=1BThihd3VLAY5R&Expires=1619688065&ssig=m7EwhyD8Z3&KID=unistore,video", "mp4_ld_mp4": "https://f.video.weibocdn.com/004p4yielx07AxkITy7S010412000J8l0E010.mp4?label=mp4_ld&template=360x640.24.0&trans_finger=81b11b8c5ffb62d33ceb3244bdd17e7b&ori=0&ps=1BThihd3VLAY5R&Expires=1619688065&ssig=jxh7fvUlz4&KID=unistore,video"}}, "bid": "IrJWB1HT9", "buttons": [{"type": "follow", "name": "\u5173\u6ce8", "sub_type": 0, "params": {"uid": 5014916192}}], "status_title": "\u53d1\u75c5\u524d\u66fe\u5f00\u5bb6\u957f\u4f1a\uff0c\u76ee\u524d\u5b66\u6821\u672a\u6709\u67d3\u75c5\u73b0\u8c61", "ok": 1, "scheme": "https://weibo.cn/appurl?scheme=sinaweibo%3A%2F%2Fdetail%3Fmblogid%3D4466114690407039%26luicode%3D20000061%26lfid%3D4466114690407039&luicode=20000061&lfid=4466114690407039", "tipScheme": "https://weibo.cn/appurl?scheme=sinaweibo%3A%2F%2Fdetail%3Fmblogid%3D4466114690407039%26luicode%3D20000061%26lfid%3D4466114690407039&luicode=20000061&lfid=4466114690407039"}