[{"visible": {"type": 0, "list_id": 0}, "created_at": "Wed Jan 29 21:28:59 +0800 2020", "id": "4466183300267728", "mid": "4466183300267728", "can_edit": false, "show_additional_indication": 0, "text": "\u8f6c\u53d1\u5fae\u535a", "source": "iPhone\u5ba2\u6237\u7aef", "favorited": false, "pic_ids": [], "pic_types": "", "is_paid": false, "mblog_vip_type": 0, "user": {"id": 2308323241, "screen_name": "sinpore99", "profile_image_url": "https://tvax4.sinaimg.cn/crop.1.0.1240.1240.180/899637a9ly8foysk5hzybj20yi0ygq57.jpg?KID=imgbed,tva&Expires=1619047352&ssig=LvCZq4sjY2", "profile_url": "https://m.weibo.cn/u/2308323241?uid=2308323241", "statuses_count": 10525, "verified": false, "verified_type": -1, "close_blue_v": false, "description": "", "gender": "m", "mbtype": 0, "urank": 30, "mbrank": 0, "follow_me": false, "following": false, "followers_count": 892, "follow_count": 5020, "cover_image_phone": "https://tva1.sinaimg.cn/crop.0.0.640.640.640/549d0121tw1egm1kjly3jj20hs0hsq4f.jpg", "avatar_hd": "https://wx4.sinaimg.cn/orj480/899637a9ly8foysk5hzybj20yi0ygq57.jpg", "like": false, "like_me": false, "badge": {"user_name_certificate": 1, "worldcup_2018": 34, "denglong_2019": 1, "suishoupai_2019": 1, "hongrenjie_2019": 1, "china_2019": 1, "dzwbqlx_2019": 1, "rrgyj_2019": 1, "hongbao_2020": 2, "feiyan_2020": 1, "hongbaofeifuniu_2021": 1}}, "reposts_count": 0, "comments_count": 0, "attitudes_count": 0, "pending_approval_count": 0, "isLongText": false, "reward_exhibition_type": 0, "hide_flag": 0, "mlevel": 0, "darwin_tags": [], "mblogtype": 0, "more_info_type": 0, "number_display_strategy": {"apply_scenario_flag": 3, "display_text_min_number": 1000000, "display_text": "100\u4e07+"}, "content_auth": 0, "repost_type": 1, "pic_num": 0, "alchemy_params": {"ug_red_envelope": false}, "raw_text": "\u8f6c\u53d1\u5fae\u535a", "bid": "IrLJg17Ec"}, {"visible": {"type": 0, "list_id": 0}, "created_at": "Wed Jan 29 20:29:14 +0800 2020", "id": "4466168264121348", "mid": "4466168264121348", "can_edit": false, "show_additional_indication": 0, "text": "\u8f6c\u53d1\u5fae\u535a", "source": "iPhone\u5ba2\u6237\u7aef", "favorited": false, "pic_ids": [], "pic_types": "", "is_paid": false, "mblog_vip_type": 0, "user": {"id": 3283066391, "screen_name": "FFFYZAK", "profile_image_url": "https://tvax1.sinaimg.cn/crop.0.0.1014.1014.180/c3af9e17ly8gk6pkloc2kj20s60s6aay.jpg?KID=imgbed,tva&Expires=1619047352&ssig=0kE9ISCmmx", "profile_url": "https://m.weibo.cn/u/3283066391?uid=3283066391", "statuses_count": 495, "verified": false, "verified_type": -1, "close_blue_v": false, "description": "\u5403\u996d \u7761\u89c9 \u505a\u68a6", "gender": "m", "mbtype": 2, "urank": 29, "mbrank": 3, "follow_me": false, "following": false, "followers_count": 1161, "follow_count": 78, "cover_image_phone": "https://tva1.sinaimg.cn/crop.0.0.640.640.640/9d44112bjw1f1xl1c10tuj20hs0hs0tw.jpg", "avatar_hd": "https://wx1.sinaimg.cn/orj480/c3af9e17ly8gk6pkloc2kj20s60s6aay.jpg", "like": false, "like_me": false, "badge": {"bind_taobao": 1, "unread_pool": 1, "unread_pool_ext": 1, "user_name_certificate": 1, "qixi_2018": 1, "hongbao_2020": 2, "hongbaofeifuniu_2021": 1}}, "reposts_count": 0, "comments_count": 0, "attitudes_count": 0, "pending_approval_count": 0, "isLongText": false, "reward_exhibition_type": 0, "hide_flag": 0, "mlevel": 0, "darwin_tags": [], "mblogtype": 0, "more_info_type": 0, "number_display_strategy": {"apply_scenario_flag": 3, "display_text_min_number": 1000000, "display_text": "100\u4e07+"}, "content_auth": 0, "repost_type": 1, "pic_num": 0, "alchemy_params": {"ug_red_envelope": false}, "raw_text": "\u8f6c\u53d1\u5fae\u535a", "bid": "IrLl0hi9m"}, {"visible": {"type": 0, "list_id": 0}, "created_at": "Wed Jan 29 20:08:10 +0800 2020", "id": "4466162966822699", "mid": "4466162966822699", "can_edit": false, "show_additional_indication": 0, "text": "\u8f6c\u53d1\u5fae\u535a", "source": "\u5fae\u535a\u641c\u7d22", "favorited": false, "pic_ids": [], "pic_types": "", "is_paid": false, "mblog_vip_type": 0, "user": {"id": 1748543095, "screen_name": "yhwh_knows_everything", "profile_image_url": "https://tvax4.sinaimg.cn/crop.264.0.1071.1071.180/6838a677ly8ghw2wolegqj218g0tr7dy.jpg?KID=imgbed,tva&Expires=1619047352&ssig=GvY7BAj0WT", "profile_url": "https://m.weibo.cn/u/1748543095?uid=1748543095", "statuses_count": 31973, "verified": false, "verified_type": -1, "close_blue_v": false, "description": "yhwh has never disappointed me!", "gender": "f", "mbtype": 0, "urank": 38, "mbrank": 0, "follow_me": false, "following": false, "followers_count": 314, "follow_count": 21, "cover_image_phone": "https://tva1.sinaimg.cn/crop.0.0.640.640.640/549d0121tw1egm1kjly3jj20hs0hsq4f.jpg", "avatar_hd": "https://wx4.sinaimg.cn/orj480/6838a677ly8ghw2wolegqj218g0tr7dy.jpg", "like": false, "like_me": false, "badge": {"unread_pool": 1, "unread_pool_ext": 1, "user_name_certificate": 1, "wenchuan_10th": 1}}, "reposts_count": 0, "comments_count": 0, "attitudes_count": 0, "pending_approval_count": 0, "isLongText": false, "reward_exhibition_type": 0, "hide_flag": 0, "mlevel": 0, "darwin_tags": [], "mblogtype": 0, "more_info_type": 0, "number_display_strategy": {"apply_scenario_flag": 3, "display_text_min_number": 1000000, "display_text": "100\u4e07+"}, "content_auth": 0, "repost_type": 1, "pic_num": 0, "alchemy_params": {"ug_red_envelope": false}, "raw_text": "\u8f6c\u53d1\u5fae\u535a", "bid": "IrLcssCTx"}, {"visible": {"type": 0, "list_id": 0}, "created_at": "Wed Jan 29 19:22:00 +0800 2020", "id": "4466151343542389", "mid": "4466151343542389", "can_edit": false, "show_additional_indication": 0, "text": "\u8f6c\u53d1\u5fae\u535a", "source": "\u524d\u7f6e\u53cc\u6444vivo X9", "favorited": false, "pic_ids": [], "pic_types": "", "is_paid": false, "mblog_vip_type": 0, "user": {"id": 2692239943, "screen_name": "MissLearn", "profile_image_url": "https://tvax4.sinaimg.cn/crop.0.0.996.996.180/a0785247ly8fzvpzwl0h9j20ro0ro0tx.jpg?KID=imgbed,tva&Expires=1619047352&ssig=NpsTrlSBQJ", "profile_url": "https://m.weibo.cn/u/2692239943?uid=2692239943", "statuses_count": 10739, "verified": false, "verified_type": -1, "close_blue_v": false, "description": "", "gender": "f", "mbtype": 0, "urank": 33, "mbrank": 0, "follow_me": false, "following": false, "followers_count": 271, "follow_count": 2701, "cover_image_phone": "https://tva2.sinaimg.cn/crop.0.0.640.640.640/a1d3feabjw1ecasunmkncj20hs0hsq4j.jpg", "avatar_hd": "https://wx4.sinaimg.cn/orj480/a0785247ly8fzvpzwl0h9j20ro0ro0tx.jpg", "like": false, "like_me": false, "badge": {"bind_taobao": 1, "zongyiji": 1, "unread_pool": 1, "unread_pool_ext": 1, "dzwbqlx_2016": 1, "super_star_2017": 1, "travel_2017": 1, "panda": 1, "user_name_certificate": 1, "suishoupai_2018": 1, "super_star_2018": 1, "wenda_v2": 1, "dailv_2018": 1, "qixi_2018": 1, "wbzy_2018": 1, "hongbaofei_2019": 1, "suishoupai_2019": 1, "hongrenjie_2019": 1, "hongbao_2020": 2, "feiyan_2020": 1, "hope_2020": 1, "graduation_2020": 1, "dailv_2020": 1, "school_2020": 1, "hongbaofeijika_2021": 1}}, "reposts_count": 0, "comments_count": 0, "attitudes_count": 0, "pending_approval_count": 0, "isLongText": false, "reward_exhibition_type": 0, "hide_flag": 0, "mlevel": 0, "darwin_tags": [], "mblogtype": 0, "more_info_type": 0, "number_display_strategy": {"apply_scenario_flag": 3, "display_text_min_number": 1000000, "display_text": "100\u4e07+"}, "content_auth": 0, "repost_type": 1, "pic_num": 0, "alchemy_params": {"ug_red_envelope": false}, "raw_text": "\u8f6c\u53d1\u5fae\u535a", "bid": "IrKTIeRxj"}, {"visible": {"type": 0, "list_id": 0}, "created_at": "Wed Jan 29 18:57:34 +0800 2020", "id": "4466145194913163", "mid": "4466145194913163", "can_edit": false, "show_additional_indication": 0, "text": "\u8f6c\u53d1\u5fae\u535a", "source": "iPhone\u5ba2\u6237\u7aef", "favorited": false, "pic_ids": [], "pic_types": "", "is_paid": false, "mblog_vip_type": 0, "user": {"id": 7351404155, "screen_name": "wjgg20170", "profile_image_url": "https://tvax4.sinaimg.cn/crop.0.0.512.512.180/0081vK2Lly8gaipqee6kjj30e80e80t4.jpg?KID=imgbed,tva&Expires=1619047352&ssig=QG3MbZuKyR", "profile_url": "https://m.weibo.cn/u/7351404155?uid=7351404155", "statuses_count": 5040, "verified": false, "verified_type": -1, "close_blue_v": false, "description": "", "gender": "m", "mbtype": 0, "urank": 0, "mbrank": 0, "follow_me": false, "following": false, "followers_count": 12, "follow_count": 340, "cover_image_phone": "https://tva1.sinaimg.cn/crop.0.0.640.640.640/549d0121tw1egm1kjly3jj20hs0hsq4f.jpg", "avatar_hd": "https://wx4.sinaimg.cn/orj480/0081vK2Lly8gaipqee6kjj30e80e80t4.jpg", "like": false, "like_me": false, "badge": {"user_name_certificate": 1, "wbzy_2019": 1, "gongjiri_2019": 1, "hongbao_2020": 2, "feiyan_2020": 1, "kangyi_2020": 1, "daka_2020": 1}}, "reposts_count": 0, "comments_count": 0, "attitudes_count": 0, "pending_approval_count": 0, "isLongText": false, "reward_exhibition_type": 0, "hide_flag": 0, "mlevel": 0, "darwin_tags": [], "mblogtype": 0, "more_info_type": 0, "number_display_strategy": {"apply_scenario_flag": 3, "display_text_min_number": 1000000, "display_text": "100\u4e07+"}, "content_auth": 0, "repost_type": 1, "pic_num": 0, "alchemy_params": {"ug_red_envelope": false}, "raw_text": "\u8f6c\u53d1\u5fae\u535a", "bid": "IrKJNkC8z"}, {"visible": {"type": 0, "list_id": 0}, "created_at": "Wed Jan 29 18:56:48 +0800 2020", "id": "4466145002452633", "mid": "4466145002452633", "can_edit": false, "show_additional_indication": 0, "text": "\u8f6c\u53d1\u5fae\u535a", "source": "\u7ea2\u7c73Redmi", "favorited": false, "pic_ids": [], "pic_types": "", "is_paid": false, "mblog_vip_type": 0, "user": {"id": 2143577905, "screen_name": "\u70df\u718f\u5927\u8c61", "profile_image_url": "https://tva3.sinaimg.cn/crop.0.0.180.180.180/7fc46731jw1e8qgp5bmzyj2050050aa8.jpg?KID=imgbed,tva&Expires=1619047352&ssig=i5QIDRszpo", "profile_url": "https://m.weibo.cn/u/2143577905?uid=2143577905", "statuses_count": 293, "verified": false, "verified_type": -1, "close_blue_v": false, "description": "Old man", "gender": "m", "mbtype": 0, "urank": 23, "mbrank": 0, "follow_me": false, "following": false, "followers_count": 149, "follow_count": 275, "cover_image_phone": "https://tva4.sinaimg.cn/crop.0.0.640.640/6cf8d7ebjw1ehfr60whp7j20hs0hsacf.jpg", "avatar_hd": "https://ww3.sinaimg.cn/orj480/7fc46731jw1e8qgp5bmzyj2050050aa8.jpg", "like": false, "like_me": false, "badge": {"unread_pool": 1, "unread_pool_ext": 1, "user_name_certificate": 1, "hongbao_2020": 2, "daka_2020": 1}}, "reposts_count": 0, "comments_count": 0, "attitudes_count": 0, "pending_approval_count": 0, "isLongText": false, "reward_exhibition_type": 0, "hide_flag": 0, "mlevel": 0, "darwin_tags": [], "mblogtype": 0, "more_info_type": 0, "number_display_strategy": {"apply_scenario_flag": 3, "display_text_min_number": 1000000, "display_text": "100\u4e07+"}, "content_auth": 0, "repost_type": 1, "pic_num": 0, "alchemy_params": {"ug_red_envelope": false}, "raw_text": "\u8f6c\u53d1\u5fae\u535a", "bid": "IrKJuai2B"}, {"visible": {"type": 0, "list_id": 0}, "created_at": "Wed Jan 29 18:41:15 +0800 2020", "id": "4466141089341060", "mid": "4466141089341060", "can_edit": false, "show_additional_indication": 0, "text": "\u8f6c\u53d1\u5fae\u535a", "source": "HUAWEI Mate 30 5G", "favorited": false, "pic_ids": [], "pic_types": "", "is_paid": false, "mblog_vip_type": 0, "user": {"id": 1231369143, "screen_name": "\u51b0\u5496\u602a\u517d", "profile_image_url": "https://tvax1.sinaimg.cn/crop.0.0.1080.1080.180/496533b7ly8gnivl6l3fnj20u00u00x6.jpg?KID=imgbed,tva&Expires=1619047352&ssig=8jATgPhN2r", "profile_url": "https://m.weibo.cn/u/1231369143?uid=1231369143", "statuses_count": 1759, "verified": false, "verified_type": -1, "close_blue_v": false, "description": "i'm just myself. That's all.", "gender": "f", "mbtype": 0, "urank": 12, "mbrank": 0, "follow_me": false, "following": false, "followers_count": 99, "follow_count": 85, "cover_image_phone": "https://tva1.sinaimg.cn/crop.0.0.640.640.640/549d0121tw1egm1kjly3jj20hs0hsq4f.jpg", "avatar_hd": "https://wx1.sinaimg.cn/orj480/496533b7ly8gnivl6l3fnj20u00u00x6.jpg", "like": false, "like_me": false, "badge": {"zongyiji": 1, "unread_pool": 1, "unread_pool_ext": 1, "user_name_certificate": 1, "worldcup_2018": 34, "china_2019": 1, "hongkong_2019": 1, "macao_2019": 1, "china_2019_2": 1, "hongbao_2020": 2, "feiyan_2020": 1}}, "reposts_count": 0, "comments_count": 0, "attitudes_count": 0, "pending_approval_count": 0, "isLongText": false, "reward_exhibition_type": 0, "hide_flag": 0, "mlevel": 0, "darwin_tags": [], "mblogtype": 0, "more_info_type": 0, "number_display_strategy": {"apply_scenario_flag": 3, "display_text_min_number": 1000000, "display_text": "100\u4e07+"}, "content_auth": 0, "repost_type": 1, "pic_num": 0, "alchemy_params": {"ug_red_envelope": false}, "raw_text": "\u8f6c\u53d1\u5fae\u535a", "bid": "IrKDaDc2g"}, {"visible": {"type": 0, "list_id": 0}, "created_at": "Wed Jan 29 18:35:05 +0800 2020", "id": "4466139537134741", "mid": "4466139537134741", "can_edit": false, "show_additional_indication": 0, "text": "\u8f6c\u53d1\u5fae\u535a", "source": "iPhone\u5ba2\u6237\u7aef", "favorited": false, "pic_ids": [], "pic_types": "", "is_paid": false, "mblog_vip_type": 0, "user": {"id": 7351404155, "screen_name": "wjgg20170", "profile_image_url": "https://tvax4.sinaimg.cn/crop.0.0.512.512.180/0081vK2Lly8gaipqee6kjj30e80e80t4.jpg?KID=imgbed,tva&Expires=1619047352&ssig=QG3MbZuKyR", "profile_url": "https://m.weibo.cn/u/7351404155?uid=7351404155", "statuses_count": 5040, "verified": false, "verified_type": -1, "close_blue_v": false, "description": "", "gender": "m", "mbtype": 0, "urank": 0, "mbrank": 0, "follow_me": false, "following": false, "followers_count": 12, "follow_count": 340, "cover_image_phone": "https://tva1.sinaimg.cn/crop.0.0.640.640.640/549d0121tw1egm1kjly3jj20hs0hsq4f.jpg", "avatar_hd": "https://wx4.sinaimg.cn/orj480/0081vK2Lly8gaipqee6kjj30e80e80t4.jpg", "like": false, "like_me": false, "badge": {"user_name_certificate": 1, "wbzy_2019": 1, "gongjiri_2019": 1, "hongbao_2020": 2, "feiyan_2020": 1, "kangyi_2020": 1, "daka_2020": 1}}, "reposts_count": 0, "comments_count": 0, "attitudes_count": 0, "pending_approval_count": 0, "isLongText": false, "reward_exhibition_type": 0, "hide_flag": 0, "mlevel": 0, "darwin_tags": [], "mblogtype": 0, "more_info_type": 0, "number_display_strategy": {"apply_scenario_flag": 3, "display_text_min_number": 1000000, "display_text": "100\u4e07+"}, "content_auth": 0, "repost_type": 1, "pic_num": 0, "alchemy_params": {"ug_red_envelope": false}, "raw_text": "\u8f6c\u53d1\u5fae\u535a", "bid": "IrKAFtW4t"}, {"visible": {"type": 0, "list_id": 0}, "created_at": "Wed Jan 29 18:02:21 +0800 2020", "id": "4466131299876898", "mid": "4466131299876898", "can_edit": false, "show_additional_indication": 0, "text": "\u8f6c\u53d1\u5fae\u535a", "source": "\u8363\u8000V9 \u6211\u60f3\u8981\u7684\u5feb", "favorited": false, "pic_ids": [], "pic_types": "", "is_paid": false, "mblog_vip_type": 0, "user": {"id": 6159182315, "screen_name": "\u725b\u5b9d\u5b9d\u7684\u53f8\u8003\u65e5\u8bb0", "profile_image_url": "https://tva3.sinaimg.cn/crop.0.0.960.960.180/006IPiGfjw8fd5c7hximtj30qo0qoq5g.jpg?KID=imgbed,tva&Expires=1619047352&ssig=20A7vxeG7Z", "profile_url": "https://m.weibo.cn/u/6159182315?uid=6159182315", "statuses_count": 6043, "verified": false, "verified_type": -1, "close_blue_v": false, "description": "", "gender": "m", "mbtype": 2, "urank": 9, "mbrank": 1, "follow_me": false, "following": false, "followers_count": 266, "follow_count": 338, "cover_image_phone": "https://tva1.sinaimg.cn/crop.0.0.640.640.640/549d0121tw1egm1kjly3jj20hs0hsq4f.jpg", "avatar_hd": "https://ww3.sinaimg.cn/orj480/006IPiGfjw8fd5c7hximtj30qo0qoq5g.jpg", "like": false, "like_me": false, "badge": {"user_name_certificate": 1, "wenchuan_10th": 1, "worldcup_2018": 34, "asiad_2018": 1, "denglong_2019": 1, "suishoupai_2019": 1, "hongrenjie_2019": 1, "china_2019": 1, "hongkong_2019": 1, "rrgyj_2019": 1, "macao_2019": 1, "china_2019_2": 1, "hongbao_2020": 2, "feiyan_2020": 1, "kangyi_2020": 1, "graduation_2020": 1}}, "reposts_count": 0, "comments_count": 0, "attitudes_count": 0, "pending_approval_count": 0, "isLongText": false, "reward_exhibition_type": 0, "hide_flag": 0, "mlevel": 0, "darwin_tags": [], "mblogtype": 0, "more_info_type": 0, "number_display_strategy": {"apply_scenario_flag": 3, "display_text_min_number": 1000000, "display_text": "100\u4e07+"}, "content_auth": 0, "repost_type": 1, "pic_num": 0, "alchemy_params": {"ug_red_envelope": false}, "raw_text": "\u8f6c\u53d1\u5fae\u535a", "bid": "IrKnnFrqO"}]