{"visible": {"type": 0, "list_id": 0}, "created_at": "Sat May 16 14:47:43 +0800 2020", "id": "4505220208532801", "mid": "4505220208532801", "can_edit": false, "version": 1, "show_additional_indication": 0, "text": "\u3010<a  href=\"https://m.weibo.cn/search?containerid=231522type%3D1%26t%3D10%26q%3D%23%E6%B5%B7%E5%8D%97%E6%96%B0%E5%A2%9E1%E4%BE%8B%E6%96%B0%E5%86%A0%E8%82%BA%E7%82%8E%23&extparam=%23%E6%B5%B7%E5%8D%97%E6%96%B0%E5%A2%9E1%E4%BE%8B%E6%96%B0%E5%86%A0%E8%82%BA%E7%82%8E%23&luicode=20000061&lfid=4505220208532801\" data-hide=\"\"><span class=\"surl-text\">#\u6d77\u5357\u65b0\u589e1\u4f8b\u65b0\u51a0\u80ba\u708e#</span></a>\u786e\u8bca\u75c5\u4f8b\u3011<a  href=\"https://m.weibo.cn/search?containerid=231522type%3D1%26t%3D10%26q%3D%23%E5%85%B3%E6%B3%A8%E6%96%B0%E5%86%A0%E8%82%BA%E7%82%8E%23&extparam=%23%E5%85%B3%E6%B3%A8%E6%96%B0%E5%86%A0%E8%82%BA%E7%82%8E%23&luicode=20000061&lfid=4505220208532801\" data-hide=\"\"><span class=\"surl-text\">#\u5173\u6ce8\u65b0\u51a0\u80ba\u708e#</span></a>\u636e\u6d77\u5357\u7701\u536b\u5065\u59d416\u65e5\u901a\u62a5\uff0c5\u670815\u65e50-24\u65f6\uff0c\u6d77\u5357\u7701\u62a5\u544a\u65b0\u578b\u51a0\u72b6\u75c5\u6bd2\u80ba\u708e\u65b0\u589e\u786e\u8bca\u75c5\u4f8b1\u4f8b(\u5883\u5916\u8f93\u5165\u65e0\u75c7\u72b6\u611f\u67d3\u8005\u8f6c\u786e\u8bca\u75c5\u4f8b)\uff0c\u65b0\u589e\u91cd\u75c7\u75c5\u4f8b0\u4f8b\uff0c\u65b0\u589e\u6b7b\u4ea1\u75c5\u4f8b0\u4f8b\uff0c\u65b0\u589e\u51fa\u9662\u75c5\u4f8b0\u4f8b\u3002\u65b0\u589e\u786e\u8bca\u75c5\u4f8b\uff0c\u4e09\u4e9a\u5e021\u4f8b\u3002<br /><br />\u3000\u3000\u622a\u81f35\u670815\u65e524\u65f6\uff0c\u6d77\u5357\u7701\u7d2f\u8ba1\u62a5\u544a\u65b0\u578b\u51a0\u72b6\u75c5\u6bd2\u80ba\u708e\u786e\u8bca\u75c5\u4f8b169\u4f8b\uff0c\u91cd\u75c7\u75c5\u4f8b0\u4f8b\uff0c\u6b7b\u4ea1\u75c5\u4f8b6\u4f8b\uff0c\u51fa\u9662\u75c5\u4f8b162\u4f8b\u3002\u786e\u8bca\u75c5\u4f8b\u4e2d\uff0c\u6d77\u53e339\u4f8b\u3001\u4e09\u4e9a55\u4f8b\u3001\u510b\u5dde15\u4f8b\u3001\u6587\u660c3\u4f8b\u3001\u743c\u6d776\u4f8b\u3001\u4e07\u5b8113\u4f8b\u3001\u4e1c\u65b93\u4f8b\u3001\u6f84\u8fc89\u4f8b\u3001\u4e34\u9ad86\u4f8b\u3001\u660c\u6c5f7\u4f8b\u3001\u9675\u6c344\u4f8b\u3001\u5b9a\u5b893\u4f8b\u3001\u4fdd\u4ead3\u4f8b\u3001\u4e50\u4e1c2\u4f8b\u3001\u743c\u4e2d1\u4f8b\u3002<br /><br />\u3000\u3000\u622a\u81f35\u670815\u65e524\u65f6\uff0c\u8ffd\u8e2a\u5230\u5bc6\u5207\u63a5\u89e6\u80056783\u4eba\uff0c\u5df2\u89e3\u9664\u533b\u5b66\u89c2\u5bdf6681\u4eba\uff0c\u5c1a\u6709102\u4eba\u6b63\u5728\u63a5\u53d7\u96c6\u4e2d\u533b\u5b66\u89c2\u5bdf\u3002<br /><br />\u3000\u3000\u622a\u81f35\u670815\u65e524\u65f6\uff0c\u6d77\u5357\u7701\u62a5\u544a\u65b0\u578b\u51a0\u72b6\u75c5\u6bd2\u65e0\u75c7\u72b6\u611f\u67d3\u800534\u4f8b\uff0c\u5f53\u65e5\u65b0\u589e\u8f6c\u4e3a\u786e\u8bca1\u4f8b\uff0c\u5f53\u65e5\u65b0\u589e\u65e0\u75c7\u72b6\u611f\u67d3\u80050\u4f8b\uff0c\u7d2f\u8ba1\u89e3\u9664\u9694\u79bb29\u4f8b\uff0c\u5c1a\u5728\u533b\u5b66\u89c2\u5bdf5\u4f8b(4\u4f8b\u6e56\u5317\u8f93\u5165\u30011\u4f8b\u672c\u5730)\u300234\u4f8b\u65e0\u75c7\u72b6\u611f\u67d3\u8005\u4e2d\uff0c\u6d77\u53e37\u4f8b\u3001\u4e09\u4e9a20\u4f8b\u3001\u4e1c\u65b92\u4f8b\u3001\u9675\u6c341\u4f8b\u3001\u4e07\u5b811\u4f8b\u3001\u743c\u6d771\u4f8b\u3001\u4e50\u4e1c1\u4f8b\u3001\u5b9a\u5b891\u4f8b\uff1b27\u4f8b\u4e3a\u5883\u5185\uff0c7\u4f8b\u4e3a\u5883\u5916\u8f93\u5165(\u8f93\u5165\u56fd\u4e3a\u82f1\u56fd5\u4f8b\u3001\u8377\u51701\u4f8b\u3001\u897f\u73ed\u72591\u4f8b)\u3002", "textLength": 920, "source": "iPhone\u5ba2\u6237\u7aef", "favorited": false, "pic_ids": ["b12ccd2ely1geuai36t7dj208c08cdge"], "pic_types": "0", "thumbnail_pic": "https://wx4.sinaimg.cn/thumbnail/b12ccd2ely1geuai36t7dj208c08cdge.jpg", "bmiddle_pic": "http://wx4.sinaimg.cn/bmiddle/b12ccd2ely1geuai36t7dj208c08cdge.jpg", "original_pic": "https://wx4.sinaimg.cn/large/b12ccd2ely1geuai36t7dj208c08cdge.jpg", "is_paid": false, "mblog_vip_type": 0, "user": {"id": 2972503342, "screen_name": "\u6c5f\u5317\u68c0\u5bdf", "profile_image_url": "https://tvax2.sinaimg.cn/crop.0.0.512.512.180/b12ccd2ely8gdi72j2ey5j20e80e8aao.jpg?KID=imgbed,tva&Expires=1619210133&ssig=AaC%2FjJj0aj", "profile_url": "https://m.weibo.cn/u/2972503342?uid=2972503342&luicode=20000061&lfid=4505220208532801", "statuses_count": 69300, "verified": true, "verified_type": 1, "verified_type_ext": 0, "verified_reason": "\u5b81\u6ce2\u5e02\u6c5f\u5317\u533a\u4eba\u6c11\u68c0\u5bdf\u9662\u5b98\u65b9\u5fae\u535a", "close_blue_v": false, "description": "\u8bda\u9080\u5e7f\u5927\u7f51\u6c11\u76d1\u7763\u3001\u652f\u6301\u5b81\u6ce2\u6c5f\u5317\u68c0\u5bdf\u5de5\u4f5c\uff0c\u5171\u540c\u8425\u9020\u98ce\u6e05\u6c14\u6b63\u3001\u516c\u5e73\u6b63\u4e49\u7684\u6cd5\u6cbb\u73af\u5883\u3002", "gender": "f", "mbtype": 0, "urank": 43, "mbrank": 0, "follow_me": false, "following": false, "followers_count": 17645, "follow_count": 487, "cover_image_phone": "https://tva1.sinaimg.cn/crop.0.0.640.640.640/a1d3feabjw1ecasw82c0pj20hs0hs3zv.jpg", "avatar_hd": "https://wx2.sinaimg.cn/orj480/b12ccd2ely8gdi72j2ey5j20e80e8aao.jpg", "like": false, "like_me": false, "badge": {"zongyiji": 1, "dzwbqlx_2016": 1, "follow_whitelist_video": 1, "user_name_certificate": 1, "suishoupai_2018": 8, "suishoupai_2019": 1, "hongrenjie_2019": 1, "china_2019": 1, "hongkong_2019": 1, "gongjiri_2019": 1, "macao_2019": 1, "china_2019_2": 1, "hongbao_2020": 2, "feiyan_2020": 1, "hope_2020": 1, "kangyi_2020": 1, "graduation_2020": 1, "dailv_2020": 1, "school_2020": 1, "hongrenjie_2020": 1, "china_2020": 1, "weibozhiye_2020": 1, "hongbaofeijika_2021": 1, "weibozhiyexianxia_2021": 1}}, "picStatus": "0:1", "reposts_count": 1, "comments_count": 4, "attitudes_count": 4, "pending_approval_count": 0, "isLongText": true, "reward_exhibition_type": 0, "hide_flag": 0, "mlevel": 0, "darwin_tags": [], "mblogtype": 0, "more_info_type": 0, "content_auth": 0, "safe_tags": 131072, "pic_num": 1, "alchemy_params": {"ug_red_envelope": false}, "page_info": {"type": "search_topic", "object_type": 0, "page_pic": {"url": "https://wx1.sinaimg.cn/large/6a5ce645ly1geu2goy185j20ah0ah3yu.jpg"}, "page_url": "https://m.weibo.cn/search?containerid=231522type%3D1%26t%3D10%26q%3D%23%E6%B5%B7%E5%8D%97%E6%96%B0%E5%A2%9E1%E4%BE%8B%E6%96%B0%E5%86%A0%E8%82%BA%E7%82%8E%23&extparam=%23%E6%B5%B7%E5%8D%97%E6%96%B0%E5%A2%9E1%E4%BE%8B%E6%96%B0%E5%86%A0%E8%82%BA%E7%82%8E%23&luicode=20000061&lfid=4505220208532801", "page_title": "#\u6d77\u5357\u65b0\u589e1\u4f8b\u65b0\u51a0\u80ba\u708e#", "content1": "0\u8ba8\u8bba 0\u9605\u8bfb "}, "pics": [{"pid": "b12ccd2ely1geuai36t7dj208c08cdge", "url": "https://wx4.sinaimg.cn/orj360/b12ccd2ely1geuai36t7dj208c08cdge.jpg", "size": "orj360", "geo": {"width": "300", "height": "300", "croped": false}, "large": {"size": "large", "url": "https://wx4.sinaimg.cn/large/b12ccd2ely1geuai36t7dj208c08cdge.jpg", "geo": {"width": "300", "height": "300", "croped": false}}}], "bid": "J2bNGzNLP", "buttons": [{"type": "follow", "name": "\u5173\u6ce8", "sub_type": 0, "params": {"uid": 2972503342}}], "status_title": "#\u6d77\u5357\u65b0\u589e1\u4f8b\u65b0\u51a0\u80ba\u708e#\u786e\u8bca\u75c5\u4f8b", "ok": 1, "scheme": "https://weibo.cn/appurl?scheme=sinaweibo%3A%2F%2Fdetail%3Fmblogid%3D4505220208532801%26luicode%3D20000061%26lfid%3D4505220208532801&luicode=20000061&lfid=4505220208532801", "tipScheme": "https://weibo.cn/appurl?scheme=sinaweibo%3A%2F%2Fdetail%3Fmblogid%3D4505220208532801%26luicode%3D20000061%26lfid%3D4505220208532801&luicode=20000061&lfid=4505220208532801"}