{"visible": {"type": 0, "list_id": 0}, "created_at": "Sat May 02 22:59:35 +0800 2020", "id": "4500270560719010", "mid": "4500270560719010", "edit_count": 2, "can_edit": false, "edit_at": "Sun May 03 07:32:26 +0800 2020", "version": 3, "show_additional_indication": 0, "text": "\u3010\u6cd5\u56fd\u9996\u6b21\u51fa\u52a8\u72d7\u72d7\u6765\u63a2\u6d4b<a  href=\"https://m.weibo.cn/search?containerid=231522type%3D1%26t%3D10%26q%3D%23%E6%96%B0%E5%9E%8B%E5%86%A0%E7%8A%B6%E7%97%85%E6%AF%92%23&luicode=20000061&lfid=4500270560719010\" data-hide=\"\"><span class=\"surl-text\">#\u65b0\u578b\u51a0\u72b6\u75c5\u6bd2#</span></a> \u3011<br />\u76ee\u524d\u770b\u6765\u611f\u89c9\u8fd8\u633a\u9760\u8c31\u7684\uff0c\u4f46\u8fd8\u662f\u9700\u8981\u66f4\u591a\u7684\u5b9e\u9a8c\u6765\u652f\u6491\u3002<br />\u5982\u679c\u75c5\u6bd2\u53ef\u4ee5\u8ba9\u4eba\u7c7b\u4e5f\u4ea7\u751f\u7279\u522b\u7684\u6c14\u5473\uff0c\u5e76\u4e14\u72d7\u72d7\u53ef\u4ee5\u51c6\u786e\u5730\u627e\u5230\uff0c\u90a3\u786e\u5b9e\u53ef\u4ee5\u51cf\u5c11\u4e0d\u5c11\u65f6\u95f4\u548c\u68c0\u6d4b\u8d39\u7528\u3002\u53ef\u662f\u5982\u679c\u662f\u65e0\u75c7\u72b6\u75c5\u4eba\u6216\u8005\u5df2\u7ecf\u75ca\u6108\u7684\uff0c\u4e0d\u77e5\u9053\u80fd\u4e0d\u80fd\u884c\u5f97\u901a<span class=\"url-icon\"><img alt=[\u6316\u9f3b] src=\"https://h5.sinaimg.cn/m/emoticon/icon/default/d_wabishi-816c4e8890.png\" style=\"width:1em; height:1em;\" /></span><br /><br />\u5927\u5bb6\u600e\u4e48\u770b\uff1f<br /><a  href=\"https://m.weibo.cn/search?containerid=231522type%3D1%26t%3D10%26q%3D%23%E6%B3%95%E5%9B%BD%E7%96%AB%E6%83%85%23&extparam=%23%E6%B3%95%E5%9B%BD%E7%96%AB%E6%83%85%23&luicode=20000061&lfid=4500270560719010\" data-hide=\"\"><span class=\"surl-text\">#\u6cd5\u56fd\u75ab\u60c5#</span></a><a  href=\"https://m.weibo.cn/search?containerid=231522type%3D1%26t%3D10%26q%3D%23%E5%85%A8%E7%90%83%E7%96%AB%E6%83%85%23&luicode=20000061&lfid=4500270560719010\" data-hide=\"\"><span class=\"surl-text\">#\u5168\u7403\u75ab\u60c5#</span></a> <a data-url=\"http://t.cn/A6AfsIXL\" href=\"https://video.weibo.com/show?fid=1034:4500267610341380\" data-hide=\"\"><span class='url-icon'><img style='width: 1rem;height: 1rem' src='https://h5.sinaimg.cn/upload/2015/09/25/3/timeline_card_small_video_default.png'></span><span class=\"surl-text\">\u5df4\u9ece\u6709\u610f\u601d\u7684\u5fae\u535a\u89c6\u9891</span></a>", "textLength": 305, "source": "\u6cd5\u56fd\u8d85\u8bdd", "favorited": false, "pic_ids": [], "pic_types": "", "is_paid": false, "mblog_vip_type": 0, "user": {"id": 6519892345, "screen_name": "\u5df4\u9ece\u6709\u610f\u601d", "profile_image_url": "https://tvax1.sinaimg.cn/crop.0.0.664.664.180/0077eNPXly8gdixghakhhj30ig0ih3z5.jpg?KID=imgbed,tva&Expires=1619695383&ssig=fp0girXfUK", "profile_url": "https://m.weibo.cn/u/6519892345?uid=6519892345&luicode=20000061&lfid=4500270560719010", "statuses_count": 2359, "verified": true, "verified_type": 0, "verified_type_ext": 0, "verified_reason": "\u5fae\u535aVLOG\u535a\u4e3b \u5fae\u535a\u539f\u521b\u89c6\u9891\u535a\u4e3b \u8d85\u8bdd\u4e3b\u6301\u4eba\uff08\u5df4\u9ece\u6709\u610f\u601d\u8d85\u8bdd\uff09 \u4eba\u6587\u827a\u672f\u535a\u4e3b", "close_blue_v": false, "description": "\u751f\u6d3b\u5728\u5df4\u9ece\u7684\u83f2\u513f\u548c\u5c0f\u7a46\uff0c\u4e0e\u4f60\u4e00\u8d77\u770b\u89c1\u771f\u5b9e\u3001.\u6709\u6545\u4e8b\u3001.\u6709\u610f\u601d\u7684\u5df4\u9ece\u3002\u3001.", "gender": "f", "mbtype": 12, "urank": 22, "mbrank": 5, "follow_me": false, "following": false, "followers_count": 350318, "follow_count": 475, "cover_image_phone": "https://tva1.sinaimg.cn/crop.0.0.640.640.640/9d44112bjw1f1xl1c10tuj20hs0hs0tw.jpg", "avatar_hd": "https://wx1.sinaimg.cn/orj480/0077eNPXly8gdixghakhhj30ig0ih3z5.jpg", "like": false, "like_me": false, "badge": {"bind_taobao": 1, "user_name_certificate": 1, "wenda_v2": 1, "dailv_2018": 3, "relation_display": 1, "suishoupai_2019": 1, "dailv_2019": 1, "dzwbqlx_2019": 1, "hongbao_2020": 2, "feiyan_2020": 1, "dailv_2020": 1, "hongbaofeifuniu_2021": 1, "hongbaofeijika_2021": 1}}, "reposts_count": 47, "comments_count": 116, "attitudes_count": 254, "pending_approval_count": 0, "isLongText": true, "reward_exhibition_type": 2, "reward_scheme": "sinaweibo://reward?bid=1000293251&enter_id=1000293251&enter_type=1&oid=4500270560719010&seller=6519892345&share=18cb5613ebf3d8aadd9975c1036ab1f47&sign=eb6d04a78ed386a510c833a813117cd2", "hide_flag": 0, "mlevel": 0, "topic_id": "1022:100808f5818fdf0883bea3583d9e5107dbcc1c", "sync_mblog": true, "is_imported_topic": false, "darwin_tags": [{"object_type": "topic", "object_id": "1022:100808f5818fdf0883bea3583d9e5107dbcc1c", "display_name": "\u6cd5\u56fd\u8d85\u8bdd", "enterprise_uid": null, "pc_url": "https://huati.weibo.com/k/\u6cd5\u56fd", "mapi_url": "sinaweibo://pageinfo?pageid=100808f5818fdf0883bea3583d9e5107dbcc1c&extparam=\u6cd5\u56fd", "bd_object_type": "super_topic"}], "mblogtype": 0, "more_info_type": 0, "number_display_strategy": {"apply_scenario_flag": 3, "display_text_min_number": 1000000, "display_text": "100\u4e07+"}, "content_auth": 0, "safe_tags": 131072, "pic_num": 0, "fid": 4500267704779215, "alchemy_params": {"ug_red_envelope": false}, "page_info": {"type": "video", "object_type": 11, "url_ori": "http://t.cn/A6AfsIXL", "page_pic": {"width": 720, "url": "https://wx2.sinaimg.cn/orj480/0077eNPXgy1geei0dxtzjj30k00b9tbp.jpg", "height": 405}, "page_url": "https://video.weibo.com/show?fid=1034%3A4500267610341380&luicode=20000061&lfid=4500270560719010", "object_id": "1034:4500267610341380", "page_title": "\u5df4\u9ece\u6709\u610f\u601d\u7684\u5fae\u535a\u89c6\u9891", "title": "\u6cd5\u56fd\u8981\u7528\u51fa\u52a8\u72d7\u72d7\u6765\u63a2\u6d4b\u65b0\u578b\u51a0\u72b6\u75c5\u6bd2\uff1f", "content1": "\u5df4\u9ece\u6709\u610f\u601d\u7684\u5fae\u535a\u89c6\u9891", "content2": "\u6cd5\u56fd\u9996\u6b21\u7528\u51fa\u52a8\u72d7\u72d7\u6765\u63a2\u6d4b#\u65b0\u578b\u51a0\u72b6\u75c5\u6bd2# \n\u76ee\u524d\u770b\u6765\u611f\u89c9\u8fd8\u633a\u9760\u8c31\u7684\uff0c\u4f46\u8fd8\u662f\u9700\u8981\u66f4\u591a\u7684\u5b9e\u9a8c\u6765\u652f\u6491\u3002\u5982\u679c\u75c5\u6bd2\u53ef\u4ee5\u8ba9\u4eba\u7c7b\u4e5f\u4ea7\u751f\u7279\u522b\u7684\u6c14\u5473\uff0c\u5e76\u4e14\u72d7\u72d7\u53ef\u4ee5\u51c6\u786e\u5730\u627e\u5230\uff0c\u90a3\u786e\u5b9e\u53ef\u4ee5\u51cf\u5c11\u4e0d\u5c11\u65f6\u95f4\u548c\u6d4b\u8bd5\u8d39\u7528\u3002\u53ef\u662f\u5982\u679c\u662f\u65e0\u75c7\u72b6\u75c5\u4eba\u6216\u8005\u5df2\u7ecf\u75ca\u6108\u7684\uff0c\u4e0d\u77e5\u9053\u80fd\u4e0d\u80fd\u884c\u5f97\u901a[\u6316\u9f3b]\n\u5927\u5bb6\u600e\u4e48\u770b\uff1f\n#\u6cd5\u56fd\u75ab\u60c5#", "video_orientation": "horizontal", "play_count": "34\u4e07\u6b21\u64ad\u653e", "media_info": {"stream_url": "https://f.video.weibocdn.com/Qz53XCkClx07CXFnT0Zq01041200cKWa0E010.mp4?label=mp4_ld&template=632x360.25.0&trans_finger=bdef57f06ae52835a2c783ca389e8517&ori=0&ps=1BThihd3VLAY5R&Expires=1619688183&ssig=I%2FewVeeZlx&KID=unistore,video", "stream_url_hd": "https://f.video.weibocdn.com/tPASLJb0lx07CXFo9pss01041200jjBp0E010.mp4?label=mp4_hd&template=844x480.25.0&trans_finger=1621fcd5d40969f1c74e6b06e52fcd54&ori=0&ps=1BThihd3VLAY5R&Expires=1619688183&ssig=xIzueaz6A4&KID=unistore,video", "duration": 97.708}, "urls": {"mp4_720p_mp4": "https://f.video.weibocdn.com/l97iuZAzlx07CXFoG6Mw01041200B8wi0E010.mp4?label=mp4_720p&template=1268x720.25.0&trans_finger=11ccc9c970f47cffd9369c72510b3033&ori=0&ps=1BThihd3VLAY5R&Expires=1619688183&ssig=4tY%2BiDh8mP&KID=unistore,video", "mp4_hd_mp4": "https://f.video.weibocdn.com/tPASLJb0lx07CXFo9pss01041200jjBp0E010.mp4?label=mp4_hd&template=844x480.25.0&trans_finger=1621fcd5d40969f1c74e6b06e52fcd54&ori=0&ps=1BThihd3VLAY5R&Expires=1619688183&ssig=xIzueaz6A4&KID=unistore,video", "mp4_ld_mp4": "https://f.video.weibocdn.com/Qz53XCkClx07CXFnT0Zq01041200cKWa0E010.mp4?label=mp4_ld&template=632x360.25.0&trans_finger=bdef57f06ae52835a2c783ca389e8517&ori=0&ps=1BThihd3VLAY5R&Expires=1619688183&ssig=I%2FewVeeZlx&KID=unistore,video"}}, "bid": "J072o312W", "buttons": [{"type": "follow", "name": "\u5173\u6ce8", "sub_type": 0, "params": {"uid": 6519892345}}], "status_title": "\u6cd5\u56fd\u9996\u6b21\u51fa\u52a8\u72d7\u72d7\u6765\u63a2\u6d4b#\u65b0\u578b\u51a0\u72b6\u75c5\u6bd2# ", "ok": 1, "scheme": "https://weibo.cn/appurl?scheme=sinaweibo%3A%2F%2Fdetail%3Fmblogid%3D4500270560719010%26luicode%3D20000061%26lfid%3D4500270560719010&luicode=20000061&lfid=4500270560719010", "tipScheme": "https://weibo.cn/appurl?scheme=sinaweibo%3A%2F%2Fdetail%3Fmblogid%3D4500270560719010%26luicode%3D20000061%26lfid%3D4500270560719010&luicode=20000061&lfid=4500270560719010"}