[{"id": 4477975762404026, "created_at": "2020-03-02", "source": "", "user": {"id": 7001932291, "screen_name": "\u6cd7\u53bf\u653f\u6cd5", "profile_image_url": "https://tvax4.sinaimg.cn/crop.0.0.996.996.180/007DRorNly8geah5oen1kj30ro0roq5y.jpg?KID=imgbed,tva&Expires=1619210696&ssig=K%2FnQLbWfJq", "verified": true, "verified_type": 1, "followers_count": 372, "verified_type_ext": 50, "mbtype": 0, "profile_url": "https://m.weibo.cn/u/7001932291?uid=7001932291", "remark": "", "following": false, "follow_me": false}, "text": "\uff1a<a class='k' href='https://m.weibo.cn/search?containerid=231522type%3D1%26t%3D10%26q%3D%23%E6%96%B0%E5%86%A0%E7%97%85%E6%AF%92%E4%B8%8D%E6%80%95%E7%82%8E%E7%83%AD%E6%B9%BF%E6%B6%A6%E5%A4%A9%E6%B0%94%23'>#\u65b0\u51a0\u75c5\u6bd2\u4e0d\u6015\u708e\u70ed\u6e7f\u6da6\u5929\u6c14#</a>", "like_counts": 0, "liked": false}, {"id": 4472746769709814, "created_at": "2020-02-17", "source": "", "user": {"id": 2545748190, "screen_name": "\u4e00\u9897\u6652\u592a\u9633\u7684\u5364\u86cb", "profile_image_url": "https://tvax3.sinaimg.cn/crop.0.0.664.664.180/97bd08dely8gdj56e3l39j20ig0igwfk.jpg?KID=imgbed,tva&Expires=1619210696&ssig=su5tGWCu2K", "verified": false, "verified_type": -1, "followers_count": 635, "mbtype": 2, "profile_url": "https://m.weibo.cn/u/2545748190?uid=2545748190", "remark": "", "following": false, "follow_me": false}, "text": "<a href='https://m.weibo.cn/n/\u5f35\u6b3d\u6e90\u5440'>@\u5f35\u6b3d\u6e90\u5440</a>", "like_counts": 0, "liked": false}, {"id": 4472623519735050, "created_at": "2020-02-16", "source": "", "user": {"id": 6437435453, "screen_name": "\u5408\u80a5\u653f\u6cd5", "profile_image_url": "https://tvax1.sinaimg.cn/crop.0.0.461.461.180/0071EP25ly8gdihc8gfnmj30cu0cu0t0.jpg?KID=imgbed,tva&Expires=1619210696&ssig=nQ0ySebv9t", "verified": true, "verified_type": 1, "followers_count": 3019, "verified_type_ext": 0, "mbtype": 12, "profile_url": "https://m.weibo.cn/u/6437435453?uid=6437435453", "remark": "", "following": false, "follow_me": false}, "text": "<a class='k' href='https://m.weibo.cn/search?containerid=231522type%3D1%26t%3D10%26q%3D%23%E6%96%B0%E5%86%A0%E7%97%85%E6%AF%92%E4%B8%8D%E6%80%95%E7%82%8E%E7%83%AD%E6%B9%BF%E6%B6%A6%E5%A4%A9%E6%B0%94%23'>#\u65b0\u51a0\u75c5\u6bd2\u4e0d\u6015\u708e\u70ed\u6e7f\u6da6\u5929\u6c14#</a>", "like_counts": 0, "liked": false}, {"id": 4471541087389164, "created_at": "2020-02-13", "source": "", "user": {"id": 6579936616, "screen_name": "\u5e90\u9633\u6b63\u9053", "profile_image_url": "https://tvax1.sinaimg.cn/crop.0.0.996.996.180/007biK5Wly8gdi6japjz2j30ro0ro40x.jpg?KID=imgbed,tva&Expires=1619210696&ssig=ZeUhwDr7K5", "verified": true, "verified_type": 1, "followers_count": 42925, "verified_type_ext": 0, "mbtype": 2, "profile_url": "https://m.weibo.cn/u/6579936616?uid=6579936616", "remark": "", "following": false, "follow_me": false}, "text": "\u3010WHO\uff1a<a class='k' href='https://m.weibo.cn/search?containerid=231522type%3D1%26t%3D10%26q%3D%23%E6%96%B0%E5%86%A0%E7%97%85%E6%AF%92%E4%B8%8D%E6%80%95%E7%82%8E%E7%83%AD%E6%B9%BF%E6%B6%A6%E5%A4%A9%E6%B0%94%23'>#\u65b0\u51a0\u75c5\u6bd2\u4e0d\u6015\u708e\u70ed\u6e7f\u6da6\u5929\u6c14#</a>\uff0c\u6e7f\u70ed\u3001\u5e72\u51b7\u56fd\u5bb6\u5747\u6709\u4f20\u64ad\u3011", "like_counts": 0, "liked": false}, {"id": 4471153974449038, "created_at": "2020-02-12", "source": "", "user": {"id": 7206356795, "screen_name": "\u6dee\u5317\u653f\u6cd5", "profile_image_url": "https://tvax3.sinaimg.cn/crop.0.0.512.512.180/007RH8Bdly8gdk6nxo6vbj30e80e80sy.jpg?KID=imgbed,tva&Expires=1619210696&ssig=YUfINvXdPl", "verified": true, "verified_type": 1, "followers_count": 151, "verified_type_ext": 50, "mbtype": 0, "profile_url": "https://m.weibo.cn/u/7206356795?uid=7206356795", "remark": "", "following": false, "follow_me": false}, "text": "<a class='k' href='https://m.weibo.cn/search?containerid=231522type%3D1%26t%3D10%26q%3D%23%E6%96%B0%E5%86%A0%E7%97%85%E6%AF%92%E4%B8%8D%E6%80%95%E7%82%8E%E7%83%AD%E6%B9%BF%E6%B6%A6%E5%A4%A9%E6%B0%94%23'>#\u65b0\u51a0\u75c5\u6bd2\u4e0d\u6015\u708e\u70ed\u6e7f\u6da6\u5929\u6c14#</a>", "like_counts": 0, "liked": false}, {"id": 4471153458488757, "created_at": "2020-02-12", "source": "", "user": {"id": 7366427963, "screen_name": "\u8427\u53bf\u957f\u5b89", "profile_image_url": "https://tvax1.sinaimg.cn/crop.0.0.664.664.180/0082wMqfly8gdjupshabrj30ig0ihwem.jpg?KID=imgbed,tva&Expires=1619210696&ssig=QGCzqymLPn", "verified": true, "verified_type": 1, "followers_count": 57, "verified_type_ext": 50, "mbtype": 0, "profile_url": "https://m.weibo.cn/u/7366427963?uid=7366427963", "remark": "", "following": false, "follow_me": false}, "text": "<a class='k' href='https://m.weibo.cn/search?containerid=231522type%3D1%26t%3D10%26q%3D%23%E6%96%B0%E5%86%A0%E7%97%85%E6%AF%92%E4%B8%8D%E6%80%95%E7%82%8E%E7%83%AD%E6%B9%BF%E6%B6%A6%E5%A4%A9%E6%B0%94%23'>#\u65b0\u51a0\u75c5\u6bd2\u4e0d\u6015\u708e\u70ed\u6e7f\u6da6\u5929\u6c14#</a>", "like_counts": 0, "liked": false}, {"id": 4471111591383892, "created_at": "2020-02-12", "source": "", "user": {"id": 7203055333, "screen_name": "\u5ba3\u57ce\u653f\u6cd5", "profile_image_url": "https://tvax3.sinaimg.cn/crop.0.0.150.150.180/007RthJPly8gdios1k25uj3046046t8l.jpg?KID=imgbed,tva&Expires=1619210696&ssig=Se00Z85mCq", "verified": true, "verified_type": 1, "followers_count": 302, "verified_type_ext": 50, "mbtype": 0, "profile_url": "https://m.weibo.cn/u/7203055333?uid=7203055333", "remark": "", "following": false, "follow_me": false}, "text": "WHO\uff1a<a class='k' href='https://m.weibo.cn/search?containerid=231522type%3D1%26t%3D10%26q%3D%23%E6%96%B0%E5%86%A0%E7%97%85%E6%AF%92%E4%B8%8D%E6%80%95%E7%82%8E%E7%83%AD%E6%B9%BF%E6%B6%A6%E5%A4%A9%E6%B0%94%23'>#\u65b0\u51a0\u75c5\u6bd2\u4e0d\u6015\u708e\u70ed\u6e7f\u6da6\u5929\u6c14#</a>\uff0c\u6e7f\u70ed\u3001\u5e72\u51b7\u56fd\u5bb6\u5747\u6709\u4f20\u64ad<span class=\"url-icon\"><img alt=[\u4f24\u5fc3] src=\"https://h5.sinaimg.cn/m/emoticon/icon/others/l_shangxin-49b2fe44a6.png\" style=\"width:1em; height:1em;\" /></span>", "like_counts": 0, "liked": false}, {"id": 4471106138387796, "created_at": "2020-02-12", "source": "", "user": {"id": 7207490011, "screen_name": "\u5bbf\u5dde\u957f\u5b89", "profile_image_url": "https://tvax1.sinaimg.cn/crop.0.0.750.750.180/007RLToTly8gdilj5b03jj30ku0ku0te.jpg?KID=imgbed,tva&Expires=1619210696&ssig=FRiZWKXrFe", "verified": true, "verified_type": 1, "followers_count": 4864, "verified_type_ext": 0, "mbtype": 0, "profile_url": "https://m.weibo.cn/u/7207490011?uid=7207490011", "remark": "", "following": false, "follow_me": false}, "text": "<a class='k' href='https://m.weibo.cn/search?containerid=231522type%3D1%26t%3D10%26q%3D%23%E6%96%B0%E5%86%A0%E7%97%85%E6%AF%92%E4%B8%8D%E6%80%95%E7%82%8E%E7%83%AD%E6%B9%BF%E6%B6%A6%E5%A4%A9%E6%B0%94%23'>#\u65b0\u51a0\u75c5\u6bd2\u4e0d\u6015\u708e\u70ed\u6e7f\u6da6\u5929\u6c14#</a>", "like_counts": 0, "liked": false}, {"id": 4471077088191560, "created_at": "2020-02-12", "source": "", "user": {"id": 7300177939, "screen_name": "\u7075\u74a7\u957f\u5b89", "profile_image_url": "https://tvax2.sinaimg.cn/crop.2.2.147.147.180/007Y2NLtly8gdm33521ijj3046046t8m.jpg?KID=imgbed,tva&Expires=1619210696&ssig=Sz85WNSffv", "verified": true, "verified_type": 1, "followers_count": 555, "verified_type_ext": 50, "mbtype": 0, "profile_url": "https://m.weibo.cn/u/7300177939?uid=7300177939", "remark": "", "following": false, "follow_me": false}, "text": "WHO\uff1a<a class='k' href='https://m.weibo.cn/search?containerid=231522type%3D1%26t%3D10%26q%3D%23%E6%96%B0%E5%86%A0%E7%97%85%E6%AF%92%E4%B8%8D%E6%80%95%E7%82%8E%E7%83%AD%E6%B9%BF%E6%B6%A6%E5%A4%A9%E6%B0%94%23'>#\u65b0\u51a0\u75c5\u6bd2\u4e0d\u6015\u708e\u70ed\u6e7f\u6da6\u5929\u6c14#</a>\uff0c\u6e7f\u70ed\u3001\u5e72\u51b7\u56fd\u5bb6\u5747\u6709\u4f20\u64ad<span class=\"url-icon\"><img alt=[\u4f24\u5fc3] src=\"https://h5.sinaimg.cn/m/emoticon/icon/others/l_shangxin-49b2fe44a6.png\" style=\"width:1em; height:1em;\" /></span>", "like_counts": 0, "liked": false}, {"id": 4470892899807270, "created_at": "2020-02-11", "source": "", "user": {"id": 7199005165, "screen_name": "\u6dee\u5357\u653f\u6cd5", "profile_image_url": "https://tvax1.sinaimg.cn/crop.0.0.150.150.180/007Rci6xly8gdi7it64k8j3046046743.jpg?KID=imgbed,tva&Expires=1619210696&ssig=%2FvIj3cY7zH", "verified": true, "verified_type": 1, "followers_count": 1459, "verified_type_ext": 50, "mbtype": 0, "profile_url": "https://m.weibo.cn/u/7199005165?uid=7199005165", "remark": "", "following": false, "follow_me": false}, "text": "WHO\uff1a<a class='k' href='https://m.weibo.cn/search?containerid=231522type%3D1%26t%3D10%26q%3D%23%E6%96%B0%E5%86%A0%E7%97%85%E6%AF%92%E4%B8%8D%E6%80%95%E7%82%8E%E7%83%AD%E6%B9%BF%E6%B6%A6%E5%A4%A9%E6%B0%94%23'>#\u65b0\u51a0\u75c5\u6bd2\u4e0d\u6015\u708e\u70ed\u6e7f\u6da6\u5929\u6c14#</a>\uff0c\u6e7f\u70ed\u3001\u5e72\u51b7\u56fd\u5bb6\u5747\u6709\u4f20\u64ad<span class=\"url-icon\"><img alt=[\u4f24\u5fc3] src=\"https://h5.sinaimg.cn/m/emoticon/icon/others/l_shangxin-49b2fe44a6.png\" style=\"width:1em; height:1em;\" /></span>", "like_counts": 0, "liked": false}, {"id": 4470852542050713, "created_at": "2020-02-11", "source": "", "user": {"id": 7198525224, "screen_name": "\u961c\u9633\u653f\u6cd5\u5728\u7ebf", "profile_image_url": "https://tvax3.sinaimg.cn/crop.0.0.1002.1002.180/007Rahfyly8gdinq5n9uuj30ru0rujt7.jpg?KID=imgbed,tva&Expires=1619210698&ssig=gF59LALeDP", "verified": true, "verified_type": 2, "followers_count": 41, "verified_type_ext": 50, "mbtype": 0, "profile_url": "https://m.weibo.cn/u/7198525224?uid=7198525224", "remark": "", "following": false, "follow_me": false}, "text": "WHO\uff1a<a class='k' href='https://m.weibo.cn/search?containerid=231522type%3D1%26t%3D10%26q%3D%23%E6%96%B0%E5%86%A0%E7%97%85%E6%AF%92%E4%B8%8D%E6%80%95%E7%82%8E%E7%83%AD%E6%B9%BF%E6%B6%A6%E5%A4%A9%E6%B0%94%23'>#\u65b0\u51a0\u75c5\u6bd2\u4e0d\u6015\u708e\u70ed\u6e7f\u6da6\u5929\u6c14#</a>\uff0c\u6e7f\u70ed\u3001\u5e72\u51b7\u56fd\u5bb6\u5747\u6709\u4f20\u64ad<span class=\"url-icon\"><img alt=[\u4f24\u5fc3] src=\"https://h5.sinaimg.cn/m/emoticon/icon/others/l_shangxin-49b2fe44a6.png\" style=\"width:1em; height:1em;\" /></span>", "like_counts": 0, "liked": false}, {"id": 4470825677299545, "created_at": "2020-02-11", "source": "", "user": {"id": 5105612481, "screen_name": "\u57c7\u6865\u653f\u6cd5\u7efc\u6cbb", "profile_image_url": "https://tvax3.sinaimg.cn/crop.0.0.768.768.180/005zwD2ply8gdkzm6xvg1j30lc0lck1h.jpg?KID=imgbed,tva&Expires=1619210698&ssig=r%2FJRMr2lqu", "verified": true, "verified_type": 1, "followers_count": 1367, "verified_type_ext": 0, "mbtype": 0, "profile_url": "https://m.weibo.cn/u/5105612481?uid=5105612481", "remark": "", "following": false, "follow_me": false}, "text": "WHO\uff1a<a class='k' href='https://m.weibo.cn/search?containerid=231522type%3D1%26t%3D10%26q%3D%23%E6%96%B0%E5%86%A0%E7%97%85%E6%AF%92%E4%B8%8D%E6%80%95%E7%82%8E%E7%83%AD%E6%B9%BF%E6%B6%A6%E5%A4%A9%E6%B0%94%23'>#\u65b0\u51a0\u75c5\u6bd2\u4e0d\u6015\u708e\u70ed\u6e7f\u6da6\u5929\u6c14#</a>\uff0c\u6e7f\u70ed\u3001\u5e72\u51b7\u56fd\u5bb6\u5747\u6709\u4f20\u64ad<span class=\"url-icon\"><img alt=[\u4f24\u5fc3] src=\"https://h5.sinaimg.cn/m/emoticon/icon/others/l_shangxin-49b2fe44a6.png\" style=\"width:1em; height:1em;\" /></span>", "like_counts": 0, "liked": false}, {"id": 4470790311296809, "created_at": "2020-02-11", "source": "", "user": {"id": 7205776331, "screen_name": "\u9ec4\u5c71\u653f\u6cd5", "profile_image_url": "https://tvax1.sinaimg.cn/crop.0.0.664.664.180/007REHATly8gdidulpk5yj30ig0ihdh2.jpg?KID=imgbed,tva&Expires=1619210698&ssig=vJM6BW3kpY", "verified": true, "verified_type": 1, "followers_count": 10591, "verified_type_ext": 50, "mbtype": 0, "profile_url": "https://m.weibo.cn/u/7205776331?uid=7205776331", "remark": "", "following": false, "follow_me": false}, "text": "\u3010WHO\uff1a<a class='k' href='https://m.weibo.cn/search?containerid=231522type%3D1%26t%3D10%26q%3D%23%E6%96%B0%E5%86%A0%E7%97%85%E6%AF%92%E4%B8%8D%E6%80%95%E7%82%8E%E7%83%AD%E6%B9%BF%E6%B6%A6%E5%A4%A9%E6%B0%94%23'>#\u65b0\u51a0\u75c5\u6bd2\u4e0d\u6015\u708e\u70ed\u6e7f\u6da6\u5929\u6c14#</a>\uff0c\u6e7f\u70ed\u3001\u5e72\u51b7\u56fd\u5bb6\u5747\u6709\u4f20\u64ad<span class=\"url-icon\"><img alt=[\u4f24\u5fc3] src=\"https://h5.sinaimg.cn/m/emoticon/icon/others/l_shangxin-49b2fe44a6.png\" style=\"width:1em; height:1em;\" /></span>\u3011", "like_counts": 0, "liked": false}, {"id": 4470787719338396, "created_at": "2020-02-11", "source": "", "user": {"id": 6525348229, "screen_name": "\u957f\u5b89\u768b\u57ce", "profile_image_url": "https://tvax4.sinaimg.cn/crop.0.0.1002.1002.180/0077BHa5ly8gdilpnow0gj30ru0ru74y.jpg?KID=imgbed,tva&Expires=1619210698&ssig=zfkIWLdpyC", "verified": true, "verified_type": 1, "followers_count": 234, "verified_type_ext": 0, "mbtype": 0, "profile_url": "https://m.weibo.cn/u/6525348229?uid=6525348229", "remark": "", "following": false, "follow_me": false}, "text": "\u3010WHO\uff1a<a class='k' href='https://m.weibo.cn/search?containerid=231522type%3D1%26t%3D10%26q%3D%23%E6%96%B0%E5%86%A0%E7%97%85%E6%AF%92%E4%B8%8D%E6%80%95%E7%82%8E%E7%83%AD%E6%B9%BF%E6%B6%A6%E5%A4%A9%E6%B0%94%23'>#\u65b0\u51a0\u75c5\u6bd2\u4e0d\u6015\u708e\u70ed\u6e7f\u6da6\u5929\u6c14#</a>\uff0c\u6e7f\u70ed\u3001\u5e72\u51b7\u56fd\u5bb6\u5747\u6709\u4f20\u64ad<span class=\"url-icon\"><img alt=[\u4f24\u5fc3] src=\"https://h5.sinaimg.cn/m/emoticon/icon/others/l_shangxin-49b2fe44a6.png\" style=\"width:1em; height:1em;\" /></span>\u3011", "like_counts": 0, "liked": false}, {"id": 4470783189932366, "created_at": "2020-02-11", "source": "", "user": {"id": 6573411220, "screen_name": "\u829c\u6e56\u957f\u5b89", "profile_image_url": "https://tvax4.sinaimg.cn/crop.0.0.300.300.180/007aRmxCly8gdi5gnvc19j308c08caao.jpg?KID=imgbed,tva&Expires=1619210698&ssig=TD6wX3tKHa", "verified": true, "verified_type": 1, "followers_count": 2319, "verified_type_ext": 0, "mbtype": 12, "profile_url": "https://m.weibo.cn/u/6573411220?uid=6573411220", "remark": "", "following": false, "follow_me": false}, "text": "\u3010WHO\uff1a<a class='k' href='https://m.weibo.cn/search?containerid=231522type%3D1%26t%3D10%26q%3D%23%E6%96%B0%E5%86%A0%E7%97%85%E6%AF%92%E4%B8%8D%E6%80%95%E7%82%8E%E7%83%AD%E6%B9%BF%E6%B6%A6%E5%A4%A9%E6%B0%94%23'>#\u65b0\u51a0\u75c5\u6bd2\u4e0d\u6015\u708e\u70ed\u6e7f\u6da6\u5929\u6c14#</a>\uff0c\u6e7f\u70ed\u3001\u5e72\u51b7\u56fd\u5bb6\u5747\u6709\u4f20\u64ad<span class=\"url-icon\"><img alt=[\u4f24\u5fc3] src=\"https://h5.sinaimg.cn/m/emoticon/icon/others/l_shangxin-49b2fe44a6.png\" style=\"width:1em; height:1em;\" /></span>\u3011", "like_counts": 0, "liked": false}, {"id": 4470765921744225, "created_at": "2020-02-11", "source": "", "user": {"id": 6392886792, "screen_name": "\u868c\u57e0\u653f\u6cd5", "profile_image_url": "https://tvax4.sinaimg.cn/crop.229.76.900.900.180/006YDTTily8gdinkgg506j31900u0n6a.jpg?KID=imgbed,tva&Expires=1619210698&ssig=X1drWe52Ue", "verified": true, "verified_type": 1, "followers_count": 617, "verified_type_ext": 0, "mbtype": 0, "profile_url": "https://m.weibo.cn/u/6392886792?uid=6392886792", "remark": "", "following": false, "follow_me": false}, "text": "\u3010WHO\uff1a<a class='k' href='https://m.weibo.cn/search?containerid=231522type%3D1%26t%3D10%26q%3D%23%E6%96%B0%E5%86%A0%E7%97%85%E6%AF%92%E4%B8%8D%E6%80%95%E7%82%8E%E7%83%AD%E6%B9%BF%E6%B6%A6%E5%A4%A9%E6%B0%94%23'>#\u65b0\u51a0\u75c5\u6bd2\u4e0d\u6015\u708e\u70ed\u6e7f\u6da6\u5929\u6c14#</a>\uff0c\u6e7f\u70ed\u3001\u5e72\u51b7\u56fd\u5bb6\u5747\u6709\u4f20\u64ad<span class=\"url-icon\"><img alt=[\u4f24\u5fc3] src=\"https://h5.sinaimg.cn/m/emoticon/icon/others/l_shangxin-49b2fe44a6.png\" style=\"width:1em; height:1em;\" /></span>\u3011", "like_counts": 0, "liked": false}, {"id": 4470759986341869, "created_at": "2020-02-11", "source": "", "user": {"id": 7208125324, "screen_name": "\u957f\u5b89\u836f\u90fd", "profile_image_url": "https://tvax3.sinaimg.cn/crop.3.0.274.274.180/007ROyFSly1g4eecp2iehj307s07m74m.jpg?KID=imgbed,tva&Expires=1619210698&ssig=NY3KRoC%2BYL", "verified": true, "verified_type": 1, "followers_count": 2656, "verified_type_ext": 50, "mbtype": 0, "profile_url": "https://m.weibo.cn/u/7208125324?uid=7208125324", "remark": "", "following": false, "follow_me": false}, "text": "WHO\uff1a<a class='k' href='https://m.weibo.cn/search?containerid=231522type%3D1%26t%3D10%26q%3D%23%E6%96%B0%E5%86%A0%E7%97%85%E6%AF%92%E4%B8%8D%E6%80%95%E7%82%8E%E7%83%AD%E6%B9%BF%E6%B6%A6%E5%A4%A9%E6%B0%94%23'>#\u65b0\u51a0\u75c5\u6bd2\u4e0d\u6015\u708e\u70ed\u6e7f\u6da6\u5929\u6c14#</a>\uff0c\u6e7f\u70ed\u3001\u5e72\u51b7\u56fd\u5bb6\u5747\u6709\u4f20\u64ad<span class=\"url-icon\"><img alt=[\u4f24\u5fc3] src=\"https://h5.sinaimg.cn/m/emoticon/icon/others/l_shangxin-49b2fe44a6.png\" style=\"width:1em; height:1em;\" /></span>", "like_counts": 0, "liked": false}, {"id": 4470725002157965, "created_at": "2020-02-11", "source": "", "user": {"id": 7206379042, "screen_name": "\u957f\u5b89\u94dc\u9675", "profile_image_url": "https://tvax4.sinaimg.cn/crop.0.0.888.888.180/007RHeo2ly8gdjz7f9996j30oo0oot9q.jpg?KID=imgbed,tva&Expires=1619210698&ssig=cB32MIUVa%2B", "verified": true, "verified_type": 1, "followers_count": 7748, "verified_type_ext": 50, "mbtype": 0, "profile_url": "https://m.weibo.cn/u/7206379042?uid=7206379042", "remark": "", "following": false, "follow_me": false}, "text": "WHO\uff1a<a class='k' href='https://m.weibo.cn/search?containerid=231522type%3D1%26t%3D10%26q%3D%23%E6%96%B0%E5%86%A0%E7%97%85%E6%AF%92%E4%B8%8D%E6%80%95%E7%82%8E%E7%83%AD%E6%B9%BF%E6%B6%A6%E5%A4%A9%E6%B0%94%23'>#\u65b0\u51a0\u75c5\u6bd2\u4e0d\u6015\u708e\u70ed\u6e7f\u6da6\u5929\u6c14#</a>\uff0c\u6e7f\u70ed\u3001\u5e72\u51b7\u56fd\u5bb6\u5747\u6709\u4f20\u64ad<span class=\"url-icon\"><img alt=[\u4f24\u5fc3] src=\"https://h5.sinaimg.cn/m/emoticon/icon/others/l_shangxin-49b2fe44a6.png\" style=\"width:1em; height:1em;\" /></span>", "like_counts": 0, "liked": false}, {"id": 4470722908394326, "created_at": "2020-02-11", "source": "", "user": {"id": 7207553457, "screen_name": "\u9a6c\u978d\u5c71\u653f\u6cd5", "profile_image_url": "https://tvax1.sinaimg.cn/crop.0.0.750.750.180/007RM9Udly8gdi6k81te4j30ku0kuabf.jpg?KID=imgbed,tva&Expires=1619210698&ssig=qG%2BgMVPKUX", "verified": true, "verified_type": 1, "followers_count": 242, "verified_type_ext": 50, "mbtype": 0, "profile_url": "https://m.weibo.cn/u/7207553457?uid=7207553457", "remark": "", "following": false, "follow_me": false}, "text": "WHO\uff1a<a class='k' href='https://m.weibo.cn/search?containerid=231522type%3D1%26t%3D10%26q%3D%23%E6%96%B0%E5%86%A0%E7%97%85%E6%AF%92%E4%B8%8D%E6%80%95%E7%82%8E%E7%83%AD%E6%B9%BF%E6%B6%A6%E5%A4%A9%E6%B0%94%23'>#\u65b0\u51a0\u75c5\u6bd2\u4e0d\u6015\u708e\u70ed\u6e7f\u6da6\u5929\u6c14#</a>\uff0c\u6e7f\u70ed\u3001\u5e72\u51b7\u56fd\u5bb6\u5747\u6709\u4f20\u64ad<span class=\"url-icon\"><img alt=[\u4f24\u5fc3] src=\"https://h5.sinaimg.cn/m/emoticon/icon/others/l_shangxin-49b2fe44a6.png\" style=\"width:1em; height:1em;\" /></span>", "like_counts": 0, "liked": false}]