[{"visible": {"type": 0, "list_id": 0}, "created_at": "Sat Jul 11 11:36:01 +0800 2020", "id": "4525465689178097", "mid": "4525465689178097", "can_edit": false, "version": 1, "show_additional_indication": 0, "text": "\u3010\u5384\u74dc\u591a\u5c14\u51bb\u5357\u7f8e\u767d\u867e\u5916\u5305\u88c5\u68c0\u51fa\u65b0\u51a0\u75c5\u6bd2 \u5317\u4eac\u90e8\u5206\u9910\u5385\u4e0b\u67b6\u6b64\u7c7b\u83dc\u54c1\u30117\u670810\u65e5\uff0c\u6d77\u5173\u603b\u7f72\u901a\u62a5\uff0c\u4ece\u5384\u74dc\u591a\u5c14\u51bb\u5357\u7f8e\u767d\u867e\u5916\u5305\u88c5\u68c0\u51fa\u65b0\u51a0\u75c5\u6bd2\u3002\u5f53\u65e5\uff0c\u8bb0\u8005\u8be2\u95ee\u5317\u4eac\u591a\u5bb6\u9910\u5385\u3002\u6728\u5c4b\u70e7\u70e4\u548c\u8239\u6b4c\u9c7c\u6c34\u997a\u8868\u793a\uff0c\u8be5\u83dc\u54c1\u5df2\u7ecf\u4e0b\u67b6\uff1b\u5477\u54fa\u5477\u54fa\u548c\u6e4a\u6e4a\u706b\u9505\u4ecd\u7136\u552e\u5356\u8fd9\u9053\u83dc\u54c1\uff0c\u4ed6\u4eec\u8868\u793a\u98df\u6750\u662f\u7ecf\u8fc7\u6838\u9178\u68c0\u6d4b\u7684\u3002\u6709\u7684\u751f\u9c9c\u96f6\u552e\u5546\u53ef ...<a href=\"/status/4525465689178097\">\u5168\u6587</a>", "textLength": 344, "source": "\u5fae\u535a\u89c6\u9891\u53f7", "favorited": false, "pic_ids": [], "pic_types": "", "is_paid": false, "mblog_vip_type": 0, "user": {"id": 6124642021, "screen_name": "\u65b0\u4eac\u62a5\u6211\u4eec\u89c6\u9891", "profile_image_url": "https://tvax1.sinaimg.cn/crop.0.0.512.512.180/006GunaJly8gdi750gx6pj30e80e8jrl.jpg?KID=imgbed,tva&Expires=1619207828&ssig=v7Y%2B7H%2FweM", "profile_url": "https://m.weibo.cn/u/6124642021?uid=6124642021", "statuses_count": 76872, "verified": true, "verified_type": 3, "verified_type_ext": 0, "verified_reason": "\u65b0\u4eac\u62a5\u201c\u6211\u4eec\u89c6\u9891\u201d\u5b98\u65b9\u5fae\u535a", "close_blue_v": false, "description": "\u65b0\u4eac\u62a5\u6211\u4eec\u89c6\u9891\u5b98\u65b9\u5fae\u535a\uff0c\u6709\u507f\u5f81\u96c6\u7a81\u53d1\u65b0\u95fb\u3001\u7206\u6599\u4f9b\u7a3f\u3001\u6838\u5fc3\u73b0\u573a\uff0c\u5fae\u4fe1 wmsp_pz\u6216\u90ae\u7bb1wmsp_pz@163.com", "gender": "m", "mbtype": 12, "urank": 36, "mbrank": 6, "follow_me": false, "following": false, "followers_count": 14491502, "follow_count": 967, "cover_image_phone": "https://wx3.sinaimg.cn/crop.0.0.640.640.640/006GunaJly1gdi7em4hkvj30e80e80tv.jpg", "avatar_hd": "https://wx1.sinaimg.cn/orj480/006GunaJly8gdi750gx6pj30e80e8jrl.jpg", "like": false, "like_me": false, "badge": {"follow_whitelist_video": 1, "video_attention": 4, "user_name_certificate": 1, "wenchuan_10th": 1, "qixi_2018": 1, "meilizhongguo_2018": 1, "weibo_display_fans": 1, "relation_display": 1, "memorial_2018": 1, "wusi_2019": 1, "hongrenjie_2019": 1, "rrgyj_2019": 1, "weishi_2019": 1, "starlight_2019": 1, "gongjiri_2019": 1, "hongbao_2020": 2, "feiyan_2020": 1, "graduation_2020": 1, "pc_new": 6, "school_2020": 1, "hongrenjie_2020": 1, "weibozhiye_2020": 1, "hongbaofeifuniu_2021": 1, "weibozhiyexianxia_2021": 1, "earthguarder_2021": 1}}, "reposts_count": 36, "comments_count": 49, "attitudes_count": 160, "pending_approval_count": 0, "isLongText": true, "reward_exhibition_type": 0, "hide_flag": 0, "mlevel": 0, "darwin_tags": [], "mblogtype": 0, "more_info_type": 0, "cardid": "star_583", "content_auth": 0, "safe_tags": 131072, "pic_num": 0, "page_info": {"type": "video", "object_type": 11, "url_ori": "http://t.cn/A6y6zwv3", "page_pic": {"width": 640, "url": "https://imgaliyuncdn.miaopai.com/images/CsaXlJpAuYwtPiCRxPYS4JtRr0to3bJFJY72Ig___2JYA_4.jpg", "height": 360}, "page_url": "https://weibo.cn/sinaurl?u=http%3A%2F%2Fmiaopai.com%2Fshow%2FCsaXlJpAuYwtPiCRxPYS4JtRr0to3bJFJY72Ig__.htm", "object_id": "2017607:4525465684344843", "page_title": "\u65b0\u4eac\u62a5\u6211\u4eec\u89c6\u9891\u7684\u79d2\u62cd\u89c6\u9891", "title": "\u5384\u74dc\u591a\u5c14\u51bb\u5357\u7f8e\u767d\u867e\u5916\u5305\u88c5\u68c0\u51fa\u65b0\u51a0\u75c5\u6bd2 \u90e8\u5206\u9910\u5385\u4e0b\u67b6\u6b64\u7c7b\u83dc\u54c1", "content1": "\u65b0\u4eac\u62a5\u6211\u4eec\u89c6\u9891\u7684\u79d2\u62cd\u89c6\u9891", "content2": "\u5384\u74dc\u591a\u5c14\u51bb\u5357\u7f8e\u767d\u867e\u5916\u5305\u88c5\u68c0\u51fa\u65b0\u51a0\u75c5\u6bd2 \u90e8\u5206\u9910\u5385\u4e0b\u67b6\u6b64\u7c7b\u83dc\u54c1 via@\u65b0\u4eac\u62a5\u6211\u4eec\u89c6\u9891", "video_orientation": "horizontal", "play_count": "17\u4e07\u6b21\u64ad\u653e", "media_info": {"stream_url": "http://miaopai.video.weibocdn.com/C4yqxTT6lx07EKyRIY6401041200bjYd0E013.mp4?label=mp4_ld&template=640x360.25.0&trans_finger=40a32e8439c5409a63ccf853562a60ef&ori=0&ps=1BThihd3VLAY5R&Expires=1619200628&ssig=NV4OpuzenO&KID=unistore,video", "stream_url_hd": "http://miaopai.video.weibocdn.com/ZpNS10gmlx07EKyS4OU801041200hCfN0E013.mp4?label=mp4_hd&template=852x480.25.0&trans_finger=62b30a3f061b162e421008955c73f536&ori=0&ps=1BThihd3VLAY5R&Expires=1619200628&ssig=9G1i23POye&KID=unistore,video", "duration": 83.382}, "urls": {"mp4_720p_mp4": "http://miaopai.video.weibocdn.com/wjkoHr0ulx07EKyT4scw01041200zJgK0E013.mp4?label=mp4_720p&template=1280x720.25.0&trans_finger=1f0da16358befad33323e3a1b7f95fc9&ori=0&ps=1BThihd3VLAY5R&Expires=1619200628&ssig=jQ5ORlVfe7&KID=unistore,video", "mp4_hd_mp4": "http://miaopai.video.weibocdn.com/ZpNS10gmlx07EKyS4OU801041200hCfN0E013.mp4?label=mp4_hd&template=852x480.25.0&trans_finger=62b30a3f061b162e421008955c73f536&ori=0&ps=1BThihd3VLAY5R&Expires=1619200628&ssig=9G1i23POye&KID=unistore,video", "mp4_ld_mp4": "http://miaopai.video.weibocdn.com/C4yqxTT6lx07EKyRIY6401041200bjYd0E013.mp4?label=mp4_ld&template=640x360.25.0&trans_finger=40a32e8439c5409a63ccf853562a60ef&ori=0&ps=1BThihd3VLAY5R&Expires=1619200628&ssig=NV4OpuzenO&KID=unistore,video"}}, "bid": "JaGtGCvDP"}, {"visible": {"type": 0, "list_id": 0}, "created_at": "Sun Jul 12 16:42:03 +0800 2020", "id": "4525905088749553", "mid": "4525905088749553", "can_edit": false, "show_additional_indication": 0, "text": "\u8f6c\u53d1\u5fae\u535a", "source": "iPhone\u5ba2\u6237\u7aef", "favorited": false, "pic_ids": [], "pic_types": "", "is_paid": false, "mblog_vip_type": 0, "user": {"id": 6596620984, "screen_name": "jssdbz", "profile_image_url": "https://tvax1.sinaimg.cn/crop.0.0.1080.1080.180/007cqKsEly8gewx449yt9j30u00u041y.jpg?KID=imgbed,tva&Expires=1619207828&ssig=lOMKvu%2Fx%2BY", "profile_url": "https://m.weibo.cn/u/6596620984?uid=6596620984", "statuses_count": 252, "verified": false, "verified_type": -1, "close_blue_v": false, "description": "\u559c\u6b22\u6e29\u67d4 \u800c\u4f60\u662f\u6e29\u67d4\u672c\u8eab\u3002", "gender": "m", "mbtype": 0, "urank": 7, "mbrank": 0, "follow_me": false, "following": false, "followers_count": 22, "follow_count": 261, "cover_image_phone": "https://tva1.sinaimg.cn/crop.0.0.640.640.640/549d0121tw1egm1kjly3jj20hs0hsq4f.jpg", "avatar_hd": "https://wx1.sinaimg.cn/orj480/007cqKsEly8gewx449yt9j30u00u041y.jpg", "like": false, "like_me": false, "badge": {"panda": 1, "user_name_certificate": 1, "dailv_2018": 1, "hongrenjie_2019": 1}}, "reposts_count": 0, "comments_count": 0, "attitudes_count": 0, "pending_approval_count": 0, "isLongText": false, "reward_exhibition_type": 0, "hide_flag": 0, "mlevel": 0, "darwin_tags": [], "mblogtype": 0, "more_info_type": 0, "number_display_strategy": {"apply_scenario_flag": 3, "display_text_min_number": 1000000, "display_text": "100\u4e07+"}, "content_auth": 0, "repost_type": 1, "pic_num": 0, "alchemy_params": {"ug_red_envelope": false}, "raw_text": "\u8f6c\u53d1\u5fae\u535a", "bid": "JaRUoAI9P"}, {"visible": {"type": 0, "list_id": 0}, "created_at": "Sun Jul 12 11:44:54 +0800 2020", "id": "4525830309055517", "mid": "4525830309055517", "can_edit": false, "show_additional_indication": 0, "text": "\u6211\u5728\u72b9\u8c6b\u8981\u4e0d\u8981\u628a\u51b0\u7bb1\u91cc\u7684\u5384\u74dc\u591a\u5c14\u767d\u867e\u6254\u6389<span class=\"url-icon\"><img alt=[\u6cea] src=\"https://h5.sinaimg.cn/m/emoticon/icon/default/d_lei-4cdf6ee412.png\" style=\"width:1em; height:1em;\" /></span>", "source": "\u8363\u8000Note10 \u5927\u5c4f\u65d7\u8230", "favorited": false, "pic_ids": [], "pic_types": "", "is_paid": false, "mblog_vip_type": 0, "user": {"id": 5828787545, "screen_name": "\u8ff7\u4eba\u7684\u5934\u50cf\u5373\u672c\u5b9d\u5b9d\u5a77", "profile_image_url": "https://tvax4.sinaimg.cn/crop.0.0.996.996.180/006msZUlly8gm70nwednsj30ro0roq6q.jpg?KID=imgbed,tva&Expires=1619207828&ssig=b3OLu2qyAO", "profile_url": "https://m.weibo.cn/u/5828787545?uid=5828787545", "statuses_count": 43112, "verified": false, "verified_type": -1, "close_blue_v": false, "description": "\u4e1c\u5317\u6c88\u66fc\u9752", "gender": "f", "mbtype": 0, "urank": 9, "mbrank": 0, "follow_me": false, "following": false, "followers_count": 265, "follow_count": 153, "cover_image_phone": "https://tva1.sinaimg.cn/crop.0.0.640.640.640/549d0121tw1egm1kjly3jj20hs0hsq4f.jpg", "avatar_hd": "https://wx4.sinaimg.cn/orj480/006msZUlly8gm70nwednsj30ro0roq6q.jpg", "like": false, "like_me": false, "badge": {"bind_taobao": 1, "unread_pool": 1, "unread_pool_ext": 1, "dzwbqlx_2016": 1, "super_star_2017": 1, "travel_2017": 1, "user_name_certificate": 1, "suishoupai_2018": 8, "wenchuan_10th": 1, "super_star_2018": 1, "worldcup_2018": 34, "dailv_2018": 1, "qixi_2018": 1, "double11_2018": 1, "memorial_2018": 1, "hongbaofei_2019": 1, "suishoupai_2019": 1, "hongrenjie_2019": 1, "china_2019": 1, "hongkong_2019": 1, "dzwbqlx_2019": 1, "rrgyj_2019": 1, "shuang11_2019": 1, "wbzy_2019": 1, "macao_2019": 1, "china_2019_2": 1, "hongbao_2020": 2, "feiyan_2020": 1, "dailv_2020": 1, "movie_2020": 1, "school_2020": 1, "hongrenjie_2020": 1, "china_2020": 1, "hongbaofeifuniu_2021": 1, "weibozhiyexianxia_2021": 1, "nihaoshenghuojie_2021": 1, "lvzhilingyang_2021": 1}}, "pid": 4525830220638688, "pidstr": "4525830220638688", "reposts_count": 0, "comments_count": 0, "attitudes_count": 0, "pending_approval_count": 0, "isLongText": false, "reward_exhibition_type": 0, "hide_flag": 0, "mlevel": 0, "darwin_tags": [], "mblogtype": 0, "more_info_type": 0, "cardid": "star_11247_common", "number_display_strategy": {"apply_scenario_flag": 3, "display_text_min_number": 1000000, "display_text": "100\u4e07+"}, "content_auth": 0, "repost_type": 1, "pic_num": 0, "alchemy_params": {"ug_red_envelope": false}, "raw_text": "\u6211\u5728\u72b9\u8c6b\u8981\u4e0d\u8981\u628a\u51b0\u7bb1\u91cc\u7684\u5384\u74dc\u591a\u5c14\u767d\u867e\u6254\u6389[\u6cea]", "bid": "JaPXMBZKJ"}, {"visible": {"type": 0, "list_id": 0}, "created_at": "Sat Jul 11 23:13:05 +0800 2020", "id": "4525641107682031", "mid": "4525641107682031", "can_edit": false, "show_additional_indication": 0, "text": "\u8f6c\u53d1", "source": "iPhone\u5ba2\u6237\u7aef", "favorited": false, "pic_ids": [], "pic_types": "", "is_paid": false, "mblog_vip_type": 0, "user": {"id": 1782681807, "screen_name": "JaneGrey\u7231\u597d\u7279\u522b\u5e7f\u6cdb", "profile_image_url": "https://tvax3.sinaimg.cn/crop.0.0.812.812.180/6a4190cfly8gavo56k60kj20mk0mkdhu.jpg?KID=imgbed,tva&Expires=1619207828&ssig=1C0XuJWwre", "profile_url": "https://m.weibo.cn/u/1782681807?uid=1782681807", "statuses_count": 8417, "verified": false, "verified_type": 220, "close_blue_v": false, "description": "", "gender": "m", "mbtype": 0, "urank": 48, "mbrank": 0, "follow_me": false, "following": false, "followers_count": 982, "follow_count": 536, "cover_image_phone": "https://tva2.sinaimg.cn/crop.0.0.640.640.640/a1d3feabjw1ecasunmkncj20hs0hsq4j.jpg", "avatar_hd": "https://wx3.sinaimg.cn/orj480/6a4190cfly8gavo56k60kj20mk0mkdhu.jpg", "like": false, "like_me": false, "badge": {"anniversary": 1, "bind_taobao": 1, "unread_pool": 1, "unread_pool_ext": 1, "dzwbqlx_2016": 1, "travel_2017": 1, "user_name_certificate": 1, "wenchuan_10th": 1, "worldcup_2018": 34, "dailv_2018": 3, "national_day_2018": 1, "double11_2018": 1, "memorial_2018": 1, "hongbaofei_2019": 1, "fu_2019": 1, "hongrenjie_2019": 1, "china_2019": 1, "hongkong_2019": 1, "wbzy_2019": 1, "hongbao_2020": 2, "feiyan_2020": 1, "school_2020": 1, "weibozhiye_2020": 1, "hongbaofeifuniu_2021": 1, "hongbaofeijika_2021": 1}}, "reposts_count": 0, "comments_count": 0, "attitudes_count": 0, "pending_approval_count": 0, "isLongText": false, "reward_exhibition_type": 0, "hide_flag": 0, "mlevel": 0, "darwin_tags": [], "mblogtype": 0, "more_info_type": 0, "number_display_strategy": {"apply_scenario_flag": 3, "display_text_min_number": 1000000, "display_text": "100\u4e07+"}, "content_auth": 0, "repost_type": 1, "pic_num": 0, "alchemy_params": {"ug_red_envelope": false}, "raw_text": "\u8f6c\u53d1", "bid": "JaL2CwerJ"}, {"visible": {"type": 0, "list_id": 0}, "created_at": "Sat Jul 11 21:52:28 +0800 2020", "id": "4525620823891102", "mid": "4525620823891102", "can_edit": false, "show_additional_indication": 0, "text": "\u8f6c\u53d1\u5fae\u535a", "source": "iPhone\u5ba2\u6237\u7aef", "favorited": false, "pic_ids": [], "pic_types": "", "is_paid": false, "mblog_vip_type": 0, "user": {"id": 2639830347, "screen_name": "\u5357\u6e90\u5927\u65fa", "profile_image_url": "https://tva3.sinaimg.cn/crop.1.0.638.638.180/9d589d4bjw8ep8ona7qnjj20hs0hqt9h.jpg?KID=imgbed,tva&Expires=1619207828&ssig=h9Px03ssp2", "profile_url": "https://m.weibo.cn/u/2639830347?uid=2639830347", "statuses_count": 24662, "verified": false, "verified_type": -1, "close_blue_v": false, "description": "\u7231\u4f60\u6240\u7231\uff0c\u884c\u4f60\u6240\u884c\uff0c\u542c\u4ece\u4f60\u5fc3", "gender": "m", "mbtype": 2, "urank": 43, "mbrank": 6, "follow_me": false, "following": false, "followers_count": 279, "follow_count": 276, "cover_image_phone": "https://tva1.sinaimg.cn/crop.0.0.640.640.640/549d0121tw1egm1kjly3jj20hs0hsq4f.jpg", "avatar_hd": "https://ww3.sinaimg.cn/orj480/9d589d4bjw8ep8ona7qnjj20hs0hqt9h.jpg", "like": false, "like_me": false, "badge": {"unread_pool": 1, "unread_pool_ext": 1, "dzwbqlx_2016": 1, "user_name_certificate": 1, "wenchuan_10th": 1, "worldcup_2018": 34, "qixi_2018": 1, "national_day_2018": 1, "memorial_2018": 1, "china_2019": 1, "hongkong_2019": 1, "gongjiri_2019": 1, "macao_2019": 1, "china_2019_2": 1, "hongbao_2020": 2, "feiyan_2020": 1, "dailv_2020": 1, "school_2020": 1, "china_2020": 1}}, "reposts_count": 0, "comments_count": 0, "attitudes_count": 0, "pending_approval_count": 0, "isLongText": false, "reward_exhibition_type": 0, "hide_flag": 0, "mlevel": 0, "darwin_tags": [], "mblogtype": 0, "more_info_type": 0, "number_display_strategy": {"apply_scenario_flag": 3, "display_text_min_number": 1000000, "display_text": "100\u4e07+"}, "content_auth": 0, "repost_type": 1, "pic_num": 0, "alchemy_params": {"ug_red_envelope": false}, "raw_text": "\u8f6c\u53d1\u5fae\u535a", "bid": "JaKvUgkfI"}, {"visible": {"type": 0, "list_id": 0}, "created_at": "Sat Jul 11 20:15:36 +0800 2020", "id": "4525596443375910", "mid": "4525596443375910", "can_edit": false, "show_additional_indication": 0, "text": "\u8f6c\u53d1\u5fae\u535a", "source": "360\u5b89\u5168\u6d4f\u89c8\u5668", "favorited": false, "pic_ids": [], "pic_types": "", "is_paid": false, "mblog_vip_type": 0, "user": {"id": 2336642545, "screen_name": "1043\u5efa\u697c\u8bfb\u62a5", "profile_image_url": "https://tva4.sinaimg.cn/crop.0.0.180.180.180/8b4655f1jw1e8qgp5bmzyj2050050aa8.jpg?KID=imgbed,tva&Expires=1619207828&ssig=qz7%2Fw3Bpmf", "profile_url": "https://m.weibo.cn/u/2336642545?uid=2336642545", "statuses_count": 138034, "verified": false, "verified_type": -1, "close_blue_v": false, "description": "", "gender": "m", "mbtype": 0, "urank": 42, "mbrank": 0, "follow_me": false, "following": false, "followers_count": 19621, "follow_count": 1376, "cover_image_phone": "https://tva1.sinaimg.cn/crop.0.0.640.640.640/549d0121tw1egm1kjly3jj20hs0hsq4f.jpg", "avatar_hd": "https://ww4.sinaimg.cn/orj480/8b4655f1jw1e8qgp5bmzyj2050050aa8.jpg", "like": false, "like_me": false, "badge": {"follow_whitelist_video": 1, "super_star_2017": 1, "lol_gm_2017": 1, "user_name_certificate": 1, "wenchuan_10th": 1, "super_star_2018": 1, "worldcup_2018": 34, "dailv_2018": 1, "asiad_2018": 1, "qixi_2018": 1, "double11_2018": 1, "memorial_2018": 1, "fu_2019": 1, "suishoupai_2019": 1, "wusi_2019": 1, "hongrenjie_2019": 1, "dailv_2019": 1, "china_2019": 1, "hongkong_2019": 1, "dzwbqlx_2019": 1, "gongjiri_2019": 1, "macao_2019": 1, "china_2019_2": 1, "hongbao_2020": 1, "feiyan_2020": 1, "graduation_2020": 1, "dailv_2020": 1, "school_2020": 1, "weibozhiye_2020": 1, "weibozhiyexianxia_2021": 1}}, "reposts_count": 0, "comments_count": 0, "attitudes_count": 0, "pending_approval_count": 0, "isLongText": false, "reward_exhibition_type": 0, "hide_flag": 0, "mlevel": 0, "darwin_tags": [], "mblogtype": 0, "more_info_type": 0, "number_display_strategy": {"apply_scenario_flag": 3, "display_text_min_number": 1000000, "display_text": "100\u4e07+"}, "content_auth": 0, "repost_type": 1, "pic_num": 0, "alchemy_params": {"ug_red_envelope": false}, "raw_text": "\u8f6c\u53d1\u5fae\u535a", "bid": "JaJSAeaea"}, {"visible": {"type": 0, "list_id": 0}, "created_at": "Sat Jul 11 19:51:20 +0800 2020", "id": "4525590340148068", "mid": "4525590340148068", "can_edit": false, "show_additional_indication": 0, "text": "//<a href='/n/\u5e72\u51c0\u4e48\u98df\u5b89'>@\u5e72\u51c0\u4e48\u98df\u5b89</a>:\u8089\u7684\u5305\u88c5\u68c0\u6d4b\u51fa\u7684\u8bdd\uff0c\u6211\u770b\u4f1a\u4e0d\u4f1a\u4e0b\u67b6\u8089\u3002", "source": "iPhone\u5ba2\u6237\u7aef", "favorited": false, "pic_ids": [], "pic_types": "", "is_paid": false, "mblog_vip_type": 0, "user": {"id": 1295687483, "screen_name": "\u5929\u5802\u91cc\u7684\u5b89\u742a\u513f", "profile_image_url": "https://tva2.sinaimg.cn/crop.2.0.180.180.180/4d3a9f3bgw1el3kruicoxj20550550sv.jpg?KID=imgbed,tva&Expires=1619207828&ssig=XHQekGG9Az", "profile_url": "https://m.weibo.cn/u/1295687483?uid=1295687483", "statuses_count": 50741, "verified": false, "verified_type": -1, "close_blue_v": false, "description": "\u8c34\u8d23\u4e0a\u6d77\u764c\u75c7\u6751\uff01\u5b98\u5546\u52fe\u7ed3\uff0c\u6bd2\u5bb3\u65e0\u8f9c\u767e\u59d3\uff0c\u6b8b\u5bb3\u5929\u4f7f\u5973\u7ae5\uff01\u6211\u4eec\u7684\u5973\u513f\u8d70\u4e86\uff0c\u5979\u624d21\u4e2a\u6708\u591a7\u5929\uff0c\u5979\u6765\u8fc7\u3001\u5979\u5f88\u4e56\uff01\u8fd8\u6211\u516c\u9053\uff0c\u8fd8\u6211\u5929\u4f7f\u5973\u513f\uff01", "gender": "f", "mbtype": 0, "urank": 42, "mbrank": 0, "follow_me": false, "following": false, "followers_count": 2753, "follow_count": 1974, "cover_image_phone": "https://tva3.sinaimg.cn/crop.0.0.640.640.640/a1d3feabjw1eca1ktsx9tj20hs0hsjtk.jpg", "avatar_hd": "https://ww2.sinaimg.cn/orj480/4d3a9f3bgw1el3kruicoxj20550550sv.jpg", "like": false, "like_me": false, "badge": {"gongyi_level": 1, "dailv": 1, "zongyiji": 1, "dzwbqlx_2016": 1, "travel_2017": 1, "panda": 1, "user_name_certificate": 1, "wenchuan_10th": 1, "qixi_2018": 1, "national_day_2018": 1, "hongbaofei_2019": 1, "hongbao_2020": 2, "feiyan_2020": 1, "kangyi_2020": 1, "pc_new": 6, "china_2020": 1, "hongbaofeijika_2021": 1}}, "reposts_count": 0, "comments_count": 0, "attitudes_count": 0, "pending_approval_count": 0, "isLongText": false, "reward_exhibition_type": 0, "hide_flag": 0, "mlevel": 0, "darwin_tags": [], "mblogtype": 0, "more_info_type": 0, "number_display_strategy": {"apply_scenario_flag": 3, "display_text_min_number": 1000000, "display_text": "100\u4e07+"}, "content_auth": 0, "repost_type": 5, "pic_num": 0, "alchemy_params": {"ug_red_envelope": false}, "raw_text": "//@\u5e72\u51c0\u4e48\u98df\u5b89:\u8089\u7684\u5305\u88c5\u68c0\u6d4b\u51fa\u7684\u8bdd\uff0c\u6211\u770b\u4f1a\u4e0d\u4f1a\u4e0b\u67b6\u8089\u3002", "bid": "JaJIK0Cwc"}, {"visible": {"type": 0, "list_id": 0}, "created_at": "Sat Jul 11 19:43:32 +0800 2020", "id": "4525588374069727", "mid": "4525588374069727", "can_edit": false, "show_additional_indication": 0, "text": "//<a href='/n/\u5e72\u51c0\u4e48\u98df\u5b89'>@\u5e72\u51c0\u4e48\u98df\u5b89</a>:\u8089\u7684\u5305\u88c5\u68c0\u6d4b\u51fa\u7684\u8bdd\uff0c\u6211\u770b\u4f1a\u4e0d\u4f1a\u4e0b\u67b6\u8089\u3002", "source": "\u8363\u80007X \u5168\u9762\u5c4f\u624b\u673a", "favorited": false, "pic_ids": [], "pic_types": "", "is_paid": false, "mblog_vip_type": 0, "user": {"id": 1254828482, "screen_name": "\u98ce\u7b5d\u4e00\u7ebf\u7275666", "profile_image_url": "https://tva4.sinaimg.cn/crop.0.0.720.720.180/4acb29c2jw8epn7824w6nj20k00k0q44.jpg?KID=imgbed,tva&Expires=1619207828&ssig=iXTIKtiL6y", "profile_url": "https://m.weibo.cn/u/1254828482?uid=1254828482", "statuses_count": 64407, "verified": false, "verified_type": -1, "close_blue_v": false, "description": "\u60f3\u98de\u5374\u98de\u4e0d\u9ad8", "gender": "m", "mbtype": 2, "urank": 45, "mbrank": 1, "follow_me": false, "following": false, "followers_count": 457, "follow_count": 464, "cover_image_phone": "https://wx4.sinaimg.cn/crop.0.0.640.640.640/a1d3feably1fhi7o8yklej20hs0hs19a.jpg", "avatar_hd": "https://ww4.sinaimg.cn/orj480/4acb29c2jw8epn7824w6nj20k00k0q44.jpg", "like": false, "like_me": false, "badge": {"gongyi_level": 1, "bind_taobao": 1, "zongyiji": 1, "unread_pool": 1, "unread_pool_ext": 1, "dzwbqlx_2016": 1, "super_star_2017": 1, "travel_2017": 1, "panda": 1, "user_name_certificate": 1, "suishoupai_2018": 6, "wenchuan_10th": 1, "super_star_2018": 1, "dailv_2018": 7, "asiad_2018": 1, "qixi_2018": 1, "national_day_2018": 1, "memorial_2018": 1, "hongbaofei_2019": 1, "denglong_2019": 1, "fu_2019": 1, "suishoupai_2019": 1, "wusi_2019": 1, "hongrenjie_2019": 1, "china_2019": 1, "hongkong_2019": 1, "dzwbqlx_2019": 1, "gongjiri_2019": 1, "hongbao_2020": 2, "feiyan_2020": 1, "hope_2020": 1, "graduation_2020": 1, "dailv_2020": 7, "school_2020": 1, "china_2020": 1, "zjszgf_2020": 1, "hongbaofeifuniu_2021": 1}}, "pid": 4525583394117044, "pidstr": "4525583394117044", "reposts_count": 0, "comments_count": 0, "attitudes_count": 0, "pending_approval_count": 0, "isLongText": false, "reward_exhibition_type": 0, "hide_flag": 0, "mlevel": 0, "darwin_tags": [], "mblogtype": 0, "more_info_type": 0, "number_display_strategy": {"apply_scenario_flag": 3, "display_text_min_number": 1000000, "display_text": "100\u4e07+"}, "content_auth": 0, "repost_type": 1, "pic_num": 0, "alchemy_params": {"ug_red_envelope": false}, "raw_text": "//@\u5e72\u51c0\u4e48\u98df\u5b89:\u8089\u7684\u5305\u88c5\u68c0\u6d4b\u51fa\u7684\u8bdd\uff0c\u6211\u770b\u4f1a\u4e0d\u4f1a\u4e0b\u67b6\u8089\u3002", "bid": "JaJFzh4IL"}, {"visible": {"type": 0, "list_id": 0}, "created_at": "Sat Jul 11 19:23:45 +0800 2020", "id": "4525583394117044", "mid": "4525583394117044", "can_edit": false, "show_additional_indication": 0, "text": "\u8089\u7684\u5305\u88c5\u68c0\u6d4b\u51fa\u7684\u8bdd\uff0c\u6211\u770b\u4f1a\u4e0d\u4f1a\u4e0b\u67b6\u8089\u3002", "source": "HUAWEI P30", "favorited": false, "pic_ids": [], "pic_types": "", "is_paid": false, "mblog_vip_type": 0, "user": {"id": 2937067297, "screen_name": "\u5e72\u51c0\u4e48\u98df\u5b89", "profile_image_url": "https://tva2.sinaimg.cn/crop.0.0.640.640.180/af101721jw8e82aibiowzj20hs0hswfx.jpg?KID=imgbed,tva&Expires=1619207830&ssig=fDRwhPsEIO", "profile_url": "https://m.weibo.cn/u/2937067297?uid=2937067297", "statuses_count": 26598, "verified": true, "verified_type": 0, "verified_type_ext": 1, "verified_reason": "\u7f8e\u98df\u535a\u4e3b", "close_blue_v": false, "description": "\u9009\u62e9\u5927\u4e8e\u52aa\u529b\uff0c\u4f46\uff0c\u52aa\u529b\u624d\u6709\u9009\u62e9", "gender": "m", "mbtype": 12, "urank": 34, "mbrank": 6, "follow_me": false, "following": false, "followers_count": 33075, "follow_count": 909, "cover_image_phone": "https://wx4.sinaimg.cn/crop.0.0.640.640.640/af101721ly1g4w979xakfj20yi0yitgo.jpg", "avatar_hd": "https://ww2.sinaimg.cn/orj480/af101721jw8e82aibiowzj20hs0hswfx.jpg", "like": false, "like_me": false, "badge": {"gongyi_level": 1, "bind_taobao": 1, "unread_pool": 1, "unread_pool_ext": 1, "dzwbqlx_2016": 1, "user_name_certificate": 1, "wenda_v2": 1, "dailv_2018": 4, "hongbaofei_2019": 1, "suishoupai_2019": 1, "hongrenjie_2019": 1, "rrgyj_2019": 1, "hongbao_2020": 2, "feiyan_2020": 1, "dailv_2020": 1, "school_2020": 1, "hongrenjie_2020": 1, "weibozhiye_2020": 1, "hongbaofeijika_2021": 1}}, "reposts_count": 1, "comments_count": 4, "attitudes_count": 1, "pending_approval_count": 0, "isLongText": false, "reward_exhibition_type": 0, "hide_flag": 0, "mlevel": 0, "darwin_tags": [], "mblogtype": 0, "more_info_type": 0, "number_display_strategy": {"apply_scenario_flag": 3, "display_text_min_number": 1000000, "display_text": "100\u4e07+"}, "content_auth": 0, "repost_type": 3, "pic_num": 0, "alchemy_params": {"ug_red_envelope": false}, "raw_text": "\u8089\u7684\u5305\u88c5\u68c0\u6d4b\u51fa\u7684\u8bdd\uff0c\u6211\u770b\u4f1a\u4e0d\u4f1a\u4e0b\u67b6\u8089\u3002", "bid": "JaJxxhh1W"}, {"visible": {"type": 0, "list_id": 0}, "created_at": "Sat Jul 11 18:29:25 +0800 2020", "id": "4525569721154154", "mid": "4525569721154154", "can_edit": false, "show_additional_indication": 0, "text": "\ud83d\ude37", "source": "iPhone\u5ba2\u6237\u7aef", "favorited": false, "pic_ids": [], "pic_types": "", "is_paid": false, "mblog_vip_type": 0, "user": {"id": 5060735924, "screen_name": "Soniadora", "profile_image_url": "https://tva2.sinaimg.cn/crop.12.0.57.57.180/005wukAYgw1eeg9zbah7jj302801oweb.jpg?KID=imgbed,tva&Expires=1619207830&ssig=phQLLD%2BrvI", "profile_url": "https://m.weibo.cn/u/5060735924?uid=5060735924", "statuses_count": 19553, "verified": false, "verified_type": -1, "close_blue_v": false, "description": "\u8d27\u901a\u5929\u4e0b\uff0c\u6c47\u901a\u5929\u4e0b\uff0c\u7f51\u901a\u5929\u4e0b\uff0c\u4eba\u901a\u5929\u4e0b\uff0c\u77e5\u8bc6\u901a\u5929\u4e0b\uff0c\u667a\u6167\u901a\u5929\u4e0b\uff01 \u5929\u4e0b\u4e00\u5bb6\uff01One world, one family\u3002Bajo el Cielo una sola familia\u3002", "gender": "f", "mbtype": 0, "urank": 23, "mbrank": 0, "follow_me": false, "following": false, "followers_count": 457, "follow_count": 2855, "cover_image_phone": "https://tva1.sinaimg.cn/crop.0.0.640.640.640/549d0121tw1egm1kjly3jj20hs0hsq4f.jpg", "avatar_hd": "https://ww2.sinaimg.cn/orj480/005wukAYgw1eeg9zbah7jj302801oweb.jpg", "like": false, "like_me": false, "badge": {"bind_taobao": 1, "unread_pool": 1, "unread_pool_ext": 1, "panda": 1, "user_name_certificate": 1, "hongrenjie_2019": 1, "china_2019": 1, "dzwbqlx_2019": 1, "gongjiri_2019": 1, "macao_2019": 1, "china_2019_2": 1, "hongbao_2020": 2, "feiyan_2020": 1, "graduation_2020": 1, "dailv_2020": 1, "school_2020": 1, "china_2020": 1, "weibozhiye_2020": 1, "hongbaofeifuniu_2021": 2, "hongbaofeijika_2021": 1}}, "reposts_count": 0, "comments_count": 0, "attitudes_count": 0, "pending_approval_count": 0, "isLongText": false, "reward_exhibition_type": 0, "hide_flag": 0, "mlevel": 0, "darwin_tags": [], "mblogtype": 0, "more_info_type": 0, "number_display_strategy": {"apply_scenario_flag": 3, "display_text_min_number": 1000000, "display_text": "100\u4e07+"}, "content_auth": 0, "repost_type": 1, "pic_num": 0, "alchemy_params": {"ug_red_envelope": false}, "raw_text": "\ud83d\ude37", "bid": "JaJbu4Qfo"}, {"visible": {"type": 0, "list_id": 0}, "created_at": "Sat Jul 11 17:33:59 +0800 2020", "id": "4525555771728956", "mid": "4525555771728956", "can_edit": false, "show_additional_indication": 0, "text": "<a href='/n/\u5be7\u5c0f\u8fea\u7684\u5c0f\u6703\u8a08'>@\u5be7\u5c0f\u8fea\u7684\u5c0f\u6703\u8a08</a>", "source": "HUAWEI P30 Pro", "favorited": false, "pic_ids": [], "pic_types": "", "is_paid": false, "mblog_vip_type": 0, "user": {"id": 1718625261, "screen_name": "\u5c0f\u4f1a\u8ba1\u7684\u5ab3\u5987\u513f\u5462\u5c0f\u5462\u7684\u5988", "profile_image_url": "https://tva3.sinaimg.cn/crop.0.0.640.640.180/667023edjw8eka4ki1kyoj20hs0hsq3i.jpg?KID=imgbed,tva&Expires=1619207830&ssig=xTlKfYVSGh", "profile_url": "https://m.weibo.cn/u/1718625261?uid=1718625261", "statuses_count": 11512, "verified": false, "verified_type": -1, "close_blue_v": false, "description": "\u5c0f\u59d0\u7684\u8eab\u5b50\u4e2b\u9b1f\u7684\u547d\uff0c\u8c01\u7684\u4e8b\u513f\u90fd\u60e6\u8bb0\u7740\uff0c\u8fc7\u7740\u4e5e\u4e10\u7684\u65e5\u5b50\u64cd\u7740\u56fd\u5bb6\u603b\u7406\u7684\u5fc3\ud83d\udc97\ud83d\udc97\ud83d\udc97", "gender": "f", "mbtype": 0, "urank": 39, "mbrank": 0, "follow_me": false, "following": false, "followers_count": 193, "follow_count": 481, "cover_image_phone": "https://tva1.sinaimg.cn/crop.0.0.640.640.640/549d0121tw1egm1kjly3jj20hs0hsq4f.jpg", "avatar_hd": "https://ww3.sinaimg.cn/orj480/667023edjw8eka4ki1kyoj20hs0hsq3i.jpg", "like": false, "like_me": false, "badge": {"anniversary": 1, "unread_pool": 1, "unread_pool_ext": 1, "user_name_certificate": 1, "china_2019": 1, "hongbao_2020": 2, "feiyan_2020": 1, "hope_2020": 1, "hongrenjie_2020": 1, "weibozhiye_2020": 1, "hongbaofeifuniu_2021": 1}}, "reposts_count": 0, "comments_count": 0, "attitudes_count": 0, "pending_approval_count": 0, "isLongText": false, "reward_exhibition_type": 0, "hide_flag": 0, "mlevel": 0, "darwin_tags": [], "mblogtype": 0, "more_info_type": 0, "number_display_strategy": {"apply_scenario_flag": 3, "display_text_min_number": 1000000, "display_text": "100\u4e07+"}, "content_auth": 0, "repost_type": 1, "pic_num": 0, "alchemy_params": {"ug_red_envelope": false}, "raw_text": "@\u5be7\u5c0f\u8fea\u7684\u5c0f\u6703\u8a08", "bid": "JaIOZ7fMo"}, {"visible": {"type": 0, "list_id": 0}, "created_at": "Sat Jul 11 13:29:19 +0800 2020", "id": "4525494198087675", "mid": "4525494198087675", "can_edit": false, "show_additional_indication": 0, "text": "\u8f6c\u53d1\u5fae\u535a", "source": "\u5c0f\u7c738 \u5c4f\u5e55\u6307\u7eb9\u7248", "favorited": false, "pic_ids": [], "pic_types": "", "is_paid": false, "mblog_vip_type": 0, "user": {"id": 1400048240, "screen_name": "incoming", "profile_image_url": "https://tvax2.sinaimg.cn/crop.0.0.400.400.180/53730a70ly8fqz79i3mxhj20b40b4dg5.jpg?KID=imgbed,tva&Expires=1619207830&ssig=Bmgku03F0A", "profile_url": "https://m.weibo.cn/u/1400048240?uid=1400048240", "statuses_count": 37776, "verified": false, "verified_type": 220, "close_blue_v": false, "description": "\u795d\u613f\u5404\u4f4d\u5e78\u798f\u5e73\u5b89\uff0c\u5e0c\u671b\u6bcf\u5929\u522e\u897f\u5317\u98ce\uff0c\u964d\u4f4ePM2.5\uff0c\u652f\u6301\u4e00\u5207\u7eff\u8272\u73af\u4fdd\u4e8b\u4e1a\u3002", "gender": "m", "mbtype": 2, "urank": 42, "mbrank": 1, "follow_me": false, "following": false, "followers_count": 2651, "follow_count": 2560, "cover_image_phone": "https://tva1.sinaimg.cn/crop.0.0.640.640.640/9d44112bjw1f1xl1c10tuj20hs0hs0tw.jpg", "avatar_hd": "https://wx2.sinaimg.cn/orj480/53730a70ly8fqz79i3mxhj20b40b4dg5.jpg", "like": false, "like_me": false, "badge": {"bind_taobao": 1, "dailv": 1, "zongyiji": 1, "dzwbqlx_2016": 1, "super_star_2017": 1, "travel_2017": 1, "panda": 1, "user_name_certificate": 1, "suishoupai_2018": 6, "super_star_2018": 1, "worldcup_2018": 34, "wenda_v2": 1, "dailv_2018": 1, "denglong_2019": 1, "suishoupai_2019": 1, "hongrenjie_2019": 1, "china_2019": 1, "dzwbqlx_2019": 1, "hongbao_2020": 2, "feiyan_2020": 1, "dailv_2020": 1, "movie_2020": 1, "school_2020": 1, "hongrenjie_2020": 1, "china_2020": 1, "hongbaofeifuniu_2021": 1, "hongbaofeijika_2021": 1}}, "reposts_count": 0, "comments_count": 0, "attitudes_count": 0, "pending_approval_count": 0, "isLongText": false, "reward_exhibition_type": 0, "hide_flag": 0, "mlevel": 0, "darwin_tags": [], "mblogtype": 0, "more_info_type": 0, "number_display_strategy": {"apply_scenario_flag": 3, "display_text_min_number": 1000000, "display_text": "100\u4e07+"}, "content_auth": 0, "repost_type": 1, "pic_num": 0, "alchemy_params": {"ug_red_envelope": false}, "raw_text": "\u8f6c\u53d1\u5fae\u535a", "bid": "JaHdFxVYn"}, {"visible": {"type": 0, "list_id": 0}, "created_at": "Sat Jul 11 13:03:52 +0800 2020", "id": "4525487794146360", "mid": "4525487794146360", "can_edit": false, "show_additional_indication": 0, "text": "<span class=\"url-icon\"><img alt=[\u6cea] src=\"https://h5.sinaimg.cn/m/emoticon/icon/default/d_lei-4cdf6ee412.png\" style=\"width:1em; height:1em;\" /></span><span class=\"url-icon\"><img alt=[\u6cea] src=\"https://h5.sinaimg.cn/m/emoticon/icon/default/d_lei-4cdf6ee412.png\" style=\"width:1em; height:1em;\" /></span><span class=\"url-icon\"><img alt=[\u6cea] src=\"https://h5.sinaimg.cn/m/emoticon/icon/default/d_lei-4cdf6ee412.png\" style=\"width:1em; height:1em;\" /></span><span class=\"url-icon\"><img alt=[\u6cea] src=\"https://h5.sinaimg.cn/m/emoticon/icon/default/d_lei-4cdf6ee412.png\" style=\"width:1em; height:1em;\" /></span><span class=\"url-icon\"><img alt=[\u6cea] src=\"https://h5.sinaimg.cn/m/emoticon/icon/default/d_lei-4cdf6ee412.png\" style=\"width:1em; height:1em;\" /></span>", "source": "OPPO Reno2", "favorited": false, "pic_ids": [], "pic_types": "", "is_paid": false, "mblog_vip_type": 0, "user": {"id": 6019519124, "screen_name": "\u6ca1\u5fc3\u6ca1\u80ba\u516c\u5bd3", "profile_image_url": "https://tvax1.sinaimg.cn/default/images/default_avatar_male_180.gif?KID=imgbed,tva&Expires=1619207830&ssig=tBg37Vws%2Fp", "profile_url": "https://m.weibo.cn/u/6019519124?uid=6019519124", "statuses_count": 814, "verified": false, "verified_type": -1, "close_blue_v": false, "description": "", "gender": "m", "mbtype": 0, "urank": 9, "mbrank": 0, "follow_me": false, "following": false, "followers_count": 85, "follow_count": 500, "cover_image_phone": "https://tva1.sinaimg.cn/crop.0.0.640.640.640/549d0121tw1egm1kjly3jj20hs0hsq4f.jpg", "avatar_hd": "https://ss1.sinaimg.cn/orj480/default_avatar_male_180&690", "like": false, "like_me": false, "badge": {"dzwbqlx_2016": 1, "user_name_certificate": 1}}, "reposts_count": 0, "comments_count": 0, "attitudes_count": 0, "pending_approval_count": 0, "isLongText": false, "reward_exhibition_type": 0, "hide_flag": 0, "mlevel": 0, "darwin_tags": [], "mblogtype": 0, "more_info_type": 0, "number_display_strategy": {"apply_scenario_flag": 3, "display_text_min_number": 1000000, "display_text": "100\u4e07+"}, "content_auth": 0, "repost_type": 1, "pic_num": 0, "alchemy_params": {"ug_red_envelope": false}, "raw_text": "[\u6cea][\u6cea][\u6cea][\u6cea][\u6cea]", "bid": "JaH3lhoEM"}, {"visible": {"type": 0, "list_id": 0}, "created_at": "Sat Jul 11 13:02:46 +0800 2020", "id": "4525487517815231", "mid": "4525487517815231", "can_edit": false, "show_additional_indication": 0, "text": "\u8f6c\u53d1\u5fae\u535a", "source": "\u4e09\u661f GALAXY Note 5", "favorited": false, "pic_ids": [], "pic_types": "", "is_paid": false, "mblog_vip_type": 0, "user": {"id": 1783648525, "screen_name": "Christina__2019", "profile_image_url": "https://tva4.sinaimg.cn/crop.0.0.180.180.180/6a50510djw1e8qgp5bmzyj2050050aa8.jpg?KID=imgbed,tva&Expires=1619207830&ssig=RYe6DWosGe", "profile_url": "https://m.weibo.cn/u/1783648525?uid=1783648525", "statuses_count": 2085, "verified": false, "verified_type": -1, "close_blue_v": false, "description": "\u8036\u7a23\u7231\u4f60", "gender": "f", "mbtype": 0, "urank": 9, "mbrank": 0, "follow_me": false, "following": false, "followers_count": 80, "follow_count": 127, "cover_image_phone": "https://tva1.sinaimg.cn/crop.0.0.640.640.640/549d0121tw1egm1kjly3jj20hs0hsq4f.jpg", "avatar_hd": "https://ww4.sinaimg.cn/orj480/6a50510djw1e8qgp5bmzyj2050050aa8.jpg", "like": false, "like_me": false, "badge": {"bind_taobao": 1, "unread_pool": 1, "unread_pool_ext": 1, "dzwbqlx_2016": 1, "panda": 1, "user_name_certificate": 1, "hongrenjie_2019": 1, "hongbao_2020": 2, "feiyan_2020": 1}}, "reposts_count": 0, "comments_count": 0, "attitudes_count": 0, "pending_approval_count": 0, "isLongText": false, "reward_exhibition_type": 0, "hide_flag": 0, "mlevel": 0, "darwin_tags": [], "mblogtype": 0, "more_info_type": 0, "number_display_strategy": {"apply_scenario_flag": 3, "display_text_min_number": 1000000, "display_text": "100\u4e07+"}, "content_auth": 0, "repost_type": 1, "pic_num": 0, "alchemy_params": {"ug_red_envelope": false}, "raw_text": "\u8f6c\u53d1\u5fae\u535a", "bid": "JaH2TwN67"}, {"visible": {"type": 0, "list_id": 0}, "created_at": "Sat Jul 11 12:48:33 +0800 2020", "id": "4525483939163273", "mid": "4525483939163273", "can_edit": false, "show_additional_indication": 0, "text": "\u8f6c\u53d1\u5fae\u535a", "source": "iPhone\u5ba2\u6237\u7aef", "favorited": false, "pic_ids": [], "pic_types": "", "is_paid": false, "mblog_vip_type": 0, "user": {"id": 2632758335, "screen_name": "\u591c\u732b\u8d56\u5e8a", "profile_image_url": "https://tvax4.sinaimg.cn/crop.0.0.1242.1242.180/9cecb43fly8foxnikpzw7j20yi0yidi4.jpg?KID=imgbed,tva&Expires=1619207830&ssig=UwleRiwe62", "profile_url": "https://m.weibo.cn/u/2632758335?uid=2632758335", "statuses_count": 1311, "verified": false, "verified_type": -1, "close_blue_v": false, "description": "", "gender": "m", "mbtype": 0, "urank": 14, "mbrank": 0, "follow_me": false, "following": false, "followers_count": 165, "follow_count": 182, "cover_image_phone": "https://tva1.sinaimg.cn/crop.0.0.640.640.640/549d0121tw1egm1kjly3jj20hs0hsq4f.jpg", "avatar_hd": "https://wx4.sinaimg.cn/orj480/9cecb43fly8foxnikpzw7j20yi0yidi4.jpg", "like": false, "like_me": false, "badge": {"bind_taobao": 1, "unread_pool": 1, "vip_activity2": 1, "unread_pool_ext": 1, "super_star_2017": 1, "user_name_certificate": 1, "worldcup_2018": 21, "qixi_2018": 1, "wbzy_2018": 1, "hongbaofei_2019": 1, "hongrenjie_2019": 1, "china_2019": 1, "hongkong_2019": 1, "rrgyj_2019": 1, "hongbao_2020": 2, "china_2020": 1}}, "reposts_count": 0, "comments_count": 0, "attitudes_count": 0, "pending_approval_count": 0, "isLongText": false, "reward_exhibition_type": 0, "hide_flag": 0, "mlevel": 0, "darwin_tags": [], "mblogtype": 0, "more_info_type": 0, "number_display_strategy": {"apply_scenario_flag": 3, "display_text_min_number": 1000000, "display_text": "100\u4e07+"}, "content_auth": 0, "repost_type": 1, "pic_num": 0, "alchemy_params": {"ug_red_envelope": false}, "raw_text": "\u8f6c\u53d1\u5fae\u535a", "bid": "JaGX7CrMJ"}, {"visible": {"type": 0, "list_id": 0}, "created_at": "Sat Jul 11 12:39:48 +0800 2020", "id": "4525481741284041", "mid": "4525481741284041", "can_edit": false, "show_additional_indication": 0, "text": "\u8f6c\u53d1\u5fae\u535a", "source": "iPhone\u5ba2\u6237\u7aef", "favorited": false, "pic_ids": [], "pic_types": "", "is_paid": false, "mblog_vip_type": 0, "user": {"id": 2159715777, "screen_name": "\u66f2\u961c\u91d1\u5c71", "profile_image_url": "https://tva2.sinaimg.cn/crop.0.0.720.720.180/80baa5c1jw8enuwjlrllej20k00k0jua.jpg?KID=imgbed,tva&Expires=1619207830&ssig=fY08f0eQT8", "profile_url": "https://m.weibo.cn/u/2159715777?uid=2159715777", "statuses_count": 886, "verified": false, "verified_type": -1, "close_blue_v": false, "description": "\u4e1c\u65b9\u91d1\u5b57\u5854\u7231\u65b0\u95fb\uff0c\u6c42\u516c\u5e73\uff0c\u4fc3\u548c\u8c10\uff0c", "gender": "m", "mbtype": 0, "urank": 18, "mbrank": 0, "follow_me": false, "following": false, "followers_count": 279, "follow_count": 4976, "cover_image_phone": "https://tva1.sinaimg.cn/crop.0.0.640.640.640/549d0121tw1egm1kjly3jj20hs0hsq4f.jpg", "avatar_hd": "https://ww2.sinaimg.cn/orj480/80baa5c1jw8enuwjlrllej20k00k0jua.jpg", "like": false, "like_me": false, "badge": {"unread_pool": 1, "unread_pool_ext": 1, "user_name_certificate": 1, "graduation_2020": 1}}, "reposts_count": 0, "comments_count": 0, "attitudes_count": 0, "pending_approval_count": 0, "isLongText": false, "reward_exhibition_type": 0, "hide_flag": 0, "mlevel": 0, "darwin_tags": [], "mblogtype": 0, "more_info_type": 0, "number_display_strategy": {"apply_scenario_flag": 3, "display_text_min_number": 1000000, "display_text": "100\u4e07+"}, "content_auth": 0, "repost_type": 1, "pic_num": 0, "alchemy_params": {"ug_red_envelope": false}, "raw_text": "\u8f6c\u53d1\u5fae\u535a", "bid": "JaGTA5o2l"}, {"visible": {"type": 0, "list_id": 0}, "created_at": "Sat Jul 11 12:27:27 +0800 2020", "id": "4525478633150804", "mid": "4525478633150804", "can_edit": false, "show_additional_indication": 0, "text": "\u8f6c\u53d1\u5fae\u535a", "source": "", "favorited": false, "pic_ids": [], "pic_types": "", "is_paid": false, "mblog_vip_type": 0, "user": {"id": 1951049341, "screen_name": "\u5e15\u53f0\u519c\u96c5\u5178\u5a1c\u5973\u795e", "profile_image_url": "https://tva1.sinaimg.cn/crop.0.0.180.180.180/744aa67djw1e8qgp5bmzyj2050050aa8.jpg?KID=imgbed,tva&Expires=1619207833&ssig=JpegAQtY0e", "profile_url": "https://m.weibo.cn/u/1951049341?uid=1951049341", "statuses_count": 49573, "verified": true, "verified_type": 0, "verified_type_ext": 0, "verified_reason": "\u79d1\u5b66\u79d1\u666e\u535a\u4e3b", "close_blue_v": false, "description": "\u5e15\u53f0\u519c\u96c5\u5178\u5a1c\u5973\u795e \u7b11\u770b\u98ce\u4e91\u8005 \u505a\u6709\u7231\u7684\u4eba! \u516c\u76ca\u79d1\u5b66\u79d1\u666e \u5730\u9707\u5929\u707e\u6da8\u77e5\u8bc6 \u4e3a\u4eba\u6c11\u670d\u52a1\uff01\u79d1\u666e\u662f\u4f60\u5f3a\u6709\u529b\u7684\u667a\u6167\u540e\u76fe \uff01", "gender": "m", "mbtype": 12, "urank": 48, "mbrank": 7, "follow_me": false, "following": false, "followers_count": 66883, "follow_count": 563, "cover_image_phone": "https://tva1.sinaimg.cn/crop.0.0.640.640.640/6ce2240djw1e9112irynuj20hs0hs42i.jpg", "avatar_hd": "https://ww1.sinaimg.cn/orj480/744aa67djw1e8qgp5bmzyj2050050aa8.jpg", "like": false, "like_me": false, "badge": {"gongyi": 1, "gongyi_level": 5, "dailv": 1, "zongyiji": 1, "unread_pool": 1, "unread_pool_ext": 1, "dzwbqlx_2016": 1, "follow_whitelist_video": 1, "super_star_2017": 1, "travel_2017": 1, "panda": 1, "user_name_certificate": 1, "wenchuan_10th": 1, "wenda_v2": 1, "dailv_2018": 4, "qixi_2018": 1, "national_day_2018": 1, "memorial_2018": 1, "hongbaofei_2019": 1, "denglong_2019": 1, "fu_2019": 1, "suishoupai_2019": 1, "wusi_2019": 1, "hongrenjie_2019": 1, "china_2019": 1, "hongkong_2019": 1, "rrgyj_2019": 1, "cishan_2019": 1, "shouhuan_2019": 1, "starlight_2019": 1, "gongjiri_2019": 1, "macao_2019": 1, "china_2019_2": 1, "hongbao_2020": 3, "feiyan_2020": 1, "hongrenjie_2020": 1, "weibozhiye_2020": 1, "hongbaofeifuniu_2021": 1, "hongbaofeijika_2021": 1}}, "reposts_count": 0, "comments_count": 0, "attitudes_count": 0, "pending_approval_count": 0, "isLongText": false, "reward_exhibition_type": 0, "hide_flag": 0, "mlevel": 0, "darwin_tags": [], "mblogtype": 0, "more_info_type": 0, "cardid": "star_543", "number_display_strategy": {"apply_scenario_flag": 3, "display_text_min_number": 1000000, "display_text": "100\u4e07+"}, "content_auth": 0, "repost_type": 3, "pic_num": 0, "alchemy_params": {"ug_red_envelope": false}, "raw_text": "\u8f6c\u53d1\u5fae\u535a", "bid": "JaGOzddFq"}, {"visible": {"type": 0, "list_id": 0}, "created_at": "Sat Jul 11 12:21:13 +0800 2020", "id": "4525477060795636", "mid": "4525477060795636", "can_edit": false, "show_additional_indication": 0, "text": "\u8f6c\u53d1\u5fae\u535a", "source": "\u8363\u8000\u624b\u673a \u52c7\u6562\u505a\u81ea\u5df1", "favorited": false, "pic_ids": [], "pic_types": "", "is_paid": false, "mblog_vip_type": 0, "user": {"id": 6364725780, "screen_name": "et-pan", "profile_image_url": "https://tvax2.sinaimg.cn/crop.0.0.664.664.180/006WJJVqly8fzgulbsculj30ig0igwfn.jpg?KID=imgbed,tva&Expires=1619207833&ssig=Ac%2F5SmlO7h", "profile_url": "https://m.weibo.cn/u/6364725780?uid=6364725780", "statuses_count": 94095, "verified": false, "verified_type": -1, "close_blue_v": false, "description": "80\u4ee3tf\u8ff7\uff0ctf\u4fe1\u606f\u642c\u8fd0\u5de5\uff0cwow\u4f11\u95f2\u73a9\u5bb6\u2026\u2026\u4e00\u8d77\u5206\u4eab\u7545\u8c08\u73a9\u5177\u5e26\u6765\u7684\u4e50\u8da3\uff01", "gender": "m", "mbtype": 0, "urank": 14, "mbrank": 0, "follow_me": false, "following": false, "followers_count": 959, "follow_count": 1034, "cover_image_phone": "https://tva1.sinaimg.cn/crop.0.0.640.640.640/549d0121tw1egm1kjly3jj20hs0hsq4f.jpg", "avatar_hd": "https://wx2.sinaimg.cn/orj480/006WJJVqly8fzgulbsculj30ig0igwfn.jpg", "like": false, "like_me": false, "badge": {"panda": 1, "user_name_certificate": 1, "suishoupai_2018": 1, "wenchuan_10th": 1, "super_star_2018": 1, "worldcup_2018": 34, "wenda_v2": 1, "dailv_2018": 7, "qixi_2018": 1, "yiqijuan_2018": 1, "meilizhongguo_2018": 1, "lol_s8": 1, "national_day_2018": 1, "double11_2018": 1, "wbzy_2018": 1, "memorial_2018": 1, "hongbaofei_2019": 1, "denglong_2019": 1, "fu_2019": 1, "womensday_2018": 1, "suishoupai_2019": 7, "wusi_2019": 1, "earth_2019": 1, "hongrenjie_2019": 1, "dailv_2019": 1, "china_2019": 1, "hongkong_2019": 1, "taohuayuan_2019": 1, "dzwbqlx_2019": 1, "rrgyj_2019": 1, "wbzy_2019": 1, "starlight_2019": 1, "gongjiri_2019": 1, "macao_2019": 1, "china_2019_2": 1, "hongbao_2020": 2, "feiyan_2020": 1, "kangyi_2020": 1, "graduation_2020": 1, "dailv_2020": 1, "movie_2020": 1, "school_2020": 1, "hongrenjie_2020": 1, "china_2020": 1, "zjszgf_2020": 1, "hongbaofeifuniu_2021": 2, "hongbaofeijika_2021": 1, "weibozhiyexianxia_2021": 1}}, "reposts_count": 0, "comments_count": 0, "attitudes_count": 0, "pending_approval_count": 0, "isLongText": false, "reward_exhibition_type": 0, "hide_flag": 0, "mlevel": 0, "darwin_tags": [], "mblogtype": 0, "more_info_type": 0, "number_display_strategy": {"apply_scenario_flag": 3, "display_text_min_number": 1000000, "display_text": "100\u4e07+"}, "content_auth": 0, "repost_type": 1, "pic_num": 0, "alchemy_params": {"ug_red_envelope": false}, "raw_text": "\u8f6c\u53d1\u5fae\u535a", "bid": "JaGM23kYQ"}, {"visible": {"type": 0, "list_id": 0}, "created_at": "Sat Jul 11 11:57:36 +0800 2020", "id": "4525471118055666", "mid": "4525471118055666", "can_edit": false, "show_additional_indication": 0, "text": "\u8f6c\u53d1\u5fae\u535a", "source": "iPhone\u5ba2\u6237\u7aef", "favorited": false, "pic_ids": [], "pic_types": "", "is_paid": false, "mblog_vip_type": 0, "user": {"id": 7422837536, "screen_name": "1\u767e\u5757\u90fd\u4e0d\u7ed9\u6211sz36", "profile_image_url": "https://tvax4.sinaimg.cn/crop.0.0.996.996.180/0086lt84ly8gikeiflnvkj30ro0rognb.jpg?KID=imgbed,tva&Expires=1619207833&ssig=Dbcznj52N7", "profile_url": "https://m.weibo.cn/u/7422837536?uid=7422837536", "statuses_count": 357, "verified": false, "verified_type": -1, "close_blue_v": false, "description": "", "gender": "m", "mbtype": 0, "urank": 0, "mbrank": 0, "follow_me": false, "following": false, "followers_count": 5, "follow_count": 99, "cover_image_phone": "https://tva1.sinaimg.cn/crop.0.0.640.640.640/549d0121tw1egm1kjly3jj20hs0hsq4f.jpg", "avatar_hd": "https://wx4.sinaimg.cn/orj480/0086lt84ly8gikeiflnvkj30ro0rognb.jpg", "like": false, "like_me": false, "badge": {"user_name_certificate": 1}}, "reposts_count": 0, "comments_count": 0, "attitudes_count": 0, "pending_approval_count": 0, "isLongText": false, "reward_exhibition_type": 0, "hide_flag": 0, "mlevel": 0, "darwin_tags": [], "mblogtype": 0, "more_info_type": 0, "number_display_strategy": {"apply_scenario_flag": 3, "display_text_min_number": 1000000, "display_text": "100\u4e07+"}, "content_auth": 0, "repost_type": 1, "pic_num": 0, "alchemy_params": {"ug_red_envelope": false}, "raw_text": "\u8f6c\u53d1\u5fae\u535a", "bid": "JaGCrxNE6"}, {"visible": {"type": 0, "list_id": 0}, "created_at": "Sat Jul 11 11:55:49 +0800 2020", "id": "4525470672748647", "mid": "4525470672748647", "can_edit": false, "show_additional_indication": 0, "text": "\u95ee\u7684\u90fd\u662f\u671b\u4eac\u7684\u9910\u5385<span class=\"url-icon\"><img alt=[\u8d39\u89e3] src=\"https://h5.sinaimg.cn/m/emoticon/icon/default/d_feijie-c1df37ef03.png\" style=\"width:1em; height:1em;\" /></span>", "source": "HUAWEI P30 Pro", "favorited": false, "pic_ids": [], "pic_types": "", "is_paid": false, "mblog_vip_type": 0, "user": {"id": 1655026454, "screen_name": "\u89c2\u590dL", "profile_image_url": "https://tva1.sinaimg.cn/crop.0.26.1242.1242.180/62a5b316jw8faxm62tzphj20yi0zyjz5.jpg?KID=imgbed,tva&Expires=1619207833&ssig=P7s6dCdN8t", "profile_url": "https://m.weibo.cn/u/1655026454?uid=1655026454", "statuses_count": 6016, "verified": false, "verified_type": 220, "close_blue_v": false, "description": "\u4eba\u751f\u82e6\u77ed\uff0c\u5fc5\u987b\u4efb\u6027\u3002\u5343\u4e07\u522b\u4e0d\u4efb\u6027\uff0c\u767d\u4e86\u5c11\u5e74\u5934\uff0c\u7a7a\u60b2\u5207\u3002", "gender": "m", "mbtype": 0, "urank": 37, "mbrank": 0, "follow_me": false, "following": false, "followers_count": 769, "follow_count": 640, "cover_image_phone": "https://tva1.sinaimg.cn/crop.0.0.640.640.640/549d0121tw1egm1kjly3jj20hs0hsq4f.jpg", "avatar_hd": "https://ww1.sinaimg.cn/orj480/62a5b316jw8faxm62tzphj20yi0zyjz5.jpg", "like": false, "like_me": false, "badge": {"bind_taobao": 1, "unread_pool": 1, "uefa_euro_2016": 18, "unread_pool_ext": 1, "user_name_certificate": 1, "worldcup_2018": 17, "hongbao_2020": 2}}, "reposts_count": 0, "comments_count": 0, "attitudes_count": 0, "pending_approval_count": 0, "isLongText": false, "reward_exhibition_type": 0, "hide_flag": 0, "mlevel": 0, "darwin_tags": [], "mblogtype": 0, "more_info_type": 0, "number_display_strategy": {"apply_scenario_flag": 3, "display_text_min_number": 1000000, "display_text": "100\u4e07+"}, "content_auth": 0, "repost_type": 4, "pic_num": 0, "alchemy_params": {"ug_red_envelope": false}, "raw_text": "\u95ee\u7684\u90fd\u662f\u671b\u4eac\u7684\u9910\u5385[\u8d39\u89e3]", "bid": "JaGBJbx31"}, {"visible": {"type": 0, "list_id": 0}, "created_at": "Sat Jul 11 11:54:46 +0800 2020", "id": "4525470407862414", "mid": "4525470407862414", "can_edit": false, "show_additional_indication": 0, "text": "\u8f6c\u53d1\u5fae\u535a", "source": "nova 5i Pro", "favorited": false, "pic_ids": [], "pic_types": "", "is_paid": false, "mblog_vip_type": 0, "user": {"id": 3170816553, "screen_name": "\u559c\u6b22\u4e00\u4e2a\u4eba\u771f\u7684\u5fcd\u4e0d\u4e86\u554a\u859b\u529f\u707fxi", "profile_image_url": "https://tvax4.sinaimg.cn/crop.0.0.1536.1536.180/bcfed229ly8fvm2hyhvc8j216o16o0xk.jpg?KID=imgbed,tva&Expires=1619207833&ssig=tvQP9j8Q57", "profile_url": "https://m.weibo.cn/u/3170816553?uid=3170816553", "statuses_count": 1353, "verified": false, "verified_type": -1, "close_blue_v": false, "description": "never bye", "gender": "f", "mbtype": 2, "urank": 31, "mbrank": 2, "follow_me": false, "following": false, "followers_count": 628, "follow_count": 1490, "cover_image_phone": "https://tva1.sinaimg.cn/crop.0.0.640.640.640/549d0121tw1egm1kjly3jj20hs0hsq4f.jpg", "avatar_hd": "https://wx4.sinaimg.cn/orj480/bcfed229ly8fvm2hyhvc8j216o16o0xk.jpg", "like": false, "like_me": false, "badge": {"bind_taobao": 1, "unread_pool": 1, "unread_pool_ext": 1, "dzwbqlx_2016": 1, "user_name_certificate": 1, "wenda_v2": 1, "dailv_2018": 1, "qixi_2018": 1, "hongrenjie_2019": 1, "hongbao_2020": 2}}, "reposts_count": 0, "comments_count": 0, "attitudes_count": 0, "pending_approval_count": 0, "isLongText": false, "reward_exhibition_type": 0, "hide_flag": 0, "mlevel": 0, "darwin_tags": [], "mblogtype": 0, "more_info_type": 0, "number_display_strategy": {"apply_scenario_flag": 3, "display_text_min_number": 1000000, "display_text": "100\u4e07+"}, "content_auth": 0, "repost_type": 1, "pic_num": 0, "alchemy_params": {"ug_red_envelope": false}, "raw_text": "\u8f6c\u53d1\u5fae\u535a", "bid": "JaGBiwZn8"}, {"visible": {"type": 0, "list_id": 0}, "created_at": "Sat Jul 11 11:53:13 +0800 2020", "id": "4525470019130671", "mid": "4525470019130671", "can_edit": false, "show_additional_indication": 0, "text": "\u6211\u5bb6\u5403\u4e8620\u65a4<span class=\"url-icon\"><img alt=[\u8d39\u89e3] src=\"https://h5.sinaimg.cn/m/emoticon/icon/default/d_feijie-c1df37ef03.png\" style=\"width:1em; height:1em;\" /></span>", "source": "\u7530\u67fe\u56fd\u8001\u5a46Android", "favorited": false, "pic_ids": [], "pic_types": "", "is_paid": false, "mblog_vip_type": 0, "user": {"id": 3608442827, "screen_name": "\u8bda\u5b9e\u8c46\u6c99\u5305bb", "profile_image_url": "https://tvax2.sinaimg.cn/crop.0.0.512.512.180/d71477cbly8gplz56nwekj20e80e8t8y.jpg?KID=imgbed,tva&Expires=1619207833&ssig=NgOabi9WZQ", "profile_url": "https://m.weibo.cn/u/3608442827?uid=3608442827", "statuses_count": 21509, "verified": false, "verified_type": -1, "close_blue_v": false, "description": "\u813e\u6c14\u66b4\u8e81 \u751f\u4eba\u52ff\u8fd1", "gender": "f", "mbtype": 12, "urank": 42, "mbrank": 6, "follow_me": false, "following": false, "followers_count": 366, "follow_count": 1019, "cover_image_phone": "https://wx3.sinaimg.cn/crop.0.0.640.640.640/d71477cbgy1gdl0byh8ekj20u00u0k44.jpg", "avatar_hd": "https://wx2.sinaimg.cn/orj480/d71477cbly8gplz56nwekj20e80e8t8y.jpg", "like": false, "like_me": false, "badge": {"gongyi_level": 1, "bind_taobao": 1, "zongyiji": 1, "unread_pool": 1, "unread_pool_ext": 1, "dzwbqlx_2016": 1, "user_name_certificate": 1, "suishoupai_2018": 8, "wenchuan_10th": 1, "super_star_2018": 1, "dailv_2018": 6, "qixi_2018": 1, "double11_2018": 1, "memorial_2018": 1, "hongbaofei_2019": 1, "suishoupai_2019": 6, "china_2019": 1, "hongkong_2019": 1, "dzwbqlx_2019": 2, "hongbao_2020": 2, "feiyan_2020": 1, "graduation_2020": 1, "hongbaofeijika_2021": 1}}, "reposts_count": 0, "comments_count": 0, "attitudes_count": 0, "pending_approval_count": 0, "isLongText": false, "reward_exhibition_type": 0, "hide_flag": 0, "mlevel": 0, "darwin_tags": [], "mblogtype": 0, "more_info_type": 0, "cardid": "star_1166", "number_display_strategy": {"apply_scenario_flag": 3, "display_text_min_number": 1000000, "display_text": "100\u4e07+"}, "content_auth": 0, "repost_type": 1, "pic_num": 0, "alchemy_params": {"ug_red_envelope": false}, "raw_text": "\u6211\u5bb6\u5403\u4e8620\u65a4[\u8d39\u89e3]", "bid": "JaGAFCjiT"}, {"visible": {"type": 0, "list_id": 0}, "created_at": "Sat Jul 11 11:45:10 +0800 2020", "id": "4525467987855024", "mid": "4525467987855024", "can_edit": false, "show_additional_indication": 0, "text": "\u8f6c\u53d1\u5fae\u535a", "source": "iPhone\u5ba2\u6237\u7aef", "favorited": false, "pic_ids": [], "pic_types": "", "is_paid": false, "mblog_vip_type": 0, "user": {"id": 6621083377, "screen_name": "\u7528\u62376621083377", "profile_image_url": "https://tvax1.sinaimg.cn/default/images/default_avatar_female_180.gif?KID=imgbed,tva&Expires=1619207835&ssig=DdKGVKppAU", "profile_url": "https://m.weibo.cn/u/6621083377?uid=6621083377", "statuses_count": 158, "verified": false, "verified_type": -1, "close_blue_v": false, "description": "", "gender": "f", "mbtype": 0, "urank": 0, "mbrank": 0, "follow_me": false, "following": false, "followers_count": 1, "follow_count": 256, "cover_image_phone": "https://tva1.sinaimg.cn/crop.0.0.640.640.640/549d0121tw1egm1kjly3jj20hs0hsq4f.jpg", "avatar_hd": "https://ss1.sinaimg.cn/orj480/default_avatar_female_180&690", "like": false, "like_me": false, "badge": {"user_name_certificate": 1}}, "reposts_count": 0, "comments_count": 0, "attitudes_count": 0, "pending_approval_count": 0, "isLongText": false, "reward_exhibition_type": 0, "hide_flag": 0, "mlevel": 0, "darwin_tags": [], "mblogtype": 0, "more_info_type": 0, "number_display_strategy": {"apply_scenario_flag": 3, "display_text_min_number": 1000000, "display_text": "100\u4e07+"}, "content_auth": 0, "repost_type": 1, "pic_num": 0, "alchemy_params": {"ug_red_envelope": false}, "raw_text": "\u8f6c\u53d1\u5fae\u535a", "bid": "JaGxowXrW"}, {"visible": {"type": 0, "list_id": 0}, "created_at": "Sat Jul 11 11:41:45 +0800 2020", "id": "4525467128164798", "mid": "4525467128164798", "can_edit": false, "show_additional_indication": 0, "text": "\u8f6c\u53d1\u5fae\u535a", "source": "Android", "favorited": false, "pic_ids": [], "pic_types": "", "is_paid": false, "mblog_vip_type": 0, "user": {"id": 1826908370, "screen_name": "\u6728\u6728AAAAA", "profile_image_url": "https://tvax3.sinaimg.cn/crop.0.0.996.996.180/6ce468d2ly8fk085evmlqj20ro0rowiv.jpg?KID=imgbed,tva&Expires=1619207835&ssig=mdPkFFV5L3", "profile_url": "https://m.weibo.cn/u/1826908370?uid=1826908370", "statuses_count": 9316, "verified": false, "verified_type": -1, "close_blue_v": false, "description": "\u4e16\u4e8b\u7121\u5e38\uff0c\u53ca\u6642\u884c\u6a02\uff5e", "gender": "m", "mbtype": 2, "urank": 44, "mbrank": 1, "follow_me": false, "following": false, "followers_count": 27, "follow_count": 240, "cover_image_phone": "https://tva1.sinaimg.cn/crop.0.0.640.640.640/549d0121tw1egm1kjly3jj20hs0hsq4f.jpg", "avatar_hd": "https://wx3.sinaimg.cn/orj480/6ce468d2ly8fk085evmlqj20ro0rowiv.jpg", "like": false, "like_me": false, "badge": {"unread_pool": 1, "unread_pool_ext": 1, "travel_2017": 1, "user_name_certificate": 1, "dailv_2018": 1, "hongrenjie_2019": 1, "hongbao_2020": 2, "feiyan_2020": 1, "dailv_2020": 1, "china_2020": 1}}, "reposts_count": 0, "comments_count": 0, "attitudes_count": 0, "pending_approval_count": 0, "isLongText": false, "reward_exhibition_type": 0, "hide_flag": 0, "mlevel": 0, "darwin_tags": [], "mblogtype": 0, "more_info_type": 0, "number_display_strategy": {"apply_scenario_flag": 3, "display_text_min_number": 1000000, "display_text": "100\u4e07+"}, "content_auth": 0, "repost_type": 1, "pic_num": 0, "alchemy_params": {"ug_red_envelope": false}, "raw_text": "\u8f6c\u53d1\u5fae\u535a", "bid": "JaGw0yg2i"}, {"visible": {"type": 0, "list_id": 0}, "created_at": "Sat Jul 11 11:40:13 +0800 2020", "id": "4525466746272427", "mid": "4525466746272427", "can_edit": false, "show_additional_indication": 0, "text": "\u5988\u8036", "source": "iPhone\u5ba2\u6237\u7aef", "favorited": false, "pic_ids": [], "pic_types": "", "is_paid": false, "mblog_vip_type": 0, "user": {"id": 2292646921, "screen_name": "\u60f3\u8c61\u81ea\u5df1\u662f\u4e00\u6761\u70ed\u5e26\u9c7c", "profile_image_url": "https://tvax3.sinaimg.cn/crop.0.0.667.667.180/88a70409ly8g9jc23sxozj20ij0ij759.jpg?KID=imgbed,tva&Expires=1619207835&ssig=kbBaGiRxJ6", "profile_url": "https://m.weibo.cn/u/2292646921?uid=2292646921", "statuses_count": 3064, "verified": false, "verified_type": -1, "close_blue_v": false, "description": "-Since when? -Since always.", "gender": "m", "mbtype": 0, "urank": 35, "mbrank": 0, "follow_me": false, "following": false, "followers_count": 272, "follow_count": 780, "cover_image_phone": "https://tva4.sinaimg.cn/crop.0.0.0.640.640/6ce2240djw1e9uwue857ij20hs0hsjuk.jpg", "avatar_hd": "https://wx3.sinaimg.cn/orj480/88a70409ly8g9jc23sxozj20ij0ij759.jpg", "like": false, "like_me": false, "badge": {"bind_taobao": 1, "unread_pool": 1, "unread_pool_ext": 1, "dzwbqlx_2016": 1, "user_name_certificate": 1, "suishoupai_2018": 1, "worldcup_2018": 5, "double11_2018": 1, "china_2019": 1, "hongkong_2019": 1, "wbzy_2019": 1, "hongbao_2020": 2, "feiyan_2020": 1, "nihaoshenghuojie_2021": 1}}, "reposts_count": 0, "comments_count": 1, "attitudes_count": 0, "pending_approval_count": 0, "isLongText": false, "reward_exhibition_type": 0, "hide_flag": 0, "mlevel": 0, "darwin_tags": [], "mblogtype": 0, "more_info_type": 0, "number_display_strategy": {"apply_scenario_flag": 3, "display_text_min_number": 1000000, "display_text": "100\u4e07+"}, "content_auth": 0, "repost_type": 1, "pic_num": 0, "alchemy_params": {"ug_red_envelope": false}, "raw_text": "\u5988\u8036", "bid": "JaGvoqjKb"}, {"visible": {"type": 0, "list_id": 0}, "created_at": "Sat Jul 11 11:38:26 +0800 2020", "id": "4525466293301840", "mid": "4525466293301840", "can_edit": false, "show_additional_indication": 0, "text": "\u8f6c\u53d1\u5fae\u535a", "source": "\u8363\u8000V30 PRO 5G", "favorited": false, "pic_ids": [], "pic_types": "", "is_paid": false, "mblog_vip_type": 0, "user": {"id": 1783529753, "screen_name": "\u83e1\u8c46\u5988\u54aa", "profile_image_url": "https://tvax4.sinaimg.cn/crop.0.0.996.996.180/6a4e8119ly8ffdydc2jpkj20ro0rogne.jpg?KID=imgbed,tva&Expires=1619207835&ssig=emANYAx6Sq", "profile_url": "https://m.weibo.cn/u/1783529753?uid=1783529753", "statuses_count": 934, "verified": false, "verified_type": -1, "close_blue_v": false, "description": "\u7b80\u5355\u4fbf\u5feb\u4e50", "gender": "f", "mbtype": 2, "urank": 9, "mbrank": 1, "follow_me": false, "following": false, "followers_count": 56, "follow_count": 135, "cover_image_phone": "https://tva1.sinaimg.cn/crop.0.0.640.640.640/9d44112bjw1f1xl1c10tuj20hs0hs0tw.jpg", "avatar_hd": "https://wx4.sinaimg.cn/orj480/6a4e8119ly8ffdydc2jpkj20ro0rogne.jpg", "like": false, "like_me": false, "badge": {"panda": 1, "user_name_certificate": 1, "wbzy_2018": 1, "hongbaofei_2019": 1, "suishoupai_2019": 1, "china_2019": 1, "hongkong_2019": 1, "starlight_2019": 1, "hongbao_2020": 3, "school_2020": 1, "hongbaofeifuniu_2021": 1, "hongbaofeijika_2021": 1}}, "reposts_count": 0, "comments_count": 0, "attitudes_count": 0, "pending_approval_count": 0, "isLongText": false, "reward_exhibition_type": 0, "hide_flag": 0, "mlevel": 0, "darwin_tags": [], "mblogtype": 0, "more_info_type": 0, "number_display_strategy": {"apply_scenario_flag": 3, "display_text_min_number": 1000000, "display_text": "100\u4e07+"}, "content_auth": 0, "repost_type": 1, "pic_num": 0, "alchemy_params": {"ug_red_envelope": false}, "raw_text": "\u8f6c\u53d1\u5fae\u535a", "bid": "JaGuFdQXu"}]