[{"id": 4514622365973730, "created_at": "2020-06-11", "source": "", "user": {"id": 6576326244, "screen_name": "\u5305\u6cb3\u6e05\u97f5", "profile_image_url": "https://tvax1.sinaimg.cn/crop.0.0.512.512.180/007b3AS8ly8gdipdl2u6hj30e80e8gm3.jpg?KID=imgbed,tva&Expires=1619217492&ssig=4QrgBkBEx6", "verified": true, "verified_type": 1, "followers_count": 21482, "verified_type_ext": 0, "mbtype": 12, "profile_url": "https://m.weibo.cn/u/6576326244?uid=6576326244", "remark": "", "following": false, "follow_me": false}, "text": "\u3010\u7537\u5b50<a class='k' href='https://m.weibo.cn/search?containerid=231522type%3D1%26t%3D10%26q%3D%23%E8%B0%8E%E7%A7%B0%E6%82%A3%E6%96%B0%E5%86%A0%E8%A6%81%E4%BC%A0%E6%9F%93%E4%BB%96%E4%BA%BA%E8%8E%B7%E5%88%911%E5%B9%B4%23'>#\u8c0e\u79f0\u60a3\u65b0\u51a0\u8981\u4f20\u67d3\u4ed6\u4eba\u83b7\u52111\u5e74#</a>\u3011", "like_counts": 0, "liked": false}, {"id": 4511037707550404, "created_at": "2020-06-01", "source": "", "user": {"id": 6320456414, "screen_name": "\u8427\u53bf\u53cd\u90aa", "profile_image_url": "https://tvax1.sinaimg.cn/crop.0.0.750.750.180/006TJZroly8gdiljqmdx0j30ku0kugmb.jpg?KID=imgbed,tva&Expires=1619217492&ssig=sIPPuYk%2BlI", "verified": true, "verified_type": 1, "followers_count": 1006, "verified_type_ext": 0, "mbtype": 0, "profile_url": "https://m.weibo.cn/u/6320456414?uid=6320456414", "remark": "", "following": false, "follow_me": false}, "text": "<a class='k' href='https://m.weibo.cn/search?containerid=231522type%3D1%26t%3D10%26q%3D%23%E8%B0%8E%E7%A7%B0%E6%82%A3%E6%96%B0%E5%86%A0%E8%A6%81%E4%BC%A0%E6%9F%93%E4%BB%96%E4%BA%BA%E8%8E%B7%E5%88%911%E5%B9%B4%23'>#\u8c0e\u79f0\u60a3\u65b0\u51a0\u8981\u4f20\u67d3\u4ed6\u4eba\u83b7\u52111\u5e74#</a>", "like_counts": 0, "liked": false}, {"id": 4510714876898686, "created_at": "2020-05-31", "source": "", "user": {"id": 7365965569, "screen_name": "\u868c\u57e0\u5e73\u5b89\u7ecf\u5f00", "profile_image_url": "https://tvax1.sinaimg.cn/crop.0.0.664.664.180/0082uQ8hly8gaic23scj0j30ig0igwgi.jpg?KID=imgbed,tva&Expires=1619217492&ssig=axPeC7RnEe", "verified": true, "verified_type": 1, "followers_count": 28, "verified_type_ext": 50, "mbtype": 2, "profile_url": "https://m.weibo.cn/u/7365965569?uid=7365965569", "remark": "", "following": false, "follow_me": false}, "text": "<span class=\"url-icon\"><img alt=[\u4f24\u5fc3] src=\"https://h5.sinaimg.cn/m/emoticon/icon/others/l_shangxin-49b2fe44a6.png\" style=\"width:1em; height:1em;\" /></span>", "like_counts": 0, "liked": false}, {"id": 4510686027875328, "created_at": "2020-05-31", "source": "", "user": {"id": 6517102369, "screen_name": "\u6dee\u4e0a\u6b63\u9053", "profile_image_url": "https://tvax2.sinaimg.cn/crop.0.0.664.664.180/0077362lly8gdl7tjlpaqj30ig0igq5c.jpg?KID=imgbed,tva&Expires=1619217492&ssig=3nTekVEYVF", "verified": true, "verified_type": 1, "followers_count": 156, "verified_type_ext": 0, "mbtype": 2, "profile_url": "https://m.weibo.cn/u/6517102369?uid=6517102369", "remark": "", "following": false, "follow_me": false}, "text": "<span class=\"url-icon\"><img alt=[\u8bdd\u7b52] src=\"https://h5.sinaimg.cn/m/emoticon/icon/others/o_huatong-0a3e80b147.png\" style=\"width:1em; height:1em;\" /></span>", "like_counts": 0, "liked": false}, {"id": 4510477118740103, "created_at": "2020-05-31", "source": "", "user": {"id": 6290273689, "screen_name": "\u868c\u57e0\u53cd\u90aa\u6559", "profile_image_url": "https://tvax4.sinaimg.cn/crop.144.72.555.555.180/006RHlxfly8fgzuny0kj0j30rs0ij146.jpg?KID=imgbed,tva&Expires=1619217492&ssig=03brRAnujY", "verified": true, "verified_type": 2, "followers_count": 123678, "verified_type_ext": 50, "mbtype": 2, "profile_url": "https://m.weibo.cn/u/6290273689?uid=6290273689", "remark": "", "following": false, "follow_me": false}, "text": "\ud83d\ude4f", "like_counts": 0, "liked": false}, {"id": 4510324373636166, "created_at": "2020-05-30", "source": "", "user": {"id": 6203262183, "screen_name": "\u5e90\u6c5f\u6e05\u97f5", "profile_image_url": "https://tvax1.sinaimg.cn/crop.0.0.996.996.180/006LOfRRly8gdkyfttyj7j30ro0ron1r.jpg?KID=imgbed,tva&Expires=1619217492&ssig=qx%2FVbK5qCp", "verified": true, "verified_type": 1, "followers_count": 2978, "verified_type_ext": 0, "mbtype": 0, "profile_url": "https://m.weibo.cn/u/6203262183?uid=6203262183", "remark": "", "following": false, "follow_me": false}, "text": "\u8f6c\u53d1\u5fae\u535a", "like_counts": 0, "liked": false}, {"id": 4508947812516557, "created_at": "2020-05-26", "source": "", "user": {"id": 6519399679, "screen_name": "\u79b9\u4f1a\u6b63\u9053", "profile_image_url": "https://tvax2.sinaimg.cn/crop.0.0.996.996.180/0077cJFJly8frtpui9echj30ro0rojv8.jpg?KID=imgbed,tva&Expires=1619217492&ssig=QmJ9bMhT1f", "verified": true, "verified_type": 1, "followers_count": 433, "verified_type_ext": 0, "mbtype": 2, "profile_url": "https://m.weibo.cn/u/6519399679?uid=6519399679", "remark": "", "following": false, "follow_me": false}, "text": "\u8f6c\u53d1\u5fae\u535a", "like_counts": 0, "liked": false}, {"id": 4508602594970939, "created_at": "2020-05-25", "source": "", "user": {"id": 6514423381, "screen_name": "\u6000\u8fdc\u6b63\u9053", "profile_image_url": "https://tvax1.sinaimg.cn/crop.7.0.367.367.180/0076RR6Rly8fq0l43ys7zj30fa0a778l.jpg?KID=imgbed,tva&Expires=1619217492&ssig=bu9LZhhHPS", "verified": true, "verified_type": 1, "followers_count": 350, "verified_type_ext": 0, "mbtype": 2, "profile_url": "https://m.weibo.cn/u/6514423381?uid=6514423381", "remark": "", "following": false, "follow_me": false}, "text": "\u8f6c\u53d1\u5fae\u535a", "like_counts": 0, "liked": false}, {"id": 4506256171829018, "created_at": "2020-05-19", "source": "", "user": {"id": 6545594314, "screen_name": "\u9f99\u5b50\u6e56\u6b63\u9053", "profile_image_url": "https://tvax1.sinaimg.cn/crop.65.0.437.437.180/0078YE5Qly8frizv2oygsj30f60c5wgc.jpg?KID=imgbed,tva&Expires=1619217492&ssig=kZvTFVRhBV", "verified": true, "verified_type": 1, "followers_count": 112, "verified_type_ext": 0, "mbtype": 0, "profile_url": "https://m.weibo.cn/u/6545594314?uid=6545594314", "remark": "", "following": false, "follow_me": false}, "text": "<span class=\"url-icon\"><img alt=[\u6012] src=\"https://h5.sinaimg.cn/m/emoticon/icon/default/d_nu-0ddf642bed.png\" style=\"width:1em; height:1em;\" /></span><span class=\"url-icon\"><img alt=[\u6012] src=\"https://h5.sinaimg.cn/m/emoticon/icon/default/d_nu-0ddf642bed.png\" style=\"width:1em; height:1em;\" /></span><span class=\"url-icon\"><img alt=[\u6012] src=\"https://h5.sinaimg.cn/m/emoticon/icon/default/d_nu-0ddf642bed.png\" style=\"width:1em; height:1em;\" /></span>", "like_counts": 0, "liked": false}, {"id": 4505942118816170, "created_at": "2020-05-18", "source": "", "user": {"id": 6500573438, "screen_name": "\u592a\u6e56\u53cd\u90aa\u6559", "profile_image_url": "https://tvax3.sinaimg.cn/crop.0.0.750.750.180/0075VK6Gly8fpau3od2tyj30ku0kut9y.jpg?KID=imgbed,tva&Expires=1619217492&ssig=O%2FYIki9HC%2B", "verified": true, "verified_type": 1, "followers_count": 411, "verified_type_ext": 0, "mbtype": 0, "profile_url": "https://m.weibo.cn/u/6500573438?uid=6500573438", "remark": "", "following": false, "follow_me": false}, "text": "\u8f6c\u53d1\u5fae\u535a", "like_counts": 0, "liked": false}, {"id": 4505877275253380, "created_at": "2020-05-18", "source": "", "user": {"id": 6293258546, "screen_name": "\u5bbf\u5dde\u6b63\u9053", "profile_image_url": "https://tvax4.sinaimg.cn/crop.156.11.333.333.180/006RTS26ly8fhbfmd4mosj30go0azq3y.jpg?KID=imgbed,tva&Expires=1619217506&ssig=s3Nsnsfs8v", "verified": true, "verified_type": 1, "followers_count": 20352, "verified_type_ext": 0, "mbtype": 0, "profile_url": "https://m.weibo.cn/u/6293258546?uid=6293258546", "remark": "", "following": false, "follow_me": false}, "text": "<span class=\"url-icon\"><img alt=[\u8bdd\u7b52] src=\"https://h5.sinaimg.cn/m/emoticon/icon/others/o_huatong-0a3e80b147.png\" style=\"width:1em; height:1em;\" /></span>", "like_counts": 0, "liked": false}, {"id": 4504775276373633, "created_at": "2020-05-15", "source": "", "user": {"id": 6617760427, "screen_name": "\u80a5\u4e1c\u6e05\u97f5", "profile_image_url": "https://tvax4.sinaimg.cn/crop.0.0.1080.1080.180/007dRrNply8gdi5sdrws5j30u00u00u7.jpg?KID=imgbed,tva&Expires=1619217506&ssig=lN%2Bzq4Mu3f", "verified": true, "verified_type": 1, "followers_count": 1320, "verified_type_ext": 0, "mbtype": 0, "profile_url": "https://m.weibo.cn/u/6617760427?uid=6617760427", "remark": "", "following": false, "follow_me": false}, "text": "<span class=\"url-icon\"><img alt=[\u8bdd\u7b52] src=\"https://h5.sinaimg.cn/m/emoticon/icon/others/o_huatong-0a3e80b147.png\" style=\"width:1em; height:1em;\" /></span>", "like_counts": 0, "liked": false}, {"id": 4504629507744780, "created_at": "2020-05-14", "source": "", "user": {"id": 6563508086, "screen_name": "\u7476\u6d77\u6e05\u97f5", "profile_image_url": "https://tvax1.sinaimg.cn/crop.60.0.771.771.180/007abOhEly1gdindw3w6gj30os0lfq49.jpg?KID=imgbed,tva&Expires=1619217506&ssig=fFGK7nL%2Bjy", "verified": true, "verified_type": 1, "followers_count": 47437, "verified_type_ext": 0, "mbtype": 2, "profile_url": "https://m.weibo.cn/u/6563508086?uid=6563508086", "remark": "", "following": false, "follow_me": false}, "text": "<span class=\"url-icon\"><img alt=[\u8bdd\u7b52] src=\"https://h5.sinaimg.cn/m/emoticon/icon/others/o_huatong-0a3e80b147.png\" style=\"width:1em; height:1em;\" /></span> <span class=\"url-icon\"><img alt=[\u8bdd\u7b52] src=\"https://h5.sinaimg.cn/m/emoticon/icon/others/o_huatong-0a3e80b147.png\" style=\"width:1em; height:1em;\" /></span> <span class=\"url-icon\"><img alt=[\u8bdd\u7b52] src=\"https://h5.sinaimg.cn/m/emoticon/icon/others/o_huatong-0a3e80b147.png\" style=\"width:1em; height:1em;\" /></span>", "like_counts": 0, "liked": false}, {"id": 4504146683861571, "created_at": "2020-05-13", "source": "", "user": {"id": 6305624738, "screen_name": "\u8499\u57ce\u53cd\u90aa", "profile_image_url": "https://tvax3.sinaimg.cn/crop.0.0.1002.1002.180/006SJL2Oly8gdka3vhdxcj30ru0rudii.jpg?KID=imgbed,tva&Expires=1619217506&ssig=XrJ797N3Nq", "verified": true, "verified_type": 1, "followers_count": 1066, "verified_type_ext": 0, "mbtype": 0, "profile_url": "https://m.weibo.cn/u/6305624738?uid=6305624738", "remark": "", "following": false, "follow_me": false}, "text": "\u8f6c\u53d1\u5fae\u535a", "like_counts": 0, "liked": false}, {"id": 4504134755780454, "created_at": "2020-05-13", "source": "", "user": {"id": 6498079965, "screen_name": "\u5bbf\u677e\u6b63\u9053", "profile_image_url": "https://tvax4.sinaimg.cn/crop.0.0.986.986.180/0075Lhrnly8gdky9b04chj30re0redhn.jpg?KID=imgbed,tva&Expires=1619217506&ssig=lHLTiEJzNC", "verified": true, "verified_type": 1, "followers_count": 4485, "verified_type_ext": 0, "mbtype": 0, "profile_url": "https://m.weibo.cn/u/6498079965?uid=6498079965", "remark": "", "following": false, "follow_me": false}, "text": "\u8f6c\u53d1", "like_counts": 0, "liked": false}, {"id": 4504074463281360, "created_at": "2020-05-13", "source": "", "user": {"id": 6275007444, "screen_name": "\u5408\u80a5\u53cd\u90aa\u6559", "profile_image_url": "https://tvax2.sinaimg.cn/crop.0.0.996.996.180/006QFi5uly8gdi6iniolij30ro0rowfj.jpg?KID=imgbed,tva&Expires=1619217506&ssig=5gwsC20Bhy", "verified": true, "verified_type": 1, "followers_count": 102486, "verified_type_ext": 0, "mbtype": 0, "profile_url": "https://m.weibo.cn/u/6275007444?uid=6275007444", "remark": "", "following": false, "follow_me": false}, "text": "\u3010\u7537\u5b50<a class='k' href='https://m.weibo.cn/search?containerid=231522type%3D1%26t%3D10%26q%3D%23%E8%B0%8E%E7%A7%B0%E6%82%A3%E6%96%B0%E5%86%A0%E8%A6%81%E4%BC%A0%E6%9F%93%E4%BB%96%E4%BA%BA%E8%8E%B7%E5%88%911%E5%B9%B4%23'>#\u8c0e\u79f0\u60a3\u65b0\u51a0\u8981\u4f20\u67d3\u4ed6\u4eba\u83b7\u52111\u5e74#</a>\u3011", "like_counts": 0, "liked": false}, {"id": 4504054522704976, "created_at": "2020-05-13", "source": "", "user": {"id": 6314335664, "screen_name": "\u829c\u6e56\u53cd\u90aa\u6559", "profile_image_url": "https://tvax3.sinaimg.cn/crop.244.0.305.305.180/006Tkj9Cly8gdm2twgtrvj30fa0a1dn8.jpg?KID=imgbed,tva&Expires=1619217506&ssig=OvofStkrI1", "verified": true, "verified_type": 1, "followers_count": 105203, "verified_type_ext": 0, "mbtype": 12, "profile_url": "https://m.weibo.cn/u/6314335664?uid=6314335664", "remark": "", "following": false, "follow_me": false}, "text": "<span class=\"url-icon\"><img alt=[\u8bdd\u7b52] src=\"https://h5.sinaimg.cn/m/emoticon/icon/others/o_huatong-0a3e80b147.png\" style=\"width:1em; height:1em;\" /></span>", "like_counts": 0, "liked": false}, {"id": 4504047242407788, "created_at": "2020-05-13", "source": "", "user": {"id": 6283311221, "screen_name": "\u5c6f\u6eaa\u53cd\u90aa\u6559", "profile_image_url": "https://tvax4.sinaimg.cn/crop.0.0.664.664.180/006Re8hnly8gdik5utqpkj30ig0igjss.jpg?KID=imgbed,tva&Expires=1619217506&ssig=uLiULiwE%2B9", "verified": true, "verified_type": 1, "followers_count": 278, "verified_type_ext": 0, "mbtype": 2, "profile_url": "https://m.weibo.cn/u/6283311221?uid=6283311221", "remark": "", "following": false, "follow_me": false}, "text": "\u3010\u7537\u5b50<a class='k' href='https://m.weibo.cn/search?containerid=231522type%3D1%26t%3D10%26q%3D%23%E8%B0%8E%E7%A7%B0%E6%82%A3%E6%96%B0%E5%86%A0%E8%A6%81%E4%BC%A0%E6%9F%93%E4%BB%96%E4%BA%BA%E8%8E%B7%E5%88%911%E5%B9%B4%23'>#\u8c0e\u79f0\u60a3\u65b0\u51a0\u8981\u4f20\u67d3\u4ed6\u4eba\u83b7\u52111\u5e74#</a>\u3011", "like_counts": 0, "liked": false}, {"id": 4504043685060708, "created_at": "2020-05-13", "source": "", "user": {"id": 6516842428, "screen_name": "\u56fa\u9547\u6b63\u9053", "profile_image_url": "https://tvax1.sinaimg.cn/crop.0.0.664.664.180/007720pKly8gdiladwp3gj30ig0ig0tw.jpg?KID=imgbed,tva&Expires=1619217506&ssig=bhhruoQVaC", "verified": true, "verified_type": 1, "followers_count": 180, "verified_type_ext": 0, "mbtype": 2, "profile_url": "https://m.weibo.cn/u/6516842428?uid=6516842428", "remark": "", "following": false, "follow_me": false}, "text": "\u8f6c\u53d1\u5fae\u535a", "like_counts": 0, "liked": false}, {"id": 4503903537135568, "created_at": "2020-05-12", "source": "", "user": {"id": 7426630476, "screen_name": "\u957f\u5b89\u5cb3\u897f\u6e29\u6cc9", "profile_image_url": "https://tvax4.sinaimg.cn/crop.0.0.106.106.180/0086BnQwly8gdffpm3ux1j302y02y0si.jpg?KID=imgbed,tva&Expires=1619217506&ssig=VHU3o1t71s", "verified": true, "verified_type": 1, "followers_count": 34, "verified_type_ext": 50, "mbtype": 0, "profile_url": "https://m.weibo.cn/u/7426630476?uid=7426630476", "remark": "", "following": false, "follow_me": false}, "text": "\u7537\u5b50<a class='k' href='https://m.weibo.cn/search?containerid=231522type%3D1%26t%3D10%26q%3D%23%E8%B0%8E%E7%A7%B0%E6%82%A3%E6%96%B0%E5%86%A0%E8%A6%81%E4%BC%A0%E6%9F%93%E4%BB%96%E4%BA%BA%E8%8E%B7%E5%88%911%E5%B9%B4%23'>#\u8c0e\u79f0\u60a3\u65b0\u51a0\u8981\u4f20\u67d3\u4ed6\u4eba\u83b7\u52111\u5e74#</a>", "like_counts": 0, "liked": false}, {"id": 4503899908121458, "created_at": "2020-05-12", "source": "", "user": {"id": 5445487701, "screen_name": "\u542b\u5c71\u6b63\u9053", "profile_image_url": "https://tvax3.sinaimg.cn/crop.0.0.1006.1006.180/005WwI6Nly8gdm4ua8wscj30ry0rymzi.jpg?KID=imgbed,tva&Expires=1619217520&ssig=amFsFtCgaK", "verified": true, "verified_type": 1, "followers_count": 147, "verified_type_ext": 0, "mbtype": 0, "profile_url": "https://m.weibo.cn/u/5445487701?uid=5445487701", "remark": "", "following": false, "follow_me": false}, "text": "\u7537\u5b50<a class='k' href='https://m.weibo.cn/search?containerid=231522type%3D1%26t%3D10%26q%3D%23%E8%B0%8E%E7%A7%B0%E6%82%A3%E6%96%B0%E5%86%A0%E8%A6%81%E4%BC%A0%E6%9F%93%E4%BB%96%E4%BA%BA%E8%8E%B7%E5%88%911%E5%B9%B4%23'>#\u8c0e\u79f0\u60a3\u65b0\u51a0\u8981\u4f20\u67d3\u4ed6\u4eba\u83b7\u52111\u5e74#</a>", "like_counts": 0, "liked": false}, {"id": 4503866454330043, "created_at": "2020-05-12", "source": "", "user": {"id": 6509854827, "screen_name": "\u955c\u6e56\u9632\u8303", "profile_image_url": "https://tvax1.sinaimg.cn/crop.0.0.1080.1080.180/0076yGCvly8gdi5dlvgm9j30u00u0who.jpg?KID=imgbed,tva&Expires=1619217520&ssig=GFHvhHeOg%2F", "verified": true, "verified_type": 1, "followers_count": 224, "verified_type_ext": 0, "mbtype": 0, "profile_url": "https://m.weibo.cn/u/6509854827?uid=6509854827", "remark": "", "following": false, "follow_me": false}, "text": "<span class=\"url-icon\"><img alt=[\u8bdd\u7b52] src=\"https://h5.sinaimg.cn/m/emoticon/icon/others/o_huatong-0a3e80b147.png\" style=\"width:1em; height:1em;\" /></span><span class=\"url-icon\"><img alt=[\u8bdd\u7b52] src=\"https://h5.sinaimg.cn/m/emoticon/icon/others/o_huatong-0a3e80b147.png\" style=\"width:1em; height:1em;\" /></span>", "like_counts": 0, "liked": false}, {"id": 4503835643696156, "created_at": "2020-05-12", "source": "", "user": {"id": 6253020665, "screen_name": "\u9a6c\u978d\u5c71\u53cd\u90aa\u6559", "profile_image_url": "https://tvax4.sinaimg.cn/crop.0.0.996.996.180/006Pb2k1ly8gdi6yhoyy3j30ro0romyp.jpg?KID=imgbed,tva&Expires=1619217520&ssig=6L8oyFoDPs", "verified": true, "verified_type": 1, "followers_count": 57083, "verified_type_ext": 0, "mbtype": 12, "profile_url": "https://m.weibo.cn/u/6253020665?uid=6253020665", "remark": "", "following": false, "follow_me": false}, "text": "<span class=\"url-icon\"><img alt=[\u8bdd\u7b52] src=\"https://h5.sinaimg.cn/m/emoticon/icon/others/o_huatong-0a3e80b147.png\" style=\"width:1em; height:1em;\" /></span><span class=\"url-icon\"><img alt=[\u56f4\u89c2] src=\"https://h5.sinaimg.cn/m/emoticon/icon/others/o_weiguan-96e2adbbaa.png\" style=\"width:1em; height:1em;\" /></span><span class=\"url-icon\"><img alt=[\u8bdd\u7b52] src=\"https://h5.sinaimg.cn/m/emoticon/icon/others/o_huatong-0a3e80b147.png\" style=\"width:1em; height:1em;\" /></span><span class=\"url-icon\"><img alt=[\u56f4\u89c2] src=\"https://h5.sinaimg.cn/m/emoticon/icon/others/o_weiguan-96e2adbbaa.png\" style=\"width:1em; height:1em;\" /></span><span class=\"url-icon\"><img alt=[\u8bdd\u7b52] src=\"https://h5.sinaimg.cn/m/emoticon/icon/others/o_huatong-0a3e80b147.png\" style=\"width:1em; height:1em;\" /></span>", "like_counts": 0, "liked": false}, {"id": 4503823198997984, "created_at": "2020-05-12", "source": "", "user": {"id": 6085390082, "screen_name": "\u6dee\u5357\u53cd\u90aa\u6559", "profile_image_url": "https://tvax1.sinaimg.cn/crop.0.0.736.736.180/006DPFWWly8gdikai0ssfj30kg0kgq3o.jpg?KID=imgbed,tva&Expires=1619217520&ssig=n%2FLkCs8CfL", "verified": true, "verified_type": 1, "followers_count": 1771, "verified_type_ext": 0, "mbtype": 0, "profile_url": "https://m.weibo.cn/u/6085390082?uid=6085390082", "remark": "", "following": false, "follow_me": false}, "text": "\u8f6c\u53d1\u5fae\u535a", "like_counts": 0, "liked": false}, {"id": 4503807655031136, "created_at": "2020-05-12", "source": "", "user": {"id": 6641940474, "screen_name": "\u957f\u6dee\u6e05\u97f5", "profile_image_url": "https://tvax3.sinaimg.cn/crop.0.385.683.683.180/007fuU8aly8fv47g34zwaj30ku1127wh.jpg?KID=imgbed,tva&Expires=1619217520&ssig=94qFpxnU8t", "verified": true, "verified_type": 1, "followers_count": 435, "verified_type_ext": 0, "mbtype": 0, "profile_url": "https://m.weibo.cn/u/6641940474?uid=6641940474", "remark": "", "following": false, "follow_me": false}, "text": "\u3010\u7537\u5b50<a class='k' href='https://m.weibo.cn/search?containerid=231522type%3D1%26t%3D10%26q%3D%23%E8%B0%8E%E7%A7%B0%E6%82%A3%E6%96%B0%E5%86%A0%E8%A6%81%E4%BC%A0%E6%9F%93%E4%BB%96%E4%BA%BA%E8%8E%B7%E5%88%911%E5%B9%B4%23'>#\u8c0e\u79f0\u60a3\u65b0\u51a0\u8981\u4f20\u67d3\u4ed6\u4eba\u83b7\u52111\u5e74#</a>\u3011", "like_counts": 0, "liked": false}, {"id": 4503803704313070, "created_at": "2020-05-12", "source": "", "user": {"id": 6485801674, "screen_name": "\u5cb3\u897f\u53cd\u90aa\u6559", "profile_image_url": "https://tvax3.sinaimg.cn/crop.25.0.200.200.180/0074VLiqly1fppzi99acvj306y05k745.jpg?KID=imgbed,tva&Expires=1619217520&ssig=w7djeToWMv", "verified": true, "verified_type": 1, "followers_count": 2645, "verified_type_ext": 0, "mbtype": 0, "profile_url": "https://m.weibo.cn/u/6485801674?uid=6485801674", "remark": "", "following": false, "follow_me": false}, "text": "\u3010\u7537\u5b50<a class='k' href='https://m.weibo.cn/search?containerid=231522type%3D1%26t%3D10%26q%3D%23%E8%B0%8E%E7%A7%B0%E6%82%A3%E6%96%B0%E5%86%A0%E8%A6%81%E4%BC%A0%E6%9F%93%E4%BB%96%E4%BA%BA%E8%8E%B7%E5%88%911%E5%B9%B4%23'>#\u8c0e\u79f0\u60a3\u65b0\u51a0\u8981\u4f20\u67d3\u4ed6\u4eba\u83b7\u52111\u5e74#</a>\u3011", "like_counts": 0, "liked": false}, {"id": 4503797278217528, "created_at": "2020-05-12", "source": "", "user": {"id": 6516534144, "screen_name": "\u957f\u5b89\u5929\u5802\u9547", "profile_image_url": "https://tvax1.sinaimg.cn/crop.0.0.106.106.180/00770Idqly8gdebc8xd6mj302y02ydfo.jpg?KID=imgbed,tva&Expires=1619217520&ssig=YhDWQRmwnP", "verified": true, "verified_type": 1, "followers_count": 22, "verified_type_ext": 50, "mbtype": 0, "profile_url": "https://m.weibo.cn/u/6516534144?uid=6516534144", "remark": "", "following": false, "follow_me": false}, "text": "\u7537\u5b50<a class='k' href='https://m.weibo.cn/search?containerid=231522type%3D1%26t%3D10%26q%3D%23%E8%B0%8E%E7%A7%B0%E6%82%A3%E6%96%B0%E5%86%A0%E8%A6%81%E4%BC%A0%E6%9F%93%E4%BB%96%E4%BA%BA%E8%8E%B7%E5%88%911%E5%B9%B4%23'>#\u8c0e\u79f0\u60a3\u65b0\u51a0\u8981\u4f20\u67d3\u4ed6\u4eba\u83b7\u52111\u5e74#</a>\u3011", "like_counts": 0, "liked": false}, {"id": 4503796196426799, "created_at": "2020-05-12", "source": "", "user": {"id": 7240749757, "screen_name": "\u6da1\u9633\u9632\u90aa", "profile_image_url": "https://tvax3.sinaimg.cn/crop.219.66.555.555.180/007U1rMply8g5j0ur4tdkj30rs0ha76y.jpg?KID=imgbed,tva&Expires=1619217520&ssig=ctw%2BBt1r1e", "verified": true, "verified_type": 1, "followers_count": 169, "verified_type_ext": 50, "mbtype": 0, "profile_url": "https://m.weibo.cn/u/7240749757?uid=7240749757", "remark": "", "following": false, "follow_me": false}, "text": "<span class=\"url-icon\"><img alt=[\u8bdd\u7b52] src=\"https://h5.sinaimg.cn/m/emoticon/icon/others/o_huatong-0a3e80b147.png\" style=\"width:1em; height:1em;\" /></span>", "like_counts": 0, "liked": false}, {"id": 4503795289517994, "created_at": "2020-05-12", "source": "", "user": {"id": 6512251622, "screen_name": "\u4e09\u5c71\u653f\u6cd5", "profile_image_url": "https://tvax3.sinaimg.cn/crop.0.0.1781.1781.180/0076IK8uly8fr3qeikuyvj31dh1dhnhx.jpg?KID=imgbed,tva&Expires=1619217520&ssig=h%2FC7JtyvX5", "verified": true, "verified_type": 1, "followers_count": 172, "verified_type_ext": 0, "mbtype": 0, "profile_url": "https://m.weibo.cn/u/6512251622?uid=6512251622", "remark": "", "following": false, "follow_me": false}, "text": "\u3010\u7537\u5b50<a class='k' href='https://m.weibo.cn/search?containerid=231522type%3D1%26t%3D10%26q%3D%23%E8%B0%8E%E7%A7%B0%E6%82%A3%E6%96%B0%E5%86%A0%E8%A6%81%E4%BC%A0%E6%9F%93%E4%BB%96%E4%BA%BA%E8%8E%B7%E5%88%911%E5%B9%B4%23'>#\u8c0e\u79f0\u60a3\u65b0\u51a0\u8981\u4f20\u67d3\u4ed6\u4eba\u83b7\u52111\u5e74#</a>\u3011<a href='https://m.weibo.cn/n/\u5b89\u5fbd\u53cd\u90aa\u6559'>@\u5b89\u5fbd\u53cd\u90aa\u6559</a>", "like_counts": 0, "liked": false}, {"id": 4503794484233061, "created_at": "2020-05-12", "source": "", "user": {"id": 6514055086, "screen_name": "\u675c\u96c6\u6b63\u9053", "profile_image_url": "https://tvax3.sinaimg.cn/crop.0.0.512.512.180/0076QjiCly8gdl8gh3d6wj30e80e8t99.jpg?KID=imgbed,tva&Expires=1619217520&ssig=Q0uVWynklR", "verified": true, "verified_type": 1, "followers_count": 96, "verified_type_ext": 0, "mbtype": 2, "profile_url": "https://m.weibo.cn/u/6514055086?uid=6514055086", "remark": "", "following": false, "follow_me": false}, "text": "\u8f6c\u53d1\u5fae\u535a", "like_counts": 1, "liked": false}, {"id": 4503792927712136, "created_at": "2020-05-12", "source": "", "user": {"id": 6514653935, "screen_name": "\u829c\u6e56\u5e02\u5927\u6865\u6b63\u9053", "profile_image_url": "https://tvax1.sinaimg.cn/crop.48.23.122.122.180/0076SP5tly8fqi0a1a2jkj306404qq40.jpg?KID=imgbed,tva&Expires=1619217533&ssig=QIExYf%2FzEi", "verified": true, "verified_type": 1, "followers_count": 598, "verified_type_ext": 0, "mbtype": 0, "profile_url": "https://m.weibo.cn/u/6514653935?uid=6514653935", "remark": "", "following": false, "follow_me": false}, "text": "\u7537\u5b50<a class='k' href='https://m.weibo.cn/search?containerid=231522type%3D1%26t%3D10%26q%3D%23%E8%B0%8E%E7%A7%B0%E6%82%A3%E6%96%B0%E5%86%A0%E8%A6%81%E4%BC%A0%E6%9F%93%E4%BB%96%E4%BA%BA%E8%8E%B7%E5%88%911%E5%B9%B4%23'>#\u8c0e\u79f0\u60a3\u65b0\u51a0\u8981\u4f20\u67d3\u4ed6\u4eba\u83b7\u52111\u5e74#</a>", "like_counts": 1, "liked": false}, {"id": 4503787426271686, "created_at": "2020-05-12", "source": "", "user": {"id": 5492734072, "screen_name": "\u76f8\u5c71\u533a\u653f\u6cd5\u59d4", "profile_image_url": "https://tvax2.sinaimg.cn/crop.0.0.996.996.180/005ZIX32ly8gdih98zo4xj30ro0ro0uu.jpg?KID=imgbed,tva&Expires=1619217533&ssig=DLL68XQ3XY", "verified": true, "verified_type": 1, "followers_count": 896, "verified_type_ext": 0, "mbtype": 2, "profile_url": "https://m.weibo.cn/u/5492734072?uid=5492734072", "remark": "", "following": false, "follow_me": false}, "text": "\u8f6c\u53d1\u5fae\u535a", "like_counts": 1, "liked": false}, {"id": 4503785559184376, "created_at": "2020-05-12", "source": "", "user": {"id": 6506160319, "screen_name": "\u65e0\u4e3a\u9632\u8303", "profile_image_url": "https://tvax3.sinaimg.cn/crop.28.0.226.226.180/0076jbvFly8fpceim464wj307z06aglr.jpg?KID=imgbed,tva&Expires=1619217533&ssig=9EJwaO6Jk8", "verified": true, "verified_type": 1, "followers_count": 248, "verified_type_ext": 0, "mbtype": 0, "profile_url": "https://m.weibo.cn/u/6506160319?uid=6506160319", "remark": "", "following": false, "follow_me": false}, "text": "\u8f6c\u53d1\u5fae\u535a<a href='https://m.weibo.cn/n/\u5b89\u5fbd\u53cd\u90aa\u6559'>@\u5b89\u5fbd\u53cd\u90aa\u6559</a>", "like_counts": 1, "liked": false}, {"id": 4503782446521165, "created_at": "2020-05-12", "source": "", "user": {"id": 3134925031, "screen_name": "\u9ec4\u5c71\u53cd\u90aa\u6559", "profile_image_url": "https://tvax2.sinaimg.cn/crop.11.6.116.116.180/badb28e7ly8gdj4axmilkj2046046jrf.jpg?KID=imgbed,tva&Expires=1619217533&ssig=fzDT284DS%2B", "verified": true, "verified_type": 1, "followers_count": 29482, "verified_type_ext": 0, "mbtype": 2, "profile_url": "https://m.weibo.cn/u/3134925031?uid=3134925031", "remark": "", "following": false, "follow_me": false}, "text": "\u3010\u7537\u5b50<a class='k' href='https://m.weibo.cn/search?containerid=231522type%3D1%26t%3D10%26q%3D%23%E8%B0%8E%E7%A7%B0%E6%82%A3%E6%96%B0%E5%86%A0%E8%A6%81%E4%BC%A0%E6%9F%93%E4%BB%96%E4%BA%BA%E8%8E%B7%E5%88%911%E5%B9%B4%23'>#\u8c0e\u79f0\u60a3\u65b0\u51a0\u8981\u4f20\u67d3\u4ed6\u4eba\u83b7\u52111\u5e74#</a>\u30112\u67081\u65e521\u65f6\u8bb8\uff0c\u9093\u67d0\u67d0\u5728\u660e\u77e5\u672a\u611f\u67d3\u65b0\u51a0\u80ba\u708e\uff0c\u8eab\u4f53\u826f\u597d\u7684\u60c5\u51b5\u4e0b\uff0c\u4e3a\u5bfb\u6c42\u523a\u6fc0\uff0c\u5728\u67d0\u732e\u8840\u7fa4\u4e2d\uff0c\u7f16\u9020\u53d1\u5e03\u5176\u662f\u65b0\u51a0\u60a3\u8005\uff0c\u8981\u53bb\u611f\u67d3\u4ed6\u4eba\u7684\u865a\u5047\u4fe1\u606f\u3002\u53c8\u56e0\u9093\u67d0\u67d0\u8fd1\u671f\u6709\u732e\u8840\u53f2\uff0c\u6240\u732e\u8840\u6db2\u5df2\u7528\u4e8e\u4e34\u5e8a\uff0c\u5f15\u53d1\u6050\u614c\u3002\u9093\u67d0\u67d0\u83b7\u52111\u5e74\u3002", "like_counts": 1, "liked": false}, {"id": 4503782325489959, "created_at": "2020-05-12", "source": "", "user": {"id": 6313391623, "screen_name": "\u6b59\u53bf\u53cd\u90aa", "profile_image_url": "https://tvax1.sinaimg.cn/crop.213.52.534.534.180/006Tglz9ly8fhdtfriqtkj30qq0hsak3.jpg?KID=imgbed,tva&Expires=1619217533&ssig=y3sSZVkBWX", "verified": true, "verified_type": 1, "followers_count": 1067, "verified_type_ext": 0, "mbtype": 0, "profile_url": "https://m.weibo.cn/u/6313391623?uid=6313391623", "remark": "", "following": false, "follow_me": false}, "text": "//<a href='https://m.weibo.cn/n/\u8c2f\u57ce\u533a\u534e\u4f57\u6545\u91cc'>@\u8c2f\u57ce\u533a\u534e\u4f57\u6545\u91cc</a>: \u9020\u8c23\u5fc5\u88ab\u62d8", "like_counts": 0, "liked": false}, {"id": 4503780303714551, "created_at": "2020-05-12", "source": "", "user": {"id": 6305624738, "screen_name": "\u8499\u57ce\u53cd\u90aa", "profile_image_url": "https://tvax3.sinaimg.cn/crop.0.0.1002.1002.180/006SJL2Oly8gdka3vhdxcj30ru0rudii.jpg?KID=imgbed,tva&Expires=1619217533&ssig=7%2BqZArg4Xk", "verified": true, "verified_type": 1, "followers_count": 1066, "verified_type_ext": 0, "mbtype": 0, "profile_url": "https://m.weibo.cn/u/6305624738?uid=6305624738", "remark": "", "following": false, "follow_me": false}, "text": "\u8f6c\u53d1\u5fae\u535a", "like_counts": 0, "liked": false}, {"id": 4503780068154473, "created_at": "2020-05-12", "source": "", "user": {"id": 6711444147, "screen_name": "\u4e09\u91cc\u8857\u6e05\u97f5", "profile_image_url": "https://tvax1.sinaimg.cn/default/images/default_avatar_male_180.gif?KID=imgbed,tva&Expires=1619217533&ssig=NtvayjLlGB", "verified": true, "verified_type": 1, "followers_count": 47, "verified_type_ext": 0, "mbtype": 0, "profile_url": "https://m.weibo.cn/u/6711444147?uid=6711444147", "remark": "", "following": false, "follow_me": false}, "text": "\u8f6c\u53d1\u5fae\u535a", "like_counts": 0, "liked": false}, {"id": 4503772841569965, "created_at": "2020-05-12", "source": "", "user": {"id": 5679223531, "screen_name": "\u516d\u5b89\u53cd\u90aa\u6559", "profile_image_url": "https://tvax1.sinaimg.cn/crop.0.0.1002.1002.180/006clrtxly8gdilrfh172j30ru0rujsn.jpg?KID=imgbed,tva&Expires=1619217533&ssig=s%2Fw0hjnt33", "verified": true, "verified_type": 1, "followers_count": 4142, "verified_type_ext": 0, "mbtype": 0, "profile_url": "https://m.weibo.cn/u/5679223531?uid=5679223531", "remark": "", "following": false, "follow_me": false}, "text": "\u8f6c\u53d1\u5fae\u535a", "like_counts": 0, "liked": false}, {"id": 4503771549399574, "created_at": "2020-05-12", "source": "", "user": {"id": 6178896984, "screen_name": "\u8427\u53bf\u77f3\u6797\u4e61", "profile_image_url": "https://tvax1.sinaimg.cn/crop.17.1.254.254.180/006Ka1mMly8fdtccn7o3rj30ck08cq38.jpg?KID=imgbed,tva&Expires=1619217533&ssig=bLT1UUya%2BK", "verified": true, "verified_type": 1, "followers_count": 127, "verified_type_ext": 0, "mbtype": 0, "profile_url": "https://m.weibo.cn/u/6178896984?uid=6178896984", "remark": "", "following": false, "follow_me": false}, "text": "\u8f6c\u53d1\u5fae\u535a", "like_counts": 0, "liked": false}, {"id": 4503771487269061, "created_at": "2020-05-12", "source": "", "user": {"id": 7353248645, "screen_name": "\u8c2f\u57ce\u533a\u534e\u4f57\u6545\u91cc", "profile_image_url": "https://tvax2.sinaimg.cn/crop.94.46.293.293.180/0081DtSBly8g9uuq7sn3yj30d30eomxk.jpg?KID=imgbed,tva&Expires=1619217533&ssig=acNBboifFR", "verified": true, "verified_type": 1, "followers_count": 45, "verified_type_ext": 50, "mbtype": 0, "profile_url": "https://m.weibo.cn/u/7353248645?uid=7353248645", "remark": "", "following": false, "follow_me": false}, "text": "\u9020\u8c23\u5fc5\u88ab\u62d8", "like_counts": 0, "liked": false}, {"id": 4503769965345237, "created_at": "2020-05-12", "source": "", "user": {"id": 6678845991, "screen_name": "\u94dc\u9675\u8def\u6e05\u97f5", "profile_image_url": "https://tvax1.sinaimg.cn/crop.148.0.800.800.180/007hZKWrly8fz7c8q4be7j31400u0jxn.jpg?KID=imgbed,tva&Expires=1619217546&ssig=XX76Sldt3u", "verified": true, "verified_type": 1, "followers_count": 122, "verified_type_ext": 0, "mbtype": 0, "profile_url": "https://m.weibo.cn/u/6678845991?uid=6678845991", "remark": "", "following": false, "follow_me": false}, "text": "\u3010\u7537\u5b50<a class='k' href='https://m.weibo.cn/search?containerid=231522type%3D1%26t%3D10%26q%3D%23%E8%B0%8E%E7%A7%B0%E6%82%A3%E6%96%B0%E5%86%A0%E8%A6%81%E4%BC%A0%E6%9F%93%E4%BB%96%E4%BA%BA%E8%8E%B7%E5%88%911%E5%B9%B4%23'>#\u8c0e\u79f0\u60a3\u65b0\u51a0\u8981\u4f20\u67d3\u4ed6\u4eba\u83b7\u52111\u5e74#</a>\u3011", "like_counts": 0, "liked": false}, {"id": 4503768344860403, "created_at": "2020-05-12", "source": "", "user": {"id": 6512187542, "screen_name": "\u829c\u7ecf\u5f00\u5e73\u5b89", "profile_image_url": "https://tvax1.sinaimg.cn/crop.0.0.1080.1080.180/0076ItsWly8gdijnys2zdj30u00u0q4s.jpg?KID=imgbed,tva&Expires=1619217546&ssig=RbD7eSic1l", "verified": true, "verified_type": 1, "followers_count": 46, "verified_type_ext": 0, "mbtype": 0, "profile_url": "https://m.weibo.cn/u/6512187542?uid=6512187542", "remark": "", "following": false, "follow_me": false}, "text": "<span class=\"url-icon\"><img alt=[\u8bdd\u7b52] src=\"https://h5.sinaimg.cn/m/emoticon/icon/others/o_huatong-0a3e80b147.png\" style=\"width:1em; height:1em;\" /></span><span class=\"url-icon\"><img alt=[\u8bdd\u7b52] src=\"https://h5.sinaimg.cn/m/emoticon/icon/others/o_huatong-0a3e80b147.png\" style=\"width:1em; height:1em;\" /></span>", "like_counts": 0, "liked": false}, {"id": 4503762049710594, "created_at": "2020-05-12", "source": "", "user": {"id": 6506855283, "screen_name": "\u5357\u9675\u9632\u8303", "profile_image_url": "https://tvax2.sinaimg.cn/crop.223.8.279.279.180/0076m6iLly8fpjccjtwpaj30dz08cglt.jpg?KID=imgbed,tva&Expires=1619217546&ssig=Q8XWbc%2BGQ8", "verified": true, "verified_type": 1, "followers_count": 160, "verified_type_ext": 0, "mbtype": 0, "profile_url": "https://m.weibo.cn/u/6506855283?uid=6506855283", "remark": "", "following": false, "follow_me": false}, "text": "\u7537\u5b50<a class='k' href='https://m.weibo.cn/search?containerid=231522type%3D1%26t%3D10%26q%3D%23%E8%B0%8E%E7%A7%B0%E6%82%A3%E6%96%B0%E5%86%A0%E8%A6%81%E4%BC%A0%E6%9F%93%E4%BB%96%E4%BA%BA%E8%8E%B7%E5%88%911%E5%B9%B4%23'>#\u8c0e\u79f0\u60a3\u65b0\u51a0\u8981\u4f20\u67d3\u4ed6\u4eba\u83b7\u52111\u5e74#</a>", "like_counts": 0, "liked": false}, {"id": 4503752923166524, "created_at": "2020-05-12", "source": "", "user": {"id": 6311272256, "screen_name": "\u6c60\u5dde\u53cd\u90aa\u6559", "profile_image_url": "https://tvax2.sinaimg.cn/crop.0.0.690.690.180/006T7sdOly8gdishjm9a0j30j60j641k.jpg?KID=imgbed,tva&Expires=1619217546&ssig=mRU7lMUN72", "verified": true, "verified_type": 1, "followers_count": 67577, "verified_type_ext": 0, "mbtype": 0, "profile_url": "https://m.weibo.cn/u/6311272256?uid=6311272256", "remark": "", "following": false, "follow_me": false}, "text": "\u7537\u5b50<a class='k' href='https://m.weibo.cn/search?containerid=231522type%3D1%26t%3D10%26q%3D%23%E8%B0%8E%E7%A7%B0%E6%82%A3%E6%96%B0%E5%86%A0%E8%A6%81%E4%BC%A0%E6%9F%93%E4%BB%96%E4%BA%BA%E8%8E%B7%E5%88%911%E5%B9%B4%23'>#\u8c0e\u79f0\u60a3\u65b0\u51a0\u8981\u4f20\u67d3\u4ed6\u4eba\u83b7\u52111\u5e74#</a>", "like_counts": 0, "liked": false}, {"id": 4503749898836771, "created_at": "2020-05-12", "source": "", "user": {"id": 5384801243, "screen_name": "\u5fbd\u5dde\u53cd\u90aa\u6559", "profile_image_url": "https://tvax2.sinaimg.cn/crop.0.0.996.996.180/005Sq4MXly8gdinfmdj5lj30ro0rogni.jpg?KID=imgbed,tva&Expires=1619217546&ssig=fNSJVcPk%2FL", "verified": true, "verified_type": 1, "followers_count": 4259, "verified_type_ext": 0, "mbtype": 0, "profile_url": "https://m.weibo.cn/u/5384801243?uid=5384801243", "remark": "", "following": false, "follow_me": false}, "text": "\u3010\u7537\u5b50<a class='k' href='https://m.weibo.cn/search?containerid=231522type%3D1%26t%3D10%26q%3D%23%E8%B0%8E%E7%A7%B0%E6%82%A3%E6%96%B0%E5%86%A0%E8%A6%81%E4%BC%A0%E6%9F%93%E4%BB%96%E4%BA%BA%E8%8E%B7%E5%88%911%E5%B9%B4%23'>#\u8c0e\u79f0\u60a3\u65b0\u51a0\u8981\u4f20\u67d3\u4ed6\u4eba\u83b7\u52111\u5e74#</a>\u3011", "like_counts": 0, "liked": false}, {"id": 4503744286770199, "created_at": "2020-05-12", "source": "", "user": {"id": 7426491518, "screen_name": "\u957f\u5b89\u59da\u6cb3", "profile_image_url": "https://tvax3.sinaimg.cn/crop.0.0.106.106.180/0086ANHgly8gdejgdj7cuj302y02ydfo.jpg?KID=imgbed,tva&Expires=1619217546&ssig=e1QattMTpd", "verified": true, "verified_type": 1, "followers_count": 39, "verified_type_ext": 50, "mbtype": 0, "profile_url": "https://m.weibo.cn/u/7426491518?uid=7426491518", "remark": "", "following": false, "follow_me": false}, "text": "\u8f6c\u53d1\u5fae\u535a", "like_counts": 0, "liked": false}, {"id": 4503735646963536, "created_at": "2020-05-12", "source": "", "user": {"id": 6678844295, "screen_name": "\u57ce\u4e1c\u6e05\u97f5", "profile_image_url": "https://tvax4.sinaimg.cn/crop.0.0.444.444.180/007hZKv5ly8g6gvu5owrtj30m80dk74u.jpg?KID=imgbed,tva&Expires=1619217546&ssig=Lfe1H5qvxX", "verified": true, "verified_type": 1, "followers_count": 154, "verified_type_ext": 0, "mbtype": 0, "profile_url": "https://m.weibo.cn/u/6678844295?uid=6678844295", "remark": "", "following": false, "follow_me": false}, "text": "<span class=\"url-icon\"><img alt=[\u6012] src=\"https://h5.sinaimg.cn/m/emoticon/icon/default/d_nu-0ddf642bed.png\" style=\"width:1em; height:1em;\" /></span>\u53ef\u6076\u81f3\u6781", "like_counts": 0, "liked": false}, {"id": 4503722140428753, "created_at": "2020-05-12", "source": "", "user": {"id": 6314636844, "screen_name": "\u4eb3\u5dde\u53cd\u90aa\u6559", "profile_image_url": "https://tvax3.sinaimg.cn/crop.0.0.512.512.180/006Tlzvmly8gdiix7i3gmj30e80e8mxm.jpg?KID=imgbed,tva&Expires=1619217546&ssig=Qafv8SOjhs", "verified": true, "verified_type": 2, "followers_count": 2706, "verified_type_ext": 50, "mbtype": 0, "profile_url": "https://m.weibo.cn/u/6314636844?uid=6314636844", "remark": "", "following": false, "follow_me": false}, "text": "<span class=\"url-icon\"><img alt=[\u8bdd\u7b52] src=\"https://h5.sinaimg.cn/m/emoticon/icon/others/o_huatong-0a3e80b147.png\" style=\"width:1em; height:1em;\" /></span><span class=\"url-icon\"><img alt=[\u8bdd\u7b52] src=\"https://h5.sinaimg.cn/m/emoticon/icon/others/o_huatong-0a3e80b147.png\" style=\"width:1em; height:1em;\" /></span><span class=\"url-icon\"><img alt=[\u8bdd\u7b52] src=\"https://h5.sinaimg.cn/m/emoticon/icon/others/o_huatong-0a3e80b147.png\" style=\"width:1em; height:1em;\" /></span>", "like_counts": 0, "liked": false}, {"id": 4503720865317993, "created_at": "2020-05-12", "source": "", "user": {"id": 6050901529, "screen_name": "\u4e03\u91cc\u7ad9-\u6e05\u97f5", "profile_image_url": "https://tvax4.sinaimg.cn/crop.29.0.192.192.180/006BuXTXly8fuwfxogcjzj306z06oaac.jpg?KID=imgbed,tva&Expires=1619217546&ssig=RFWDXkfiqp", "verified": true, "verified_type": 1, "followers_count": 98, "verified_type_ext": 0, "mbtype": 0, "profile_url": "https://m.weibo.cn/u/6050901529?uid=6050901529", "remark": "", "following": false, "follow_me": false}, "text": "\u7537\u5b50<a class='k' href='https://m.weibo.cn/search?containerid=231522type%3D1%26t%3D10%26q%3D%23%E8%B0%8E%E7%A7%B0%E6%82%A3%E6%96%B0%E5%86%A0%E8%A6%81%E4%BC%A0%E6%9F%93%E4%BB%96%E4%BA%BA%E8%8E%B7%E5%88%911%E5%B9%B4%23'>#\u8c0e\u79f0\u60a3\u65b0\u51a0\u8981\u4f20\u67d3\u4ed6\u4eba\u83b7\u52111\u5e74#</a>", "like_counts": 0, "liked": false}, {"id": 4503720383799871, "created_at": "2020-05-12", "source": "", "user": {"id": 6505609560, "screen_name": "\u70c8\u5c71\u53cd\u90aa\u6559", "profile_image_url": "https://tvax2.sinaimg.cn/crop.0.0.664.664.180/0076gSesly8gdilj1evhqj30ig0ih3z2.jpg?KID=imgbed,tva&Expires=1619217546&ssig=zoto3KE3wx", "verified": true, "verified_type": 1, "followers_count": 511, "verified_type_ext": 0, "mbtype": 0, "profile_url": "https://m.weibo.cn/u/6505609560?uid=6505609560", "remark": "", "following": false, "follow_me": false}, "text": "\u3010\u7537\u5b50<a class='k' href='https://m.weibo.cn/search?containerid=231522type%3D1%26t%3D10%26q%3D%23%E8%B0%8E%E7%A7%B0%E6%82%A3%E6%96%B0%E5%86%A0%E8%A6%81%E4%BC%A0%E6%9F%93%E4%BB%96%E4%BA%BA%E8%8E%B7%E5%88%911%E5%B9%B4%23'>#\u8c0e\u79f0\u60a3\u65b0\u51a0\u8981\u4f20\u67d3\u4ed6\u4eba\u83b7\u52111\u5e74#</a>\u3011", "like_counts": 0, "liked": false}, {"id": 4503720266488880, "created_at": "2020-05-12", "source": "", "user": {"id": 6166311065, "screen_name": "\u7941\u95e8\u53cd\u90aa", "profile_image_url": "https://tvax3.sinaimg.cn/crop.0.0.996.996.180/006Jjdc5ly8fdky1q5k42j30ro0rotaq.jpg?KID=imgbed,tva&Expires=1619217559&ssig=GEV1JVq2Av", "verified": true, "verified_type": 1, "followers_count": 326, "verified_type_ext": 0, "mbtype": 0, "profile_url": "https://m.weibo.cn/u/6166311065?uid=6166311065", "remark": "", "following": false, "follow_me": false}, "text": "\u7537\u5b50<a class='k' href='https://m.weibo.cn/search?containerid=231522type%3D1%26t%3D10%26q%3D%23%E8%B0%8E%E7%A7%B0%E6%82%A3%E6%96%B0%E5%86%A0%E8%A6%81%E4%BC%A0%E6%9F%93%E4%BB%96%E4%BA%BA%E8%8E%B7%E5%88%911%E5%B9%B4%23'>#\u8c0e\u79f0\u60a3\u65b0\u51a0\u8981\u4f20\u67d3\u4ed6\u4eba\u83b7\u52111\u5e74#</a><a href='https://m.weibo.cn/n/\u5b89\u5fbd\u53cd\u90aa\u6559'>@\u5b89\u5fbd\u53cd\u90aa\u6559</a>", "like_counts": 0, "liked": false}, {"id": 4503719980701499, "created_at": "2020-05-12", "source": "", "user": {"id": 6433306594, "screen_name": "\u679e\u9633\u9632\u90aa", "profile_image_url": "https://tvax4.sinaimg.cn/crop.52.58.146.146.180/0071nuVAly8fmtwjy3lwoj306z07cq59.jpg?KID=imgbed,tva&Expires=1619217559&ssig=7cqtczY6vv", "verified": true, "verified_type": 1, "followers_count": 302, "verified_type_ext": 0, "mbtype": 0, "profile_url": "https://m.weibo.cn/u/6433306594?uid=6433306594", "remark": "", "following": false, "follow_me": false}, "text": "\u8f6c\u53d1\u5fae\u535a<a href='https://m.weibo.cn/n/\u5b89\u5fbd\u53cd\u90aa\u6559'>@\u5b89\u5fbd\u53cd\u90aa\u6559</a>", "like_counts": 0, "liked": false}, {"id": 4503719637933223, "created_at": "2020-05-12", "source": "", "user": {"id": 6510578024, "screen_name": "\u90ca\u533a\u9632\u90aa", "profile_image_url": "https://tvax4.sinaimg.cn/crop.409.68.1228.1228.180/0076BIKYgy1fpk931mhh8j31kw11x1kx.jpg?KID=imgbed,tva&Expires=1619217559&ssig=T%2FJw2P9c9N", "verified": true, "verified_type": 1, "followers_count": 399, "verified_type_ext": 0, "mbtype": 0, "profile_url": "https://m.weibo.cn/u/6510578024?uid=6510578024", "remark": "", "following": false, "follow_me": false}, "text": "\u7537\u5b50<a class='k' href='https://m.weibo.cn/search?containerid=231522type%3D1%26t%3D10%26q%3D%23%E8%B0%8E%E7%A7%B0%E6%82%A3%E6%96%B0%E5%86%A0%E8%A6%81%E4%BC%A0%E6%9F%93%E4%BB%96%E4%BA%BA%E8%8E%B7%E5%88%911%E5%B9%B4%23'>#\u8c0e\u79f0\u60a3\u65b0\u51a0\u8981\u4f20\u67d3\u4ed6\u4eba\u83b7\u52111\u5e74#</a><a href='https://m.weibo.cn/n/\u5b89\u5fbd\u53cd\u90aa\u6559'>@\u5b89\u5fbd\u53cd\u90aa\u6559</a>", "like_counts": 0, "liked": false}, {"id": 4503719355850625, "created_at": "2020-05-12", "source": "", "user": {"id": 7240749757, "screen_name": "\u6da1\u9633\u9632\u90aa", "profile_image_url": "https://tvax3.sinaimg.cn/crop.219.66.555.555.180/007U1rMply8g5j0ur4tdkj30rs0ha76y.jpg?KID=imgbed,tva&Expires=1619217559&ssig=qBz0ndH4tB", "verified": true, "verified_type": 1, "followers_count": 169, "verified_type_ext": 50, "mbtype": 0, "profile_url": "https://m.weibo.cn/u/7240749757?uid=7240749757", "remark": "", "following": false, "follow_me": false}, "text": "<span class=\"url-icon\"><img alt=[\u8bdd\u7b52] src=\"https://h5.sinaimg.cn/m/emoticon/icon/others/o_huatong-0a3e80b147.png\" style=\"width:1em; height:1em;\" /></span>", "like_counts": 0, "liked": false}, {"id": 4503719276215938, "created_at": "2020-05-12", "source": "", "user": {"id": 6530262735, "screen_name": "\u8212\u57ce\u53bf\u59d4\u653f\u6cd5\u59d4", "profile_image_url": "https://tvax1.sinaimg.cn/crop.184.75.451.451.180/0077WjEjly8fqmenkhrtoj30mk0ji75h.jpg?KID=imgbed,tva&Expires=1619217559&ssig=8HFJYE%2FLkI", "verified": true, "verified_type": 2, "followers_count": 107, "verified_type_ext": 50, "mbtype": 0, "profile_url": "https://m.weibo.cn/u/6530262735?uid=6530262735", "remark": "", "following": false, "follow_me": false}, "text": "<a class='k' href='https://m.weibo.cn/search?containerid=231522type%3D1%26t%3D10%26q%3D%23%E8%B0%8E%E7%A7%B0%E6%82%A3%E6%96%B0%E5%86%A0%E8%A6%81%E4%BC%A0%E6%9F%93%E4%BB%96%E4%BA%BA%E8%8E%B7%E5%88%911%E5%B9%B4%23'>#\u8c0e\u79f0\u60a3\u65b0\u51a0\u8981\u4f20\u67d3\u4ed6\u4eba\u83b7\u52111\u5e74#</a>", "like_counts": 0, "liked": false}]