{"visible": {"type": 0, "list_id": 0}, "created_at": "Tue May 12 11:23:14 +0800 2020", "id": "4503719197045004", "mid": "4503719197045004", "can_edit": false, "show_additional_indication": 0, "text": "\u3010\u7537\u5b50<a  href=\"https://m.weibo.cn/search?containerid=231522type%3D1%26t%3D10%26q%3D%23%E8%B0%8E%E7%A7%B0%E6%82%A3%E6%96%B0%E5%86%A0%E8%A6%81%E4%BC%A0%E6%9F%93%E4%BB%96%E4%BA%BA%E8%8E%B7%E5%88%911%E5%B9%B4%23&extparam=%23%E8%B0%8E%E7%A7%B0%E6%82%A3%E6%96%B0%E5%86%A0%E8%A6%81%E4%BC%A0%E6%9F%93%E4%BB%96%E4%BA%BA%E8%8E%B7%E5%88%911%E5%B9%B4%23&luicode=20000061&lfid=4503719197045004\" data-hide=\"\"><span class=\"surl-text\">#\u8c0e\u79f0\u60a3\u65b0\u51a0\u8981\u4f20\u67d3\u4ed6\u4eba\u83b7\u52111\u5e74#</span></a>\u30112\u67081\u65e521\u65f6\u8bb8\uff0c\u9093\u67d0\u67d0\u5728\u660e\u77e5\u672a\u611f\u67d3\u65b0\u51a0\u80ba\u708e\uff0c\u8eab\u4f53\u826f\u597d\u7684\u60c5\u51b5\u4e0b\uff0c\u4e3a\u5bfb\u6c42\u523a\u6fc0\uff0c\u5728\u67d0\u732e\u8840\u7fa4\u4e2d\uff0c\u7f16\u9020\u53d1\u5e03\u5176\u662f\u65b0\u51a0\u60a3\u8005\uff0c\u8981\u53bb\u611f\u67d3\u4ed6\u4eba\u7684\u865a\u5047\u4fe1\u606f\u3002\u53c8\u56e0\u9093\u67d0\u67d0\u8fd1\u671f\u6709\u732e\u8840\u53f2\uff0c\u6240\u732e\u8840\u6db2\u5df2\u7528\u4e8e\u4e34\u5e8a\uff0c\u5f15\u53d1\u6050\u614c\u3002\u9093\u67d0\u67d0\u83b7\u52111\u5e74\u3002\uff08\u4eba\u6c11\u65e5\u62a5\u5ba2\u6237\u7aef\uff09<a data-url=\"http://t.cn/A6AETuAk\" href=\"http://t.cn/A6AETuAk\" data-hide=\"\"><span class='url-icon'><img style='width: 1rem;height: 1rem' src='https://h5.sinaimg.cn/upload/2015/09/25/3/timeline_card_small_web_default.png'></span><span class=\"surl-text\">\u7f51\u9875\u94fe\u63a5</span></a> ", "textLength": 276, "source": "\u641c\u72d7\u9ad8\u901f\u6d4f\u89c8\u5668", "favorited": false, "pic_ids": ["006vD6Yely1gepi41nbcij30c80860xx", "006vD6Yely1gepi44ax57j30c8085jyc", "006vD6Yely1gepi469nlsj30c8085gqt"], "pic_types": "", "thumbnail_pic": "https://wx2.sinaimg.cn/thumbnail/006vD6Yely1gepi41nbcij30c80860xx.jpg", "bmiddle_pic": "http://wx2.sinaimg.cn/bmiddle/006vD6Yely1gepi41nbcij30c80860xx.jpg", "original_pic": "https://wx2.sinaimg.cn/large/006vD6Yely1gepi41nbcij30c80860xx.jpg", "is_paid": false, "mblog_vip_type": 0, "user": {"id": 5964184998, "screen_name": "\u5b89\u5fbd\u53cd\u90aa\u6559", "profile_image_url": "https://tvax2.sinaimg.cn/crop.0.0.996.996.180/006vD6Yely8gln22mvevnj30ro0ro757.jpg?KID=imgbed,tva&Expires=1619695391&ssig=k8G9366d39", "profile_url": "https://m.weibo.cn/u/5964184998?uid=5964184998&luicode=20000061&lfid=4503719197045004", "statuses_count": 78046, "verified": true, "verified_type": 1, "verified_type_ext": 0, "verified_reason": "\u4e2d\u5171\u5b89\u5fbd\u7701\u59d4\u653f\u6cd5\u59d4\u5458\u4f1a", "close_blue_v": false, "description": "\u53cd\u90aa\u6559\u5ba3\u4f20\u5de5\u4f5c\u4eba\u5458\uff0c\u4f20\u64ad\u6b63\u80fd\u91cf\u7684\u4f7f\u8005", "gender": "f", "mbtype": 12, "urank": 37, "mbrank": 4, "follow_me": false, "following": false, "followers_count": 660395, "follow_count": 1195, "cover_image_phone": "https://wx1.sinaimg.cn/crop.0.0.640.640.640/006vD6Yely1fkld0150jnj30ku0kudib.jpg", "avatar_hd": "https://wx2.sinaimg.cn/orj480/006vD6Yely8gln22mvevnj30ro0ro757.jpg", "like": false, "like_me": false, "badge": {"follow_whitelist_video": 1, "league_badge": 1, "panda": 1, "user_name_certificate": 1, "suishoupai_2018": 6, "wenchuan_10th": 1, "super_star_2018": 1, "dailv_2018": 1, "qixi_2018": 1, "meilizhongguo_2018": 1, "national_day_2018": 1, "wbzy_2018": 1, "memorial_2018": 1, "denglong_2019": 1, "fu_2019": 1, "suishoupai_2019": 1, "wusi_2019": 1, "hongrenjie_2019": 1, "china_2019": 1, "hongkong_2019": 1, "rrgyj_2019": 1, "gongjiri_2019": 1, "macao_2019": 1, "china_2019_2": 1, "hongbao_2020": 2, "feiyan_2020": 1, "graduation_2020": 1, "dailv_2020": 1, "school_2020": 1, "china_2020": 1, "hongbaofeijika_2021": 1, "lvzhilingyang_2021": 1}}, "picStatus": "1", "reposts_count": 48, "comments_count": 56, "attitudes_count": 60, "pending_approval_count": 0, "isLongText": false, "reward_exhibition_type": 0, "hide_flag": 0, "mlevel": 0, "darwin_tags": [], "mblogtype": 0, "more_info_type": 0, "cardid": "star_11247_common", "content_auth": 0, "pic_num": 3, "alchemy_params": {"ug_red_envelope": false}, "page_info": {"type": "search_topic", "object_type": 0, "page_pic": {"url": "https://wx4.sinaimg.cn/large/884f7263ly1gepdf1qbvej20dw0dw756.jpg"}, "page_url": "https://m.weibo.cn/search?containerid=231522type%3D1%26t%3D10%26q%3D%23%E8%B0%8E%E7%A7%B0%E6%82%A3%E6%96%B0%E5%86%A0%E8%A6%81%E4%BC%A0%E6%9F%93%E4%BB%96%E4%BA%BA%E8%8E%B7%E5%88%911%E5%B9%B4%23&extparam=%23%E8%B0%8E%E7%A7%B0%E6%82%A3%E6%96%B0%E5%86%A0%E8%A6%81%E4%BC%A0%E6%9F%93%E4%BB%96%E4%BA%BA%E8%8E%B7%E5%88%911%E5%B9%B4%23&luicode=20000061&lfid=4503719197045004", "page_title": "#\u8c0e\u79f0\u60a3\u65b0\u51a0\u8981\u4f20\u67d3\u4ed6\u4eba\u83b7\u52111\u5e74#", "content1": "0\u8ba8\u8bba 0\u9605\u8bfb "}, "pics": [{"pid": "006vD6Yely1gepi41nbcij30c80860xx", "url": "https://wx2.sinaimg.cn/orj360/006vD6Yely1gepi41nbcij30c80860xx.jpg", "size": "orj360", "geo": {"width": 404, "height": 270, "croped": false}, "large": {"size": "large", "url": "https://wx2.sinaimg.cn/large/006vD6Yely1gepi41nbcij30c80860xx.jpg", "geo": {"width": "440", "height": "294", "croped": false}}}, {"pid": "006vD6Yely1gepi44ax57j30c8085jyc", "url": "https://wx3.sinaimg.cn/orj360/006vD6Yely1gepi44ax57j30c8085jyc.jpg", "size": "orj360", "geo": {"width": 405, "height": 270, "croped": false}, "large": {"size": "large", "url": "https://wx3.sinaimg.cn/large/006vD6Yely1gepi44ax57j30c8085jyc.jpg", "geo": {"width": "440", "height": "293", "croped": false}}}, {"pid": "006vD6Yely1gepi469nlsj30c8085gqt", "url": "https://wx1.sinaimg.cn/orj360/006vD6Yely1gepi469nlsj30c8085gqt.jpg", "size": "orj360", "geo": {"width": 405, "height": 270, "croped": false}, "large": {"size": "large", "url": "https://wx1.sinaimg.cn/large/006vD6Yely1gepi469nlsj30c8085gqt.jpg", "geo": {"width": "440", "height": "293", "croped": false}}}], "bid": "J1yKHtyJ6", "buttons": [{"type": "follow", "name": "\u5173\u6ce8", "sub_type": 0, "params": {"uid": 5964184998}}], "status_title": "\u7537\u5b50#\u8c0e\u79f0\u60a3\u65b0\u51a0\u8981\u4f20\u67d3\u4ed6\u4eba\u83b7\u52111\u5e74#", "ok": 1, "scheme": "https://weibo.cn/appurl?scheme=sinaweibo%3A%2F%2Fdetail%3Fmblogid%3D4503719197045004%26luicode%3D20000061%26lfid%3D4503719197045004&luicode=20000061&lfid=4503719197045004", "tipScheme": "https://weibo.cn/appurl?scheme=sinaweibo%3A%2F%2Fdetail%3Fmblogid%3D4503719197045004%26luicode%3D20000061%26lfid%3D4503719197045004&luicode=20000061&lfid=4503719197045004"}