[{"id": 4489741015878608, "created_at": "2020-04-03", "source": "", "user": {"id": 5293043565, "screen_name": "\u5f20\u5c0f\u82b1Emily", "profile_image_url": "https://tvax3.sinaimg.cn/crop.0.0.1080.1080.180/005Md4qply8gd42xrd35oj30u00u0jue.jpg?KID=imgbed,tva&Expires=1619215342&ssig=wlyMLiIjrG", "verified": false, "verified_type": -1, "followers_count": 130, "mbtype": 0, "profile_url": "https://m.weibo.cn/u/5293043565?uid=5293043565", "remark": "", "following": false, "follow_me": false}, "text": "\u56de\u590d<a href='https://m.weibo.cn/n/\u4eca\u65e5\u751c\u5206'>@\u4eca\u65e5\u751c\u5206</a>:<span class=\"url-icon\"><img alt=[\u5141\u60b2] src=\"https://h5.sinaimg.cn/m/emoticon/icon/default/d_yunbei-a14a649db8.png\" style=\"width:1em; height:1em;\" /></span><span class=\"url-icon\"><img alt=[\u5141\u60b2] src=\"https://h5.sinaimg.cn/m/emoticon/icon/default/d_yunbei-a14a649db8.png\" style=\"width:1em; height:1em;\" /></span><span class=\"url-icon\"><img alt=[\u5141\u60b2] src=\"https://h5.sinaimg.cn/m/emoticon/icon/default/d_yunbei-a14a649db8.png\" style=\"width:1em; height:1em;\" /></span>", "reply_id": 4488484817195130, "reply_text": "\u5e26\u53e3\u7f69\u4eba\u6743\u6ca1\u4e86\uff0c\u4e0d\u6234\u53e3\u7f69\u4eba\u5168\u6ca1\u4e86", "like_counts": 0, "liked": false}, {"id": 4488892197813537, "created_at": "2020-04-01", "source": "", "user": {"id": 1651834487, "screen_name": "\u6d77\u4e0a\u65e0\u540d\u4e4b\u6839\u4e08\u5426\u8c37", "profile_image_url": "https://tva4.sinaimg.cn/crop.0.0.180.180.180/6274fe77jw1e8qgp5bmzyj2050050aa8.jpg?KID=imgbed,tva&Expires=1619215342&ssig=OciUii%2FU4x", "verified": false, "verified_type": 220, "followers_count": 2249, "mbtype": 0, "profile_url": "https://m.weibo.cn/u/1651834487?uid=1651834487", "remark": "", "following": false, "follow_me": false}, "text": "\u8f6c\u53d1\u5fae\u535a", "like_counts": 0, "liked": false}, {"id": 4488853945701581, "created_at": "2020-04-01", "source": "", "user": {"id": 6432708523, "screen_name": "\u5c0f\u5c0f\u5f90V12", "profile_image_url": "https://tvax4.sinaimg.cn/crop.0.0.512.512.180/0071kZlhly8fww5dqjebgj30e80e8my1.jpg?KID=imgbed,tva&Expires=1619215342&ssig=B7Q%2BZIamRI", "verified": false, "verified_type": -1, "followers_count": 47, "mbtype": 0, "profile_url": "https://m.weibo.cn/u/6432708523?uid=6432708523", "remark": "", "following": false, "follow_me": false}, "text": "\u75ab\u60c5\u8fd8\u6ca1\u7ed3\u675f\u5462\u3002", "like_counts": 0, "liked": false}, {"id": 4488839013921675, "created_at": "2020-04-01", "source": "", "user": {"id": 6030905496, "screen_name": "\u8208\u905415845", "profile_image_url": "https://tvax1.sinaimg.cn/default/images/default_avatar_male_180.gif?KID=imgbed,tva&Expires=1619215342&ssig=K%2BwlzYBn1t", "verified": false, "verified_type": -1, "followers_count": 254, "mbtype": 0, "profile_url": "https://m.weibo.cn/u/6030905496?uid=6030905496", "remark": "", "following": false, "follow_me": false}, "text": "\u56de\u590d<a href='https://m.weibo.cn/n/\u4eca\u65e5\u751c\u5206'>@\u4eca\u65e5\u751c\u5206</a>:\u5c31\u662f\uff0c\u4f60\u4eec\u7684\u4eba\u6743\u90a3\u4e48\u91d1\u8d35\u5417\uff1f\u8fd8\u4eba\u6743\u3002\u61c2\u4eba\u6743\u4e8c\u5b57\u7684\u610f\u4e49\u5417", "reply_id": 4488484817195130, "reply_text": "\u5e26\u53e3\u7f69\u4eba\u6743\u6ca1\u4e86\uff0c\u4e0d\u6234\u53e3\u7f69\u4eba\u5168\u6ca1\u4e86", "like_counts": 0, "liked": false}, {"id": 4488723624655683, "created_at": "2020-04-01", "source": "", "user": {"id": 1217113750, "screen_name": "\u7af9\u6797\u4e09\u5f26", "profile_image_url": "https://tvax3.sinaimg.cn/crop.0.0.664.664.180/488bae96ly8gj1xmapw4hj20ig0ihaaj.jpg?KID=imgbed,tva&Expires=1619215342&ssig=vnKOXCt6vN", "verified": false, "verified_type": -1, "followers_count": 764, "mbtype": 2, "profile_url": "https://m.weibo.cn/u/1217113750?uid=1217113750", "remark": "", "following": false, "follow_me": false}, "text": "\u9a6c\u5fb7\u91cc\u7684\u6b7b\u4ea1\u4eba\u6570\u4e0e\u4e2d\u56fd\u6b7b\u4ea1\u4eba\u6570\u76f8\u5f53\u3002\u4ec5\u4ec5\u53ea\u6709\u4e24\u4e07\u591a\u7684\u6b7b\u4ea1\u7387\uff0c\u8bf4\u660e\u68c0\u6d4b\u7684\u6570\u91cf\u5f88\u6709\u9650\u3002\u897f\u73ed\u7259\u5927\u9762\u79ef\u611f\u67d3\u548c\u6b7b\u4ea1\u8fd8\u4f1a\u6301\u7eed\u4e00\u6bb5\u65f6\u95f4\uff0c\u62d0\u70b9\u8fd8\u6709\u70b9\u8fdc\uff0c\u8d76\u8d85\u7f8e\u56fd\uff0c\u628a\u610f\u5927\u5229\u7529\u540e\u9762\u3002\u5df4\u897f\u6b63\u5728\u594b\u8d77\u76f4\u8ffd\uff0c\u671d\u7740\u5730\u72f1\u51b2\u523a\uff01\u8fd9\u7c7b\u4f53\u80b2\u5f3a\u56fd\u5f80\u5f80\u5c31\u662f\u8fd9\u6b21\u75ab\u60c5\u6700\u5927\u7684\u53d7\u5bb3\u8005\u3002", "like_counts": 1, "liked": false}, {"id": 4488709203910959, "created_at": "2020-04-01", "source": "", "user": {"id": 7386741501, "screen_name": "\u5355\u8eab\u4eba\u751f\u671b\u5355\u8eab", "profile_image_url": "https://tvax3.sinaimg.cn/crop.0.0.664.664.180/0083U0TXly8gbm6x1w03fj30ig0igmyh.jpg?KID=imgbed,tva&Expires=1619215342&ssig=kKiOsNKa5I", "verified": false, "verified_type": -1, "followers_count": 30, "mbtype": 2, "profile_url": "https://m.weibo.cn/u/7386741501?uid=7386741501", "remark": "", "following": false, "follow_me": false}, "text": "\u9ed8\u54c0<span class=\"url-icon\"><img alt=[\u6cea] src=\"https://h5.sinaimg.cn/m/emoticon/icon/default/d_lei-4cdf6ee412.png\" style=\"width:1em; height:1em;\" /></span>\u4e00\u6761\u6761\u9c9c\u6d3b\u7684\u751f\u547d\u901d\u53bb\uff0c\u5e0c\u671b\u897f\u73ed\u7259\u653f\u5e9c\u80fd\u591f\u5438\u53d6\u6559\u8bad\u3002", "like_counts": 0, "liked": false}, {"id": 4488689201625777, "created_at": "2020-03-31", "source": "", "user": {"id": 5733413903, "screen_name": "\u660e\u4e8641384", "profile_image_url": "https://tva1.sinaimg.cn/crop.0.0.100.100.180/006g0ORNjw8ex7ci6jmm5j302s02s744.jpg?KID=imgbed,tva&Expires=1619215342&ssig=4zWkebRU2k", "verified": false, "verified_type": -1, "followers_count": 878, "mbtype": 11, "profile_url": "https://m.weibo.cn/u/5733413903?uid=5733413903", "remark": "", "following": false, "follow_me": false}, "text": "\u99ac\u5fb7\u91cc\u964d\u534a\u65d7<span class=\"url-icon\"><img alt=[\u8721\u70db] src=\"https://h5.sinaimg.cn/m/emoticon/icon/others/o_lazhu-afb8e4fbdc.png\" style=\"width:1em; height:1em;\" /></span>", "like_counts": 0, "liked": false}, {"id": 4488595337659027, "created_at": "2020-03-31", "source": "", "user": {"id": 1904619522, "screen_name": "Y-MariaH", "profile_image_url": "https://tva1.sinaimg.cn/crop.4.0.631.631.180/71863002jw8f71sqj0iukj20hs0hjgmm.jpg?KID=imgbed,tva&Expires=1619215342&ssig=gQUuro2bSH", "verified": false, "verified_type": 220, "followers_count": 452, "mbtype": 0, "profile_url": "https://m.weibo.cn/u/1904619522?uid=1904619522", "remark": "", "following": false, "follow_me": false}, "text": "\u56de\u590d<a href='https://m.weibo.cn/n/\u5012\u653e'>@\u5012\u653e</a>:\u662f\u7684\uff0c\u73b0\u5728\u8857\u4e0a\u5e26\u53e3\u7f69\u7684\u4eba\u8d8a\u6765\u8d8a\u5c11\uff0c\u516c\u5171\u573a\u5408\u805a\u96c6\u7684\u4eba\u8d8a\u6765\u8d8a\u591a\uff0c\u7279\u522b\u62c5\u5fc3\u75ab\u60c5\u4e8c\u6b21\u7206\u53d1", "reply_id": 4488484435544054, "reply_text": "\u5916\u56f4\u4e0d\u65ad\u8f93\u5165 \u56fd\u5185\u4e5f\u6709\u65b0\u786e\u8bca\uff0c\u52a0\u4e0a\u65e0\u75c7\u72b6\u643a\u5e26\u8005 \u5f88\u591a\u57ce\u5e02\u519c\u6751\u90fd\u653e\u677e\u4e86 \u9690\u9690\u7ea6\u7ea6\u611f\u89c9\u6211\u4eec\u6709\u4e8c\u6b21\u7206\u53d1\u7684\u98ce\u9669 \u5c3d\u91cf\u8fd8\u662f\u51cf\u5c11\u53bb\u4eba\u53e3\u5bc6\u5ea6\u5927\u7684\u5730\u65b9 \u5e26\u8001\u4eba\u5b69\u5b50\u5916\u51fa\u53e3\u7f69\u5fc5\u987b\u6234 \u56fd\u5916\u75ab\u60c5\u9065\u9065\u65e0\u671f\uff0c\u56fd\u5185\u5c31\u8e0f\u5b9e\u4e0d\u4e86", "like_counts": 0, "liked": false}, {"id": 4488589876276354, "created_at": "2020-03-31", "source": "", "user": {"id": 1450813172, "screen_name": "\u5f90\u9ec4\u4e3d", "profile_image_url": "https://tvax2.sinaimg.cn/crop.101.41.368.368.180/5679a6f4ly8ghpphj1aj0j20fw0o9tv8.jpg?KID=imgbed,tva&Expires=1619215342&ssig=vXWxJ6%2FVVX", "verified": true, "verified_type": 0, "followers_count": 2057337, "verified_type_ext": 0, "mbtype": 12, "profile_url": "https://m.weibo.cn/u/1450813172?uid=1450813172", "remark": "", "following": false, "follow_me": false}, "text": "\u8f6c\u53d1\u5fae\u535a", "like_counts": 0, "liked": false}, {"id": 4488588505313271, "created_at": "2020-03-31", "source": "", "user": {"id": 5980571427, "screen_name": "\u6293\u4f4f\u4e00\u5934\u91ce\u732a", "profile_image_url": "https://tvax2.sinaimg.cn/crop.0.0.828.828.180/006wJRPtly8gm62jj4ll5j30n00n0js9.jpg?KID=imgbed,tva&Expires=1619215355&ssig=bL5RNFV5xG", "verified": false, "verified_type": -1, "followers_count": 271, "mbtype": 11, "profile_url": "https://m.weibo.cn/u/5980571427?uid=5980571427", "remark": "", "following": false, "follow_me": false}, "text": "\u677f\u9e2d\u52a0\u6cb9\ud83d\udcaa\ud83c\udffb \u5e0c\u671b\u5168\u4e16\u754c\u90fd\u8d76\u7d27\u597d\u8d77\u6765\u2764\ufe0f <a class='k' href='https://m.weibo.cn/search?containerid=231522type%3D1%26t%3D10%26q%3D%23YoMeQuedoEnCasa%23'>#YoMeQuedoEnCasa#</a>", "like_counts": 0, "liked": false}, {"id": 4488585228778682, "created_at": "2020-03-31", "source": "", "user": {"id": 1497595933, "screen_name": "\u5b5f\u5fb7\u6b7b\u9e20\u5148\u751f", "profile_image_url": "https://tvax2.sinaimg.cn/crop.0.26.168.168.180/5943801dly1g1h8wemykqj204o064t8m.jpg?KID=imgbed,tva&Expires=1619215355&ssig=StsO6%2FPpri", "verified": true, "verified_type": 0, "followers_count": 3024003, "verified_type_ext": 0, "mbtype": 12, "profile_url": "https://m.weibo.cn/u/1497595933?uid=1497595933", "remark": "", "following": false, "follow_me": false}, "text": "\u964d\u534a\u65d7\u3002\u4e3a\u6b7b\u96be\u8005\u7559\u4e0b\u4e00\u70b9\u6700\u540e\u54c0\u8363\u3002\u4e2d\u56fd\u4e5f\u53ef\u4ee5\u8fd9\u4e48\u505a\u3002 \u9a6c\u5fb7\u91cc\u964d\u534a\u65d7\u300231\u65e5\uff0c\u610f\u5927\u5229\u4e5f\u964d\u534a\u65d7\u3002", "like_counts": 8, "liked": false}, {"id": 4488574370461129, "created_at": "2020-03-31", "source": "", "user": {"id": 5335794632, "screen_name": "\u8c01\u8bf4\u6df1\u5207sy", "profile_image_url": "https://tvax3.sinaimg.cn/crop.0.0.664.664.180/005P6rVKly8gbhe4514j5j30ig0igq3f.jpg?KID=imgbed,tva&Expires=1619215355&ssig=DRfH%2BGJx6Z", "verified": false, "verified_type": -1, "followers_count": 106, "mbtype": 0, "profile_url": "https://m.weibo.cn/u/5335794632?uid=5335794632", "remark": "", "following": false, "follow_me": false}, "text": "\u6211\u4eec\u600e\u4e48\u4e0d\u964d\u534a\u65d7", "like_counts": 6, "liked": false}, {"id": 4488556590182076, "created_at": "2020-03-31", "source": "", "user": {"id": 2084682937, "screen_name": "\u6cb3\u5357\u4eba\u4e3a\u6b66\u6c49\u7948\u798f", "profile_image_url": "https://tvax3.sinaimg.cn/crop.0.0.986.986.180/7c41bcb9ly8gdil9tm8s5j20re0redh1.jpg?KID=imgbed,tva&Expires=1619215355&ssig=tQddEZvkut", "verified": false, "verified_type": -1, "followers_count": 48, "mbtype": 0, "profile_url": "https://m.weibo.cn/u/2084682937?uid=2084682937", "remark": "", "following": false, "follow_me": false}, "text": "\u6234\u53e3\u7f69\u5427\uff01", "like_counts": 0, "liked": false}, {"id": 4488554849742937, "created_at": "2020-03-31", "source": "", "user": {"id": 2637745350, "screen_name": "\u80e1\u82b3\u82b3LucyHu", "profile_image_url": "https://tva2.sinaimg.cn/crop.0.15.750.750.180/9d38ccc6jw8f4s8sts2hqj20ku0loq3b.jpg?KID=imgbed,tva&Expires=1619215355&ssig=%2BkWyAuWsin", "verified": true, "verified_type": 0, "followers_count": 1299976, "verified_type_ext": 0, "mbtype": 12, "profile_url": "https://m.weibo.cn/u/2637745350?uid=2637745350", "remark": "", "following": false, "follow_me": false}, "text": "\u3010<a class='k' href='https://m.weibo.cn/search?containerid=231522type%3D1%26t%3D10%26q%3D%23%E9%A9%AC%E5%BE%B7%E9%87%8C%E4%B8%BA%E6%96%B0%E5%86%A0%E8%82%BA%E7%82%8E%E9%80%9D%E8%80%85%E9%99%8D%E5%8D%8A%E6%97%97%23'>#\u9a6c\u5fb7\u91cc\u4e3a\u65b0\u51a0\u80ba\u708e\u901d\u8005\u964d\u534a\u65d7#</a> \u5e02\u957f\u547c\u5401\u6c11\u4f17\u6bcf\u5929\u9ed8\u54c01\u5206\u949f\u30113\u670830\u65e5\uff0c\u897f\u73ed\u7259\u9a6c\u5fb7\u91cc\u5927\u533a\u4e3e\u884c\u9ed8\u54c0\u4eea\u5f0f\u4ee5\u60bc\u5ff5\u6240\u6709\u65b0\u51a0\u80ba\u708e\u901d\u8005\uff0c\u5404\u5730\u964d\u534a\u65d7\u5e76\u9ed8\u54c0\u4e00\u5206\u949f\u3002<a class='k' href='https://m.weibo.cn/search?containerid=231522type%3D1%26t%3D10%26q%3D%23%E8%81%8C%E4%B8%9A%E4%BD%93%E9%AA%8C%E5%B8%88%23'>#\u804c\u4e1a\u4f53\u9a8c\u5e08#</a> <a class='k' href='https://m.weibo.cn/search?containerid=231522type%3D1%26t%3D10%26q%3D%23Lucy+Hu%E7%9A%84%E9%97%AE%E7%AD%94%23'>#Lucy Hu\u7684\u95ee\u7b54#</a> <a class='k' href='https://m.weibo.cn/search?containerid=231522type%3D1%26t%3D10%26q%3D%23Lucy+Hu%23'>#Lucy Hu#</a>", "like_counts": 0, "liked": false}, {"id": 4488521031052675, "created_at": "2020-03-31", "source": "", "user": {"id": 5291886837, "screen_name": "\u7279\u7acb\u72ec\u884c\u7684\u732a738", "profile_image_url": "https://tvax2.sinaimg.cn/crop.0.0.664.664.180/005M8dvvly8gdnbxi8bbbj30ig0ih40c.jpg?KID=imgbed,tva&Expires=1619215355&ssig=cxP6%2BVcmMn", "verified": false, "verified_type": -1, "followers_count": 86, "mbtype": 0, "profile_url": "https://m.weibo.cn/u/5291886837?uid=5291886837", "remark": "", "following": false, "follow_me": false}, "text": "\u56de\u590d<a href='https://m.weibo.cn/n/\u4eca\u65e5\u751c\u5206'>@\u4eca\u65e5\u751c\u5206</a>:\u56fd\u5916\u4e0d\u662f\u8bf4\u6234\u4e0a\u53e3\u7f69\u6ca1\u6709\u81ea\u7531\u4e86\u561b<span class=\"url-icon\"><img alt=[\u5141\u60b2] src=\"https://h5.sinaimg.cn/m/emoticon/icon/default/d_yunbei-a14a649db8.png\" style=\"width:1em; height:1em;\" /></span>", "reply_id": 4488484817195130, "reply_text": "\u5e26\u53e3\u7f69\u4eba\u6743\u6ca1\u4e86\uff0c\u4e0d\u6234\u53e3\u7f69\u4eba\u5168\u6ca1\u4e86", "like_counts": 0, "liked": false}, {"id": 4488505856125265, "created_at": "2020-03-31", "source": "", "user": {"id": 2690309510, "screen_name": "\u5409\u7965\u59a4\u5152", "profile_image_url": "https://tvax2.sinaimg.cn/crop.0.0.1006.1006.180/a05add86ly8ge2dhie5zzj20ry0ryq4f.jpg?KID=imgbed,tva&Expires=1619215355&ssig=DZBTyIzXsA", "verified": false, "verified_type": -1, "followers_count": 101, "mbtype": 2, "profile_url": "https://m.weibo.cn/u/2690309510?uid=2690309510", "remark": "", "following": false, "follow_me": false}, "text": "\u56de\u590d<a href='https://m.weibo.cn/n/\u4eca\u65e5\u751c\u5206'>@\u4eca\u65e5\u751c\u5206</a>:\u4e3a\u4f55\u5e26\u4e2a\u53e3\u4eba\u6743\u5c31\u6ca1\u4e86\u5462<span class=\"url-icon\"><img alt=[\u5141\u60b2] src=\"https://h5.sinaimg.cn/m/emoticon/icon/default/d_yunbei-a14a649db8.png\" style=\"width:1em; height:1em;\" /></span>", "reply_id": 4488484817195130, "reply_text": "\u5e26\u53e3\u7f69\u4eba\u6743\u6ca1\u4e86\uff0c\u4e0d\u6234\u53e3\u7f69\u4eba\u5168\u6ca1\u4e86", "like_counts": 1, "liked": false}, {"id": 4488505067201396, "created_at": "2020-03-31", "source": "", "user": {"id": 1866315602, "screen_name": "\u9e7f\u516c\u5b50", "profile_image_url": "https://tvax2.sinaimg.cn/crop.0.0.1328.1328.180/6f3db752ly8fgurwejgfjj210w10w42e.jpg?KID=imgbed,tva&Expires=1619215355&ssig=XYznNHd%2BYs", "verified": false, "verified_type": -1, "followers_count": 714, "mbtype": 12, "profile_url": "https://m.weibo.cn/u/1866315602?uid=1866315602", "remark": "", "following": false, "follow_me": false}, "text": "<span class=\"url-icon\"><img alt=[\u8721\u70db] src=\"https://h5.sinaimg.cn/m/emoticon/icon/others/o_lazhu-afb8e4fbdc.png\" style=\"width:1em; height:1em;\" /></span><span class=\"url-icon\"><img alt=[\u8721\u70db] src=\"https://h5.sinaimg.cn/m/emoticon/icon/others/o_lazhu-afb8e4fbdc.png\" style=\"width:1em; height:1em;\" /></span><span class=\"url-icon\"><img alt=[\u8721\u70db] src=\"https://h5.sinaimg.cn/m/emoticon/icon/others/o_lazhu-afb8e4fbdc.png\" style=\"width:1em; height:1em;\" /></span><span class=\"url-icon\"><img alt=[\u8721\u70db] src=\"https://h5.sinaimg.cn/m/emoticon/icon/others/o_lazhu-afb8e4fbdc.png\" style=\"width:1em; height:1em;\" /></span>", "like_counts": 2, "liked": false}, {"id": 4488500743076508, "created_at": "2020-03-31", "source": "", "user": {"id": 6159418660, "screen_name": "FFSHZ", "profile_image_url": "https://tvax1.sinaimg.cn/crop.0.0.996.996.180/006IQiagly8fdm7787oalj30ro0roq6b.jpg?KID=imgbed,tva&Expires=1619215355&ssig=ezRQ0KGcrN", "verified": false, "verified_type": -1, "followers_count": 832, "mbtype": 0, "profile_url": "https://m.weibo.cn/u/6159418660?uid=6159418660", "remark": "", "following": false, "follow_me": false}, "text": "\u5728\u5e7f\u573a\u4e0a\u8d34\u5e7f\u544a\u8bed\uff0c\u8ffd\u6253\u534e\u4eba\u7684\u9752\u5e74\u4eba\uff0c\u4ed6\u4e0a\u54ea\u91cc\u53bb\u4e86\uff1f", "like_counts": 2, "liked": false}, {"id": 4488490656024965, "created_at": "2020-03-31", "source": "", "user": {"id": 1301092153, "screen_name": "\u9709\u86d9", "profile_image_url": "https://tva4.sinaimg.cn/crop.0.0.180.180.180/4d8d1739jw1e8qgp5bmzyj2050050aa8.jpg?KID=imgbed,tva&Expires=1619215368&ssig=sAyWblJFxX", "verified": false, "verified_type": 220, "followers_count": 364, "mbtype": 0, "profile_url": "https://m.weibo.cn/u/1301092153?uid=1301092153", "remark": "", "following": false, "follow_me": false}, "text": "\u9a6c\u5fb7\u91cc8\u4e07\u4eba\u5fb7\u6bd4\uff1f", "like_counts": 0, "liked": false}, {"id": 4488484817195130, "created_at": "2020-03-31", "source": "", "user": {"id": 3922377142, "screen_name": "\u4eca\u65e5\u751c\u5206", "profile_image_url": "https://tvax3.sinaimg.cn/crop.0.0.512.512.180/e9cab9b6ly8gdi65w80t6j20e80e8aao.jpg?KID=imgbed,tva&Expires=1619215368&ssig=pTFIfEj%2FCY", "verified": true, "verified_type": 0, "followers_count": 1470889, "verified_type_ext": 1, "mbtype": 12, "profile_url": "https://m.weibo.cn/u/3922377142?uid=3922377142", "remark": "", "following": false, "follow_me": false}, "text": "\u5e26\u53e3\u7f69\u4eba\u6743\u6ca1\u4e86\uff0c\u4e0d\u6234\u53e3\u7f69\u4eba\u5168\u6ca1\u4e86", "like_counts": 23, "liked": false}, {"id": 4488484548639943, "created_at": "2020-03-31", "source": "", "user": {"id": 1159545554, "screen_name": "\u6252\u8138\u5973\u738b", "profile_image_url": "https://tvax1.sinaimg.cn/crop.0.0.690.690.180/451d42d2ly8g9bkh3vza7j20j60j6419.jpg?KID=imgbed,tva&Expires=1619215368&ssig=O%2Bq5qyziOZ", "verified": true, "verified_type": 0, "followers_count": 330937, "verified_type_ext": 0, "mbtype": 2, "profile_url": "https://m.weibo.cn/u/1159545554?uid=1159545554", "remark": "", "following": false, "follow_me": false}, "text": "\u6765\u4e86\u6765\u4e86\u6211\u6765\u4e86\uff0c\u652f\u6301\uff01", "like_counts": 1, "liked": false}, {"id": 4488484435544054, "created_at": "2020-03-31", "source": "", "user": {"id": 3738602057, "screen_name": "\u56db\u5927\u4e50\u8da3", "profile_image_url": "https://tvax2.sinaimg.cn/crop.0.0.1002.1002.180/ded68a49ly8gdtdzperyqj20ru0rujsx.jpg?KID=imgbed,tva&Expires=1619215368&ssig=J8xSTaZp51", "verified": true, "verified_type": 0, "followers_count": 2122454, "verified_type_ext": 1, "mbtype": 11, "profile_url": "https://m.weibo.cn/u/3738602057?uid=3738602057", "remark": "", "following": false, "follow_me": false}, "text": "\u5916\u56f4\u4e0d\u65ad\u8f93\u5165 \u56fd\u5185\u4e5f\u6709\u65b0\u786e\u8bca\uff0c\u52a0\u4e0a\u65e0\u75c7\u72b6\u643a\u5e26\u8005 \u5f88\u591a\u57ce\u5e02\u519c\u6751\u90fd\u653e\u677e\u4e86 \u9690\u9690\u7ea6\u7ea6\u611f\u89c9\u6211\u4eec\u6709\u4e8c\u6b21\u7206\u53d1\u7684\u98ce\u9669 \u5c3d\u91cf\u8fd8\u662f\u51cf\u5c11\u53bb\u4eba\u53e3\u5bc6\u5ea6\u5927\u7684\u5730\u65b9 \u5e26\u8001\u4eba\u5b69\u5b50\u5916\u51fa\u53e3\u7f69\u5fc5\u987b\u6234 \u56fd\u5916\u75ab\u60c5\u9065\u9065\u65e0\u671f\uff0c\u56fd\u5185\u5c31\u8e0f\u5b9e\u4e0d\u4e86", "like_counts": 36, "liked": false}]