{"visible": {"type": 0, "list_id": 0}, "created_at": "Tue Mar 31 10:24:45 +0800 2020", "id": "4488484192410525", "mid": "4488484192410525", "can_edit": false, "version": 3, "show_additional_indication": 0, "text": "\u3010<a  href=\"https://m.weibo.cn/search?containerid=231522type%3D1%26t%3D10%26q%3D%23%E9%A9%AC%E5%BE%B7%E9%87%8C%E4%B8%BA%E6%96%B0%E5%86%A0%E8%82%BA%E7%82%8E%E9%80%9D%E8%80%85%E9%99%8D%E5%8D%8A%E6%97%97%23&extparam=%23%E9%A9%AC%E5%BE%B7%E9%87%8C%E4%B8%BA%E6%96%B0%E5%86%A0%E8%82%BA%E7%82%8E%E9%80%9D%E8%80%85%E9%99%8D%E5%8D%8A%E6%97%97%23&luicode=20000061&lfid=4488484192410525\" data-hide=\"\"><span class=\"surl-text\">#\u9a6c\u5fb7\u91cc\u4e3a\u65b0\u51a0\u80ba\u708e\u901d\u8005\u964d\u534a\u65d7#</span></a> \u5e02\u957f\u547c\u5401\u6c11\u4f17\u6bcf\u5929\u9ed8\u54c01\u5206\u949f\u30113\u670830\u65e5\uff0c\u897f\u73ed\u7259\u9a6c\u5fb7\u91cc\u5927\u533a\u4e3e\u884c\u9ed8\u54c0\u4eea\u5f0f\u4ee5\u60bc\u5ff5\u6240\u6709\u65b0\u51a0\u80ba\u708e\u901d\u8005\uff0c\u5404\u5730\u964d\u534a\u65d7\u5e76\u9ed8\u54c0\u4e00\u5206\u949f\u3002\u4f5c\u4e3a\u897f\u73ed\u7259\u75ab\u60c5\u6700\u4e25\u91cd\u5927\u533a\uff0c\u9a6c\u5fb7\u91cc\u786e\u8bca\u8d852.4\u4e07\u4f8b\uff0c\u6b7b\u4ea1\u4eba\u6570\u8d85\u8fc73300\u4eba\uff0c\u5360\u5168\u56fd\u6b7b\u4ea1\u75c5\u4f8b46%\u3002\u653f\u5e9c\u6539\u9020\u4e24\u5ea7\u4e34\u65f6\u6ba1\u4eea\u9986\uff0c\u7528\u4e8e\u505c\u653e\u901d\u8005\u9057\u4f53\u3002<a  href=\"https://m.weibo.cn/search?containerid=231522type%3D1%26t%3D10%26q%3D%23%E8%81%9A%E7%84%A6%E6%96%B0%E5%86%A0%E8%82%BA%E7%82%8E%E7%96%AB%E6%83%85%23&extparam=%23%E8%81%9A%E7%84%A6%E6%96%B0%E5%86%A0%E8%82%BA%E7%82%8E%E7%96%AB%E6%83%85%23&luicode=20000061&lfid=4488484192410525\" data-hide=\"\"><span class=\"surl-text\">#\u805a\u7126\u65b0\u51a0\u80ba\u708e\u75ab\u60c5#</span></a><a href='/n/\u65b0\u4eac\u62a5\u6211\u4eec\u89c6\u9891'>@\u65b0\u4eac\u62a5\u6211\u4eec\u89c6\u9891</a> <a data-url=\"http://t.cn/A6ZX8y7I\" href=\"https://www.miaopai.com/show/Z~1iRVIxzZunaBOL81~fcwAzDlI-NMPYAe15Sw__.htm\" data-hide=\"\"><span class='url-icon'><img style='width: 1rem;height: 1rem' src='https://h5.sinaimg.cn/upload/2015/09/25/3/timeline_card_small_video_default.png'></span><span class=\"surl-text\">\u4e16\u9762\u7684\u79d2\u62cd\u89c6\u9891</span></a>", "textLength": 325, "source": "\u5fae\u535a\u89c6\u9891\u53f7", "favorited": false, "pic_ids": [], "pic_types": "", "is_paid": false, "mblog_vip_type": 0, "user": {"id": 5336533996, "screen_name": "\u4e16\u9762", "profile_image_url": "https://tvax3.sinaimg.cn/crop.0.0.1080.1080.180/005P9ygYly8gdi72tljmhj30u00u0wfr.jpg?KID=imgbed,tva&Expires=1619695330&ssig=oqvx8e5UGL", "profile_url": "https://m.weibo.cn/u/5336533996?uid=5336533996&luicode=20000061&lfid=4488484192410525", "statuses_count": 21914, "verified": true, "verified_type": 3, "verified_type_ext": 0, "verified_reason": "\u65b0\u4eac\u62a5\u201c\u6211\u4eec\u89c6\u9891\u201d\u65d7\u4e0b\u56fd\u9645\u89c6\u9891\u65b0\u95fb", "close_blue_v": false, "description": "\u6211\u4eec\u89c6\u9891\u65d7\u4e0b\u56fd\u9645\u65b0\u95fb\u680f\u76ee\uff0c\u6709\u507f\u5f81\u96c6\u7a81\u53d1\u65b0\u95fb\u3001\u7206\u6599\u4f9b\u7a3f\u3001\u6838\u5fc3\u73b0\u573a\uff0c\u53d1\u9001\u81f3\u5fae\u4fe1 wmsp_pz\u6216\u90ae\u7bb1wmsp_pz@163.com \u3002", "gender": "m", "mbtype": 12, "urank": 9, "mbrank": 6, "follow_me": false, "following": false, "followers_count": 6183275, "follow_count": 72, "cover_image_phone": "https://wx1.sinaimg.cn/crop.0.0.640.640.640/005P9ygYly1gdi7g4u3lsj30e80e83zn.jpg", "avatar_hd": "https://wx3.sinaimg.cn/orj480/005P9ygYly8gdi72tljmhj30u00u0wfr.jpg", "like": false, "like_me": false, "badge": {"video_attention": 4, "user_name_certificate": 1, "qixi_2018": 1, "weibo_display_fans": 1, "relation_display": 1, "memorial_2018": 1, "hongbao_2020": 2, "feiyan_2020": 1, "pc_new": 1}}, "reposts_count": 47, "comments_count": 25, "attitudes_count": 215, "pending_approval_count": 0, "isLongText": true, "reward_exhibition_type": 0, "hide_flag": 0, "mlevel": 0, "darwin_tags": [], "mblogtype": 0, "more_info_type": 0, "cardid": "star_1219", "content_auth": 3, "safe_tags": 135168, "pic_num": 0, "alchemy_params": {"ug_red_envelope": false}, "page_info": {"type": "video", "object_type": 11, "url_ori": "http://t.cn/A6ZX8y7I", "page_pic": {"width": 640, "url": "https://imgaliyuncdn.miaopai.com/images/Z~1iRVIxzZunaBOL81~fcwAzDlI-NMPYAe15Sw___V__n_4.jpg", "height": 360}, "page_url": "https://weibo.cn/sinaurl?luicode=20000061&lfid=4488484192410525&u=http%3A%2F%2Fmiaopai.com%2Fshow%2FZ%7E1iRVIxzZunaBOL81%7EfcwAzDlI-NMPYAe15Sw__.htm", "object_id": "2017607:4488484187209746", "page_title": "\u4e16\u9762\u7684\u79d2\u62cd\u89c6\u9891", "title": "\u9a6c\u5fb7\u91cc\u4e3a\u65b0\u51a0\u80ba\u708e\u901d\u8005\u964d\u534a\u65d7 \u5e02\u957f\u547c\u5401\u6c11\u4f17\u6bcf\u5929\u9ed8\u54c01\u5206\u949f", "content1": "\u4e16\u9762\u7684\u79d2\u62cd\u89c6\u9891", "content2": "\u9a6c\u5fb7\u91cc\u4e3a\u65b0\u51a0\u80ba\u708e\u901d\u8005\u964d\u534a\u65d7 \u5e02\u957f\u547c\u5401\u6c11\u4f17\u6bcf\u5929\u9ed8\u54c01\u5206\u949f via@\u4e16\u9762", "video_orientation": "horizontal", "play_count": "22\u4e07\u6b21\u64ad\u653e", "media_info": {"stream_url": "http://miaopai.video.weibocdn.com/ReNHmWWqlx07C7N5XtHG010412008opt0E013.mp4?label=mp4_ld&template=640x360.25.0&trans_finger=40a32e8439c5409a63ccf853562a60ef&ori=0&ps=1BThihd3VLAY5R&Expires=1619688130&ssig=yU%2F766PFwE&KID=unistore,video", "stream_url_hd": "http://miaopai.video.weibocdn.com/ob3ZgBiylx07C7N5N0s001041200d4ot0E013.mp4?label=mp4_hd&template=852x480.25.0&trans_finger=62b30a3f061b162e421008955c73f536&ori=0&ps=1BThihd3VLAY5R&Expires=1619688130&ssig=3GrQsuwyiK&KID=unistore,video", "duration": 62.39}, "urls": {"mp4_720p_mp4": "http://miaopai.video.weibocdn.com/dQXGepdAlx07C7N6nVwk01041200pIzx0E013.mp4?label=mp4_720p&template=1280x720.25.0&trans_finger=1f0da16358befad33323e3a1b7f95fc9&ori=0&ps=1BThihd3VLAY5R&Expires=1619688130&ssig=gT6QXwofge&KID=unistore,video", "mp4_hd_mp4": "http://miaopai.video.weibocdn.com/ob3ZgBiylx07C7N5N0s001041200d4ot0E013.mp4?label=mp4_hd&template=852x480.25.0&trans_finger=62b30a3f061b162e421008955c73f536&ori=0&ps=1BThihd3VLAY5R&Expires=1619688130&ssig=3GrQsuwyiK&KID=unistore,video", "mp4_ld_mp4": "http://miaopai.video.weibocdn.com/ReNHmWWqlx07C7N5XtHG010412008opt0E013.mp4?label=mp4_ld&template=640x360.25.0&trans_finger=40a32e8439c5409a63ccf853562a60ef&ori=0&ps=1BThihd3VLAY5R&Expires=1619688130&ssig=yU%2F766PFwE&KID=unistore,video"}}, "bid": "IB7Sra75r", "buttons": [{"type": "follow", "name": "\u5173\u6ce8", "sub_type": 0, "params": {"uid": 5336533996}}], "status_title": "#\u9a6c\u5fb7\u91cc\u4e3a\u65b0\u51a0\u80ba\u708e\u901d\u8005\u964d\u534a\u65d7# \u5e02\u957f\u547c\u5401\u6c11\u4f17\u6bcf\u5929\u9ed8\u54c01\u5206\u949f", "ok": 1, "scheme": "https://weibo.cn/appurl?scheme=sinaweibo%3A%2F%2Fdetail%3Fmblogid%3D4488484192410525%26luicode%3D20000061%26lfid%3D4488484192410525&luicode=20000061&lfid=4488484192410525", "tipScheme": "https://weibo.cn/appurl?scheme=sinaweibo%3A%2F%2Fdetail%3Fmblogid%3D4488484192410525%26luicode%3D20000061%26lfid%3D4488484192410525&luicode=20000061&lfid=4488484192410525"}